SQ:USDCHF,2022-06-24T00:00:00+02:00,0.96087,0.96112,0.96085,0.96098,35
SQ:USDCHF,2022-06-24T00:01:00+02:00,0.96099,0.96110,0.96098,0.96110,18
SQ:USDCHF,2022-06-24T00:02:00+02:00,0.96109,0.96112,0.96109,0.96111,10
SQ:USDCHF,2022-06-24T00:03:00+02:00,0.96111,0.96113,0.96111,0.96112,5
SQ:USDCHF,2022-06-24T00:04:00+02:00,0.96112,0.96112,0.96102,0.96105,10
SQ:USDCHF,2022-06-24T00:05:00+02:00,0.96104,0.96108,0.96101,0.96102,29
SQ:USDCHF,2022-06-24T00:06:00+02:00,0.96102,0.96105,0.96102,0.96105,5
SQ:USDCHF,2022-06-24T00:07:00+02:00,0.96105,0.96105,0.96104,0.96104,6
SQ:USDCHF,2022-06-24T00:08:00+02:00,0.96104,0.96104,0.96099,0.96099,32
SQ:USDCHF,2022-06-24T00:09:00+02:00,0.96099,0.96102,0.96098,0.96102,33
SQ:USDCHF,2022-06-24T00:10:00+02:00,0.96100,0.96103,0.96096,0.96101,21
SQ:USDCHF,2022-06-24T00:11:00+02:00,0.96100,0.96102,0.96098,0.96100,12
SQ:USDCHF,2022-06-24T00:12:00+02:00,0.96099,0.96101,0.96095,0.96096,18
SQ:USDCHF,2022-06-24T00:13:00+02:00,0.96096,0.96097,0.96096,0.96097,4
SQ:USDCHF,2022-06-24T00:14:00+02:00,0.96097,0.96126,0.96097,0.96125,16
SQ:USDCHF,2022-06-24T00:15:00+02:00,0.96125,0.96125,0.96119,0.96119,12
SQ:USDCHF,2022-06-24T00:16:00+02:00,0.96119,0.96120,0.96119,0.96119,3
SQ:USDCHF,2022-06-24T00:17:00+02:00,0.96120,0.96120,0.96119,0.96119,34
SQ:USDCHF,2022-06-24T00:18:00+02:00,0.96119,0.96121,0.96113,0.96114,9
SQ:USDCHF,2022-06-24T00:19:00+02:00,0.96114,0.96115,0.96114,0.96114,5
SQ:USDCHF,2022-06-24T00:20:00+02:00,0.96114,0.96115,0.96114,0.96114,13
SQ:USDCHF,2022-06-24T00:21:00+02:00,0.96114,0.96114,0.96109,0.96110,4
SQ:USDCHF,2022-06-24T00:22:00+02:00,0.96109,0.96112,0.96107,0.96110,5
SQ:USDCHF,2022-06-24T00:23:00+02:00,0.96110,0.96110,0.96109,0.96110,15
SQ:USDCHF,2022-06-24T00:24:00+02:00,0.96109,0.96110,0.96108,0.96108,6
SQ:USDCHF,2022-06-24T00:25:00+02:00,0.96108,0.96108,0.96104,0.96104,2
SQ:USDCHF,2022-06-24T00:26:00+02:00,0.96104,0.96105,0.96104,0.96105,2
SQ:USDCHF,2022-06-24T00:27:00+02:00,0.96104,0.96132,0.96104,0.96132,81
SQ:USDCHF,2022-06-24T00:28:00+02:00,0.96133,0.96136,0.96129,0.96134,13
SQ:USDCHF,2022-06-24T00:29:00+02:00,0.96134,0.96138,0.96132,0.96138,7
SQ:USDCHF,2022-06-24T00:30:00+02:00,0.96138,0.96149,0.96138,0.96149,121
SQ:USDCHF,2022-06-24T00:31:00+02:00,0.96145,0.96149,0.96139,0.96139,146
SQ:USDCHF,2022-06-24T00:32:00+02:00,0.96140,0.96142,0.96131,0.96132,51
SQ:USDCHF,2022-06-24T00:33:00+02:00,0.96133,0.96133,0.96110,0.96111,17
SQ:USDCHF,2022-06-24T00:34:00+02:00,0.96111,0.96116,0.96111,0.96116,5
SQ:USDCHF,2022-06-24T00:35:00+02:00,0.96116,0.96125,0.96116,0.96125,3
SQ:USDCHF,2022-06-24T00:36:00+02:00,0.96126,0.96126,0.96126,0.96126,1
SQ:USDCHF,2022-06-24T00:37:00+02:00,0.96126,0.96128,0.96126,0.96126,4
SQ:USDCHF,2022-06-24T00:38:00+02:00,0.96124,0.96133,0.96111,0.96111,18
SQ:USDCHF,2022-06-24T00:39:00+02:00,0.96111,0.96111,0.96105,0.96105,46
SQ:USDCHF,2022-06-24T00:40:00+02:00,0.96105,0.96120,0.96105,0.96116,51
SQ:USDCHF,2022-06-24T00:41:00+02:00,0.96114,0.96114,0.96097,0.96097,30
SQ:USDCHF,2022-06-24T00:42:00+02:00,0.96098,0.96111,0.96097,0.96108,91
SQ:USDCHF,2022-06-24T00:43:00+02:00,0.96106,0.96108,0.96101,0.96101,44
SQ:USDCHF,2022-06-24T00:44:00+02:00,0.96102,0.96102,0.96096,0.96100,6
SQ:USDCHF,2022-06-24T00:45:00+02:00,0.96099,0.96114,0.96098,0.96114,16
SQ:USDCHF,2022-06-24T00:46:00+02:00,0.96111,0.96114,0.96102,0.96102,31
SQ:USDCHF,2022-06-24T00:47:00+02:00,0.96101,0.96101,0.96097,0.96100,20
SQ:USDCHF,2022-06-24T00:48:00+02:00,0.96100,0.96100,0.96090,0.96090,37
SQ:USDCHF,2022-06-24T00:49:00+02:00,0.96090,0.96099,0.96087,0.96096,82
SQ:USDCHF,2022-06-24T00:50:00+02:00,0.96095,0.96103,0.96095,0.96101,28
SQ:USDCHF,2022-06-24T00:51:00+02:00,0.96101,0.96102,0.96101,0.96101,5
SQ:USDCHF,2022-06-24T00:52:00+02:00,0.96102,0.96102,0.96102,0.96102,1
SQ:USDCHF,2022-06-24T00:53:00+02:00,0.96104,0.96108,0.96104,0.96108,3
SQ:USDCHF,2022-06-24T00:54:00+02:00,0.96108,0.96111,0.96108,0.96110,13
SQ:USDCHF,2022-06-24T00:55:00+02:00,0.96110,0.96111,0.96107,0.96109,22
SQ:USDCHF,2022-06-24T00:56:00+02:00,0.96109,0.96112,0.96108,0.96112,11
SQ:USDCHF,2022-06-24T00:57:00+02:00,0.96110,0.96110,0.96109,0.96109,2
SQ:USDCHF,2022-06-24T00:58:00+02:00,0.96108,0.96108,0.96107,0.96108,3
SQ:USDCHF,2022-06-24T00:59:00+02:00,0.96108,0.96108,0.96098,0.96101,18
SQ:USDCHF,2022-06-24T01:00:00+02:00,0.96104,0.96106,0.96101,0.96102,12
SQ:USDCHF,2022-06-24T01:01:00+02:00,0.96102,0.96105,0.96099,0.96099,14
SQ:USDCHF,2022-06-24T01:02:00+02:00,0.96099,0.96105,0.96098,0.96105,50
SQ:USDCHF,2022-06-24T01:03:00+02:00,0.96104,0.96105,0.96100,0.96101,14
SQ:USDCHF,2022-06-24T01:04:00+02:00,0.96099,0.96099,0.96095,0.96095,27
SQ:USDCHF,2022-06-24T01:05:00+02:00,0.96095,0.96108,0.96090,0.96102,25
SQ:USDCHF,2022-06-24T01:06:00+02:00,0.96102,0.96103,0.96095,0.96096,17
SQ:USDCHF,2022-06-24T01:07:00+02:00,0.96095,0.96099,0.96090,0.96090,7
SQ:USDCHF,2022-06-24T01:08:00+02:00,0.96092,0.96096,0.96092,0.96093,17
SQ:USDCHF,2022-06-24T01:09:00+02:00,0.96093,0.96095,0.96090,0.96094,21
SQ:USDCHF,2022-06-24T01:10:00+02:00,0.96093,0.96096,0.96093,0.96095,36
SQ:USDCHF,2022-06-24T01:11:00+02:00,0.96095,0.96096,0.96086,0.96090,68
SQ:USDCHF,2022-06-24T01:12:00+02:00,0.96090,0.96092,0.96086,0.96089,21
SQ:USDCHF,2022-06-24T01:13:00+02:00,0.96088,0.96088,0.96085,0.96087,36
SQ:USDCHF,2022-06-24T01:14:00+02:00,0.96086,0.96100,0.96086,0.96090,28
SQ:USDCHF,2022-06-24T01:15:00+02:00,0.96089,0.96092,0.96089,0.96090,7
SQ:USDCHF,2022-06-24T01:16:00+02:00,0.96091,0.96092,0.96084,0.96091,56
SQ:USDCHF,2022-06-24T01:17:00+02:00,0.96090,0.96090,0.96085,0.96085,38
SQ:USDCHF,2022-06-24T01:18:00+02:00,0.96085,0.96089,0.96085,0.96089,5
SQ:USDCHF,2022-06-24T01:19:00+02:00,0.96090,0.96091,0.96085,0.96085,23
SQ:USDCHF,2022-06-24T01:20:00+02:00,0.96085,0.96087,0.96082,0.96084,8
SQ:USDCHF,2022-06-24T01:21:00+02:00,0.96085,0.96087,0.96085,0.96086,21
SQ:USDCHF,2022-06-24T01:22:00+02:00,0.96086,0.96086,0.96084,0.96084,7
SQ:USDCHF,2022-06-24T01:23:00+02:00,0.96084,0.96087,0.96078,0.96079,9
SQ:USDCHF,2022-06-24T01:24:00+02:00,0.96081,0.96083,0.96079,0.96079,18
SQ:USDCHF,2022-06-24T01:25:00+02:00,0.96080,0.96093,0.96080,0.96093,18
SQ:USDCHF,2022-06-24T01:26:00+02:00,0.96093,0.96095,0.96092,0.96092,20
SQ:USDCHF,2022-06-24T01:27:00+02:00,0.96092,0.96096,0.96091,0.96092,43
SQ:USDCHF,2022-06-24T01:28:00+02:00,0.96093,0.96093,0.96078,0.96079,29
SQ:USDCHF,2022-06-24T01:29:00+02:00,0.96079,0.96080,0.96079,0.96079,25
SQ:USDCHF,2022-06-24T01:30:00+02:00,0.96079,0.96094,0.96079,0.96087,74
SQ:USDCHF,2022-06-24T01:31:00+02:00,0.96088,0.96114,0.96088,0.96109,36
SQ:USDCHF,2022-06-24T01:32:00+02:00,0.96108,0.96110,0.96106,0.96109,68
SQ:USDCHF,2022-06-24T01:33:00+02:00,0.96109,0.96114,0.96107,0.96111,39
SQ:USDCHF,2022-06-24T01:34:00+02:00,0.96111,0.96114,0.96108,0.96113,30
SQ:USDCHF,2022-06-24T01:35:00+02:00,0.96114,0.96120,0.96114,0.96117,30
SQ:USDCHF,2022-06-24T01:36:00+02:00,0.96118,0.96126,0.96112,0.96119,32
SQ:USDCHF,2022-06-24T01:37:00+02:00,0.96122,0.96127,0.96118,0.96127,12
SQ:USDCHF,2022-06-24T01:38:00+02:00,0.96125,0.96133,0.96125,0.96131,13
SQ:USDCHF,2022-06-24T01:39:00+02:00,0.96130,0.96130,0.96124,0.96126,15
SQ:USDCHF,2022-06-24T01:40:00+02:00,0.96128,0.96131,0.96123,0.96130,36
SQ:USDCHF,2022-06-24T01:41:00+02:00,0.96131,0.96133,0.96131,0.96133,27
SQ:USDCHF,2022-06-24T01:42:00+02:00,0.96133,0.96133,0.96128,0.96129,7
SQ:USDCHF,2022-06-24T01:43:00+02:00,0.96129,0.96130,0.96129,0.96130,4
SQ:USDCHF,2022-06-24T01:44:00+02:00,0.96130,0.96131,0.96128,0.96129,23
SQ:USDCHF,2022-06-24T01:45:00+02:00,0.96130,0.96130,0.96127,0.96130,33
SQ:USDCHF,2022-06-24T01:46:00+02:00,0.96129,0.96150,0.96129,0.96149,35
SQ:USDCHF,2022-06-24T01:47:00+02:00,0.96148,0.96149,0.96136,0.96137,30
SQ:USDCHF,2022-06-24T01:48:00+02:00,0.96137,0.96143,0.96134,0.96142,24
SQ:USDCHF,2022-06-24T01:49:00+02:00,0.96142,0.96147,0.96140,0.96145,50
SQ:USDCHF,2022-06-24T01:50:00+02:00,0.96144,0.96145,0.96138,0.96141,12
SQ:USDCHF,2022-06-24T01:51:00+02:00,0.96142,0.96142,0.96139,0.96142,19
SQ:USDCHF,2022-06-24T01:52:00+02:00,0.96142,0.96145,0.96141,0.96144,26
SQ:USDCHF,2022-06-24T01:53:00+02:00,0.96144,0.96145,0.96132,0.96135,15
SQ:USDCHF,2022-06-24T01:54:00+02:00,0.96135,0.96136,0.96134,0.96136,10
SQ:USDCHF,2022-06-24T01:55:00+02:00,0.96135,0.96137,0.96127,0.96127,31
SQ:USDCHF,2022-06-24T01:56:00+02:00,0.96127,0.96135,0.96127,0.96135,35
SQ:USDCHF,2022-06-24T01:57:00+02:00,0.96136,0.96136,0.96124,0.96127,21
SQ:USDCHF,2022-06-24T01:58:00+02:00,0.96127,0.96129,0.96126,0.96128,12
SQ:USDCHF,2022-06-24T01:59:00+02:00,0.96128,0.96128,0.96118,0.96119,14
SQ:USDCHF,2022-06-24T02:00:00+02:00,0.96119,0.96119,0.96093,0.96097,82
SQ:USDCHF,2022-06-24T02:01:00+02:00,0.96097,0.96108,0.96090,0.96104,84
SQ:USDCHF,2022-06-24T02:02:00+02:00,0.96104,0.96104,0.96080,0.96086,62
SQ:USDCHF,2022-06-24T02:03:00+02:00,0.96086,0.96104,0.96075,0.96095,51
SQ:USDCHF,2022-06-24T02:04:00+02:00,0.96095,0.96097,0.96084,0.96096,25
SQ:USDCHF,2022-06-24T02:05:00+02:00,0.96096,0.96106,0.96096,0.96104,29
SQ:USDCHF,2022-06-24T02:06:00+02:00,0.96104,0.96106,0.96100,0.96101,35
SQ:USDCHF,2022-06-24T02:07:00+02:00,0.96100,0.96103,0.96090,0.96098,31
SQ:USDCHF,2022-06-24T02:08:00+02:00,0.96098,0.96104,0.96096,0.96104,23
SQ:USDCHF,2022-06-24T02:09:00+02:00,0.96104,0.96104,0.96089,0.96090,22
SQ:USDCHF,2022-06-24T02:10:00+02:00,0.96090,0.96108,0.96086,0.96103,54
SQ:USDCHF,2022-06-24T02:11:00+02:00,0.96103,0.96112,0.96102,0.96108,47
SQ:USDCHF,2022-06-24T02:12:00+02:00,0.96108,0.96111,0.96105,0.96110,31
SQ:USDCHF,2022-06-24T02:13:00+02:00,0.96109,0.96126,0.96108,0.96123,46
SQ:USDCHF,2022-06-24T02:14:00+02:00,0.96123,0.96143,0.96119,0.96140,53
SQ:USDCHF,2022-06-24T02:15:00+02:00,0.96141,0.96148,0.96138,0.96147,69
SQ:USDCHF,2022-06-24T02:16:00+02:00,0.96146,0.96153,0.96145,0.96151,41
SQ:USDCHF,2022-06-24T02:17:00+02:00,0.96150,0.96163,0.96150,0.96161,54
SQ:USDCHF,2022-06-24T02:18:00+02:00,0.96157,0.96172,0.96157,0.96170,67
SQ:USDCHF,2022-06-24T02:19:00+02:00,0.96170,0.96201,0.96170,0.96195,80
SQ:USDCHF,2022-06-24T02:20:00+02:00,0.96196,0.96196,0.96174,0.96175,94
SQ:USDCHF,2022-06-24T02:21:00+02:00,0.96174,0.96175,0.96129,0.96130,89
SQ:USDCHF,2022-06-24T02:22:00+02:00,0.96130,0.96131,0.96112,0.96118,57
SQ:USDCHF,2022-06-24T02:23:00+02:00,0.96118,0.96132,0.96118,0.96124,103
SQ:USDCHF,2022-06-24T02:24:00+02:00,0.96124,0.96126,0.96113,0.96117,71
SQ:USDCHF,2022-06-24T02:25:00+02:00,0.96117,0.96154,0.96114,0.96150,75
SQ:USDCHF,2022-06-24T02:26:00+02:00,0.96149,0.96152,0.96143,0.96149,47
SQ:USDCHF,2022-06-24T02:27:00+02:00,0.96149,0.96161,0.96146,0.96160,40
SQ:USDCHF,2022-06-24T02:28:00+02:00,0.96160,0.96190,0.96159,0.96189,67
SQ:USDCHF,2022-06-24T02:29:00+02:00,0.96189,0.96197,0.96184,0.96189,47
SQ:USDCHF,2022-06-24T02:30:00+02:00,0.96189,0.96194,0.96166,0.96180,80
SQ:USDCHF,2022-06-24T02:31:00+02:00,0.96180,0.96249,0.96178,0.96248,157
SQ:USDCHF,2022-06-24T02:32:00+02:00,0.96248,0.96248,0.96210,0.96226,91
SQ:USDCHF,2022-06-24T02:33:00+02:00,0.96225,0.96235,0.96206,0.96214,71
SQ:USDCHF,2022-06-24T02:34:00+02:00,0.96215,0.96242,0.96215,0.96238,53
SQ:USDCHF,2022-06-24T02:35:00+02:00,0.96238,0.96259,0.96237,0.96251,125
SQ:USDCHF,2022-06-24T02:36:00+02:00,0.96250,0.96251,0.96214,0.96215,109
SQ:USDCHF,2022-06-24T02:37:00+02:00,0.96215,0.96220,0.96205,0.96208,124
SQ:USDCHF,2022-06-24T02:38:00+02:00,0.96208,0.96213,0.96202,0.96210,93
SQ:USDCHF,2022-06-24T02:39:00+02:00,0.96211,0.96219,0.96205,0.96205,82
SQ:USDCHF,2022-06-24T02:40:00+02:00,0.96204,0.96209,0.96200,0.96204,84
SQ:USDCHF,2022-06-24T02:41:00+02:00,0.96204,0.96204,0.96188,0.96194,84
SQ:USDCHF,2022-06-24T02:42:00+02:00,0.96194,0.96204,0.96192,0.96193,131
SQ:USDCHF,2022-06-24T02:43:00+02:00,0.96194,0.96206,0.96187,0.96200,89
SQ:USDCHF,2022-06-24T02:44:00+02:00,0.96199,0.96201,0.96179,0.96181,91
SQ:USDCHF,2022-06-24T02:45:00+02:00,0.96180,0.96187,0.96165,0.96165,123
SQ:USDCHF,2022-06-24T02:46:00+02:00,0.96164,0.96165,0.96156,0.96157,98
SQ:USDCHF,2022-06-24T02:47:00+02:00,0.96159,0.96163,0.96152,0.96157,80
SQ:USDCHF,2022-06-24T02:48:00+02:00,0.96157,0.96157,0.96123,0.96130,145
SQ:USDCHF,2022-06-24T02:49:00+02:00,0.96131,0.96160,0.96130,0.96140,119
SQ:USDCHF,2022-06-24T02:50:00+02:00,0.96140,0.96176,0.96135,0.96171,69
SQ:USDCHF,2022-06-24T02:51:00+02:00,0.96170,0.96185,0.96156,0.96182,98
SQ:USDCHF,2022-06-24T02:52:00+02:00,0.96182,0.96190,0.96177,0.96184,83
SQ:USDCHF,2022-06-24T02:53:00+02:00,0.96184,0.96194,0.96184,0.96194,31
SQ:USDCHF,2022-06-24T02:54:00+02:00,0.96194,0.96194,0.96155,0.96163,82
SQ:USDCHF,2022-06-24T02:55:00+02:00,0.96164,0.96175,0.96156,0.96165,81
SQ:USDCHF,2022-06-24T02:56:00+02:00,0.96165,0.96168,0.96148,0.96148,38
SQ:USDCHF,2022-06-24T02:57:00+02:00,0.96149,0.96165,0.96148,0.96160,45
SQ:USDCHF,2022-06-24T02:58:00+02:00,0.96161,0.96161,0.96150,0.96152,53
SQ:USDCHF,2022-06-24T02:59:00+02:00,0.96152,0.96159,0.96151,0.96157,38
SQ:USDCHF,2022-06-24T03:00:00+02:00,0.96157,0.96174,0.96142,0.96163,76
SQ:USDCHF,2022-06-24T03:01:00+02:00,0.96165,0.96184,0.96154,0.96181,69
SQ:USDCHF,2022-06-24T03:02:00+02:00,0.96181,0.96189,0.96181,0.96184,70
SQ:USDCHF,2022-06-24T03:03:00+02:00,0.96185,0.96185,0.96175,0.96184,36
SQ:USDCHF,2022-06-24T03:04:00+02:00,0.96186,0.96189,0.96166,0.96166,47
SQ:USDCHF,2022-06-24T03:05:00+02:00,0.96166,0.96166,0.96146,0.96148,85
SQ:USDCHF,2022-06-24T03:06:00+02:00,0.96148,0.96152,0.96138,0.96141,68
SQ:USDCHF,2022-06-24T03:07:00+02:00,0.96141,0.96146,0.96128,0.96129,71
SQ:USDCHF,2022-06-24T03:08:00+02:00,0.96130,0.96130,0.96117,0.96126,63
SQ:USDCHF,2022-06-24T03:09:00+02:00,0.96125,0.96143,0.96105,0.96128,99
SQ:USDCHF,2022-06-24T03:10:00+02:00,0.96128,0.96130,0.96113,0.96115,83
SQ:USDCHF,2022-06-24T03:11:00+02:00,0.96112,0.96118,0.96094,0.96094,73
SQ:USDCHF,2022-06-24T03:12:00+02:00,0.96095,0.96131,0.96095,0.96119,106
SQ:USDCHF,2022-06-24T03:13:00+02:00,0.96119,0.96125,0.96105,0.96107,56
SQ:USDCHF,2022-06-24T03:14:00+02:00,0.96107,0.96120,0.96105,0.96117,59
SQ:USDCHF,2022-06-24T03:15:00+02:00,0.96116,0.96121,0.96095,0.96098,114
SQ:USDCHF,2022-06-24T03:16:00+02:00,0.96097,0.96125,0.96095,0.96111,94
SQ:USDCHF,2022-06-24T03:17:00+02:00,0.96111,0.96122,0.96109,0.96117,67
SQ:USDCHF,2022-06-24T03:18:00+02:00,0.96118,0.96124,0.96102,0.96119,92
SQ:USDCHF,2022-06-24T03:19:00+02:00,0.96118,0.96119,0.96109,0.96112,81
SQ:USDCHF,2022-06-24T03:20:00+02:00,0.96112,0.96126,0.96111,0.96118,79
SQ:USDCHF,2022-06-24T03:21:00+02:00,0.96118,0.96119,0.96098,0.96102,76
SQ:USDCHF,2022-06-24T03:22:00+02:00,0.96102,0.96113,0.96088,0.96091,73
SQ:USDCHF,2022-06-24T03:23:00+02:00,0.96092,0.96094,0.96088,0.96092,34
SQ:USDCHF,2022-06-24T03:24:00+02:00,0.96092,0.96094,0.96076,0.96083,77
SQ:USDCHF,2022-06-24T03:25:00+02:00,0.96083,0.96097,0.96081,0.96092,72
SQ:USDCHF,2022-06-24T03:26:00+02:00,0.96092,0.96097,0.96083,0.96084,62
SQ:USDCHF,2022-06-24T03:27:00+02:00,0.96084,0.96103,0.96084,0.96100,71
SQ:USDCHF,2022-06-24T03:28:00+02:00,0.96099,0.96110,0.96090,0.96091,55
SQ:USDCHF,2022-06-24T03:29:00+02:00,0.96091,0.96114,0.96091,0.96109,80
SQ:USDCHF,2022-06-24T03:30:00+02:00,0.96108,0.96138,0.96101,0.96138,97
SQ:USDCHF,2022-06-24T03:31:00+02:00,0.96137,0.96154,0.96136,0.96154,91
SQ:USDCHF,2022-06-24T03:32:00+02:00,0.96154,0.96156,0.96108,0.96109,79
SQ:USDCHF,2022-06-24T03:33:00+02:00,0.96109,0.96122,0.96100,0.96100,91
SQ:USDCHF,2022-06-24T03:34:00+02:00,0.96100,0.96103,0.96085,0.96085,57
SQ:USDCHF,2022-06-24T03:35:00+02:00,0.96085,0.96096,0.96078,0.96079,62
SQ:USDCHF,2022-06-24T03:36:00+02:00,0.96079,0.96087,0.96071,0.96082,62
SQ:USDCHF,2022-06-24T03:37:00+02:00,0.96082,0.96095,0.96081,0.96090,58
SQ:USDCHF,2022-06-24T03:38:00+02:00,0.96090,0.96105,0.96085,0.96099,64
SQ:USDCHF,2022-06-24T03:39:00+02:00,0.96099,0.96106,0.96093,0.96103,82
SQ:USDCHF,2022-06-24T03:40:00+02:00,0.96103,0.96104,0.96092,0.96098,99
SQ:USDCHF,2022-06-24T03:41:00+02:00,0.96100,0.96100,0.96084,0.96090,49
SQ:USDCHF,2022-06-24T03:42:00+02:00,0.96089,0.96091,0.96078,0.96083,79
SQ:USDCHF,2022-06-24T03:43:00+02:00,0.96083,0.96094,0.96082,0.96087,102
SQ:USDCHF,2022-06-24T03:44:00+02:00,0.96088,0.96088,0.96068,0.96081,101
SQ:USDCHF,2022-06-24T03:45:00+02:00,0.96081,0.96081,0.96066,0.96080,104
SQ:USDCHF,2022-06-24T03:46:00+02:00,0.96080,0.96096,0.96080,0.96088,83
SQ:USDCHF,2022-06-24T03:47:00+02:00,0.96087,0.96087,0.96070,0.96077,97
SQ:USDCHF,2022-06-24T03:48:00+02:00,0.96076,0.96077,0.96069,0.96071,78
SQ:USDCHF,2022-06-24T03:49:00+02:00,0.96070,0.96092,0.96066,0.96091,90
SQ:USDCHF,2022-06-24T03:50:00+02:00,0.96090,0.96090,0.96072,0.96076,74
SQ:USDCHF,2022-06-24T03:51:00+02:00,0.96076,0.96076,0.96067,0.96067,76
SQ:USDCHF,2022-06-24T03:52:00+02:00,0.96068,0.96076,0.96060,0.96068,79
SQ:USDCHF,2022-06-24T03:53:00+02:00,0.96068,0.96071,0.96051,0.96058,67
SQ:USDCHF,2022-06-24T03:54:00+02:00,0.96058,0.96066,0.96050,0.96061,68
SQ:USDCHF,2022-06-24T03:55:00+02:00,0.96062,0.96065,0.96052,0.96056,62
SQ:USDCHF,2022-06-24T03:56:00+02:00,0.96055,0.96066,0.96055,0.96066,72
SQ:USDCHF,2022-06-24T03:57:00+02:00,0.96065,0.96076,0.96065,0.96076,33
SQ:USDCHF,2022-06-24T03:58:00+02:00,0.96076,0.96085,0.96075,0.96082,74
SQ:USDCHF,2022-06-24T03:59:00+02:00,0.96082,0.96106,0.96081,0.96106,82
SQ:USDCHF,2022-06-24T04:00:00+02:00,0.96106,0.96106,0.96092,0.96094,67
SQ:USDCHF,2022-06-24T04:01:00+02:00,0.96094,0.96113,0.96094,0.96111,90
SQ:USDCHF,2022-06-24T04:02:00+02:00,0.96111,0.96114,0.96106,0.96106,34
SQ:USDCHF,2022-06-24T04:03:00+02:00,0.96106,0.96121,0.96106,0.96112,81
SQ:USDCHF,2022-06-24T04:04:00+02:00,0.96112,0.96117,0.96099,0.96109,67
SQ:USDCHF,2022-06-24T04:05:00+02:00,0.96110,0.96110,0.96095,0.96098,42
SQ:USDCHF,2022-06-24T04:06:00+02:00,0.96098,0.96106,0.96084,0.96087,63
SQ:USDCHF,2022-06-24T04:07:00+02:00,0.96087,0.96092,0.96080,0.96080,96
SQ:USDCHF,2022-06-24T04:08:00+02:00,0.96081,0.96091,0.96078,0.96091,78
SQ:USDCHF,2022-06-24T04:09:00+02:00,0.96091,0.96091,0.96082,0.96087,52
SQ:USDCHF,2022-06-24T04:10:00+02:00,0.96086,0.96090,0.96077,0.96089,78
SQ:USDCHF,2022-06-24T04:11:00+02:00,0.96088,0.96101,0.96088,0.96099,65
SQ:USDCHF,2022-06-24T04:12:00+02:00,0.96099,0.96111,0.96097,0.96106,57
SQ:USDCHF,2022-06-24T04:13:00+02:00,0.96106,0.96118,0.96106,0.96113,89
SQ:USDCHF,2022-06-24T04:14:00+02:00,0.96113,0.96114,0.96094,0.96099,51
SQ:USDCHF,2022-06-24T04:15:00+02:00,0.96100,0.96111,0.96091,0.96105,61
SQ:USDCHF,2022-06-24T04:16:00+02:00,0.96105,0.96131,0.96105,0.96128,69
SQ:USDCHF,2022-06-24T04:17:00+02:00,0.96128,0.96134,0.96123,0.96130,77
SQ:USDCHF,2022-06-24T04:18:00+02:00,0.96130,0.96135,0.96122,0.96131,86
SQ:USDCHF,2022-06-24T04:19:00+02:00,0.96131,0.96134,0.96126,0.96131,84
SQ:USDCHF,2022-06-24T04:20:00+02:00,0.96131,0.96148,0.96129,0.96139,87
SQ:USDCHF,2022-06-24T04:21:00+02:00,0.96139,0.96140,0.96130,0.96136,58
SQ:USDCHF,2022-06-24T04:22:00+02:00,0.96136,0.96138,0.96130,0.96133,58
SQ:USDCHF,2022-06-24T04:23:00+02:00,0.96132,0.96135,0.96126,0.96135,49
SQ:USDCHF,2022-06-24T04:24:00+02:00,0.96136,0.96140,0.96135,0.96139,32
SQ:USDCHF,2022-06-24T04:25:00+02:00,0.96139,0.96144,0.96138,0.96143,43
SQ:USDCHF,2022-06-24T04:26:00+02:00,0.96142,0.96145,0.96142,0.96145,41
SQ:USDCHF,2022-06-24T04:27:00+02:00,0.96145,0.96155,0.96142,0.96154,36
SQ:USDCHF,2022-06-24T04:28:00+02:00,0.96153,0.96160,0.96151,0.96158,47
SQ:USDCHF,2022-06-24T04:29:00+02:00,0.96158,0.96164,0.96153,0.96155,46
SQ:USDCHF,2022-06-24T04:30:00+02:00,0.96155,0.96155,0.96135,0.96135,70
SQ:USDCHF,2022-06-24T04:31:00+02:00,0.96134,0.96135,0.96121,0.96123,57
SQ:USDCHF,2022-06-24T04:32:00+02:00,0.96122,0.96126,0.96120,0.96122,39
SQ:USDCHF,2022-06-24T04:33:00+02:00,0.96122,0.96132,0.96115,0.96116,82
SQ:USDCHF,2022-06-24T04:34:00+02:00,0.96116,0.96117,0.96107,0.96117,28
SQ:USDCHF,2022-06-24T04:35:00+02:00,0.96117,0.96117,0.96100,0.96106,43
SQ:USDCHF,2022-06-24T04:36:00+02:00,0.96106,0.96107,0.96083,0.96090,62
SQ:USDCHF,2022-06-24T04:37:00+02:00,0.96090,0.96100,0.96084,0.96099,71
SQ:USDCHF,2022-06-24T04:38:00+02:00,0.96099,0.96111,0.96098,0.96102,48
SQ:USDCHF,2022-06-24T04:39:00+02:00,0.96102,0.96105,0.96100,0.96100,46
SQ:USDCHF,2022-06-24T04:40:00+02:00,0.96101,0.96103,0.96084,0.96085,64
SQ:USDCHF,2022-06-24T04:41:00+02:00,0.96085,0.96094,0.96085,0.96093,23
SQ:USDCHF,2022-06-24T04:42:00+02:00,0.96093,0.96109,0.96093,0.96099,40
SQ:USDCHF,2022-06-24T04:43:00+02:00,0.96099,0.96099,0.96093,0.96096,34
SQ:USDCHF,2022-06-24T04:44:00+02:00,0.96095,0.96095,0.96084,0.96084,50
SQ:USDCHF,2022-06-24T04:45:00+02:00,0.96084,0.96092,0.96083,0.96088,92
SQ:USDCHF,2022-06-24T04:46:00+02:00,0.96088,0.96091,0.96079,0.96089,67
SQ:USDCHF,2022-06-24T04:47:00+02:00,0.96090,0.96092,0.96082,0.96084,34
SQ:USDCHF,2022-06-24T04:48:00+02:00,0.96084,0.96084,0.96071,0.96072,45
SQ:USDCHF,2022-06-24T04:49:00+02:00,0.96072,0.96072,0.96065,0.96069,30
SQ:USDCHF,2022-06-24T04:50:00+02:00,0.96068,0.96085,0.96067,0.96077,28
SQ:USDCHF,2022-06-24T04:51:00+02:00,0.96077,0.96082,0.96071,0.96075,20
SQ:USDCHF,2022-06-24T04:52:00+02:00,0.96075,0.96081,0.96072,0.96073,76
SQ:USDCHF,2022-06-24T04:53:00+02:00,0.96072,0.96081,0.96068,0.96074,88
SQ:USDCHF,2022-06-24T04:54:00+02:00,0.96075,0.96082,0.96074,0.96077,50
SQ:USDCHF,2022-06-24T04:55:00+02:00,0.96076,0.96088,0.96074,0.96083,76
SQ:USDCHF,2022-06-24T04:56:00+02:00,0.96083,0.96086,0.96077,0.96077,52
SQ:USDCHF,2022-06-24T04:57:00+02:00,0.96077,0.96079,0.96070,0.96070,77
SQ:USDCHF,2022-06-24T04:58:00+02:00,0.96070,0.96077,0.96067,0.96070,58
SQ:USDCHF,2022-06-24T04:59:00+02:00,0.96070,0.96070,0.96061,0.96061,55
SQ:USDCHF,2022-06-24T05:00:00+02:00,0.96061,0.96098,0.96061,0.96097,87
SQ:USDCHF,2022-06-24T05:01:00+02:00,0.96097,0.96108,0.96093,0.96100,76
SQ:USDCHF,2022-06-24T05:02:00+02:00,0.96103,0.96113,0.96102,0.96112,67
SQ:USDCHF,2022-06-24T05:03:00+02:00,0.96112,0.96114,0.96111,0.96113,54
SQ:USDCHF,2022-06-24T05:04:00+02:00,0.96113,0.96120,0.96109,0.96116,83
SQ:USDCHF,2022-06-24T05:05:00+02:00,0.96114,0.96123,0.96114,0.96119,98
SQ:USDCHF,2022-06-24T05:06:00+02:00,0.96119,0.96119,0.96105,0.96108,103
SQ:USDCHF,2022-06-24T05:07:00+02:00,0.96109,0.96118,0.96108,0.96118,65
SQ:USDCHF,2022-06-24T05:08:00+02:00,0.96117,0.96128,0.96117,0.96126,54
SQ:USDCHF,2022-06-24T05:09:00+02:00,0.96125,0.96136,0.96124,0.96135,74
SQ:USDCHF,2022-06-24T05:10:00+02:00,0.96134,0.96147,0.96132,0.96139,89
SQ:USDCHF,2022-06-24T05:11:00+02:00,0.96139,0.96144,0.96133,0.96135,60
SQ:USDCHF,2022-06-24T05:12:00+02:00,0.96134,0.96139,0.96126,0.96133,66
SQ:USDCHF,2022-06-24T05:13:00+02:00,0.96133,0.96140,0.96131,0.96138,43
SQ:USDCHF,2022-06-24T05:14:00+02:00,0.96139,0.96147,0.96135,0.96139,109
SQ:USDCHF,2022-06-24T05:15:00+02:00,0.96139,0.96152,0.96138,0.96147,65
SQ:USDCHF,2022-06-24T05:16:00+02:00,0.96148,0.96152,0.96122,0.96124,92
SQ:USDCHF,2022-06-24T05:17:00+02:00,0.96126,0.96126,0.96116,0.96119,37
SQ:USDCHF,2022-06-24T05:18:00+02:00,0.96119,0.96133,0.96119,0.96123,72
SQ:USDCHF,2022-06-24T05:19:00+02:00,0.96123,0.96128,0.96118,0.96128,30
SQ:USDCHF,2022-06-24T05:20:00+02:00,0.96128,0.96133,0.96127,0.96128,38
SQ:USDCHF,2022-06-24T05:21:00+02:00,0.96127,0.96129,0.96115,0.96115,17
SQ:USDCHF,2022-06-24T05:22:00+02:00,0.96115,0.96115,0.96098,0.96101,84
SQ:USDCHF,2022-06-24T05:23:00+02:00,0.96101,0.96104,0.96087,0.96093,34
SQ:USDCHF,2022-06-24T05:24:00+02:00,0.96093,0.96100,0.96093,0.96097,44
SQ:USDCHF,2022-06-24T05:25:00+02:00,0.96097,0.96098,0.96089,0.96092,83
SQ:USDCHF,2022-06-24T05:26:00+02:00,0.96091,0.96104,0.96089,0.96089,44
SQ:USDCHF,2022-06-24T05:27:00+02:00,0.96090,0.96090,0.96079,0.96080,60
SQ:USDCHF,2022-06-24T05:28:00+02:00,0.96078,0.96080,0.96071,0.96071,35
SQ:USDCHF,2022-06-24T05:29:00+02:00,0.96071,0.96071,0.96060,0.96063,41
SQ:USDCHF,2022-06-24T05:30:00+02:00,0.96063,0.96070,0.96063,0.96065,91
SQ:USDCHF,2022-06-24T05:31:00+02:00,0.96065,0.96072,0.96062,0.96063,40
SQ:USDCHF,2022-06-24T05:32:00+02:00,0.96063,0.96085,0.96063,0.96085,59
SQ:USDCHF,2022-06-24T05:33:00+02:00,0.96084,0.96092,0.96070,0.96073,88
SQ:USDCHF,2022-06-24T05:34:00+02:00,0.96072,0.96073,0.96067,0.96069,37
SQ:USDCHF,2022-06-24T05:35:00+02:00,0.96069,0.96070,0.96053,0.96057,51
SQ:USDCHF,2022-06-24T05:36:00+02:00,0.96056,0.96058,0.96044,0.96051,65
SQ:USDCHF,2022-06-24T05:37:00+02:00,0.96051,0.96053,0.96048,0.96050,47
SQ:USDCHF,2022-06-24T05:38:00+02:00,0.96049,0.96072,0.96048,0.96070,83
SQ:USDCHF,2022-06-24T05:39:00+02:00,0.96072,0.96075,0.96071,0.96074,23
SQ:USDCHF,2022-06-24T05:40:00+02:00,0.96075,0.96083,0.96075,0.96083,23
SQ:USDCHF,2022-06-24T05:41:00+02:00,0.96081,0.96090,0.96077,0.96090,19
SQ:USDCHF,2022-06-24T05:42:00+02:00,0.96091,0.96104,0.96088,0.96104,47
SQ:USDCHF,2022-06-24T05:43:00+02:00,0.96103,0.96105,0.96099,0.96105,41
SQ:USDCHF,2022-06-24T05:44:00+02:00,0.96105,0.96111,0.96104,0.96108,32
SQ:USDCHF,2022-06-24T05:45:00+02:00,0.96109,0.96115,0.96108,0.96111,54
SQ:USDCHF,2022-06-24T05:46:00+02:00,0.96111,0.96112,0.96105,0.96110,61
SQ:USDCHF,2022-06-24T05:47:00+02:00,0.96109,0.96109,0.96095,0.96097,58
SQ:USDCHF,2022-06-24T05:48:00+02:00,0.96097,0.96097,0.96083,0.96087,37
SQ:USDCHF,2022-06-24T05:49:00+02:00,0.96087,0.96101,0.96086,0.96090,61
SQ:USDCHF,2022-06-24T05:50:00+02:00,0.96091,0.96100,0.96091,0.96095,49
SQ:USDCHF,2022-06-24T05:51:00+02:00,0.96095,0.96095,0.96085,0.96089,46
SQ:USDCHF,2022-06-24T05:52:00+02:00,0.96091,0.96099,0.96089,0.96095,69
SQ:USDCHF,2022-06-24T05:53:00+02:00,0.96095,0.96098,0.96089,0.96093,37
SQ:USDCHF,2022-06-24T05:54:00+02:00,0.96094,0.96102,0.96091,0.96096,77
SQ:USDCHF,2022-06-24T05:55:00+02:00,0.96097,0.96105,0.96096,0.96103,57
SQ:USDCHF,2022-06-24T05:56:00+02:00,0.96103,0.96104,0.96101,0.96102,16
SQ:USDCHF,2022-06-24T05:57:00+02:00,0.96102,0.96106,0.96095,0.96102,56
SQ:USDCHF,2022-06-24T05:58:00+02:00,0.96102,0.96104,0.96092,0.96096,73
SQ:USDCHF,2022-06-24T05:59:00+02:00,0.96096,0.96102,0.96095,0.96096,8
SQ:USDCHF,2022-06-24T06:00:00+02:00,0.96096,0.96119,0.96096,0.96117,40
SQ:USDCHF,2022-06-24T06:01:00+02:00,0.96115,0.96120,0.96113,0.96114,62
SQ:USDCHF,2022-06-24T06:02:00+02:00,0.96115,0.96130,0.96115,0.96128,44
SQ:USDCHF,2022-06-24T06:03:00+02:00,0.96128,0.96130,0.96114,0.96119,46
SQ:USDCHF,2022-06-24T06:04:00+02:00,0.96119,0.96126,0.96108,0.96109,74
SQ:USDCHF,2022-06-24T06:05:00+02:00,0.96108,0.96119,0.96108,0.96114,80
SQ:USDCHF,2022-06-24T06:06:00+02:00,0.96114,0.96124,0.96110,0.96116,29
SQ:USDCHF,2022-06-24T06:07:00+02:00,0.96116,0.96122,0.96111,0.96115,29
SQ:USDCHF,2022-06-24T06:08:00+02:00,0.96113,0.96116,0.96108,0.96115,18
SQ:USDCHF,2022-06-24T06:09:00+02:00,0.96115,0.96118,0.96109,0.96113,40
SQ:USDCHF,2022-06-24T06:10:00+02:00,0.96113,0.96117,0.96101,0.96105,107
SQ:USDCHF,2022-06-24T06:11:00+02:00,0.96106,0.96106,0.96092,0.96096,56
SQ:USDCHF,2022-06-24T06:12:00+02:00,0.96096,0.96102,0.96091,0.96100,78
SQ:USDCHF,2022-06-24T06:13:00+02:00,0.96100,0.96104,0.96096,0.96102,55
SQ:USDCHF,2022-06-24T06:14:00+02:00,0.96103,0.96107,0.96094,0.96094,50
SQ:USDCHF,2022-06-24T06:15:00+02:00,0.96092,0.96103,0.96092,0.96099,74
SQ:USDCHF,2022-06-24T06:16:00+02:00,0.96099,0.96100,0.96094,0.96095,46
SQ:USDCHF,2022-06-24T06:17:00+02:00,0.96095,0.96096,0.96089,0.96092,44
SQ:USDCHF,2022-06-24T06:18:00+02:00,0.96091,0.96092,0.96075,0.96076,19
SQ:USDCHF,2022-06-24T06:19:00+02:00,0.96076,0.96088,0.96076,0.96086,56
SQ:USDCHF,2022-06-24T06:20:00+02:00,0.96087,0.96093,0.96086,0.96090,22
SQ:USDCHF,2022-06-24T06:21:00+02:00,0.96091,0.96097,0.96090,0.96091,19
SQ:USDCHF,2022-06-24T06:22:00+02:00,0.96091,0.96093,0.96086,0.96092,47
SQ:USDCHF,2022-06-24T06:23:00+02:00,0.96092,0.96095,0.96086,0.96095,27
SQ:USDCHF,2022-06-24T06:24:00+02:00,0.96095,0.96099,0.96092,0.96093,25
SQ:USDCHF,2022-06-24T06:25:00+02:00,0.96093,0.96098,0.96090,0.96091,51
SQ:USDCHF,2022-06-24T06:26:00+02:00,0.96090,0.96090,0.96073,0.96078,42
SQ:USDCHF,2022-06-24T06:27:00+02:00,0.96078,0.96080,0.96078,0.96080,6
SQ:USDCHF,2022-06-24T06:28:00+02:00,0.96077,0.96077,0.96062,0.96069,103
SQ:USDCHF,2022-06-24T06:29:00+02:00,0.96070,0.96073,0.96063,0.96064,78
SQ:USDCHF,2022-06-24T06:30:00+02:00,0.96065,0.96071,0.96063,0.96071,41
SQ:USDCHF,2022-06-24T06:31:00+02:00,0.96071,0.96084,0.96067,0.96084,59
SQ:USDCHF,2022-06-24T06:32:00+02:00,0.96084,0.96088,0.96076,0.96077,61
SQ:USDCHF,2022-06-24T06:33:00+02:00,0.96077,0.96084,0.96072,0.96083,56
SQ:USDCHF,2022-06-24T06:34:00+02:00,0.96083,0.96083,0.96077,0.96082,34
SQ:USDCHF,2022-06-24T06:35:00+02:00,0.96082,0.96082,0.96077,0.96080,49
SQ:USDCHF,2022-06-24T06:36:00+02:00,0.96080,0.96087,0.96080,0.96087,27
SQ:USDCHF,2022-06-24T06:37:00+02:00,0.96086,0.96086,0.96081,0.96082,42
SQ:USDCHF,2022-06-24T06:38:00+02:00,0.96082,0.96087,0.96075,0.96079,42
SQ:USDCHF,2022-06-24T06:39:00+02:00,0.96079,0.96084,0.96076,0.96081,45
SQ:USDCHF,2022-06-24T06:40:00+02:00,0.96081,0.96081,0.96073,0.96077,44
SQ:USDCHF,2022-06-24T06:41:00+02:00,0.96077,0.96081,0.96070,0.96070,59
SQ:USDCHF,2022-06-24T06:42:00+02:00,0.96069,0.96071,0.96061,0.96066,44
SQ:USDCHF,2022-06-24T06:43:00+02:00,0.96066,0.96070,0.96057,0.96057,49
SQ:USDCHF,2022-06-24T06:44:00+02:00,0.96058,0.96059,0.96050,0.96051,78
SQ:USDCHF,2022-06-24T06:45:00+02:00,0.96051,0.96053,0.96049,0.96052,119
SQ:USDCHF,2022-06-24T06:46:00+02:00,0.96052,0.96052,0.96049,0.96051,80
SQ:USDCHF,2022-06-24T06:47:00+02:00,0.96050,0.96069,0.96050,0.96067,47
SQ:USDCHF,2022-06-24T06:48:00+02:00,0.96067,0.96074,0.96066,0.96072,50
SQ:USDCHF,2022-06-24T06:49:00+02:00,0.96071,0.96073,0.96071,0.96072,22
SQ:USDCHF,2022-06-24T06:50:00+02:00,0.96072,0.96072,0.96058,0.96059,15
SQ:USDCHF,2022-06-24T06:51:00+02:00,0.96060,0.96071,0.96059,0.96063,44
SQ:USDCHF,2022-06-24T06:52:00+02:00,0.96063,0.96063,0.96047,0.96048,51
SQ:USDCHF,2022-06-24T06:53:00+02:00,0.96050,0.96050,0.96041,0.96041,25
SQ:USDCHF,2022-06-24T06:54:00+02:00,0.96041,0.96041,0.96031,0.96033,54
SQ:USDCHF,2022-06-24T06:55:00+02:00,0.96034,0.96042,0.96005,0.96005,71
SQ:USDCHF,2022-06-24T06:56:00+02:00,0.96005,0.96008,0.95999,0.96002,17
SQ:USDCHF,2022-06-24T06:57:00+02:00,0.96002,0.96006,0.96000,0.96003,20
SQ:USDCHF,2022-06-24T06:58:00+02:00,0.96001,0.96003,0.95991,0.95993,39
SQ:USDCHF,2022-06-24T06:59:00+02:00,0.95993,0.96022,0.95993,0.96022,55
SQ:USDCHF,2022-06-24T07:00:00+02:00,0.96021,0.96025,0.96013,0.96024,46
SQ:USDCHF,2022-06-24T07:01:00+02:00,0.96024,0.96027,0.96020,0.96023,33
SQ:USDCHF,2022-06-24T07:02:00+02:00,0.96023,0.96034,0.96021,0.96031,39
SQ:USDCHF,2022-06-24T07:03:00+02:00,0.96033,0.96042,0.96030,0.96041,41
SQ:USDCHF,2022-06-24T07:04:00+02:00,0.96041,0.96068,0.96040,0.96067,70
SQ:USDCHF,2022-06-24T07:05:00+02:00,0.96067,0.96067,0.96053,0.96060,52
SQ:USDCHF,2022-06-24T07:06:00+02:00,0.96060,0.96075,0.96057,0.96072,50
SQ:USDCHF,2022-06-24T07:07:00+02:00,0.96071,0.96072,0.96045,0.96046,54
SQ:USDCHF,2022-06-24T07:08:00+02:00,0.96045,0.96065,0.96045,0.96058,41
SQ:USDCHF,2022-06-24T07:09:00+02:00,0.96058,0.96079,0.96058,0.96078,95
SQ:USDCHF,2022-06-24T07:10:00+02:00,0.96077,0.96090,0.96073,0.96087,81
SQ:USDCHF,2022-06-24T07:11:00+02:00,0.96087,0.96087,0.96073,0.96073,73
SQ:USDCHF,2022-06-24T07:12:00+02:00,0.96073,0.96076,0.96065,0.96072,52
SQ:USDCHF,2022-06-24T07:13:00+02:00,0.96071,0.96075,0.96065,0.96074,61
SQ:USDCHF,2022-06-24T07:14:00+02:00,0.96073,0.96082,0.96071,0.96081,55
SQ:USDCHF,2022-06-24T07:15:00+02:00,0.96084,0.96094,0.96081,0.96090,80
SQ:USDCHF,2022-06-24T07:16:00+02:00,0.96089,0.96091,0.96084,0.96084,39
SQ:USDCHF,2022-06-24T07:17:00+02:00,0.96086,0.96094,0.96086,0.96092,30
SQ:USDCHF,2022-06-24T07:18:00+02:00,0.96092,0.96096,0.96089,0.96090,37
SQ:USDCHF,2022-06-24T07:19:00+02:00,0.96090,0.96095,0.96088,0.96090,58
SQ:USDCHF,2022-06-24T07:20:00+02:00,0.96090,0.96095,0.96086,0.96088,28
SQ:USDCHF,2022-06-24T07:21:00+02:00,0.96087,0.96091,0.96086,0.96087,49
SQ:USDCHF,2022-06-24T07:22:00+02:00,0.96086,0.96087,0.96082,0.96084,14
SQ:USDCHF,2022-06-24T07:23:00+02:00,0.96083,0.96086,0.96074,0.96075,78
SQ:USDCHF,2022-06-24T07:24:00+02:00,0.96076,0.96080,0.96074,0.96077,77
SQ:USDCHF,2022-06-24T07:25:00+02:00,0.96079,0.96095,0.96079,0.96081,130
SQ:USDCHF,2022-06-24T07:26:00+02:00,0.96081,0.96087,0.96079,0.96083,103
SQ:USDCHF,2022-06-24T07:27:00+02:00,0.96084,0.96085,0.96076,0.96078,117
SQ:USDCHF,2022-06-24T07:28:00+02:00,0.96078,0.96085,0.96062,0.96064,143
SQ:USDCHF,2022-06-24T07:29:00+02:00,0.96064,0.96064,0.96060,0.96061,77
SQ:USDCHF,2022-06-24T07:30:00+02:00,0.96062,0.96064,0.96053,0.96053,86
SQ:USDCHF,2022-06-24T07:31:00+02:00,0.96056,0.96057,0.96049,0.96051,99
SQ:USDCHF,2022-06-24T07:32:00+02:00,0.96051,0.96051,0.96030,0.96037,184
SQ:USDCHF,2022-06-24T07:33:00+02:00,0.96037,0.96043,0.96035,0.96043,99
SQ:USDCHF,2022-06-24T07:34:00+02:00,0.96043,0.96043,0.96032,0.96039,60
SQ:USDCHF,2022-06-24T07:35:00+02:00,0.96039,0.96049,0.96036,0.96047,55
SQ:USDCHF,2022-06-24T07:36:00+02:00,0.96047,0.96047,0.96036,0.96043,51
SQ:USDCHF,2022-06-24T07:37:00+02:00,0.96044,0.96044,0.96027,0.96030,72
SQ:USDCHF,2022-06-24T07:38:00+02:00,0.96030,0.96031,0.96027,0.96030,33
SQ:USDCHF,2022-06-24T07:39:00+02:00,0.96031,0.96033,0.96028,0.96029,59
SQ:USDCHF,2022-06-24T07:40:00+02:00,0.96029,0.96043,0.96029,0.96043,36
SQ:USDCHF,2022-06-24T07:41:00+02:00,0.96043,0.96052,0.96043,0.96048,34
SQ:USDCHF,2022-06-24T07:42:00+02:00,0.96048,0.96049,0.96043,0.96049,9
SQ:USDCHF,2022-06-24T07:43:00+02:00,0.96049,0.96049,0.96044,0.96046,37
SQ:USDCHF,2022-06-24T07:44:00+02:00,0.96046,0.96046,0.96036,0.96036,25
SQ:USDCHF,2022-06-24T07:45:00+02:00,0.96036,0.96048,0.96034,0.96034,92
SQ:USDCHF,2022-06-24T07:46:00+02:00,0.96034,0.96037,0.96024,0.96029,61
SQ:USDCHF,2022-06-24T07:47:00+02:00,0.96029,0.96042,0.96028,0.96040,57
SQ:USDCHF,2022-06-24T07:48:00+02:00,0.96040,0.96040,0.96030,0.96036,28
SQ:USDCHF,2022-06-24T07:49:00+02:00,0.96036,0.96048,0.96036,0.96040,41
SQ:USDCHF,2022-06-24T07:50:00+02:00,0.96040,0.96053,0.96039,0.96052,63
SQ:USDCHF,2022-06-24T07:51:00+02:00,0.96052,0.96057,0.96050,0.96052,51
SQ:USDCHF,2022-06-24T07:52:00+02:00,0.96052,0.96052,0.96042,0.96046,47
SQ:USDCHF,2022-06-24T07:53:00+02:00,0.96045,0.96045,0.96038,0.96039,32
SQ:USDCHF,2022-06-24T07:54:00+02:00,0.96039,0.96047,0.96039,0.96044,16
SQ:USDCHF,2022-06-24T07:55:00+02:00,0.96044,0.96046,0.96038,0.96038,17
SQ:USDCHF,2022-06-24T07:56:00+02:00,0.96039,0.96044,0.96037,0.96039,43
SQ:USDCHF,2022-06-24T07:57:00+02:00,0.96039,0.96042,0.96025,0.96040,78
SQ:USDCHF,2022-06-24T07:58:00+02:00,0.96041,0.96041,0.96037,0.96038,66
SQ:USDCHF,2022-06-24T07:59:00+02:00,0.96037,0.96041,0.96019,0.96027,99
SQ:USDCHF,2022-06-24T08:00:00+02:00,0.96026,0.96065,0.96025,0.96065,127
SQ:USDCHF,2022-06-24T08:01:00+02:00,0.96065,0.96094,0.96063,0.96089,87
SQ:USDCHF,2022-06-24T08:02:00+02:00,0.96089,0.96091,0.96072,0.96073,55
SQ:USDCHF,2022-06-24T08:03:00+02:00,0.96074,0.96079,0.96070,0.96073,47
SQ:USDCHF,2022-06-24T08:04:00+02:00,0.96075,0.96081,0.96054,0.96054,53
SQ:USDCHF,2022-06-24T08:05:00+02:00,0.96054,0.96070,0.96052,0.96065,40
SQ:USDCHF,2022-06-24T08:06:00+02:00,0.96065,0.96066,0.96037,0.96039,73
SQ:USDCHF,2022-06-24T08:07:00+02:00,0.96038,0.96049,0.96032,0.96049,114
SQ:USDCHF,2022-06-24T08:08:00+02:00,0.96048,0.96060,0.96046,0.96056,81
SQ:USDCHF,2022-06-24T08:09:00+02:00,0.96056,0.96078,0.96049,0.96076,56
SQ:USDCHF,2022-06-24T08:10:00+02:00,0.96077,0.96078,0.96051,0.96051,105
SQ:USDCHF,2022-06-24T08:11:00+02:00,0.96051,0.96061,0.96046,0.96046,77
SQ:USDCHF,2022-06-24T08:12:00+02:00,0.96046,0.96073,0.96046,0.96059,59
SQ:USDCHF,2022-06-24T08:13:00+02:00,0.96059,0.96059,0.96049,0.96050,54
SQ:USDCHF,2022-06-24T08:14:00+02:00,0.96050,0.96060,0.96048,0.96059,37
SQ:USDCHF,2022-06-24T08:15:00+02:00,0.96059,0.96063,0.96053,0.96057,67
SQ:USDCHF,2022-06-24T08:16:00+02:00,0.96057,0.96070,0.96056,0.96069,54
SQ:USDCHF,2022-06-24T08:17:00+02:00,0.96069,0.96082,0.96069,0.96081,26
SQ:USDCHF,2022-06-24T08:18:00+02:00,0.96081,0.96086,0.96080,0.96082,36
SQ:USDCHF,2022-06-24T08:19:00+02:00,0.96080,0.96083,0.96033,0.96039,119
SQ:USDCHF,2022-06-24T08:20:00+02:00,0.96038,0.96056,0.96035,0.96048,93
SQ:USDCHF,2022-06-24T08:21:00+02:00,0.96048,0.96048,0.96012,0.96025,144
SQ:USDCHF,2022-06-24T08:22:00+02:00,0.96025,0.96033,0.96015,0.96033,101
SQ:USDCHF,2022-06-24T08:23:00+02:00,0.96033,0.96049,0.96033,0.96049,117
SQ:USDCHF,2022-06-24T08:24:00+02:00,0.96049,0.96049,0.96026,0.96032,99
SQ:USDCHF,2022-06-24T08:25:00+02:00,0.96030,0.96033,0.96008,0.96012,75
SQ:USDCHF,2022-06-24T08:26:00+02:00,0.96012,0.96022,0.96002,0.96004,55
SQ:USDCHF,2022-06-24T08:27:00+02:00,0.96003,0.96024,0.96001,0.96019,81
SQ:USDCHF,2022-06-24T08:28:00+02:00,0.96017,0.96022,0.96001,0.96005,84
SQ:USDCHF,2022-06-24T08:29:00+02:00,0.96005,0.96005,0.95977,0.95987,57
SQ:USDCHF,2022-06-24T08:30:00+02:00,0.95987,0.96014,0.95985,0.96006,87
SQ:USDCHF,2022-06-24T08:31:00+02:00,0.96006,0.96014,0.96002,0.96002,59
SQ:USDCHF,2022-06-24T08:32:00+02:00,0.96003,0.96009,0.95999,0.96003,43
SQ:USDCHF,2022-06-24T08:33:00+02:00,0.96003,0.96010,0.95998,0.96006,90
SQ:USDCHF,2022-06-24T08:34:00+02:00,0.96007,0.96007,0.95996,0.96000,60
SQ:USDCHF,2022-06-24T08:35:00+02:00,0.96000,0.96014,0.95993,0.95999,90
SQ:USDCHF,2022-06-24T08:36:00+02:00,0.95999,0.96000,0.95975,0.95979,99
SQ:USDCHF,2022-06-24T08:37:00+02:00,0.95979,0.95979,0.95939,0.95943,66
SQ:USDCHF,2022-06-24T08:38:00+02:00,0.95944,0.95949,0.95941,0.95948,52
SQ:USDCHF,2022-06-24T08:39:00+02:00,0.95948,0.95950,0.95938,0.95941,31
SQ:USDCHF,2022-06-24T08:40:00+02:00,0.95940,0.95952,0.95939,0.95950,59
SQ:USDCHF,2022-06-24T08:41:00+02:00,0.95949,0.95949,0.95940,0.95942,52
SQ:USDCHF,2022-06-24T08:42:00+02:00,0.95942,0.95947,0.95936,0.95937,53
SQ:USDCHF,2022-06-24T08:43:00+02:00,0.95937,0.95938,0.95936,0.95937,7
SQ:USDCHF,2022-06-24T08:44:00+02:00,0.95937,0.95959,0.95937,0.95955,65
SQ:USDCHF,2022-06-24T08:45:00+02:00,0.95955,0.95959,0.95931,0.95934,55
SQ:USDCHF,2022-06-24T08:46:00+02:00,0.95934,0.95934,0.95914,0.95919,80
SQ:USDCHF,2022-06-24T08:47:00+02:00,0.95921,0.95923,0.95911,0.95918,52
SQ:USDCHF,2022-06-24T08:48:00+02:00,0.95916,0.95930,0.95911,0.95928,79
SQ:USDCHF,2022-06-24T08:49:00+02:00,0.95929,0.95929,0.95914,0.95914,68
SQ:USDCHF,2022-06-24T08:50:00+02:00,0.95914,0.95926,0.95903,0.95924,102
SQ:USDCHF,2022-06-24T08:51:00+02:00,0.95923,0.95928,0.95904,0.95911,78
SQ:USDCHF,2022-06-24T08:52:00+02:00,0.95911,0.95929,0.95911,0.95922,81
SQ:USDCHF,2022-06-24T08:53:00+02:00,0.95922,0.95986,0.95920,0.95977,96
SQ:USDCHF,2022-06-24T08:54:00+02:00,0.95975,0.95994,0.95968,0.95976,80
SQ:USDCHF,2022-06-24T08:55:00+02:00,0.95976,0.95985,0.95967,0.95974,48
SQ:USDCHF,2022-06-24T08:56:00+02:00,0.95972,0.95999,0.95972,0.95987,54
SQ:USDCHF,2022-06-24T08:57:00+02:00,0.95988,0.95994,0.95974,0.95989,79
SQ:USDCHF,2022-06-24T08:58:00+02:00,0.95989,0.95996,0.95971,0.95975,99
SQ:USDCHF,2022-06-24T08:59:00+02:00,0.95975,0.95981,0.95943,0.95949,118
SQ:USDCHF,2022-06-24T09:00:00+02:00,0.95950,0.95959,0.95939,0.95944,212
SQ:USDCHF,2022-06-24T09:01:00+02:00,0.95946,0.95977,0.95946,0.95963,152
SQ:USDCHF,2022-06-24T09:02:00+02:00,0.95961,0.95963,0.95952,0.95961,87
SQ:USDCHF,2022-06-24T09:03:00+02:00,0.95961,0.95978,0.95958,0.95973,107
SQ:USDCHF,2022-06-24T09:04:00+02:00,0.95973,0.95994,0.95969,0.95989,87
SQ:USDCHF,2022-06-24T09:05:00+02:00,0.95989,0.96009,0.95987,0.96007,115
SQ:USDCHF,2022-06-24T09:06:00+02:00,0.96008,0.96008,0.95990,0.95999,113
SQ:USDCHF,2022-06-24T09:07:00+02:00,0.95999,0.95999,0.95967,0.95969,70
SQ:USDCHF,2022-06-24T09:08:00+02:00,0.95969,0.95984,0.95969,0.95981,70
SQ:USDCHF,2022-06-24T09:09:00+02:00,0.95980,0.95981,0.95927,0.95946,135
SQ:USDCHF,2022-06-24T09:10:00+02:00,0.95946,0.95964,0.95940,0.95945,110
SQ:USDCHF,2022-06-24T09:11:00+02:00,0.95945,0.95965,0.95927,0.95953,102
SQ:USDCHF,2022-06-24T09:12:00+02:00,0.95952,0.95976,0.95950,0.95969,103
SQ:USDCHF,2022-06-24T09:13:00+02:00,0.95969,0.96009,0.95969,0.95987,147
SQ:USDCHF,2022-06-24T09:14:00+02:00,0.95988,0.96002,0.95967,0.95976,162
SQ:USDCHF,2022-06-24T09:15:00+02:00,0.95978,0.95979,0.95940,0.95958,147
SQ:USDCHF,2022-06-24T09:16:00+02:00,0.95957,0.95975,0.95952,0.95965,148
SQ:USDCHF,2022-06-24T09:17:00+02:00,0.95965,0.95978,0.95958,0.95971,139
SQ:USDCHF,2022-06-24T09:18:00+02:00,0.95971,0.95979,0.95942,0.95943,139
SQ:USDCHF,2022-06-24T09:19:00+02:00,0.95944,0.95959,0.95927,0.95957,139
SQ:USDCHF,2022-06-24T09:20:00+02:00,0.95957,0.95958,0.95945,0.95950,148
SQ:USDCHF,2022-06-24T09:21:00+02:00,0.95949,0.95952,0.95917,0.95921,192
SQ:USDCHF,2022-06-24T09:22:00+02:00,0.95921,0.95937,0.95912,0.95912,131
SQ:USDCHF,2022-06-24T09:23:00+02:00,0.95912,0.95935,0.95909,0.95919,103
SQ:USDCHF,2022-06-24T09:24:00+02:00,0.95919,0.95936,0.95916,0.95928,106
SQ:USDCHF,2022-06-24T09:25:00+02:00,0.95930,0.95996,0.95927,0.95995,108
SQ:USDCHF,2022-06-24T09:26:00+02:00,0.95996,0.96020,0.95989,0.96011,101
SQ:USDCHF,2022-06-24T09:27:00+02:00,0.96009,0.96021,0.95982,0.95997,102
SQ:USDCHF,2022-06-24T09:28:00+02:00,0.95995,0.96050,0.95990,0.96033,111
SQ:USDCHF,2022-06-24T09:29:00+02:00,0.96034,0.96050,0.96028,0.96047,92
SQ:USDCHF,2022-06-24T09:30:00+02:00,0.96047,0.96081,0.96047,0.96072,81
SQ:USDCHF,2022-06-24T09:31:00+02:00,0.96077,0.96096,0.96073,0.96088,52
SQ:USDCHF,2022-06-24T09:32:00+02:00,0.96089,0.96094,0.96087,0.96092,32
SQ:USDCHF,2022-06-24T09:33:00+02:00,0.96092,0.96094,0.96075,0.96077,24
SQ:USDCHF,2022-06-24T09:34:00+02:00,0.96077,0.96085,0.96077,0.96080,44
SQ:USDCHF,2022-06-24T09:35:00+02:00,0.96081,0.96083,0.96061,0.96062,32
SQ:USDCHF,2022-06-24T09:36:00+02:00,0.96061,0.96062,0.96047,0.96047,16
SQ:USDCHF,2022-06-24T09:37:00+02:00,0.96047,0.96118,0.96047,0.96118,62
SQ:USDCHF,2022-06-24T09:38:00+02:00,0.96119,0.96129,0.96077,0.96098,95
SQ:USDCHF,2022-06-24T09:39:00+02:00,0.96098,0.96104,0.96082,0.96094,80
SQ:USDCHF,2022-06-24T09:40:00+02:00,0.96094,0.96122,0.96090,0.96091,102
SQ:USDCHF,2022-06-24T09:41:00+02:00,0.96090,0.96093,0.96082,0.96084,49
SQ:USDCHF,2022-06-24T09:42:00+02:00,0.96084,0.96094,0.96077,0.96088,76
SQ:USDCHF,2022-06-24T09:43:00+02:00,0.96088,0.96092,0.96064,0.96069,67
SQ:USDCHF,2022-06-24T09:44:00+02:00,0.96072,0.96072,0.95999,0.95999,94
SQ:USDCHF,2022-06-24T09:45:00+02:00,0.95999,0.96048,0.95999,0.96048,53
SQ:USDCHF,2022-06-24T09:46:00+02:00,0.96048,0.96074,0.96029,0.96065,101
SQ:USDCHF,2022-06-24T09:47:00+02:00,0.96065,0.96068,0.96024,0.96067,92
SQ:USDCHF,2022-06-24T09:48:00+02:00,0.96068,0.96094,0.96068,0.96082,78
SQ:USDCHF,2022-06-24T09:49:00+02:00,0.96082,0.96102,0.96082,0.96096,63
SQ:USDCHF,2022-06-24T09:50:00+02:00,0.96095,0.96104,0.96087,0.96096,50
SQ:USDCHF,2022-06-24T09:51:00+02:00,0.96095,0.96122,0.96094,0.96122,53
SQ:USDCHF,2022-06-24T09:52:00+02:00,0.96122,0.96128,0.96076,0.96083,71
SQ:USDCHF,2022-06-24T09:53:00+02:00,0.96082,0.96121,0.96081,0.96112,71
SQ:USDCHF,2022-06-24T09:54:00+02:00,0.96110,0.96110,0.96050,0.96061,70
SQ:USDCHF,2022-06-24T09:55:00+02:00,0.96061,0.96076,0.96052,0.96071,58
SQ:USDCHF,2022-06-24T09:56:00+02:00,0.96072,0.96072,0.96052,0.96071,54
SQ:USDCHF,2022-06-24T09:57:00+02:00,0.96069,0.96094,0.96050,0.96094,87
SQ:USDCHF,2022-06-24T09:58:00+02:00,0.96096,0.96097,0.96087,0.96089,31
SQ:USDCHF,2022-06-24T09:59:00+02:00,0.96089,0.96123,0.96089,0.96117,26
SQ:USDCHF,2022-06-24T10:00:00+02:00,0.96118,0.96122,0.96085,0.96121,116
SQ:USDCHF,2022-06-24T10:01:00+02:00,0.96121,0.96123,0.96080,0.96083,88
SQ:USDCHF,2022-06-24T10:02:00+02:00,0.96083,0.96121,0.96074,0.96104,154
SQ:USDCHF,2022-06-24T10:03:00+02:00,0.96102,0.96103,0.96091,0.96100,114
SQ:USDCHF,2022-06-24T10:04:00+02:00,0.96100,0.96114,0.96096,0.96102,114
SQ:USDCHF,2022-06-24T10:05:00+02:00,0.96101,0.96113,0.96099,0.96099,103
SQ:USDCHF,2022-06-24T10:06:00+02:00,0.96099,0.96120,0.96099,0.96108,54
SQ:USDCHF,2022-06-24T10:07:00+02:00,0.96107,0.96136,0.96104,0.96131,105
SQ:USDCHF,2022-06-24T10:08:00+02:00,0.96131,0.96150,0.96119,0.96150,46
SQ:USDCHF,2022-06-24T10:09:00+02:00,0.96150,0.96155,0.96144,0.96152,32
SQ:USDCHF,2022-06-24T10:10:00+02:00,0.96151,0.96153,0.96141,0.96152,37
SQ:USDCHF,2022-06-24T10:11:00+02:00,0.96150,0.96209,0.96147,0.96203,97
SQ:USDCHF,2022-06-24T10:12:00+02:00,0.96204,0.96232,0.96189,0.96222,82
SQ:USDCHF,2022-06-24T10:13:00+02:00,0.96223,0.96246,0.96213,0.96222,86
SQ:USDCHF,2022-06-24T10:14:00+02:00,0.96221,0.96260,0.96220,0.96253,87
SQ:USDCHF,2022-06-24T10:15:00+02:00,0.96253,0.96262,0.96225,0.96230,96
SQ:USDCHF,2022-06-24T10:16:00+02:00,0.96231,0.96256,0.96229,0.96243,80
SQ:USDCHF,2022-06-24T10:17:00+02:00,0.96243,0.96245,0.96221,0.96223,78
SQ:USDCHF,2022-06-24T10:18:00+02:00,0.96223,0.96223,0.96198,0.96208,89
SQ:USDCHF,2022-06-24T10:19:00+02:00,0.96208,0.96216,0.96201,0.96207,75
SQ:USDCHF,2022-06-24T10:20:00+02:00,0.96206,0.96281,0.96206,0.96280,102
SQ:USDCHF,2022-06-24T10:21:00+02:00,0.96279,0.96280,0.96264,0.96280,47
SQ:USDCHF,2022-06-24T10:22:00+02:00,0.96281,0.96282,0.96257,0.96270,43
SQ:USDCHF,2022-06-24T10:23:00+02:00,0.96270,0.96285,0.96270,0.96282,64
SQ:USDCHF,2022-06-24T10:24:00+02:00,0.96281,0.96312,0.96271,0.96290,100
SQ:USDCHF,2022-06-24T10:25:00+02:00,0.96290,0.96295,0.96280,0.96294,72
SQ:USDCHF,2022-06-24T10:26:00+02:00,0.96294,0.96301,0.96269,0.96275,92
SQ:USDCHF,2022-06-24T10:27:00+02:00,0.96276,0.96294,0.96276,0.96293,117
SQ:USDCHF,2022-06-24T10:28:00+02:00,0.96293,0.96293,0.96248,0.96248,75
SQ:USDCHF,2022-06-24T10:29:00+02:00,0.96248,0.96248,0.96215,0.96219,74
SQ:USDCHF,2022-06-24T10:30:00+02:00,0.96219,0.96238,0.96215,0.96229,72
SQ:USDCHF,2022-06-24T10:31:00+02:00,0.96228,0.96228,0.96185,0.96186,98
SQ:USDCHF,2022-06-24T10:32:00+02:00,0.96185,0.96202,0.96165,0.96165,74
SQ:USDCHF,2022-06-24T10:33:00+02:00,0.96165,0.96188,0.96155,0.96157,77
SQ:USDCHF,2022-06-24T10:34:00+02:00,0.96157,0.96161,0.96151,0.96153,89
SQ:USDCHF,2022-06-24T10:35:00+02:00,0.96153,0.96179,0.96153,0.96166,115
SQ:USDCHF,2022-06-24T10:36:00+02:00,0.96165,0.96175,0.96160,0.96165,45
SQ:USDCHF,2022-06-24T10:37:00+02:00,0.96165,0.96165,0.96149,0.96158,65
SQ:USDCHF,2022-06-24T10:38:00+02:00,0.96156,0.96168,0.96136,0.96137,95
SQ:USDCHF,2022-06-24T10:39:00+02:00,0.96138,0.96148,0.96106,0.96143,140
SQ:USDCHF,2022-06-24T10:40:00+02:00,0.96142,0.96146,0.96089,0.96093,98
SQ:USDCHF,2022-06-24T10:41:00+02:00,0.96093,0.96096,0.96082,0.96085,62
SQ:USDCHF,2022-06-24T10:42:00+02:00,0.96085,0.96093,0.96076,0.96081,66
SQ:USDCHF,2022-06-24T10:43:00+02:00,0.96081,0.96091,0.96057,0.96066,82
SQ:USDCHF,2022-06-24T10:44:00+02:00,0.96065,0.96079,0.96062,0.96063,59
SQ:USDCHF,2022-06-24T10:45:00+02:00,0.96065,0.96065,0.96044,0.96053,48
SQ:USDCHF,2022-06-24T10:46:00+02:00,0.96053,0.96053,0.96010,0.96029,81
SQ:USDCHF,2022-06-24T10:47:00+02:00,0.96029,0.96046,0.96025,0.96037,77
SQ:USDCHF,2022-06-24T10:48:00+02:00,0.96037,0.96037,0.95996,0.95999,76
SQ:USDCHF,2022-06-24T10:49:00+02:00,0.95999,0.96005,0.95991,0.95992,66
SQ:USDCHF,2022-06-24T10:50:00+02:00,0.95992,0.95998,0.95959,0.95963,113
SQ:USDCHF,2022-06-24T10:51:00+02:00,0.95963,0.95982,0.95938,0.95943,130
SQ:USDCHF,2022-06-24T10:52:00+02:00,0.95947,0.95952,0.95889,0.95922,121
SQ:USDCHF,2022-06-24T10:53:00+02:00,0.95919,0.95919,0.95848,0.95886,91
SQ:USDCHF,2022-06-24T10:54:00+02:00,0.95888,0.95897,0.95882,0.95891,67
SQ:USDCHF,2022-06-24T10:55:00+02:00,0.95890,0.95926,0.95887,0.95922,81
SQ:USDCHF,2022-06-24T10:56:00+02:00,0.95922,0.95928,0.95909,0.95912,90
SQ:USDCHF,2022-06-24T10:57:00+02:00,0.95912,0.95954,0.95911,0.95945,93
SQ:USDCHF,2022-06-24T10:58:00+02:00,0.95944,0.95945,0.95926,0.95943,113
SQ:USDCHF,2022-06-24T10:59:00+02:00,0.95943,0.95964,0.95930,0.95959,137
SQ:USDCHF,2022-06-24T11:00:00+02:00,0.95959,0.95973,0.95923,0.95940,163
SQ:USDCHF,2022-06-24T11:01:00+02:00,0.95940,0.95944,0.95905,0.95905,182
SQ:USDCHF,2022-06-24T11:02:00+02:00,0.95906,0.95925,0.95901,0.95923,111
SQ:USDCHF,2022-06-24T11:03:00+02:00,0.95924,0.95968,0.95922,0.95939,100
SQ:USDCHF,2022-06-24T11:04:00+02:00,0.95938,0.95953,0.95933,0.95934,65
SQ:USDCHF,2022-06-24T11:05:00+02:00,0.95932,0.95946,0.95922,0.95922,89
SQ:USDCHF,2022-06-24T11:06:00+02:00,0.95922,0.95935,0.95921,0.95927,67
SQ:USDCHF,2022-06-24T11:07:00+02:00,0.95927,0.95931,0.95908,0.95908,82
SQ:USDCHF,2022-06-24T11:08:00+02:00,0.95908,0.95910,0.95893,0.95901,69
SQ:USDCHF,2022-06-24T11:09:00+02:00,0.95902,0.95902,0.95797,0.95799,116
SQ:USDCHF,2022-06-24T11:10:00+02:00,0.95799,0.95894,0.95799,0.95889,123
SQ:USDCHF,2022-06-24T11:11:00+02:00,0.95889,0.95889,0.95799,0.95800,116
SQ:USDCHF,2022-06-24T11:12:00+02:00,0.95799,0.95840,0.95799,0.95815,66
SQ:USDCHF,2022-06-24T11:13:00+02:00,0.95815,0.95866,0.95812,0.95857,74
SQ:USDCHF,2022-06-24T11:14:00+02:00,0.95857,0.95858,0.95820,0.95824,60
SQ:USDCHF,2022-06-24T11:15:00+02:00,0.95825,0.95880,0.95823,0.95861,100
SQ:USDCHF,2022-06-24T11:16:00+02:00,0.95862,0.95867,0.95850,0.95852,39
SQ:USDCHF,2022-06-24T11:17:00+02:00,0.95849,0.95858,0.95840,0.95844,57
SQ:USDCHF,2022-06-24T11:18:00+02:00,0.95842,0.95842,0.95825,0.95841,75
SQ:USDCHF,2022-06-24T11:19:00+02:00,0.95841,0.95849,0.95826,0.95836,54
SQ:USDCHF,2022-06-24T11:20:00+02:00,0.95836,0.95840,0.95823,0.95838,58
SQ:USDCHF,2022-06-24T11:21:00+02:00,0.95839,0.95851,0.95839,0.95845,53
SQ:USDCHF,2022-06-24T11:22:00+02:00,0.95844,0.95848,0.95804,0.95817,75
SQ:USDCHF,2022-06-24T11:23:00+02:00,0.95817,0.95835,0.95805,0.95814,61
SQ:USDCHF,2022-06-24T11:24:00+02:00,0.95814,0.95816,0.95806,0.95812,24
SQ:USDCHF,2022-06-24T11:25:00+02:00,0.95812,0.95832,0.95812,0.95818,44
SQ:USDCHF,2022-06-24T11:26:00+02:00,0.95815,0.95822,0.95792,0.95816,53
SQ:USDCHF,2022-06-24T11:27:00+02:00,0.95816,0.95819,0.95792,0.95797,66
SQ:USDCHF,2022-06-24T11:28:00+02:00,0.95798,0.95799,0.95790,0.95793,37
SQ:USDCHF,2022-06-24T11:29:00+02:00,0.95793,0.95795,0.95760,0.95761,79
SQ:USDCHF,2022-06-24T11:30:00+02:00,0.95764,0.95787,0.95764,0.95787,101
SQ:USDCHF,2022-06-24T11:31:00+02:00,0.95786,0.95819,0.95784,0.95816,88
SQ:USDCHF,2022-06-24T11:32:00+02:00,0.95816,0.95828,0.95800,0.95815,69
SQ:USDCHF,2022-06-24T11:33:00+02:00,0.95815,0.95815,0.95785,0.95798,84
SQ:USDCHF,2022-06-24T11:34:00+02:00,0.95798,0.95798,0.95780,0.95793,101
SQ:USDCHF,2022-06-24T11:35:00+02:00,0.95793,0.95820,0.95793,0.95815,113
SQ:USDCHF,2022-06-24T11:36:00+02:00,0.95815,0.95820,0.95809,0.95812,98
SQ:USDCHF,2022-06-24T11:37:00+02:00,0.95812,0.95820,0.95810,0.95815,79
SQ:USDCHF,2022-06-24T11:38:00+02:00,0.95816,0.95817,0.95809,0.95810,60
SQ:USDCHF,2022-06-24T11:39:00+02:00,0.95810,0.95832,0.95810,0.95827,103
SQ:USDCHF,2022-06-24T11:40:00+02:00,0.95828,0.95860,0.95821,0.95859,115
SQ:USDCHF,2022-06-24T11:41:00+02:00,0.95859,0.95859,0.95834,0.95836,94
SQ:USDCHF,2022-06-24T11:42:00+02:00,0.95836,0.95842,0.95830,0.95836,39
SQ:USDCHF,2022-06-24T11:43:00+02:00,0.95835,0.95848,0.95829,0.95841,89
SQ:USDCHF,2022-06-24T11:44:00+02:00,0.95842,0.95842,0.95815,0.95817,59
SQ:USDCHF,2022-06-24T11:45:00+02:00,0.95816,0.95837,0.95814,0.95818,68
SQ:USDCHF,2022-06-24T11:46:00+02:00,0.95818,0.95818,0.95766,0.95773,63
SQ:USDCHF,2022-06-24T11:47:00+02:00,0.95773,0.95780,0.95770,0.95770,40
SQ:USDCHF,2022-06-24T11:48:00+02:00,0.95771,0.95778,0.95761,0.95767,58
SQ:USDCHF,2022-06-24T11:49:00+02:00,0.95767,0.95782,0.95767,0.95781,62
SQ:USDCHF,2022-06-24T11:50:00+02:00,0.95781,0.95782,0.95771,0.95772,59
SQ:USDCHF,2022-06-24T11:51:00+02:00,0.95772,0.95772,0.95758,0.95760,65
SQ:USDCHF,2022-06-24T11:52:00+02:00,0.95760,0.95795,0.95757,0.95795,85
SQ:USDCHF,2022-06-24T11:53:00+02:00,0.95795,0.95796,0.95781,0.95784,87
SQ:USDCHF,2022-06-24T11:54:00+02:00,0.95781,0.95788,0.95765,0.95772,105
SQ:USDCHF,2022-06-24T11:55:00+02:00,0.95773,0.95774,0.95711,0.95731,115
SQ:USDCHF,2022-06-24T11:56:00+02:00,0.95731,0.95758,0.95731,0.95758,125
SQ:USDCHF,2022-06-24T11:57:00+02:00,0.95758,0.95759,0.95735,0.95735,64
SQ:USDCHF,2022-06-24T11:58:00+02:00,0.95736,0.95740,0.95727,0.95739,74
SQ:USDCHF,2022-06-24T11:59:00+02:00,0.95739,0.95739,0.95722,0.95723,91
SQ:USDCHF,2022-06-24T12:00:00+02:00,0.95723,0.95738,0.95723,0.95729,117
SQ:USDCHF,2022-06-24T12:01:00+02:00,0.95729,0.95734,0.95719,0.95732,75
SQ:USDCHF,2022-06-24T12:02:00+02:00,0.95732,0.95735,0.95724,0.95735,35
SQ:USDCHF,2022-06-24T12:03:00+02:00,0.95735,0.95741,0.95718,0.95718,84
SQ:USDCHF,2022-06-24T12:04:00+02:00,0.95719,0.95732,0.95719,0.95721,65
SQ:USDCHF,2022-06-24T12:05:00+02:00,0.95721,0.95734,0.95702,0.95734,75
SQ:USDCHF,2022-06-24T12:06:00+02:00,0.95730,0.95758,0.95725,0.95754,52
SQ:USDCHF,2022-06-24T12:07:00+02:00,0.95755,0.95769,0.95753,0.95758,91
SQ:USDCHF,2022-06-24T12:08:00+02:00,0.95758,0.95781,0.95757,0.95773,86
SQ:USDCHF,2022-06-24T12:09:00+02:00,0.95773,0.95774,0.95762,0.95773,66
SQ:USDCHF,2022-06-24T12:10:00+02:00,0.95773,0.95780,0.95773,0.95773,31
SQ:USDCHF,2022-06-24T12:11:00+02:00,0.95773,0.95776,0.95756,0.95756,53
SQ:USDCHF,2022-06-24T12:12:00+02:00,0.95757,0.95760,0.95752,0.95756,102
SQ:USDCHF,2022-06-24T12:13:00+02:00,0.95756,0.95756,0.95729,0.95729,68
SQ:USDCHF,2022-06-24T12:14:00+02:00,0.95729,0.95736,0.95720,0.95736,74
SQ:USDCHF,2022-06-24T12:15:00+02:00,0.95736,0.95744,0.95729,0.95740,71
SQ:USDCHF,2022-06-24T12:16:00+02:00,0.95738,0.95749,0.95736,0.95747,58
SQ:USDCHF,2022-06-24T12:17:00+02:00,0.95745,0.95760,0.95745,0.95751,47
SQ:USDCHF,2022-06-24T12:18:00+02:00,0.95751,0.95756,0.95744,0.95752,38
SQ:USDCHF,2022-06-24T12:19:00+02:00,0.95749,0.95755,0.95722,0.95724,43
SQ:USDCHF,2022-06-24T12:20:00+02:00,0.95723,0.95731,0.95719,0.95721,20
SQ:USDCHF,2022-06-24T12:21:00+02:00,0.95721,0.95721,0.95698,0.95716,44
SQ:USDCHF,2022-06-24T12:22:00+02:00,0.95716,0.95735,0.95715,0.95722,73
SQ:USDCHF,2022-06-24T12:23:00+02:00,0.95722,0.95723,0.95710,0.95711,54
SQ:USDCHF,2022-06-24T12:24:00+02:00,0.95711,0.95720,0.95709,0.95719,65
SQ:USDCHF,2022-06-24T12:25:00+02:00,0.95720,0.95734,0.95715,0.95731,76
SQ:USDCHF,2022-06-24T12:26:00+02:00,0.95731,0.95731,0.95692,0.95700,115
SQ:USDCHF,2022-06-24T12:27:00+02:00,0.95698,0.95698,0.95620,0.95623,96
SQ:USDCHF,2022-06-24T12:28:00+02:00,0.95620,0.95663,0.95620,0.95663,70
SQ:USDCHF,2022-06-24T12:29:00+02:00,0.95663,0.95663,0.95648,0.95659,68
SQ:USDCHF,2022-06-24T12:30:00+02:00,0.95659,0.95670,0.95655,0.95662,108
SQ:USDCHF,2022-06-24T12:31:00+02:00,0.95662,0.95669,0.95657,0.95667,43
SQ:USDCHF,2022-06-24T12:32:00+02:00,0.95667,0.95671,0.95658,0.95669,35
SQ:USDCHF,2022-06-24T12:33:00+02:00,0.95669,0.95669,0.95626,0.95629,67
SQ:USDCHF,2022-06-24T12:34:00+02:00,0.95629,0.95641,0.95628,0.95638,56
SQ:USDCHF,2022-06-24T12:35:00+02:00,0.95638,0.95662,0.95635,0.95660,60
SQ:USDCHF,2022-06-24T12:36:00+02:00,0.95661,0.95678,0.95647,0.95677,49
SQ:USDCHF,2022-06-24T12:37:00+02:00,0.95677,0.95726,0.95677,0.95726,124
SQ:USDCHF,2022-06-24T12:38:00+02:00,0.95726,0.95726,0.95709,0.95716,61
SQ:USDCHF,2022-06-24T12:39:00+02:00,0.95716,0.95728,0.95706,0.95719,42
SQ:USDCHF,2022-06-24T12:40:00+02:00,0.95719,0.95720,0.95687,0.95696,48
SQ:USDCHF,2022-06-24T12:41:00+02:00,0.95695,0.95714,0.95683,0.95714,79
SQ:USDCHF,2022-06-24T12:42:00+02:00,0.95713,0.95749,0.95713,0.95726,86
SQ:USDCHF,2022-06-24T12:43:00+02:00,0.95727,0.95729,0.95710,0.95723,57
SQ:USDCHF,2022-06-24T12:44:00+02:00,0.95723,0.95726,0.95714,0.95714,57
SQ:USDCHF,2022-06-24T12:45:00+02:00,0.95714,0.95714,0.95683,0.95684,80
SQ:USDCHF,2022-06-24T12:46:00+02:00,0.95684,0.95710,0.95684,0.95699,51
SQ:USDCHF,2022-06-24T12:47:00+02:00,0.95700,0.95702,0.95682,0.95686,55
SQ:USDCHF,2022-06-24T12:48:00+02:00,0.95686,0.95694,0.95684,0.95690,50
SQ:USDCHF,2022-06-24T12:49:00+02:00,0.95691,0.95693,0.95683,0.95685,40
SQ:USDCHF,2022-06-24T12:50:00+02:00,0.95674,0.95674,0.95654,0.95663,54
SQ:USDCHF,2022-06-24T12:51:00+02:00,0.95663,0.95693,0.95661,0.95690,53
SQ:USDCHF,2022-06-24T12:52:00+02:00,0.95689,0.95712,0.95679,0.95712,39
SQ:USDCHF,2022-06-24T12:53:00+02:00,0.95714,0.95716,0.95687,0.95693,54
SQ:USDCHF,2022-06-24T12:54:00+02:00,0.95693,0.95699,0.95678,0.95688,44
SQ:USDCHF,2022-06-24T12:55:00+02:00,0.95689,0.95694,0.95682,0.95694,52
SQ:USDCHF,2022-06-24T12:56:00+02:00,0.95694,0.95709,0.95683,0.95704,52
SQ:USDCHF,2022-06-24T12:57:00+02:00,0.95705,0.95707,0.95686,0.95688,64
SQ:USDCHF,2022-06-24T12:58:00+02:00,0.95688,0.95703,0.95681,0.95703,47
SQ:USDCHF,2022-06-24T12:59:00+02:00,0.95703,0.95724,0.95703,0.95720,55
SQ:USDCHF,2022-06-24T13:00:00+02:00,0.95719,0.95725,0.95699,0.95709,81
SQ:USDCHF,2022-06-24T13:01:00+02:00,0.95709,0.95719,0.95703,0.95707,47
SQ:USDCHF,2022-06-24T13:02:00+02:00,0.95707,0.95719,0.95705,0.95719,45
SQ:USDCHF,2022-06-24T13:03:00+02:00,0.95718,0.95749,0.95718,0.95737,47
SQ:USDCHF,2022-06-24T13:04:00+02:00,0.95739,0.95749,0.95727,0.95734,69
SQ:USDCHF,2022-06-24T13:05:00+02:00,0.95734,0.95749,0.95734,0.95739,32
SQ:USDCHF,2022-06-24T13:06:00+02:00,0.95738,0.95747,0.95726,0.95729,54
SQ:USDCHF,2022-06-24T13:07:00+02:00,0.95730,0.95730,0.95715,0.95723,73
SQ:USDCHF,2022-06-24T13:08:00+02:00,0.95723,0.95727,0.95706,0.95718,60
SQ:USDCHF,2022-06-24T13:09:00+02:00,0.95717,0.95726,0.95708,0.95721,56
SQ:USDCHF,2022-06-24T13:10:00+02:00,0.95721,0.95726,0.95707,0.95713,63
SQ:USDCHF,2022-06-24T13:11:00+02:00,0.95713,0.95722,0.95706,0.95708,55
SQ:USDCHF,2022-06-24T13:12:00+02:00,0.95708,0.95723,0.95706,0.95717,49
SQ:USDCHF,2022-06-24T13:13:00+02:00,0.95717,0.95743,0.95717,0.95731,99
SQ:USDCHF,2022-06-24T13:14:00+02:00,0.95731,0.95739,0.95720,0.95726,86
SQ:USDCHF,2022-06-24T13:15:00+02:00,0.95725,0.95743,0.95720,0.95738,110
SQ:USDCHF,2022-06-24T13:16:00+02:00,0.95738,0.95752,0.95725,0.95727,76
SQ:USDCHF,2022-06-24T13:17:00+02:00,0.95727,0.95766,0.95727,0.95764,78
SQ:USDCHF,2022-06-24T13:18:00+02:00,0.95763,0.95779,0.95743,0.95743,97
SQ:USDCHF,2022-06-24T13:19:00+02:00,0.95744,0.95744,0.95725,0.95726,88
SQ:USDCHF,2022-06-24T13:20:00+02:00,0.95725,0.95742,0.95723,0.95730,97
SQ:USDCHF,2022-06-24T13:21:00+02:00,0.95730,0.95743,0.95729,0.95742,45
SQ:USDCHF,2022-06-24T13:22:00+02:00,0.95743,0.95753,0.95737,0.95751,92
SQ:USDCHF,2022-06-24T13:23:00+02:00,0.95750,0.95780,0.95750,0.95779,87
SQ:USDCHF,2022-06-24T13:24:00+02:00,0.95779,0.95783,0.95762,0.95768,78
SQ:USDCHF,2022-06-24T13:25:00+02:00,0.95769,0.95777,0.95764,0.95771,103
SQ:USDCHF,2022-06-24T13:26:00+02:00,0.95771,0.95781,0.95769,0.95778,110
SQ:USDCHF,2022-06-24T13:27:00+02:00,0.95779,0.95802,0.95777,0.95791,128
SQ:USDCHF,2022-06-24T13:28:00+02:00,0.95791,0.95807,0.95786,0.95788,46
SQ:USDCHF,2022-06-24T13:29:00+02:00,0.95788,0.95804,0.95777,0.95804,38
SQ:USDCHF,2022-06-24T13:30:00+02:00,0.95806,0.95822,0.95784,0.95793,71
SQ:USDCHF,2022-06-24T13:31:00+02:00,0.95793,0.95803,0.95793,0.95797,46
SQ:USDCHF,2022-06-24T13:32:00+02:00,0.95797,0.95810,0.95774,0.95777,93
SQ:USDCHF,2022-06-24T13:33:00+02:00,0.95778,0.95798,0.95770,0.95794,95
SQ:USDCHF,2022-06-24T13:34:00+02:00,0.95794,0.95797,0.95774,0.95791,93
SQ:USDCHF,2022-06-24T13:35:00+02:00,0.95793,0.95798,0.95694,0.95710,85
SQ:USDCHF,2022-06-24T13:36:00+02:00,0.95711,0.95726,0.95709,0.95723,62
SQ:USDCHF,2022-06-24T13:37:00+02:00,0.95724,0.95724,0.95721,0.95723,22
SQ:USDCHF,2022-06-24T13:38:00+02:00,0.95722,0.95724,0.95657,0.95669,81
SQ:USDCHF,2022-06-24T13:39:00+02:00,0.95669,0.95695,0.95658,0.95695,74
SQ:USDCHF,2022-06-24T13:40:00+02:00,0.95696,0.95720,0.95686,0.95719,71
SQ:USDCHF,2022-06-24T13:41:00+02:00,0.95719,0.95739,0.95700,0.95700,121
SQ:USDCHF,2022-06-24T13:42:00+02:00,0.95701,0.95721,0.95689,0.95720,81
SQ:USDCHF,2022-06-24T13:43:00+02:00,0.95720,0.95731,0.95708,0.95715,99
SQ:USDCHF,2022-06-24T13:44:00+02:00,0.95715,0.95749,0.95698,0.95700,107
SQ:USDCHF,2022-06-24T13:45:00+02:00,0.95701,0.95728,0.95701,0.95719,95
SQ:USDCHF,2022-06-24T13:46:00+02:00,0.95719,0.95734,0.95627,0.95654,102
SQ:USDCHF,2022-06-24T13:47:00+02:00,0.95653,0.95740,0.95652,0.95740,123
SQ:USDCHF,2022-06-24T13:48:00+02:00,0.95740,0.95741,0.95682,0.95690,126
SQ:USDCHF,2022-06-24T13:49:00+02:00,0.95690,0.95720,0.95686,0.95688,77
SQ:USDCHF,2022-06-24T13:50:00+02:00,0.95688,0.95692,0.95661,0.95663,88
SQ:USDCHF,2022-06-24T13:51:00+02:00,0.95665,0.95669,0.95650,0.95662,79
SQ:USDCHF,2022-06-24T13:52:00+02:00,0.95662,0.95705,0.95662,0.95667,120
SQ:USDCHF,2022-06-24T13:53:00+02:00,0.95666,0.95671,0.95640,0.95662,133
SQ:USDCHF,2022-06-24T13:54:00+02:00,0.95663,0.95679,0.95652,0.95668,86
SQ:USDCHF,2022-06-24T13:55:00+02:00,0.95668,0.95724,0.95668,0.95672,122
SQ:USDCHF,2022-06-24T13:56:00+02:00,0.95672,0.95695,0.95635,0.95635,102
SQ:USDCHF,2022-06-24T13:57:00+02:00,0.95633,0.95657,0.95628,0.95639,134
SQ:USDCHF,2022-06-24T13:58:00+02:00,0.95641,0.95683,0.95635,0.95641,106
SQ:USDCHF,2022-06-24T13:59:00+02:00,0.95641,0.95662,0.95605,0.95650,155
SQ:USDCHF,2022-06-24T14:00:00+02:00,0.95650,0.95674,0.95632,0.95667,165
SQ:USDCHF,2022-06-24T14:01:00+02:00,0.95668,0.95725,0.95667,0.95712,151
SQ:USDCHF,2022-06-24T14:02:00+02:00,0.95712,0.95721,0.95642,0.95643,178
SQ:USDCHF,2022-06-24T14:03:00+02:00,0.95643,0.95679,0.95636,0.95675,113
SQ:USDCHF,2022-06-24T14:04:00+02:00,0.95675,0.95683,0.95653,0.95663,73
SQ:USDCHF,2022-06-24T14:05:00+02:00,0.95663,0.95709,0.95661,0.95696,86
SQ:USDCHF,2022-06-24T14:06:00+02:00,0.95696,0.95698,0.95676,0.95677,91
SQ:USDCHF,2022-06-24T14:07:00+02:00,0.95677,0.95693,0.95666,0.95677,92
SQ:USDCHF,2022-06-24T14:08:00+02:00,0.95677,0.95677,0.95620,0.95630,78
SQ:USDCHF,2022-06-24T14:09:00+02:00,0.95632,0.95645,0.95611,0.95636,103
SQ:USDCHF,2022-06-24T14:10:00+02:00,0.95636,0.95650,0.95614,0.95649,94
SQ:USDCHF,2022-06-24T14:11:00+02:00,0.95649,0.95653,0.95624,0.95644,60
SQ:USDCHF,2022-06-24T14:12:00+02:00,0.95645,0.95696,0.95638,0.95696,103
SQ:USDCHF,2022-06-24T14:13:00+02:00,0.95696,0.95701,0.95678,0.95697,132
SQ:USDCHF,2022-06-24T14:14:00+02:00,0.95697,0.95700,0.95694,0.95695,81
SQ:USDCHF,2022-06-24T14:15:00+02:00,0.95696,0.95709,0.95694,0.95698,120
SQ:USDCHF,2022-06-24T14:16:00+02:00,0.95700,0.95706,0.95666,0.95682,128
SQ:USDCHF,2022-06-24T14:17:00+02:00,0.95682,0.95686,0.95655,0.95669,104
SQ:USDCHF,2022-06-24T14:18:00+02:00,0.95669,0.95669,0.95648,0.95653,116
SQ:USDCHF,2022-06-24T14:19:00+02:00,0.95654,0.95679,0.95645,0.95674,141
SQ:USDCHF,2022-06-24T14:20:00+02:00,0.95665,0.95670,0.95607,0.95612,143
SQ:USDCHF,2022-06-24T14:21:00+02:00,0.95611,0.95648,0.95604,0.95638,156
SQ:USDCHF,2022-06-24T14:22:00+02:00,0.95638,0.95649,0.95608,0.95642,156
SQ:USDCHF,2022-06-24T14:23:00+02:00,0.95643,0.95676,0.95643,0.95674,121
SQ:USDCHF,2022-06-24T14:24:00+02:00,0.95673,0.95688,0.95664,0.95664,118
SQ:USDCHF,2022-06-24T14:25:00+02:00,0.95664,0.95683,0.95658,0.95672,98
SQ:USDCHF,2022-06-24T14:26:00+02:00,0.95672,0.95672,0.95642,0.95646,86
SQ:USDCHF,2022-06-24T14:27:00+02:00,0.95649,0.95651,0.95599,0.95601,78
SQ:USDCHF,2022-06-24T14:28:00+02:00,0.95603,0.95612,0.95584,0.95592,102
SQ:USDCHF,2022-06-24T14:29:00+02:00,0.95592,0.95594,0.95558,0.95571,122
SQ:USDCHF,2022-06-24T14:30:00+02:00,0.95570,0.95603,0.95570,0.95594,91
SQ:USDCHF,2022-06-24T14:31:00+02:00,0.95593,0.95593,0.95540,0.95559,142
SQ:USDCHF,2022-06-24T14:32:00+02:00,0.95559,0.95584,0.95517,0.95526,107
SQ:USDCHF,2022-06-24T14:33:00+02:00,0.95526,0.95557,0.95525,0.95538,64
SQ:USDCHF,2022-06-24T14:34:00+02:00,0.95538,0.95550,0.95534,0.95549,41
SQ:USDCHF,2022-06-24T14:35:00+02:00,0.95550,0.95550,0.95508,0.95508,62
SQ:USDCHF,2022-06-24T14:36:00+02:00,0.95508,0.95535,0.95489,0.95497,71
SQ:USDCHF,2022-06-24T14:37:00+02:00,0.95497,0.95554,0.95497,0.95552,98
SQ:USDCHF,2022-06-24T14:38:00+02:00,0.95552,0.95568,0.95545,0.95558,90
SQ:USDCHF,2022-06-24T14:39:00+02:00,0.95557,0.95560,0.95530,0.95530,114
SQ:USDCHF,2022-06-24T14:40:00+02:00,0.95531,0.95538,0.95520,0.95524,109
SQ:USDCHF,2022-06-24T14:41:00+02:00,0.95524,0.95536,0.95520,0.95531,63
SQ:USDCHF,2022-06-24T14:42:00+02:00,0.95531,0.95536,0.95494,0.95499,89
SQ:USDCHF,2022-06-24T14:43:00+02:00,0.95499,0.95507,0.95473,0.95476,78
SQ:USDCHF,2022-06-24T14:44:00+02:00,0.95476,0.95485,0.95468,0.95469,69
SQ:USDCHF,2022-06-24T14:45:00+02:00,0.95468,0.95478,0.95444,0.95475,93
SQ:USDCHF,2022-06-24T14:46:00+02:00,0.95475,0.95475,0.95454,0.95464,86
SQ:USDCHF,2022-06-24T14:47:00+02:00,0.95463,0.95487,0.95463,0.95469,111
SQ:USDCHF,2022-06-24T14:48:00+02:00,0.95469,0.95490,0.95447,0.95461,128
SQ:USDCHF,2022-06-24T14:49:00+02:00,0.95459,0.95486,0.95457,0.95460,194
SQ:USDCHF,2022-06-24T14:50:00+02:00,0.95460,0.95472,0.95441,0.95449,170
SQ:USDCHF,2022-06-24T14:51:00+02:00,0.95450,0.95473,0.95440,0.95470,136
SQ:USDCHF,2022-06-24T14:52:00+02:00,0.95470,0.95520,0.95464,0.95514,151
SQ:USDCHF,2022-06-24T14:53:00+02:00,0.95514,0.95514,0.95491,0.95492,130
SQ:USDCHF,2022-06-24T14:54:00+02:00,0.95493,0.95506,0.95472,0.95505,146
SQ:USDCHF,2022-06-24T14:55:00+02:00,0.95504,0.95524,0.95482,0.95524,144
SQ:USDCHF,2022-06-24T14:56:00+02:00,0.95524,0.95535,0.95516,0.95527,105
SQ:USDCHF,2022-06-24T14:57:00+02:00,0.95527,0.95544,0.95519,0.95529,117
SQ:USDCHF,2022-06-24T14:58:00+02:00,0.95530,0.95540,0.95512,0.95534,162
SQ:USDCHF,2022-06-24T14:59:00+02:00,0.95534,0.95574,0.95524,0.95566,168
SQ:USDCHF,2022-06-24T15:00:00+02:00,0.95566,0.95570,0.95549,0.95559,175
SQ:USDCHF,2022-06-24T15:01:00+02:00,0.95559,0.95607,0.95557,0.95595,163
SQ:USDCHF,2022-06-24T15:02:00+02:00,0.95596,0.95653,0.95594,0.95617,142
SQ:USDCHF,2022-06-24T15:03:00+02:00,0.95617,0.95628,0.95599,0.95620,179
SQ:USDCHF,2022-06-24T15:04:00+02:00,0.95619,0.95648,0.95612,0.95641,171
SQ:USDCHF,2022-06-24T15:05:00+02:00,0.95640,0.95676,0.95633,0.95663,154
SQ:USDCHF,2022-06-24T15:06:00+02:00,0.95664,0.95686,0.95661,0.95671,132
SQ:USDCHF,2022-06-24T15:07:00+02:00,0.95671,0.95679,0.95626,0.95626,106
SQ:USDCHF,2022-06-24T15:08:00+02:00,0.95624,0.95625,0.95601,0.95606,129
SQ:USDCHF,2022-06-24T15:09:00+02:00,0.95606,0.95621,0.95593,0.95595,96
SQ:USDCHF,2022-06-24T15:10:00+02:00,0.95594,0.95620,0.95587,0.95617,86
SQ:USDCHF,2022-06-24T15:11:00+02:00,0.95617,0.95622,0.95567,0.95584,149
SQ:USDCHF,2022-06-24T15:12:00+02:00,0.95582,0.95583,0.95555,0.95560,136
SQ:USDCHF,2022-06-24T15:13:00+02:00,0.95561,0.95567,0.95519,0.95540,179
SQ:USDCHF,2022-06-24T15:14:00+02:00,0.95541,0.95576,0.95526,0.95528,138
SQ:USDCHF,2022-06-24T15:15:00+02:00,0.95528,0.95589,0.95528,0.95584,94
SQ:USDCHF,2022-06-24T15:16:00+02:00,0.95584,0.95589,0.95574,0.95581,101
SQ:USDCHF,2022-06-24T15:17:00+02:00,0.95581,0.95587,0.95560,0.95584,62
SQ:USDCHF,2022-06-24T15:18:00+02:00,0.95584,0.95598,0.95584,0.95593,57
SQ:USDCHF,2022-06-24T15:19:00+02:00,0.95593,0.95619,0.95592,0.95616,78
SQ:USDCHF,2022-06-24T15:20:00+02:00,0.95615,0.95637,0.95611,0.95632,94
SQ:USDCHF,2022-06-24T15:21:00+02:00,0.95632,0.95642,0.95594,0.95594,148
SQ:USDCHF,2022-06-24T15:22:00+02:00,0.95593,0.95630,0.95588,0.95629,76
SQ:USDCHF,2022-06-24T15:23:00+02:00,0.95628,0.95632,0.95581,0.95586,123
SQ:USDCHF,2022-06-24T15:24:00+02:00,0.95585,0.95586,0.95553,0.95556,145
SQ:USDCHF,2022-06-24T15:25:00+02:00,0.95555,0.95557,0.95535,0.95536,129
SQ:USDCHF,2022-06-24T15:26:00+02:00,0.95535,0.95547,0.95516,0.95517,101
SQ:USDCHF,2022-06-24T15:27:00+02:00,0.95518,0.95536,0.95501,0.95505,57
SQ:USDCHF,2022-06-24T15:28:00+02:00,0.95505,0.95510,0.95490,0.95506,95
SQ:USDCHF,2022-06-24T15:29:00+02:00,0.95507,0.95507,0.95458,0.95469,105
SQ:USDCHF,2022-06-24T15:30:00+02:00,0.95469,0.95474,0.95454,0.95460,125
SQ:USDCHF,2022-06-24T15:31:00+02:00,0.95460,0.95473,0.95449,0.95466,129
SQ:USDCHF,2022-06-24T15:32:00+02:00,0.95466,0.95466,0.95368,0.95390,147
SQ:USDCHF,2022-06-24T15:33:00+02:00,0.95392,0.95486,0.95392,0.95477,155
SQ:USDCHF,2022-06-24T15:34:00+02:00,0.95477,0.95479,0.95464,0.95474,73
SQ:USDCHF,2022-06-24T15:35:00+02:00,0.95473,0.95476,0.95443,0.95458,131
SQ:USDCHF,2022-06-24T15:36:00+02:00,0.95458,0.95505,0.95451,0.95501,132
SQ:USDCHF,2022-06-24T15:37:00+02:00,0.95501,0.95565,0.95501,0.95552,153
SQ:USDCHF,2022-06-24T15:38:00+02:00,0.95553,0.95574,0.95551,0.95574,127
SQ:USDCHF,2022-06-24T15:39:00+02:00,0.95572,0.95572,0.95552,0.95555,114
SQ:USDCHF,2022-06-24T15:40:00+02:00,0.95555,0.95596,0.95553,0.95571,145
SQ:USDCHF,2022-06-24T15:41:00+02:00,0.95571,0.95571,0.95510,0.95516,170
SQ:USDCHF,2022-06-24T15:42:00+02:00,0.95516,0.95548,0.95516,0.95536,135
SQ:USDCHF,2022-06-24T15:43:00+02:00,0.95536,0.95562,0.95526,0.95553,163
SQ:USDCHF,2022-06-24T15:44:00+02:00,0.95552,0.95552,0.95523,0.95540,108
SQ:USDCHF,2022-06-24T15:45:00+02:00,0.95540,0.95558,0.95522,0.95556,158
SQ:USDCHF,2022-06-24T15:46:00+02:00,0.95556,0.95556,0.95531,0.95548,117
SQ:USDCHF,2022-06-24T15:47:00+02:00,0.95548,0.95583,0.95544,0.95566,140
SQ:USDCHF,2022-06-24T15:48:00+02:00,0.95567,0.95568,0.95509,0.95525,169
SQ:USDCHF,2022-06-24T15:49:00+02:00,0.95524,0.95524,0.95474,0.95478,133
SQ:USDCHF,2022-06-24T15:50:00+02:00,0.95478,0.95479,0.95457,0.95476,114
SQ:USDCHF,2022-06-24T15:51:00+02:00,0.95476,0.95481,0.95439,0.95439,158
SQ:USDCHF,2022-06-24T15:52:00+02:00,0.95438,0.95450,0.95412,0.95415,149
SQ:USDCHF,2022-06-24T15:53:00+02:00,0.95415,0.95467,0.95409,0.95437,141
SQ:USDCHF,2022-06-24T15:54:00+02:00,0.95437,0.95467,0.95432,0.95467,105
SQ:USDCHF,2022-06-24T15:55:00+02:00,0.95467,0.95541,0.95466,0.95520,202
SQ:USDCHF,2022-06-24T15:56:00+02:00,0.95520,0.95541,0.95507,0.95539,99
SQ:USDCHF,2022-06-24T15:57:00+02:00,0.95539,0.95539,0.95502,0.95512,121
SQ:USDCHF,2022-06-24T15:58:00+02:00,0.95512,0.95565,0.95511,0.95560,144
SQ:USDCHF,2022-06-24T15:59:00+02:00,0.95560,0.95568,0.95556,0.95558,94
SQ:USDCHF,2022-06-24T16:00:00+02:00,0.95557,0.95557,0.95384,0.95397,566
SQ:USDCHF,2022-06-24T16:01:00+02:00,0.95398,0.95401,0.95293,0.95372,474
SQ:USDCHF,2022-06-24T16:02:00+02:00,0.95372,0.95375,0.95296,0.95318,390
SQ:USDCHF,2022-06-24T16:03:00+02:00,0.95319,0.95392,0.95289,0.95385,354
SQ:USDCHF,2022-06-24T16:04:00+02:00,0.95384,0.95440,0.95339,0.95420,374
SQ:USDCHF,2022-06-24T16:05:00+02:00,0.95416,0.95423,0.95357,0.95396,364
SQ:USDCHF,2022-06-24T16:06:00+02:00,0.95395,0.95484,0.95389,0.95424,359
SQ:USDCHF,2022-06-24T16:07:00+02:00,0.95422,0.95459,0.95379,0.95458,330
SQ:USDCHF,2022-06-24T16:08:00+02:00,0.95456,0.95456,0.95405,0.95424,337
SQ:USDCHF,2022-06-24T16:09:00+02:00,0.95424,0.95428,0.95381,0.95390,295
SQ:USDCHF,2022-06-24T16:10:00+02:00,0.95398,0.95436,0.95388,0.95390,267
SQ:USDCHF,2022-06-24T16:11:00+02:00,0.95390,0.95413,0.95379,0.95399,281
SQ:USDCHF,2022-06-24T16:12:00+02:00,0.95399,0.95412,0.95342,0.95345,301
SQ:USDCHF,2022-06-24T16:13:00+02:00,0.95345,0.95380,0.95328,0.95379,310
SQ:USDCHF,2022-06-24T16:14:00+02:00,0.95378,0.95380,0.95344,0.95372,309
SQ:USDCHF,2022-06-24T16:15:00+02:00,0.95372,0.95389,0.95345,0.95356,313
SQ:USDCHF,2022-06-24T16:16:00+02:00,0.95354,0.95395,0.95353,0.95395,248
SQ:USDCHF,2022-06-24T16:17:00+02:00,0.95395,0.95427,0.95382,0.95427,283
SQ:USDCHF,2022-06-24T16:18:00+02:00,0.95426,0.95454,0.95394,0.95404,266
SQ:USDCHF,2022-06-24T16:19:00+02:00,0.95405,0.95428,0.95391,0.95409,211
SQ:USDCHF,2022-06-24T16:20:00+02:00,0.95409,0.95409,0.95312,0.95316,212
SQ:USDCHF,2022-06-24T16:21:00+02:00,0.95315,0.95323,0.95209,0.95229,211
SQ:USDCHF,2022-06-24T16:22:00+02:00,0.95232,0.95318,0.95224,0.95312,240
SQ:USDCHF,2022-06-24T16:23:00+02:00,0.95312,0.95324,0.95257,0.95263,145
SQ:USDCHF,2022-06-24T16:24:00+02:00,0.95261,0.95322,0.95258,0.95312,163
SQ:USDCHF,2022-06-24T16:25:00+02:00,0.95313,0.95328,0.95282,0.95297,171
SQ:USDCHF,2022-06-24T16:26:00+02:00,0.95297,0.95302,0.95276,0.95284,123
SQ:USDCHF,2022-06-24T16:27:00+02:00,0.95286,0.95299,0.95260,0.95260,134
SQ:USDCHF,2022-06-24T16:28:00+02:00,0.95260,0.95263,0.95210,0.95211,140
SQ:USDCHF,2022-06-24T16:29:00+02:00,0.95212,0.95235,0.95210,0.95230,145
SQ:USDCHF,2022-06-24T16:30:00+02:00,0.95232,0.95266,0.95204,0.95243,152
SQ:USDCHF,2022-06-24T16:31:00+02:00,0.95243,0.95264,0.95229,0.95259,156
SQ:USDCHF,2022-06-24T16:32:00+02:00,0.95260,0.95316,0.95247,0.95316,161
SQ:USDCHF,2022-06-24T16:33:00+02:00,0.95316,0.95320,0.95285,0.95298,191
SQ:USDCHF,2022-06-24T16:34:00+02:00,0.95298,0.95406,0.95297,0.95406,205
SQ:USDCHF,2022-06-24T16:35:00+02:00,0.95403,0.95454,0.95372,0.95442,231
SQ:USDCHF,2022-06-24T16:36:00+02:00,0.95438,0.95452,0.95404,0.95417,225
SQ:USDCHF,2022-06-24T16:37:00+02:00,0.95416,0.95487,0.95415,0.95438,260
SQ:USDCHF,2022-06-24T16:38:00+02:00,0.95436,0.95438,0.95384,0.95385,215
SQ:USDCHF,2022-06-24T16:39:00+02:00,0.95385,0.95432,0.95385,0.95410,252
SQ:USDCHF,2022-06-24T16:40:00+02:00,0.95411,0.95466,0.95407,0.95431,227
SQ:USDCHF,2022-06-24T16:41:00+02:00,0.95430,0.95454,0.95405,0.95409,260
SQ:USDCHF,2022-06-24T16:42:00+02:00,0.95409,0.95420,0.95396,0.95416,232
SQ:USDCHF,2022-06-24T16:43:00+02:00,0.95416,0.95493,0.95412,0.95491,221
SQ:USDCHF,2022-06-24T16:44:00+02:00,0.95492,0.95530,0.95480,0.95507,308
SQ:USDCHF,2022-06-24T16:45:00+02:00,0.95507,0.95541,0.95494,0.95496,283
SQ:USDCHF,2022-06-24T16:46:00+02:00,0.95496,0.95523,0.95452,0.95454,317
SQ:USDCHF,2022-06-24T16:47:00+02:00,0.95454,0.95475,0.95434,0.95451,291
SQ:USDCHF,2022-06-24T16:48:00+02:00,0.95451,0.95462,0.95431,0.95462,239
SQ:USDCHF,2022-06-24T16:49:00+02:00,0.95463,0.95491,0.95453,0.95463,155
SQ:USDCHF,2022-06-24T16:50:00+02:00,0.95463,0.95463,0.95399,0.95403,248
SQ:USDCHF,2022-06-24T16:51:00+02:00,0.95402,0.95485,0.95399,0.95446,316
SQ:USDCHF,2022-06-24T16:52:00+02:00,0.95445,0.95496,0.95441,0.95488,211
SQ:USDCHF,2022-06-24T16:53:00+02:00,0.95488,0.95497,0.95456,0.95461,181
SQ:USDCHF,2022-06-24T16:54:00+02:00,0.95461,0.95507,0.95452,0.95457,255
SQ:USDCHF,2022-06-24T16:55:00+02:00,0.95457,0.95457,0.95417,0.95443,201
SQ:USDCHF,2022-06-24T16:56:00+02:00,0.95441,0.95460,0.95422,0.95437,226
SQ:USDCHF,2022-06-24T16:57:00+02:00,0.95437,0.95467,0.95435,0.95442,221
SQ:USDCHF,2022-06-24T16:58:00+02:00,0.95441,0.95496,0.95435,0.95493,227
SQ:USDCHF,2022-06-24T16:59:00+02:00,0.95494,0.95503,0.95466,0.95491,238
SQ:USDCHF,2022-06-24T17:00:00+02:00,0.95497,0.95499,0.95450,0.95492,220
SQ:USDCHF,2022-06-24T17:01:00+02:00,0.95492,0.95496,0.95446,0.95448,229
SQ:USDCHF,2022-06-24T17:02:00+02:00,0.95448,0.95476,0.95444,0.95449,200
SQ:USDCHF,2022-06-24T17:03:00+02:00,0.95450,0.95467,0.95438,0.95453,181
SQ:USDCHF,2022-06-24T17:04:00+02:00,0.95452,0.95463,0.95434,0.95439,194
SQ:USDCHF,2022-06-24T17:05:00+02:00,0.95438,0.95448,0.95432,0.95441,136
SQ:USDCHF,2022-06-24T17:06:00+02:00,0.95441,0.95442,0.95425,0.95431,181
SQ:USDCHF,2022-06-24T17:07:00+02:00,0.95431,0.95441,0.95426,0.95433,154
SQ:USDCHF,2022-06-24T17:08:00+02:00,0.95434,0.95453,0.95419,0.95419,154
SQ:USDCHF,2022-06-24T17:09:00+02:00,0.95419,0.95442,0.95415,0.95418,137
SQ:USDCHF,2022-06-24T17:10:00+02:00,0.95419,0.95462,0.95403,0.95462,173
SQ:USDCHF,2022-06-24T17:11:00+02:00,0.95462,0.95497,0.95462,0.95496,121
SQ:USDCHF,2022-06-24T17:12:00+02:00,0.95496,0.95516,0.95486,0.95494,145
SQ:USDCHF,2022-06-24T17:13:00+02:00,0.95494,0.95521,0.95484,0.95514,166
SQ:USDCHF,2022-06-24T17:14:00+02:00,0.95512,0.95533,0.95508,0.95520,117
SQ:USDCHF,2022-06-24T17:15:00+02:00,0.95520,0.95521,0.95483,0.95507,130
SQ:USDCHF,2022-06-24T17:16:00+02:00,0.95509,0.95547,0.95507,0.95547,144
SQ:USDCHF,2022-06-24T17:17:00+02:00,0.95549,0.95558,0.95523,0.95536,139
SQ:USDCHF,2022-06-24T17:18:00+02:00,0.95537,0.95545,0.95515,0.95533,116
SQ:USDCHF,2022-06-24T17:19:00+02:00,0.95533,0.95553,0.95528,0.95552,103
SQ:USDCHF,2022-06-24T17:20:00+02:00,0.95552,0.95563,0.95511,0.95522,121
SQ:USDCHF,2022-06-24T17:21:00+02:00,0.95524,0.95530,0.95509,0.95511,107
SQ:USDCHF,2022-06-24T17:22:00+02:00,0.95512,0.95520,0.95492,0.95503,178
SQ:USDCHF,2022-06-24T17:23:00+02:00,0.95503,0.95509,0.95459,0.95466,128
SQ:USDCHF,2022-06-24T17:24:00+02:00,0.95465,0.95508,0.95464,0.95501,155
SQ:USDCHF,2022-06-24T17:25:00+02:00,0.95500,0.95514,0.95500,0.95506,112
SQ:USDCHF,2022-06-24T17:26:00+02:00,0.95506,0.95534,0.95506,0.95516,131
SQ:USDCHF,2022-06-24T17:27:00+02:00,0.95517,0.95521,0.95489,0.95491,142
SQ:USDCHF,2022-06-24T17:28:00+02:00,0.95491,0.95505,0.95460,0.95460,85
SQ:USDCHF,2022-06-24T17:29:00+02:00,0.95460,0.95461,0.95438,0.95454,118
SQ:USDCHF,2022-06-24T17:30:00+02:00,0.95454,0.95461,0.95415,0.95434,149
SQ:USDCHF,2022-06-24T17:31:00+02:00,0.95435,0.95440,0.95413,0.95420,100
SQ:USDCHF,2022-06-24T17:32:00+02:00,0.95420,0.95438,0.95419,0.95435,69
SQ:USDCHF,2022-06-24T17:33:00+02:00,0.95434,0.95444,0.95424,0.95424,90
SQ:USDCHF,2022-06-24T17:34:00+02:00,0.95424,0.95446,0.95415,0.95440,90
SQ:USDCHF,2022-06-24T17:35:00+02:00,0.95440,0.95452,0.95424,0.95425,113
SQ:USDCHF,2022-06-24T17:36:00+02:00,0.95426,0.95431,0.95415,0.95417,133
SQ:USDCHF,2022-06-24T17:37:00+02:00,0.95417,0.95441,0.95417,0.95432,96
SQ:USDCHF,2022-06-24T17:38:00+02:00,0.95431,0.95449,0.95429,0.95432,88
SQ:USDCHF,2022-06-24T17:39:00+02:00,0.95433,0.95437,0.95415,0.95415,128
SQ:USDCHF,2022-06-24T17:40:00+02:00,0.95415,0.95426,0.95396,0.95398,93
SQ:USDCHF,2022-06-24T17:41:00+02:00,0.95398,0.95416,0.95391,0.95413,86
SQ:USDCHF,2022-06-24T17:42:00+02:00,0.95416,0.95418,0.95405,0.95417,82
SQ:USDCHF,2022-06-24T17:43:00+02:00,0.95417,0.95432,0.95413,0.95418,87
SQ:USDCHF,2022-06-24T17:44:00+02:00,0.95418,0.95451,0.95414,0.95450,114
SQ:USDCHF,2022-06-24T17:45:00+02:00,0.95450,0.95508,0.95446,0.95507,88
SQ:USDCHF,2022-06-24T17:46:00+02:00,0.95507,0.95530,0.95492,0.95524,99
SQ:USDCHF,2022-06-24T17:47:00+02:00,0.95523,0.95559,0.95521,0.95549,79
SQ:USDCHF,2022-06-24T17:48:00+02:00,0.95549,0.95555,0.95509,0.95518,68
SQ:USDCHF,2022-06-24T17:49:00+02:00,0.95517,0.95577,0.95515,0.95566,73
SQ:USDCHF,2022-06-24T17:50:00+02:00,0.95566,0.95602,0.95557,0.95575,88
SQ:USDCHF,2022-06-24T17:51:00+02:00,0.95575,0.95576,0.95560,0.95571,63
SQ:USDCHF,2022-06-24T17:52:00+02:00,0.95571,0.95593,0.95547,0.95585,107
SQ:USDCHF,2022-06-24T17:53:00+02:00,0.95585,0.95596,0.95579,0.95588,68
SQ:USDCHF,2022-06-24T17:54:00+02:00,0.95588,0.95646,0.95576,0.95636,147
SQ:USDCHF,2022-06-24T17:55:00+02:00,0.95636,0.95677,0.95636,0.95664,129
SQ:USDCHF,2022-06-24T17:56:00+02:00,0.95664,0.95678,0.95645,0.95672,144
SQ:USDCHF,2022-06-24T17:57:00+02:00,0.95670,0.95681,0.95643,0.95680,154
SQ:USDCHF,2022-06-24T17:58:00+02:00,0.95681,0.95699,0.95678,0.95687,138
SQ:USDCHF,2022-06-24T17:59:00+02:00,0.95686,0.95694,0.95675,0.95679,142
SQ:USDCHF,2022-06-24T18:00:00+02:00,0.95679,0.95688,0.95665,0.95667,156
SQ:USDCHF,2022-06-24T18:01:00+02:00,0.95664,0.95672,0.95651,0.95665,164
SQ:USDCHF,2022-06-24T18:02:00+02:00,0.95664,0.95677,0.95643,0.95677,135
SQ:USDCHF,2022-06-24T18:03:00+02:00,0.95675,0.95682,0.95659,0.95660,110
SQ:USDCHF,2022-06-24T18:04:00+02:00,0.95660,0.95694,0.95659,0.95664,134
SQ:USDCHF,2022-06-24T18:05:00+02:00,0.95664,0.95676,0.95658,0.95672,120
SQ:USDCHF,2022-06-24T18:06:00+02:00,0.95672,0.95739,0.95668,0.95725,114
SQ:USDCHF,2022-06-24T18:07:00+02:00,0.95724,0.95739,0.95660,0.95672,177
SQ:USDCHF,2022-06-24T18:08:00+02:00,0.95671,0.95697,0.95663,0.95668,113
SQ:USDCHF,2022-06-24T18:09:00+02:00,0.95668,0.95680,0.95659,0.95670,124
SQ:USDCHF,2022-06-24T18:10:00+02:00,0.95670,0.95686,0.95665,0.95668,165
SQ:USDCHF,2022-06-24T18:11:00+02:00,0.95666,0.95681,0.95658,0.95663,100
SQ:USDCHF,2022-06-24T18:12:00+02:00,0.95663,0.95663,0.95638,0.95646,176
SQ:USDCHF,2022-06-24T18:13:00+02:00,0.95646,0.95679,0.95637,0.95678,153
SQ:USDCHF,2022-06-24T18:14:00+02:00,0.95679,0.95688,0.95649,0.95651,147
SQ:USDCHF,2022-06-24T18:15:00+02:00,0.95651,0.95672,0.95649,0.95666,164
SQ:USDCHF,2022-06-24T18:16:00+02:00,0.95667,0.95676,0.95665,0.95665,66
SQ:USDCHF,2022-06-24T18:17:00+02:00,0.95665,0.95705,0.95665,0.95694,111
SQ:USDCHF,2022-06-24T18:18:00+02:00,0.95694,0.95717,0.95669,0.95691,136
SQ:USDCHF,2022-06-24T18:19:00+02:00,0.95692,0.95698,0.95669,0.95678,87
SQ:USDCHF,2022-06-24T18:20:00+02:00,0.95678,0.95691,0.95666,0.95675,136
SQ:USDCHF,2022-06-24T18:21:00+02:00,0.95675,0.95692,0.95671,0.95684,145
SQ:USDCHF,2022-06-24T18:22:00+02:00,0.95683,0.95700,0.95664,0.95699,127
SQ:USDCHF,2022-06-24T18:23:00+02:00,0.95699,0.95727,0.95698,0.95713,61
SQ:USDCHF,2022-06-24T18:24:00+02:00,0.95711,0.95738,0.95709,0.95738,76
SQ:USDCHF,2022-06-24T18:25:00+02:00,0.95737,0.95772,0.95725,0.95765,116
SQ:USDCHF,2022-06-24T18:26:00+02:00,0.95764,0.95765,0.95743,0.95745,45
SQ:USDCHF,2022-06-24T18:27:00+02:00,0.95746,0.95753,0.95745,0.95746,41
SQ:USDCHF,2022-06-24T18:28:00+02:00,0.95746,0.95750,0.95722,0.95745,94
SQ:USDCHF,2022-06-24T18:29:00+02:00,0.95745,0.95752,0.95745,0.95749,49
SQ:USDCHF,2022-06-24T18:30:00+02:00,0.95749,0.95759,0.95746,0.95756,93
SQ:USDCHF,2022-06-24T18:31:00+02:00,0.95756,0.95762,0.95748,0.95751,149
SQ:USDCHF,2022-06-24T18:32:00+02:00,0.95750,0.95752,0.95745,0.95745,118
SQ:USDCHF,2022-06-24T18:33:00+02:00,0.95745,0.95755,0.95743,0.95750,78
SQ:USDCHF,2022-06-24T18:34:00+02:00,0.95750,0.95753,0.95742,0.95745,93
SQ:USDCHF,2022-06-24T18:35:00+02:00,0.95745,0.95750,0.95740,0.95745,72
SQ:USDCHF,2022-06-24T18:36:00+02:00,0.95745,0.95754,0.95741,0.95747,41
SQ:USDCHF,2022-06-24T18:37:00+02:00,0.95747,0.95757,0.95746,0.95747,77
SQ:USDCHF,2022-06-24T18:38:00+02:00,0.95747,0.95755,0.95746,0.95749,73
SQ:USDCHF,2022-06-24T18:39:00+02:00,0.95749,0.95761,0.95745,0.95749,64
SQ:USDCHF,2022-06-24T18:40:00+02:00,0.95751,0.95790,0.95745,0.95790,77
SQ:USDCHF,2022-06-24T18:41:00+02:00,0.95790,0.95791,0.95779,0.95780,63
SQ:USDCHF,2022-06-24T18:42:00+02:00,0.95779,0.95781,0.95771,0.95772,65
SQ:USDCHF,2022-06-24T18:43:00+02:00,0.95773,0.95796,0.95765,0.95794,61
SQ:USDCHF,2022-06-24T18:44:00+02:00,0.95794,0.95798,0.95789,0.95790,29
SQ:USDCHF,2022-06-24T18:45:00+02:00,0.95790,0.95809,0.95785,0.95808,78
SQ:USDCHF,2022-06-24T18:46:00+02:00,0.95807,0.95808,0.95787,0.95787,51
SQ:USDCHF,2022-06-24T18:47:00+02:00,0.95787,0.95802,0.95787,0.95798,63
SQ:USDCHF,2022-06-24T18:48:00+02:00,0.95799,0.95808,0.95791,0.95803,71
SQ:USDCHF,2022-06-24T18:49:00+02:00,0.95803,0.95829,0.95802,0.95815,57
SQ:USDCHF,2022-06-24T18:50:00+02:00,0.95815,0.95824,0.95809,0.95818,80
SQ:USDCHF,2022-06-24T18:51:00+02:00,0.95818,0.95825,0.95816,0.95819,42
SQ:USDCHF,2022-06-24T18:52:00+02:00,0.95819,0.95857,0.95819,0.95856,65
SQ:USDCHF,2022-06-24T18:53:00+02:00,0.95856,0.95862,0.95842,0.95842,75
SQ:USDCHF,2022-06-24T18:54:00+02:00,0.95842,0.95846,0.95813,0.95820,96
SQ:USDCHF,2022-06-24T18:55:00+02:00,0.95820,0.95828,0.95806,0.95815,96
SQ:USDCHF,2022-06-24T18:56:00+02:00,0.95814,0.95819,0.95808,0.95816,80
SQ:USDCHF,2022-06-24T18:57:00+02:00,0.95816,0.95827,0.95814,0.95817,106
SQ:USDCHF,2022-06-24T18:58:00+02:00,0.95817,0.95825,0.95812,0.95822,126
SQ:USDCHF,2022-06-24T18:59:00+02:00,0.95822,0.95825,0.95815,0.95818,142
SQ:USDCHF,2022-06-24T19:00:00+02:00,0.95819,0.95823,0.95815,0.95818,107
SQ:USDCHF,2022-06-24T19:01:00+02:00,0.95818,0.95819,0.95809,0.95816,29
SQ:USDCHF,2022-06-24T19:02:00+02:00,0.95815,0.95826,0.95768,0.95790,140
SQ:USDCHF,2022-06-24T19:03:00+02:00,0.95790,0.95821,0.95785,0.95820,75
SQ:USDCHF,2022-06-24T19:04:00+02:00,0.95820,0.95820,0.95807,0.95816,72
SQ:USDCHF,2022-06-24T19:05:00+02:00,0.95815,0.95821,0.95809,0.95820,43
SQ:USDCHF,2022-06-24T19:06:00+02:00,0.95818,0.95830,0.95814,0.95822,79
SQ:USDCHF,2022-06-24T19:07:00+02:00,0.95822,0.95822,0.95814,0.95821,21
SQ:USDCHF,2022-06-24T19:08:00+02:00,0.95821,0.95823,0.95816,0.95816,74
SQ:USDCHF,2022-06-24T19:09:00+02:00,0.95816,0.95825,0.95814,0.95815,34
SQ:USDCHF,2022-06-24T19:10:00+02:00,0.95815,0.95821,0.95810,0.95816,52
SQ:USDCHF,2022-06-24T19:11:00+02:00,0.95816,0.95820,0.95813,0.95815,28
SQ:USDCHF,2022-06-24T19:12:00+02:00,0.95815,0.95817,0.95808,0.95810,40
SQ:USDCHF,2022-06-24T19:13:00+02:00,0.95809,0.95821,0.95809,0.95815,50
SQ:USDCHF,2022-06-24T19:14:00+02:00,0.95815,0.95826,0.95814,0.95817,45
SQ:USDCHF,2022-06-24T19:15:00+02:00,0.95817,0.95825,0.95811,0.95811,53
SQ:USDCHF,2022-06-24T19:16:00+02:00,0.95811,0.95820,0.95810,0.95812,45
SQ:USDCHF,2022-06-24T19:17:00+02:00,0.95815,0.95826,0.95814,0.95820,44
SQ:USDCHF,2022-06-24T19:18:00+02:00,0.95819,0.95834,0.95812,0.95817,68
SQ:USDCHF,2022-06-24T19:19:00+02:00,0.95817,0.95826,0.95815,0.95825,33
SQ:USDCHF,2022-06-24T19:20:00+02:00,0.95825,0.95825,0.95817,0.95820,17
SQ:USDCHF,2022-06-24T19:21:00+02:00,0.95820,0.95841,0.95815,0.95835,31
SQ:USDCHF,2022-06-24T19:22:00+02:00,0.95835,0.95838,0.95831,0.95835,24
SQ:USDCHF,2022-06-24T19:23:00+02:00,0.95835,0.95838,0.95835,0.95837,19
SQ:USDCHF,2022-06-24T19:24:00+02:00,0.95836,0.95848,0.95835,0.95837,21
SQ:USDCHF,2022-06-24T19:25:00+02:00,0.95838,0.95843,0.95835,0.95837,45
SQ:USDCHF,2022-06-24T19:26:00+02:00,0.95836,0.95846,0.95836,0.95836,55
SQ:USDCHF,2022-06-24T19:27:00+02:00,0.95837,0.95838,0.95835,0.95835,37
SQ:USDCHF,2022-06-24T19:28:00+02:00,0.95835,0.95840,0.95835,0.95839,17
SQ:USDCHF,2022-06-24T19:29:00+02:00,0.95839,0.95841,0.95834,0.95838,75
SQ:USDCHF,2022-06-24T19:30:00+02:00,0.95837,0.95842,0.95834,0.95838,46
SQ:USDCHF,2022-06-24T19:31:00+02:00,0.95838,0.95842,0.95835,0.95840,32
SQ:USDCHF,2022-06-24T19:32:00+02:00,0.95839,0.95840,0.95827,0.95830,28
SQ:USDCHF,2022-06-24T19:33:00+02:00,0.95832,0.95833,0.95813,0.95832,103
SQ:USDCHF,2022-06-24T19:34:00+02:00,0.95832,0.95867,0.95829,0.95866,49
SQ:USDCHF,2022-06-24T19:35:00+02:00,0.95866,0.95889,0.95863,0.95886,34
SQ:USDCHF,2022-06-24T19:36:00+02:00,0.95886,0.95900,0.95883,0.95898,88
SQ:USDCHF,2022-06-24T19:37:00+02:00,0.95898,0.95902,0.95893,0.95898,37
SQ:USDCHF,2022-06-24T19:38:00+02:00,0.95898,0.95901,0.95890,0.95895,18
SQ:USDCHF,2022-06-24T19:39:00+02:00,0.95895,0.95895,0.95882,0.95884,73
SQ:USDCHF,2022-06-24T19:40:00+02:00,0.95883,0.95921,0.95883,0.95917,65
SQ:USDCHF,2022-06-24T19:41:00+02:00,0.95916,0.95916,0.95909,0.95915,15
SQ:USDCHF,2022-06-24T19:42:00+02:00,0.95915,0.95918,0.95910,0.95914,24
SQ:USDCHF,2022-06-24T19:43:00+02:00,0.95914,0.95922,0.95914,0.95915,77
SQ:USDCHF,2022-06-24T19:44:00+02:00,0.95915,0.95917,0.95900,0.95917,31
SQ:USDCHF,2022-06-24T19:45:00+02:00,0.95918,0.95943,0.95918,0.95937,73
SQ:USDCHF,2022-06-24T19:46:00+02:00,0.95937,0.95980,0.95937,0.95977,64
SQ:USDCHF,2022-06-24T19:47:00+02:00,0.95977,0.95992,0.95975,0.95985,48
SQ:USDCHF,2022-06-24T19:48:00+02:00,0.95984,0.95996,0.95980,0.95992,44
SQ:USDCHF,2022-06-24T19:49:00+02:00,0.95992,0.96005,0.95991,0.96000,36
SQ:USDCHF,2022-06-24T19:50:00+02:00,0.96000,0.96000,0.95975,0.95981,40
SQ:USDCHF,2022-06-24T19:51:00+02:00,0.95981,0.95988,0.95972,0.95976,49
SQ:USDCHF,2022-06-24T19:52:00+02:00,0.95977,0.95978,0.95954,0.95955,91
SQ:USDCHF,2022-06-24T19:53:00+02:00,0.95959,0.95967,0.95930,0.95965,113
SQ:USDCHF,2022-06-24T19:54:00+02:00,0.95965,0.95976,0.95961,0.95972,51
SQ:USDCHF,2022-06-24T19:55:00+02:00,0.95971,0.95984,0.95971,0.95982,22
SQ:USDCHF,2022-06-24T19:56:00+02:00,0.95982,0.95988,0.95936,0.95941,156
SQ:USDCHF,2022-06-24T19:57:00+02:00,0.95941,0.95941,0.95878,0.95893,147
SQ:USDCHF,2022-06-24T19:58:00+02:00,0.95893,0.95910,0.95890,0.95891,50
SQ:USDCHF,2022-06-24T19:59:00+02:00,0.95892,0.95912,0.95892,0.95898,91
SQ:USDCHF,2022-06-24T20:00:00+02:00,0.95899,0.95899,0.95872,0.95885,130
SQ:USDCHF,2022-06-24T20:01:00+02:00,0.95885,0.95886,0.95834,0.95844,187
SQ:USDCHF,2022-06-24T20:02:00+02:00,0.95845,0.95856,0.95839,0.95851,152
SQ:USDCHF,2022-06-24T20:03:00+02:00,0.95851,0.95862,0.95833,0.95833,98
SQ:USDCHF,2022-06-24T20:04:00+02:00,0.95833,0.95845,0.95828,0.95831,74
SQ:USDCHF,2022-06-24T20:05:00+02:00,0.95832,0.95832,0.95816,0.95820,77
SQ:USDCHF,2022-06-24T20:06:00+02:00,0.95819,0.95820,0.95806,0.95812,65
SQ:USDCHF,2022-06-24T20:07:00+02:00,0.95812,0.95828,0.95810,0.95821,65
SQ:USDCHF,2022-06-24T20:08:00+02:00,0.95821,0.95828,0.95814,0.95821,45
SQ:USDCHF,2022-06-24T20:09:00+02:00,0.95821,0.95821,0.95801,0.95809,64
SQ:USDCHF,2022-06-24T20:10:00+02:00,0.95808,0.95808,0.95791,0.95793,52
SQ:USDCHF,2022-06-24T20:11:00+02:00,0.95792,0.95797,0.95766,0.95772,86
SQ:USDCHF,2022-06-24T20:12:00+02:00,0.95772,0.95782,0.95762,0.95781,73
SQ:USDCHF,2022-06-24T20:13:00+02:00,0.95781,0.95804,0.95777,0.95799,50
SQ:USDCHF,2022-06-24T20:14:00+02:00,0.95799,0.95810,0.95797,0.95809,57
SQ:USDCHF,2022-06-24T20:15:00+02:00,0.95808,0.95815,0.95796,0.95813,63
SQ:USDCHF,2022-06-24T20:16:00+02:00,0.95813,0.95823,0.95808,0.95818,47
SQ:USDCHF,2022-06-24T20:17:00+02:00,0.95819,0.95820,0.95810,0.95814,21
SQ:USDCHF,2022-06-24T20:18:00+02:00,0.95814,0.95818,0.95803,0.95817,38
SQ:USDCHF,2022-06-24T20:19:00+02:00,0.95817,0.95820,0.95812,0.95812,38
SQ:USDCHF,2022-06-24T20:20:00+02:00,0.95812,0.95812,0.95795,0.95809,38
SQ:USDCHF,2022-06-24T20:21:00+02:00,0.95813,0.95829,0.95813,0.95828,34
SQ:USDCHF,2022-06-24T20:22:00+02:00,0.95828,0.95828,0.95801,0.95808,57
SQ:USDCHF,2022-06-24T20:23:00+02:00,0.95809,0.95822,0.95809,0.95818,29
SQ:USDCHF,2022-06-24T20:24:00+02:00,0.95819,0.95836,0.95819,0.95830,61
SQ:USDCHF,2022-06-24T20:25:00+02:00,0.95830,0.95831,0.95812,0.95817,48
SQ:USDCHF,2022-06-24T20:26:00+02:00,0.95818,0.95818,0.95811,0.95811,15
SQ:USDCHF,2022-06-24T20:27:00+02:00,0.95811,0.95811,0.95796,0.95796,54
SQ:USDCHF,2022-06-24T20:28:00+02:00,0.95796,0.95796,0.95788,0.95791,74
SQ:USDCHF,2022-06-24T20:29:00+02:00,0.95792,0.95793,0.95787,0.95790,81
SQ:USDCHF,2022-06-24T20:30:00+02:00,0.95790,0.95794,0.95767,0.95769,104
SQ:USDCHF,2022-06-24T20:31:00+02:00,0.95769,0.95790,0.95766,0.95787,46
SQ:USDCHF,2022-06-24T20:32:00+02:00,0.95785,0.95799,0.95777,0.95794,53
SQ:USDCHF,2022-06-24T20:33:00+02:00,0.95794,0.95814,0.95792,0.95807,34
SQ:USDCHF,2022-06-24T20:34:00+02:00,0.95807,0.95827,0.95807,0.95825,67
SQ:USDCHF,2022-06-24T20:35:00+02:00,0.95826,0.95834,0.95822,0.95830,58
SQ:USDCHF,2022-06-24T20:36:00+02:00,0.95830,0.95832,0.95822,0.95825,46
SQ:USDCHF,2022-06-24T20:37:00+02:00,0.95825,0.95835,0.95821,0.95834,45
SQ:USDCHF,2022-06-24T20:38:00+02:00,0.95834,0.95840,0.95830,0.95840,18
SQ:USDCHF,2022-06-24T20:39:00+02:00,0.95840,0.95842,0.95830,0.95840,27
SQ:USDCHF,2022-06-24T20:40:00+02:00,0.95840,0.95840,0.95826,0.95826,33
SQ:USDCHF,2022-06-24T20:41:00+02:00,0.95826,0.95831,0.95823,0.95823,24
SQ:USDCHF,2022-06-24T20:42:00+02:00,0.95823,0.95834,0.95821,0.95828,28
SQ:USDCHF,2022-06-24T20:43:00+02:00,0.95828,0.95834,0.95827,0.95828,19
SQ:USDCHF,2022-06-24T20:44:00+02:00,0.95828,0.95832,0.95821,0.95822,34
SQ:USDCHF,2022-06-24T20:45:00+02:00,0.95821,0.95826,0.95820,0.95823,23
SQ:USDCHF,2022-06-24T20:46:00+02:00,0.95823,0.95825,0.95817,0.95817,41
SQ:USDCHF,2022-06-24T20:47:00+02:00,0.95818,0.95831,0.95816,0.95825,57
SQ:USDCHF,2022-06-24T20:48:00+02:00,0.95825,0.95844,0.95819,0.95839,59
SQ:USDCHF,2022-06-24T20:49:00+02:00,0.95839,0.95847,0.95835,0.95844,50
SQ:USDCHF,2022-06-24T20:50:00+02:00,0.95843,0.95856,0.95840,0.95856,53
SQ:USDCHF,2022-06-24T20:51:00+02:00,0.95856,0.95866,0.95845,0.95846,69
SQ:USDCHF,2022-06-24T20:52:00+02:00,0.95846,0.95861,0.95844,0.95855,38
SQ:USDCHF,2022-06-24T20:53:00+02:00,0.95852,0.95868,0.95852,0.95865,47
SQ:USDCHF,2022-06-24T20:54:00+02:00,0.95866,0.95868,0.95856,0.95862,114
SQ:USDCHF,2022-06-24T20:55:00+02:00,0.95862,0.95871,0.95852,0.95863,81
SQ:USDCHF,2022-06-24T20:56:00+02:00,0.95863,0.95867,0.95850,0.95853,70
SQ:USDCHF,2022-06-24T20:57:00+02:00,0.95854,0.95867,0.95847,0.95864,76
SQ:USDCHF,2022-06-24T20:58:00+02:00,0.95862,0.95868,0.95861,0.95866,81
SQ:USDCHF,2022-06-24T20:59:00+02:00,0.95868,0.95868,0.95848,0.95851,108
SQ:USDCHF,2022-06-24T21:00:00+02:00,0.95854,0.95875,0.95854,0.95873,72
SQ:USDCHF,2022-06-24T21:01:00+02:00,0.95874,0.95888,0.95869,0.95872,96
SQ:USDCHF,2022-06-24T21:02:00+02:00,0.95872,0.95878,0.95867,0.95868,53
SQ:USDCHF,2022-06-24T21:03:00+02:00,0.95868,0.95869,0.95860,0.95861,23
SQ:USDCHF,2022-06-24T21:04:00+02:00,0.95860,0.95888,0.95860,0.95887,53
SQ:USDCHF,2022-06-24T21:05:00+02:00,0.95887,0.95887,0.95874,0.95882,56
SQ:USDCHF,2022-06-24T21:06:00+02:00,0.95882,0.95887,0.95878,0.95878,31
SQ:USDCHF,2022-06-24T21:07:00+02:00,0.95879,0.95901,0.95879,0.95898,45
SQ:USDCHF,2022-06-24T21:08:00+02:00,0.95899,0.95910,0.95899,0.95906,50
SQ:USDCHF,2022-06-24T21:09:00+02:00,0.95907,0.95909,0.95891,0.95906,37
SQ:USDCHF,2022-06-24T21:10:00+02:00,0.95907,0.95909,0.95893,0.95909,37
SQ:USDCHF,2022-06-24T21:11:00+02:00,0.95909,0.95909,0.95897,0.95904,20
SQ:USDCHF,2022-06-24T21:12:00+02:00,0.95905,0.95918,0.95900,0.95918,31
SQ:USDCHF,2022-06-24T21:13:00+02:00,0.95916,0.95916,0.95909,0.95913,20
SQ:USDCHF,2022-06-24T21:14:00+02:00,0.95913,0.95919,0.95875,0.95889,72
SQ:USDCHF,2022-06-24T21:15:00+02:00,0.95888,0.95895,0.95883,0.95890,35
SQ:USDCHF,2022-06-24T21:16:00+02:00,0.95891,0.95896,0.95870,0.95883,82
SQ:USDCHF,2022-06-24T21:17:00+02:00,0.95883,0.95890,0.95877,0.95884,45
SQ:USDCHF,2022-06-24T21:18:00+02:00,0.95885,0.95890,0.95883,0.95885,28
SQ:USDCHF,2022-06-24T21:19:00+02:00,0.95886,0.95898,0.95886,0.95888,40
SQ:USDCHF,2022-06-24T21:20:00+02:00,0.95888,0.95897,0.95884,0.95890,32
SQ:USDCHF,2022-06-24T21:21:00+02:00,0.95890,0.95891,0.95879,0.95884,16
SQ:USDCHF,2022-06-24T21:22:00+02:00,0.95882,0.95882,0.95876,0.95876,7
SQ:USDCHF,2022-06-24T21:23:00+02:00,0.95875,0.95875,0.95846,0.95851,36
SQ:USDCHF,2022-06-24T21:24:00+02:00,0.95851,0.95851,0.95830,0.95830,40
SQ:USDCHF,2022-06-24T21:25:00+02:00,0.95828,0.95828,0.95809,0.95810,38
SQ:USDCHF,2022-06-24T21:26:00+02:00,0.95810,0.95822,0.95806,0.95807,48
SQ:USDCHF,2022-06-24T21:27:00+02:00,0.95807,0.95808,0.95793,0.95795,55
SQ:USDCHF,2022-06-24T21:28:00+02:00,0.95797,0.95805,0.95797,0.95804,27
SQ:USDCHF,2022-06-24T21:29:00+02:00,0.95804,0.95828,0.95802,0.95812,60
SQ:USDCHF,2022-06-24T21:30:00+02:00,0.95812,0.95835,0.95812,0.95819,48
SQ:USDCHF,2022-06-24T21:31:00+02:00,0.95817,0.95836,0.95815,0.95825,24
SQ:USDCHF,2022-06-24T21:32:00+02:00,0.95825,0.95836,0.95825,0.95829,22
SQ:USDCHF,2022-06-24T21:33:00+02:00,0.95830,0.95840,0.95830,0.95839,15
SQ:USDCHF,2022-06-24T21:34:00+02:00,0.95839,0.95867,0.95837,0.95866,28
SQ:USDCHF,2022-06-24T21:35:00+02:00,0.95867,0.95871,0.95861,0.95865,27
SQ:USDCHF,2022-06-24T21:36:00+02:00,0.95865,0.95865,0.95834,0.95842,49
SQ:USDCHF,2022-06-24T21:37:00+02:00,0.95841,0.95858,0.95841,0.95858,24
SQ:USDCHF,2022-06-24T21:38:00+02:00,0.95859,0.95868,0.95850,0.95866,24
SQ:USDCHF,2022-06-24T21:39:00+02:00,0.95867,0.95867,0.95853,0.95853,20
SQ:USDCHF,2022-06-24T21:40:00+02:00,0.95853,0.95853,0.95835,0.95836,16
SQ:USDCHF,2022-06-24T21:41:00+02:00,0.95836,0.95840,0.95827,0.95828,21
SQ:USDCHF,2022-06-24T21:42:00+02:00,0.95828,0.95830,0.95819,0.95830,30
SQ:USDCHF,2022-06-24T21:43:00+02:00,0.95830,0.95830,0.95817,0.95817,32
SQ:USDCHF,2022-06-24T21:44:00+02:00,0.95818,0.95822,0.95814,0.95822,34
SQ:USDCHF,2022-06-24T21:45:00+02:00,0.95822,0.95834,0.95822,0.95832,33
SQ:USDCHF,2022-06-24T21:46:00+02:00,0.95831,0.95840,0.95828,0.95834,30
SQ:USDCHF,2022-06-24T21:47:00+02:00,0.95834,0.95835,0.95825,0.95827,30
SQ:USDCHF,2022-06-24T21:48:00+02:00,0.95827,0.95830,0.95823,0.95830,32
SQ:USDCHF,2022-06-24T21:49:00+02:00,0.95830,0.95869,0.95826,0.95868,61
SQ:USDCHF,2022-06-24T21:50:00+02:00,0.95868,0.95875,0.95852,0.95875,57
SQ:USDCHF,2022-06-24T21:51:00+02:00,0.95875,0.95875,0.95847,0.95853,38
SQ:USDCHF,2022-06-24T21:52:00+02:00,0.95853,0.95865,0.95846,0.95865,28
SQ:USDCHF,2022-06-24T21:53:00+02:00,0.95865,0.95875,0.95856,0.95864,49
SQ:USDCHF,2022-06-24T21:54:00+02:00,0.95864,0.95865,0.95857,0.95862,25
SQ:USDCHF,2022-06-24T21:55:00+02:00,0.95862,0.95866,0.95846,0.95850,44
SQ:USDCHF,2022-06-24T21:56:00+02:00,0.95851,0.95852,0.95837,0.95843,74
SQ:USDCHF,2022-06-24T21:57:00+02:00,0.95843,0.95844,0.95827,0.95827,40
SQ:USDCHF,2022-06-24T21:58:00+02:00,0.95827,0.95842,0.95817,0.95832,70
SQ:USDCHF,2022-06-24T21:59:00+02:00,0.95833,0.95833,0.95796,0.95796,40
SQ:USDCHF,2022-06-24T22:00:00+02:00,0.95792,0.95836,0.95792,0.95835,82
SQ:USDCHF,2022-06-24T22:01:00+02:00,0.95835,0.95838,0.95817,0.95827,51
SQ:USDCHF,2022-06-24T22:02:00+02:00,0.95826,0.95839,0.95822,0.95830,23
SQ:USDCHF,2022-06-24T22:03:00+02:00,0.95830,0.95834,0.95827,0.95833,31
SQ:USDCHF,2022-06-24T22:04:00+02:00,0.95833,0.95833,0.95811,0.95811,34
SQ:USDCHF,2022-06-24T22:05:00+02:00,0.95811,0.95828,0.95807,0.95828,36
SQ:USDCHF,2022-06-24T22:06:00+02:00,0.95829,0.95832,0.95826,0.95830,6
SQ:USDCHF,2022-06-24T22:07:00+02:00,0.95831,0.95843,0.95831,0.95837,23
SQ:USDCHF,2022-06-24T22:08:00+02:00,0.95836,0.95836,0.95827,0.95827,8
SQ:USDCHF,2022-06-24T22:09:00+02:00,0.95827,0.95834,0.95824,0.95830,24
SQ:USDCHF,2022-06-24T22:10:00+02:00,0.95831,0.95833,0.95830,0.95830,9
SQ:USDCHF,2022-06-24T22:11:00+02:00,0.95830,0.95831,0.95830,0.95830,11
SQ:USDCHF,2022-06-24T22:12:00+02:00,0.95830,0.95836,0.95830,0.95835,5
SQ:USDCHF,2022-06-24T22:13:00+02:00,0.95835,0.95835,0.95829,0.95830,28
SQ:USDCHF,2022-06-24T22:14:00+02:00,0.95830,0.95831,0.95830,0.95830,3
SQ:USDCHF,2022-06-24T22:15:00+02:00,0.95831,0.95831,0.95817,0.95818,16
SQ:USDCHF,2022-06-24T22:16:00+02:00,0.95819,0.95819,0.95817,0.95818,10
SQ:USDCHF,2022-06-24T22:17:00+02:00,0.95818,0.95818,0.95808,0.95811,15
SQ:USDCHF,2022-06-24T22:18:00+02:00,0.95811,0.95820,0.95811,0.95819,8
SQ:USDCHF,2022-06-24T22:19:00+02:00,0.95819,0.95832,0.95819,0.95830,23
SQ:USDCHF,2022-06-24T22:20:00+02:00,0.95830,0.95849,0.95830,0.95849,42
SQ:USDCHF,2022-06-24T22:21:00+02:00,0.95848,0.95857,0.95848,0.95857,8
SQ:USDCHF,2022-06-24T22:22:00+02:00,0.95856,0.95861,0.95855,0.95857,9
SQ:USDCHF,2022-06-24T22:23:00+02:00,0.95857,0.95862,0.95856,0.95858,7
SQ:USDCHF,2022-06-24T22:24:00+02:00,0.95858,0.95858,0.95857,0.95857,2
SQ:USDCHF,2022-06-24T22:25:00+02:00,0.95857,0.95862,0.95857,0.95862,4
SQ:USDCHF,2022-06-24T22:26:00+02:00,0.95861,0.95862,0.95861,0.95862,2
SQ:USDCHF,2022-06-24T22:27:00+02:00,0.95862,0.95869,0.95862,0.95869,10
SQ:USDCHF,2022-06-24T22:28:00+02:00,0.95869,0.95869,0.95859,0.95862,10
SQ:USDCHF,2022-06-24T22:29:00+02:00,0.95862,0.95888,0.95862,0.95888,44
SQ:USDCHF,2022-06-24T22:30:00+02:00,0.95888,0.95888,0.95869,0.95872,18
SQ:USDCHF,2022-06-24T22:31:00+02:00,0.95869,0.95870,0.95868,0.95870,36
SQ:USDCHF,2022-06-24T22:32:00+02:00,0.95870,0.95874,0.95865,0.95874,18
SQ:USDCHF,2022-06-24T22:33:00+02:00,0.95873,0.95874,0.95872,0.95873,25
SQ:USDCHF,2022-06-24T22:34:00+02:00,0.95873,0.95873,0.95872,0.95872,12
SQ:USDCHF,2022-06-24T22:35:00+02:00,0.95872,0.95872,0.95868,0.95872,23
SQ:USDCHF,2022-06-24T22:36:00+02:00,0.95872,0.95883,0.95872,0.95878,25
SQ:USDCHF,2022-06-24T22:37:00+02:00,0.95878,0.95878,0.95878,0.95878,1
SQ:USDCHF,2022-06-24T22:38:00+02:00,0.95878,0.95878,0.95876,0.95876,5
SQ:USDCHF,2022-06-24T22:39:00+02:00,0.95877,0.95877,0.95869,0.95875,15
SQ:USDCHF,2022-06-24T22:40:00+02:00,0.95875,0.95876,0.95870,0.95871,27
SQ:USDCHF,2022-06-24T22:41:00+02:00,0.95871,0.95876,0.95869,0.95873,35
SQ:USDCHF,2022-06-24T22:42:00+02:00,0.95873,0.95881,0.95859,0.95863,28
SQ:USDCHF,2022-06-24T22:43:00+02:00,0.95863,0.95869,0.95856,0.95856,21
SQ:USDCHF,2022-06-24T22:44:00+02:00,0.95855,0.95855,0.95851,0.95854,16
SQ:USDCHF,2022-06-24T22:45:00+02:00,0.95853,0.95863,0.95852,0.95860,19
SQ:USDCHF,2022-06-24T22:46:00+02:00,0.95861,0.95861,0.95858,0.95858,24
SQ:USDCHF,2022-06-24T22:47:00+02:00,0.95858,0.95865,0.95858,0.95864,15
SQ:USDCHF,2022-06-24T22:48:00+02:00,0.95864,0.95864,0.95852,0.95852,51
SQ:USDCHF,2022-06-24T22:49:00+02:00,0.95852,0.95889,0.95852,0.95864,71
SQ:USDCHF,2022-06-24T22:50:00+02:00,0.95863,0.95865,0.95844,0.95844,44
SQ:USDCHF,2022-06-24T22:51:00+02:00,0.95845,0.95845,0.95844,0.95844,2
SQ:USDCHF,2022-06-24T22:52:00+02:00,0.95844,0.95846,0.95842,0.95844,10
SQ:USDCHF,2022-06-24T22:53:00+02:00,0.95844,0.95844,0.95838,0.95838,8
SQ:USDCHF,2022-06-24T22:54:00+02:00,0.95838,0.95838,0.95830,0.95830,6
