SQ:NAS100,2018-01-08T00:01:00+01:00,6660.39,6664.11,6659.20,6663.26,190
SQ:NAS100,2018-01-08T00:02:00+01:00,6663.24,6666.67,6663.20,6665.51,164
SQ:NAS100,2018-01-08T00:03:00+01:00,6665.83,6667.68,6663.28,6664.81,155
SQ:NAS100,2018-01-08T00:04:00+01:00,6664.83,6668.17,6664.74,6665.57,138
SQ:NAS100,2018-01-08T00:05:00+01:00,6665.56,6666.53,6661.27,6661.54,148
SQ:NAS100,2018-01-08T00:06:00+01:00,6661.59,6664.08,6661.39,6662.59,103
SQ:NAS100,2018-01-08T00:07:00+01:00,6662.58,6663.16,6661.49,6661.80,70
SQ:NAS100,2018-01-08T00:08:00+01:00,6661.83,6664.74,6661.83,6664.20,83
SQ:NAS100,2018-01-08T00:09:00+01:00,6664.24,6665.64,6663.65,6663.85,87
SQ:NAS100,2018-01-08T00:10:00+01:00,6663.45,6663.45,6661.76,6662.95,93
SQ:NAS100,2018-01-08T00:11:00+01:00,6662.92,6663.24,6661.75,6662.04,87
SQ:NAS100,2018-01-08T00:12:00+01:00,6662.02,6662.51,6661.87,6662.28,52
SQ:NAS100,2018-01-08T00:13:00+01:00,6662.40,6662.69,6661.63,6662.69,73
SQ:NAS100,2018-01-08T00:14:00+01:00,6662.72,6662.72,6662.15,6662.15,56
SQ:NAS100,2018-01-08T00:15:00+01:00,6662.28,6662.53,6661.60,6662.25,54
SQ:NAS100,2018-01-08T00:16:00+01:00,6662.24,6662.53,6662.01,6662.22,63
SQ:NAS100,2018-01-08T00:17:00+01:00,6662.24,6662.72,6662.20,6662.23,76
SQ:NAS100,2018-01-08T00:18:00+01:00,6662.24,6662.37,6660.92,6660.92,31
SQ:NAS100,2018-01-08T00:19:00+01:00,6660.90,6660.98,6659.39,6660.00,76
SQ:NAS100,2018-01-08T00:20:00+01:00,6660.01,6660.52,6659.71,6660.44,93
SQ:NAS100,2018-01-08T00:21:00+01:00,6660.45,6661.26,6660.45,6661.14,64
SQ:NAS100,2018-01-08T00:22:00+01:00,6661.10,6661.27,6660.76,6660.76,46
SQ:NAS100,2018-01-08T00:23:00+01:00,6660.77,6661.09,6660.75,6660.97,39
SQ:NAS100,2018-01-08T00:24:00+01:00,6661.00,6661.32,6660.95,6661.01,36
SQ:NAS100,2018-01-08T00:25:00+01:00,6661.06,6661.58,6661.06,6661.48,55
SQ:NAS100,2018-01-08T00:26:00+01:00,6661.50,6661.52,6661.46,6661.47,19
SQ:NAS100,2018-01-08T00:27:00+01:00,6661.48,6661.73,6660.91,6660.91,78
SQ:NAS100,2018-01-08T00:28:00+01:00,6660.94,6660.94,6660.53,6660.62,52
SQ:NAS100,2018-01-08T00:29:00+01:00,6660.64,6661.12,6660.64,6661.01,54
SQ:NAS100,2018-01-08T00:30:00+01:00,6660.95,6661.12,6660.49,6660.75,86
SQ:NAS100,2018-01-08T00:31:00+01:00,6660.77,6661.53,6660.50,6661.33,73
SQ:NAS100,2018-01-08T00:32:00+01:00,6661.26,6661.52,6660.91,6661.52,49
SQ:NAS100,2018-01-08T00:33:00+01:00,6661.51,6661.72,6660.94,6661.23,55
SQ:NAS100,2018-01-08T00:34:00+01:00,6661.24,6661.78,6661.20,6661.37,75
SQ:NAS100,2018-01-08T00:35:00+01:00,6661.39,6662.54,6661.34,6662.54,59
SQ:NAS100,2018-01-08T00:36:00+01:00,6662.59,6662.59,6661.74,6661.74,58
SQ:NAS100,2018-01-08T00:37:00+01:00,6661.75,6661.92,6661.75,6661.89,21
SQ:NAS100,2018-01-08T00:38:00+01:00,6661.90,6661.94,6661.00,6661.25,49
SQ:NAS100,2018-01-08T00:39:00+01:00,6661.29,6661.53,6661.09,6661.26,32
SQ:NAS100,2018-01-08T00:40:00+01:00,6661.25,6661.76,6661.25,6661.73,42
SQ:NAS100,2018-01-08T00:41:00+01:00,6661.72,6662.53,6661.61,6662.49,39
SQ:NAS100,2018-01-08T00:42:00+01:00,6662.45,6662.69,6662.17,6662.64,46
SQ:NAS100,2018-01-08T00:43:00+01:00,6662.66,6662.70,6662.56,6662.62,36
SQ:NAS100,2018-01-08T00:44:00+01:00,6662.64,6662.78,6662.59,6662.75,41
SQ:NAS100,2018-01-08T00:45:00+01:00,6662.73,6662.86,6661.75,6662.01,61
SQ:NAS100,2018-01-08T00:46:00+01:00,6662.00,6662.24,6661.66,6661.70,42
SQ:NAS100,2018-01-08T00:47:00+01:00,6661.69,6661.77,6661.56,6661.56,27
SQ:NAS100,2018-01-08T00:48:00+01:00,6661.58,6661.75,6660.84,6660.94,39
SQ:NAS100,2018-01-08T00:49:00+01:00,6660.93,6660.94,6660.74,6660.74,23
SQ:NAS100,2018-01-08T00:50:00+01:00,6660.72,6661.16,6660.72,6661.16,17
SQ:NAS100,2018-01-08T00:51:00+01:00,6661.21,6661.38,6661.16,6661.19,23
SQ:NAS100,2018-01-08T00:52:00+01:00,6661.22,6661.49,6661.19,6661.49,31
SQ:NAS100,2018-01-08T00:53:00+01:00,6661.51,6662.20,6661.51,6662.16,48
SQ:NAS100,2018-01-08T00:54:00+01:00,6662.18,6662.18,6661.36,6661.64,70
SQ:NAS100,2018-01-08T00:55:00+01:00,6661.61,6661.79,6660.61,6660.64,39
SQ:NAS100,2018-01-08T00:56:00+01:00,6660.67,6660.87,6660.55,6660.85,22
SQ:NAS100,2018-01-08T00:57:00+01:00,6660.86,6660.86,6660.05,6660.07,30
SQ:NAS100,2018-01-08T00:58:00+01:00,6660.05,6660.05,6658.85,6659.70,78
SQ:NAS100,2018-01-08T00:59:00+01:00,6659.69,6660.08,6659.59,6660.08,33
SQ:NAS100,2018-01-08T01:00:00+01:00,6660.06,6660.37,6659.65,6660.34,51
SQ:NAS100,2018-01-08T01:01:00+01:00,6660.30,6660.38,6660.08,6660.27,74
SQ:NAS100,2018-01-08T01:02:00+01:00,6660.29,6660.38,6660.10,6660.36,42
SQ:NAS100,2018-01-08T01:03:00+01:00,6660.35,6660.51,6660.20,6660.51,25
SQ:NAS100,2018-01-08T01:04:00+01:00,6660.49,6660.59,6660.12,6660.12,44
SQ:NAS100,2018-01-08T01:05:00+01:00,6660.11,6660.15,6658.85,6658.93,63
SQ:NAS100,2018-01-08T01:06:00+01:00,6658.95,6659.08,6658.72,6658.74,46
SQ:NAS100,2018-01-08T01:07:00+01:00,6658.76,6659.36,6658.60,6659.30,36
SQ:NAS100,2018-01-08T01:08:00+01:00,6659.36,6659.88,6659.24,6659.85,40
SQ:NAS100,2018-01-08T01:09:00+01:00,6659.93,6660.18,6659.55,6659.59,46
SQ:NAS100,2018-01-08T01:10:00+01:00,6659.51,6659.51,6658.80,6659.03,48
SQ:NAS100,2018-01-08T01:11:00+01:00,6659.01,6659.05,6658.62,6658.90,38
SQ:NAS100,2018-01-08T01:12:00+01:00,6658.92,6659.07,6658.59,6659.01,42
SQ:NAS100,2018-01-08T01:13:00+01:00,6659.04,6659.39,6658.86,6659.19,63
SQ:NAS100,2018-01-08T01:14:00+01:00,6659.21,6659.36,6658.99,6659.36,33
SQ:NAS100,2018-01-08T01:15:00+01:00,6659.30,6659.74,6659.18,6659.63,31
SQ:NAS100,2018-01-08T01:16:00+01:00,6659.62,6660.13,6659.43,6660.03,41
SQ:NAS100,2018-01-08T01:17:00+01:00,6659.91,6659.91,6658.86,6659.28,41
SQ:NAS100,2018-01-08T01:18:00+01:00,6659.18,6659.61,6658.87,6659.59,40
SQ:NAS100,2018-01-08T01:19:00+01:00,6659.58,6659.59,6659.44,6659.46,17
SQ:NAS100,2018-01-08T01:20:00+01:00,6659.44,6659.79,6659.21,6659.79,29
SQ:NAS100,2018-01-08T01:21:00+01:00,6659.77,6659.77,6659.32,6659.32,31
SQ:NAS100,2018-01-08T01:22:00+01:00,6659.34,6659.34,6658.70,6658.87,33
SQ:NAS100,2018-01-08T01:23:00+01:00,6658.89,6658.99,6658.65,6658.97,27
SQ:NAS100,2018-01-08T01:24:00+01:00,6658.95,6658.99,6658.80,6658.80,26
SQ:NAS100,2018-01-08T01:25:00+01:00,6658.91,6659.04,6658.90,6659.01,16
SQ:NAS100,2018-01-08T01:26:00+01:00,6659.03,6659.19,6659.01,6659.19,9
SQ:NAS100,2018-01-08T01:27:00+01:00,6659.21,6659.29,6658.96,6658.99,21
SQ:NAS100,2018-01-08T01:28:00+01:00,6659.01,6659.43,6658.93,6659.33,29
SQ:NAS100,2018-01-08T01:29:00+01:00,6659.14,6659.32,6659.05,6659.32,36
SQ:NAS100,2018-01-08T01:30:00+01:00,6659.30,6659.34,6659.05,6659.10,22
SQ:NAS100,2018-01-08T01:31:00+01:00,6659.13,6659.55,6659.08,6659.55,26
SQ:NAS100,2018-01-08T01:32:00+01:00,6659.61,6659.61,6659.29,6659.45,27
SQ:NAS100,2018-01-08T01:33:00+01:00,6659.47,6659.51,6659.36,6659.41,27
SQ:NAS100,2018-01-08T01:34:00+01:00,6659.43,6659.43,6658.91,6658.94,25
SQ:NAS100,2018-01-08T01:35:00+01:00,6658.91,6659.14,6658.86,6659.07,18
SQ:NAS100,2018-01-08T01:36:00+01:00,6659.13,6659.30,6658.84,6658.95,19
SQ:NAS100,2018-01-08T01:37:00+01:00,6658.96,6659.05,6658.26,6658.31,35
SQ:NAS100,2018-01-08T01:38:00+01:00,6658.19,6659.12,6657.85,6659.12,70
SQ:NAS100,2018-01-08T01:39:00+01:00,6659.07,6659.12,6658.89,6658.94,43
SQ:NAS100,2018-01-08T01:40:00+01:00,6658.93,6659.07,6658.84,6658.99,26
SQ:NAS100,2018-01-08T01:41:00+01:00,6658.97,6659.21,6658.91,6659.12,26
SQ:NAS100,2018-01-08T01:42:00+01:00,6659.13,6659.18,6658.95,6659.03,23
SQ:NAS100,2018-01-08T01:43:00+01:00,6659.01,6659.11,6659.01,6659.07,26
SQ:NAS100,2018-01-08T01:44:00+01:00,6659.13,6659.19,6659.02,6659.19,19
SQ:NAS100,2018-01-08T01:45:00+01:00,6659.20,6659.26,6658.92,6658.92,22
SQ:NAS100,2018-01-08T01:46:00+01:00,6658.93,6659.13,6658.54,6658.79,34
SQ:NAS100,2018-01-08T01:47:00+01:00,6658.80,6659.11,6658.79,6658.85,51
SQ:NAS100,2018-01-08T01:48:00+01:00,6658.88,6659.38,6658.85,6659.24,31
SQ:NAS100,2018-01-08T01:49:00+01:00,6659.27,6659.29,6659.12,6659.27,20
SQ:NAS100,2018-01-08T01:50:00+01:00,6659.29,6659.54,6658.86,6658.90,49
SQ:NAS100,2018-01-08T01:51:00+01:00,6658.96,6659.08,6658.87,6659.07,16
SQ:NAS100,2018-01-08T01:52:00+01:00,6659.05,6659.21,6658.66,6658.68,34
SQ:NAS100,2018-01-08T01:53:00+01:00,6658.71,6659.11,6658.71,6658.94,38
SQ:NAS100,2018-01-08T01:54:00+01:00,6658.96,6659.24,6658.94,6659.24,16
SQ:NAS100,2018-01-08T01:55:00+01:00,6659.22,6659.94,6659.18,6659.70,51
SQ:NAS100,2018-01-08T01:56:00+01:00,6659.72,6659.80,6659.39,6659.72,59
SQ:NAS100,2018-01-08T01:57:00+01:00,6659.74,6660.65,6659.74,6660.64,65
SQ:NAS100,2018-01-08T01:58:00+01:00,6660.63,6661.07,6660.59,6660.90,61
SQ:NAS100,2018-01-08T01:59:00+01:00,6660.93,6661.08,6660.63,6660.63,37
SQ:NAS100,2018-01-08T02:00:00+01:00,6660.68,6661.11,6660.54,6661.09,73
SQ:NAS100,2018-01-08T02:01:00+01:00,6661.18,6661.26,6661.06,6661.26,34
SQ:NAS100,2018-01-08T02:02:00+01:00,6661.24,6661.62,6661.11,6661.54,61
SQ:NAS100,2018-01-08T02:03:00+01:00,6661.57,6661.68,6661.18,6661.57,37
SQ:NAS100,2018-01-08T02:04:00+01:00,6661.58,6661.59,6661.33,6661.35,16
SQ:NAS100,2018-01-08T02:05:00+01:00,6661.33,6661.45,6660.74,6660.74,47
SQ:NAS100,2018-01-08T02:06:00+01:00,6660.72,6660.87,6660.39,6660.68,54
SQ:NAS100,2018-01-08T02:07:00+01:00,6660.74,6660.87,6660.51,6660.59,36
SQ:NAS100,2018-01-08T02:08:00+01:00,6660.53,6660.72,6660.39,6660.72,28
SQ:NAS100,2018-01-08T02:09:00+01:00,6660.69,6661.30,6660.66,6661.24,28
SQ:NAS100,2018-01-08T02:10:00+01:00,6661.26,6661.29,6660.12,6660.42,67
SQ:NAS100,2018-01-08T02:11:00+01:00,6660.40,6660.55,6660.18,6660.28,26
SQ:NAS100,2018-01-08T02:12:00+01:00,6660.24,6660.84,6660.18,6660.61,38
SQ:NAS100,2018-01-08T02:13:00+01:00,6660.53,6660.63,6660.11,6660.37,43
SQ:NAS100,2018-01-08T02:14:00+01:00,6660.33,6660.37,6659.77,6659.84,38
SQ:NAS100,2018-01-08T02:15:00+01:00,6659.82,6659.82,6659.66,6659.67,14
SQ:NAS100,2018-01-08T02:16:00+01:00,6659.68,6659.68,6658.84,6659.13,38
SQ:NAS100,2018-01-08T02:17:00+01:00,6659.10,6659.49,6658.85,6659.36,74
SQ:NAS100,2018-01-08T02:18:00+01:00,6659.41,6659.41,6658.51,6658.51,57
SQ:NAS100,2018-01-08T02:19:00+01:00,6658.50,6658.89,6657.55,6658.77,75
SQ:NAS100,2018-01-08T02:20:00+01:00,6658.74,6659.05,6658.55,6658.96,68
SQ:NAS100,2018-01-08T02:21:00+01:00,6659.07,6659.24,6658.60,6658.60,64
SQ:NAS100,2018-01-08T02:22:00+01:00,6658.27,6658.61,6657.66,6658.58,64
SQ:NAS100,2018-01-08T02:23:00+01:00,6658.60,6659.86,6658.60,6659.57,72
SQ:NAS100,2018-01-08T02:24:00+01:00,6659.54,6660.10,6659.39,6660.01,40
SQ:NAS100,2018-01-08T02:25:00+01:00,6660.04,6660.22,6659.85,6660.07,42
SQ:NAS100,2018-01-08T02:26:00+01:00,6660.08,6660.34,6660.04,6660.10,39
SQ:NAS100,2018-01-08T02:27:00+01:00,6659.99,6660.09,6659.32,6659.60,57
SQ:NAS100,2018-01-08T02:28:00+01:00,6659.61,6659.61,6659.22,6659.24,41
SQ:NAS100,2018-01-08T02:29:00+01:00,6659.22,6659.32,6659.10,6659.10,21
SQ:NAS100,2018-01-08T02:30:00+01:00,6659.15,6659.39,6659.01,6659.14,56
SQ:NAS100,2018-01-08T02:31:00+01:00,6659.13,6659.13,6658.12,6658.69,77
SQ:NAS100,2018-01-08T02:32:00+01:00,6658.72,6659.13,6658.59,6659.03,47
SQ:NAS100,2018-01-08T02:33:00+01:00,6658.99,6660.84,6658.99,6660.64,93
SQ:NAS100,2018-01-08T02:34:00+01:00,6660.67,6660.69,6659.37,6659.68,58
SQ:NAS100,2018-01-08T02:35:00+01:00,6659.74,6659.84,6658.52,6658.54,79
SQ:NAS100,2018-01-08T02:36:00+01:00,6658.57,6659.09,6658.12,6658.57,77
SQ:NAS100,2018-01-08T02:37:00+01:00,6658.55,6658.91,6658.47,6658.51,41
SQ:NAS100,2018-01-08T02:38:00+01:00,6658.53,6659.12,6658.35,6658.78,61
SQ:NAS100,2018-01-08T02:39:00+01:00,6658.74,6659.38,6658.28,6658.55,64
SQ:NAS100,2018-01-08T02:40:00+01:00,6658.52,6658.53,6658.14,6658.28,46
SQ:NAS100,2018-01-08T02:41:00+01:00,6658.34,6658.36,6658.11,6658.11,58
SQ:NAS100,2018-01-08T02:42:00+01:00,6658.18,6658.61,6658.10,6658.61,40
SQ:NAS100,2018-01-08T02:43:00+01:00,6658.60,6658.78,6658.12,6658.61,62
SQ:NAS100,2018-01-08T02:44:00+01:00,6658.60,6659.10,6658.46,6658.99,51
SQ:NAS100,2018-01-08T02:45:00+01:00,6659.03,6659.42,6658.99,6659.39,43
SQ:NAS100,2018-01-08T02:46:00+01:00,6659.40,6659.41,6658.99,6658.99,32
SQ:NAS100,2018-01-08T02:47:00+01:00,6659.05,6659.36,6658.87,6659.28,50
SQ:NAS100,2018-01-08T02:48:00+01:00,6659.24,6659.28,6658.63,6658.85,34
SQ:NAS100,2018-01-08T02:49:00+01:00,6658.88,6658.90,6657.89,6658.03,60
SQ:NAS100,2018-01-08T02:50:00+01:00,6657.93,6658.12,6657.86,6658.12,54
SQ:NAS100,2018-01-08T02:51:00+01:00,6658.07,6658.27,6657.86,6657.99,57
SQ:NAS100,2018-01-08T02:52:00+01:00,6658.03,6658.16,6658.03,6658.11,43
SQ:NAS100,2018-01-08T02:53:00+01:00,6658.05,6658.55,6658.05,6658.24,49
SQ:NAS100,2018-01-08T02:54:00+01:00,6658.30,6658.90,6658.24,6658.84,38
SQ:NAS100,2018-01-08T02:55:00+01:00,6658.87,6658.99,6658.36,6658.38,38
SQ:NAS100,2018-01-08T02:56:00+01:00,6658.43,6658.78,6658.43,6658.66,33
SQ:NAS100,2018-01-08T02:57:00+01:00,6658.61,6658.64,6658.41,6658.64,31
SQ:NAS100,2018-01-08T02:58:00+01:00,6658.60,6658.65,6658.37,6658.49,41
SQ:NAS100,2018-01-08T02:59:00+01:00,6658.39,6658.86,6658.34,6658.34,48
SQ:NAS100,2018-01-08T03:00:00+01:00,6658.29,6658.45,6658.03,6658.11,52
SQ:NAS100,2018-01-08T03:01:00+01:00,6658.13,6658.16,6657.83,6658.02,41
SQ:NAS100,2018-01-08T03:02:00+01:00,6657.99,6658.01,6656.88,6657.09,95
SQ:NAS100,2018-01-08T03:03:00+01:00,6657.12,6657.36,6656.85,6656.93,54
SQ:NAS100,2018-01-08T03:04:00+01:00,6656.96,6657.61,6656.84,6657.37,54
SQ:NAS100,2018-01-08T03:05:00+01:00,6657.43,6657.68,6656.90,6656.90,59
SQ:NAS100,2018-01-08T03:06:00+01:00,6656.87,6657.16,6656.84,6656.90,63
SQ:NAS100,2018-01-08T03:07:00+01:00,6656.88,6656.97,6656.81,6656.97,55
SQ:NAS100,2018-01-08T03:08:00+01:00,6656.99,6657.11,6656.81,6656.81,35
SQ:NAS100,2018-01-08T03:09:00+01:00,6656.82,6657.02,6656.81,6656.98,21
SQ:NAS100,2018-01-08T03:10:00+01:00,6656.99,6657.04,6656.68,6656.68,45
SQ:NAS100,2018-01-08T03:11:00+01:00,6656.62,6656.74,6655.62,6655.91,86
SQ:NAS100,2018-01-08T03:12:00+01:00,6655.94,6656.12,6655.89,6656.12,38
SQ:NAS100,2018-01-08T03:13:00+01:00,6656.09,6656.09,6655.62,6655.89,48
SQ:NAS100,2018-01-08T03:14:00+01:00,6655.91,6656.05,6655.48,6655.48,37
SQ:NAS100,2018-01-08T03:15:00+01:00,6655.45,6656.13,6655.45,6656.08,41
SQ:NAS100,2018-01-08T03:16:00+01:00,6656.18,6656.32,6656.07,6656.11,55
SQ:NAS100,2018-01-08T03:17:00+01:00,6656.13,6656.29,6655.71,6656.10,50
SQ:NAS100,2018-01-08T03:18:00+01:00,6656.08,6656.12,6655.11,6655.24,58
SQ:NAS100,2018-01-08T03:19:00+01:00,6655.22,6655.26,6655.14,6655.26,19
SQ:NAS100,2018-01-08T03:20:00+01:00,6655.27,6655.78,6655.24,6655.60,29
SQ:NAS100,2018-01-08T03:21:00+01:00,6655.63,6655.64,6655.24,6655.59,39
SQ:NAS100,2018-01-08T03:22:00+01:00,6655.54,6655.61,6655.08,6655.12,27
SQ:NAS100,2018-01-08T03:23:00+01:00,6655.15,6655.49,6655.15,6655.49,37
SQ:NAS100,2018-01-08T03:24:00+01:00,6655.59,6655.63,6655.43,6655.43,31
SQ:NAS100,2018-01-08T03:25:00+01:00,6655.46,6655.59,6655.21,6655.37,40
SQ:NAS100,2018-01-08T03:26:00+01:00,6655.36,6655.86,6655.36,6655.86,34
SQ:NAS100,2018-01-08T03:27:00+01:00,6655.80,6656.12,6655.68,6656.03,33
SQ:NAS100,2018-01-08T03:28:00+01:00,6656.09,6656.37,6655.91,6656.32,28
SQ:NAS100,2018-01-08T03:29:00+01:00,6656.37,6656.37,6655.84,6656.07,24
SQ:NAS100,2018-01-08T03:30:00+01:00,6656.05,6656.21,6655.97,6655.97,29
SQ:NAS100,2018-01-08T03:31:00+01:00,6656.02,6657.47,6655.96,6656.93,36
SQ:NAS100,2018-01-08T03:32:00+01:00,6656.92,6656.92,6655.60,6655.80,49
SQ:NAS100,2018-01-08T03:33:00+01:00,6655.86,6655.97,6655.43,6655.47,51
SQ:NAS100,2018-01-08T03:34:00+01:00,6655.49,6655.62,6654.96,6654.97,37
SQ:NAS100,2018-01-08T03:35:00+01:00,6655.01,6655.30,6654.89,6655.11,35
SQ:NAS100,2018-01-08T03:36:00+01:00,6654.99,6655.14,6654.87,6654.89,50
SQ:NAS100,2018-01-08T03:37:00+01:00,6654.87,6654.94,6653.85,6654.04,53
SQ:NAS100,2018-01-08T03:38:00+01:00,6653.89,6654.20,6653.85,6653.93,42
SQ:NAS100,2018-01-08T03:39:00+01:00,6653.96,6654.34,6653.89,6653.99,45
SQ:NAS100,2018-01-08T03:40:00+01:00,6654.05,6654.11,6653.00,6653.18,46
SQ:NAS100,2018-01-08T03:41:00+01:00,6653.31,6653.63,6653.31,6653.36,52
SQ:NAS100,2018-01-08T03:42:00+01:00,6653.41,6654.61,6653.35,6654.41,60
SQ:NAS100,2018-01-08T03:43:00+01:00,6654.42,6654.62,6654.24,6654.62,64
SQ:NAS100,2018-01-08T03:44:00+01:00,6654.57,6655.28,6654.37,6655.06,67
SQ:NAS100,2018-01-08T03:45:00+01:00,6655.14,6655.36,6654.89,6654.89,39
SQ:NAS100,2018-01-08T03:46:00+01:00,6654.95,6655.16,6654.89,6655.16,20
SQ:NAS100,2018-01-08T03:47:00+01:00,6655.14,6655.62,6655.11,6655.43,39
SQ:NAS100,2018-01-08T03:48:00+01:00,6655.49,6655.59,6655.11,6655.11,20
SQ:NAS100,2018-01-08T03:49:00+01:00,6655.16,6655.28,6655.12,6655.24,24
SQ:NAS100,2018-01-08T03:50:00+01:00,6655.18,6655.37,6655.18,6655.33,23
SQ:NAS100,2018-01-08T03:51:00+01:00,6655.35,6655.55,6655.35,6655.46,21
SQ:NAS100,2018-01-08T03:52:00+01:00,6655.53,6655.64,6655.33,6655.59,28
SQ:NAS100,2018-01-08T03:53:00+01:00,6655.53,6655.59,6655.24,6655.26,21
SQ:NAS100,2018-01-08T03:54:00+01:00,6655.27,6655.28,6655.15,6655.26,27
SQ:NAS100,2018-01-08T03:55:00+01:00,6655.34,6656.55,6655.34,6656.40,42
SQ:NAS100,2018-01-08T03:56:00+01:00,6656.41,6657.53,6656.41,6657.40,66
SQ:NAS100,2018-01-08T03:57:00+01:00,6657.39,6657.68,6657.38,6657.61,37
SQ:NAS100,2018-01-08T03:58:00+01:00,6657.54,6657.62,6657.34,6657.58,28
SQ:NAS100,2018-01-08T03:59:00+01:00,6657.69,6657.74,6657.55,6657.74,39
SQ:NAS100,2018-01-08T04:00:00+01:00,6657.76,6657.76,6657.54,6657.54,28
SQ:NAS100,2018-01-08T04:01:00+01:00,6657.57,6657.57,6657.24,6657.39,20
SQ:NAS100,2018-01-08T04:02:00+01:00,6657.35,6657.41,6657.12,6657.35,43
SQ:NAS100,2018-01-08T04:03:00+01:00,6657.38,6657.71,6657.35,6657.64,22
SQ:NAS100,2018-01-08T04:04:00+01:00,6657.66,6657.88,6657.66,6657.70,23
SQ:NAS100,2018-01-08T04:05:00+01:00,6657.68,6657.74,6657.52,6657.72,17
SQ:NAS100,2018-01-08T04:06:00+01:00,6657.68,6657.97,6657.68,6657.85,30
SQ:NAS100,2018-01-08T04:07:00+01:00,6657.88,6657.95,6657.83,6657.90,23
SQ:NAS100,2018-01-08T04:08:00+01:00,6657.86,6657.90,6657.20,6657.28,21
SQ:NAS100,2018-01-08T04:09:00+01:00,6657.20,6657.36,6657.12,6657.30,32
SQ:NAS100,2018-01-08T04:10:00+01:00,6657.27,6657.27,6657.19,6657.21,11
SQ:NAS100,2018-01-08T04:11:00+01:00,6657.18,6658.07,6657.10,6657.83,52
SQ:NAS100,2018-01-08T04:12:00+01:00,6657.84,6657.88,6657.61,6657.64,28
SQ:NAS100,2018-01-08T04:13:00+01:00,6657.61,6657.96,6657.55,6657.96,20
SQ:NAS100,2018-01-08T04:14:00+01:00,6657.99,6658.11,6657.86,6658.05,12
SQ:NAS100,2018-01-08T04:15:00+01:00,6658.06,6658.36,6658.05,6658.11,23
SQ:NAS100,2018-01-08T04:16:00+01:00,6658.12,6658.49,6658.04,6658.24,50
SQ:NAS100,2018-01-08T04:17:00+01:00,6658.20,6658.37,6658.13,6658.36,15
SQ:NAS100,2018-01-08T04:18:00+01:00,6658.41,6658.68,6658.41,6658.66,40
SQ:NAS100,2018-01-08T04:19:00+01:00,6658.68,6659.41,6658.68,6659.41,55
SQ:NAS100,2018-01-08T04:20:00+01:00,6659.44,6659.64,6659.44,6659.45,36
SQ:NAS100,2018-01-08T04:21:00+01:00,6659.44,6659.44,6658.95,6659.11,22
SQ:NAS100,2018-01-08T04:22:00+01:00,6659.10,6659.13,6658.61,6658.69,43
SQ:NAS100,2018-01-08T04:23:00+01:00,6658.61,6659.39,6658.61,6659.12,31
SQ:NAS100,2018-01-08T04:24:00+01:00,6659.11,6659.36,6659.10,6659.20,22
SQ:NAS100,2018-01-08T04:25:00+01:00,6659.24,6659.38,6659.09,6659.27,43
SQ:NAS100,2018-01-08T04:26:00+01:00,6659.24,6659.24,6658.88,6658.99,27
SQ:NAS100,2018-01-08T04:27:00+01:00,6658.93,6658.93,6658.78,6658.79,10
SQ:NAS100,2018-01-08T04:28:00+01:00,6658.81,6658.81,6658.65,6658.65,14
SQ:NAS100,2018-01-08T04:29:00+01:00,6658.64,6658.64,6657.57,6657.60,37
SQ:NAS100,2018-01-08T04:30:00+01:00,6657.64,6657.77,6657.27,6657.62,40
SQ:NAS100,2018-01-08T04:31:00+01:00,6657.64,6658.30,6657.58,6658.24,28
SQ:NAS100,2018-01-08T04:32:00+01:00,6658.20,6658.40,6658.12,6658.33,34
SQ:NAS100,2018-01-08T04:33:00+01:00,6658.35,6658.38,6658.26,6658.38,27
SQ:NAS100,2018-01-08T04:34:00+01:00,6658.39,6658.59,6658.35,6658.57,22
SQ:NAS100,2018-01-08T04:35:00+01:00,6658.59,6658.71,6658.32,6658.52,32
SQ:NAS100,2018-01-08T04:36:00+01:00,6658.53,6658.66,6658.36,6658.43,40
SQ:NAS100,2018-01-08T04:37:00+01:00,6658.32,6658.63,6658.11,6658.30,29
SQ:NAS100,2018-01-08T04:38:00+01:00,6658.28,6658.59,6658.18,6658.55,23
SQ:NAS100,2018-01-08T04:39:00+01:00,6658.52,6658.90,6658.39,6658.59,28
SQ:NAS100,2018-01-08T04:40:00+01:00,6658.61,6658.61,6658.36,6658.36,8
SQ:NAS100,2018-01-08T04:41:00+01:00,6658.39,6658.43,6658.34,6658.39,7
SQ:NAS100,2018-01-08T04:42:00+01:00,6658.40,6658.65,6658.40,6658.65,9
SQ:NAS100,2018-01-08T04:43:00+01:00,6658.76,6658.89,6658.76,6658.85,19
SQ:NAS100,2018-01-08T04:44:00+01:00,6658.84,6658.88,6658.74,6658.74,21
SQ:NAS100,2018-01-08T04:45:00+01:00,6658.44,6658.61,6658.34,6658.58,28
SQ:NAS100,2018-01-08T04:46:00+01:00,6658.55,6658.61,6658.36,6658.56,15
SQ:NAS100,2018-01-08T04:47:00+01:00,6658.55,6658.55,6658.36,6658.36,14
SQ:NAS100,2018-01-08T04:48:00+01:00,6658.35,6658.36,6658.31,6658.31,5
SQ:NAS100,2018-01-08T04:49:00+01:00,6658.33,6658.61,6658.31,6658.49,18
SQ:NAS100,2018-01-08T04:50:00+01:00,6658.45,6658.53,6658.11,6658.15,25
SQ:NAS100,2018-01-08T04:51:00+01:00,6658.17,6658.63,6658.15,6658.37,39
SQ:NAS100,2018-01-08T04:52:00+01:00,6658.36,6658.38,6658.30,6658.30,6
SQ:NAS100,2018-01-08T04:53:00+01:00,6658.28,6658.34,6658.03,6658.13,22
SQ:NAS100,2018-01-08T04:54:00+01:00,6658.11,6658.11,6657.35,6657.53,59
SQ:NAS100,2018-01-08T04:55:00+01:00,6657.49,6657.61,6657.10,6657.14,39
SQ:NAS100,2018-01-08T04:56:00+01:00,6657.13,6657.23,6656.61,6656.86,66
SQ:NAS100,2018-01-08T04:57:00+01:00,6656.80,6657.30,6656.64,6657.16,47
SQ:NAS100,2018-01-08T04:58:00+01:00,6657.18,6657.37,6657.04,6657.18,32
SQ:NAS100,2018-01-08T04:59:00+01:00,6657.16,6657.16,6656.82,6656.86,14
SQ:NAS100,2018-01-08T05:00:00+01:00,6656.84,6657.05,6656.83,6657.04,20
SQ:NAS100,2018-01-08T05:01:00+01:00,6657.02,6657.05,6656.95,6656.96,12
SQ:NAS100,2018-01-08T05:02:00+01:00,6656.99,6656.99,6656.95,6656.96,4
SQ:NAS100,2018-01-08T05:03:00+01:00,6656.99,6656.99,6656.83,6656.85,16
SQ:NAS100,2018-01-08T05:04:00+01:00,6656.84,6656.87,6656.82,6656.86,9
SQ:NAS100,2018-01-08T05:05:00+01:00,6656.83,6656.83,6656.34,6656.43,16
SQ:NAS100,2018-01-08T05:06:00+01:00,6656.41,6656.42,6656.36,6656.40,15
SQ:NAS100,2018-01-08T05:07:00+01:00,6656.39,6656.88,6656.39,6656.83,22
SQ:NAS100,2018-01-08T05:08:00+01:00,6656.81,6656.93,6656.80,6656.93,8
SQ:NAS100,2018-01-08T05:09:00+01:00,6656.91,6656.93,6656.58,6656.60,9
SQ:NAS100,2018-01-08T05:10:00+01:00,6656.61,6657.37,6656.24,6657.13,30
SQ:NAS100,2018-01-08T05:11:00+01:00,6657.11,6657.12,6656.83,6656.86,25
SQ:NAS100,2018-01-08T05:12:00+01:00,6656.87,6656.87,6656.39,6656.70,46
SQ:NAS100,2018-01-08T05:13:00+01:00,6656.68,6656.86,6656.61,6656.84,25
SQ:NAS100,2018-01-08T05:14:00+01:00,6656.77,6656.85,6656.64,6656.81,20
SQ:NAS100,2018-01-08T05:15:00+01:00,6656.80,6656.92,6656.55,6656.86,22
SQ:NAS100,2018-01-08T05:16:00+01:00,6656.88,6657.08,6656.85,6656.89,26
SQ:NAS100,2018-01-08T05:17:00+01:00,6656.85,6657.09,6656.78,6657.03,14
SQ:NAS100,2018-01-08T05:18:00+01:00,6657.09,6657.17,6657.02,6657.02,13
SQ:NAS100,2018-01-08T05:19:00+01:00,6657.04,6657.12,6656.82,6657.09,25
SQ:NAS100,2018-01-08T05:20:00+01:00,6657.08,6657.29,6657.08,6657.14,28
SQ:NAS100,2018-01-08T05:21:00+01:00,6657.12,6657.20,6657.07,6657.20,6
SQ:NAS100,2018-01-08T05:22:00+01:00,6657.18,6657.18,6656.97,6656.97,10
SQ:NAS100,2018-01-08T05:23:00+01:00,6656.99,6656.99,6656.89,6656.89,9
SQ:NAS100,2018-01-08T05:24:00+01:00,6656.91,6656.96,6656.85,6656.96,21
SQ:NAS100,2018-01-08T05:25:00+01:00,6656.94,6657.13,6655.99,6656.00,24
SQ:NAS100,2018-01-08T05:26:00+01:00,6655.97,6656.13,6655.86,6655.99,35
SQ:NAS100,2018-01-08T05:27:00+01:00,6655.96,6655.96,6655.74,6655.78,20
SQ:NAS100,2018-01-08T05:28:00+01:00,6655.84,6655.86,6655.66,6655.71,14
SQ:NAS100,2018-01-08T05:29:00+01:00,6655.68,6655.82,6655.68,6655.81,19
SQ:NAS100,2018-01-08T05:30:00+01:00,6655.82,6655.87,6655.78,6655.83,10
SQ:NAS100,2018-01-08T05:31:00+01:00,6655.84,6655.84,6655.80,6655.80,5
SQ:NAS100,2018-01-08T05:32:00+01:00,6655.82,6655.87,6655.39,6655.39,22
SQ:NAS100,2018-01-08T05:33:00+01:00,6655.40,6655.45,6655.30,6655.30,10
SQ:NAS100,2018-01-08T05:34:00+01:00,6655.34,6655.38,6654.99,6654.99,18
SQ:NAS100,2018-01-08T05:35:00+01:00,6654.97,6655.04,6654.77,6655.02,20
SQ:NAS100,2018-01-08T05:36:00+01:00,6654.99,6655.24,6654.99,6655.24,9
SQ:NAS100,2018-01-08T05:37:00+01:00,6655.27,6655.34,6655.24,6655.31,11
SQ:NAS100,2018-01-08T05:38:00+01:00,6655.30,6655.37,6655.12,6655.16,16
SQ:NAS100,2018-01-08T05:39:00+01:00,6655.11,6655.36,6655.11,6655.16,28
SQ:NAS100,2018-01-08T05:40:00+01:00,6655.11,6655.32,6655.11,6655.30,35
SQ:NAS100,2018-01-08T05:41:00+01:00,6655.32,6655.37,6655.18,6655.37,25
SQ:NAS100,2018-01-08T05:42:00+01:00,6655.29,6655.29,6655.14,6655.14,22
SQ:NAS100,2018-01-08T05:43:00+01:00,6655.10,6655.24,6654.84,6655.16,28
SQ:NAS100,2018-01-08T05:44:00+01:00,6655.13,6655.14,6654.88,6654.88,13
SQ:NAS100,2018-01-08T05:45:00+01:00,6654.85,6655.02,6654.85,6654.93,16
SQ:NAS100,2018-01-08T05:46:00+01:00,6654.92,6655.14,6654.90,6655.12,14
SQ:NAS100,2018-01-08T05:47:00+01:00,6655.14,6655.14,6655.11,6655.12,5
SQ:NAS100,2018-01-08T05:48:00+01:00,6655.09,6655.14,6654.95,6654.97,13
SQ:NAS100,2018-01-08T05:49:00+01:00,6654.94,6654.99,6654.93,6654.94,9
SQ:NAS100,2018-01-08T05:50:00+01:00,6654.97,6655.24,6654.96,6655.22,26
SQ:NAS100,2018-01-08T05:51:00+01:00,6655.24,6655.28,6655.15,6655.28,10
SQ:NAS100,2018-01-08T05:52:00+01:00,6655.26,6655.39,6655.24,6655.32,24
SQ:NAS100,2018-01-08T05:53:00+01:00,6655.34,6655.60,6654.83,6655.57,54
SQ:NAS100,2018-01-08T05:54:00+01:00,6655.60,6655.60,6655.41,6655.43,26
SQ:NAS100,2018-01-08T05:55:00+01:00,6655.41,6655.63,6655.31,6655.63,22
SQ:NAS100,2018-01-08T05:56:00+01:00,6655.66,6656.29,6655.66,6655.89,25
SQ:NAS100,2018-01-08T05:57:00+01:00,6655.93,6656.13,6655.58,6655.64,37
SQ:NAS100,2018-01-08T05:58:00+01:00,6655.65,6656.14,6655.65,6656.13,9
SQ:NAS100,2018-01-08T05:59:00+01:00,6656.14,6656.14,6656.07,6656.13,13
SQ:NAS100,2018-01-08T06:00:00+01:00,6656.12,6656.24,6656.12,6656.24,17
SQ:NAS100,2018-01-08T06:01:00+01:00,6656.22,6656.54,6656.22,6656.39,22
SQ:NAS100,2018-01-08T06:02:00+01:00,6656.50,6657.38,6656.50,6657.17,38
SQ:NAS100,2018-01-08T06:03:00+01:00,6657.15,6657.91,6657.12,6657.80,43
SQ:NAS100,2018-01-08T06:04:00+01:00,6657.74,6657.74,6657.49,6657.64,25
SQ:NAS100,2018-01-08T06:05:00+01:00,6657.62,6657.62,6656.99,6657.25,38
SQ:NAS100,2018-01-08T06:06:00+01:00,6657.28,6657.37,6657.07,6657.09,33
SQ:NAS100,2018-01-08T06:07:00+01:00,6656.99,6657.34,6656.86,6657.26,33
SQ:NAS100,2018-01-08T06:08:00+01:00,6657.20,6657.41,6656.99,6657.09,32
SQ:NAS100,2018-01-08T06:09:00+01:00,6657.08,6657.36,6657.01,6657.09,34
SQ:NAS100,2018-01-08T06:10:00+01:00,6657.03,6657.11,6656.61,6656.63,17
SQ:NAS100,2018-01-08T06:11:00+01:00,6656.65,6656.90,6656.65,6656.90,10
SQ:NAS100,2018-01-08T06:12:00+01:00,6656.89,6657.34,6656.89,6657.18,14
SQ:NAS100,2018-01-08T06:13:00+01:00,6657.14,6657.18,6656.92,6656.92,15
SQ:NAS100,2018-01-08T06:14:00+01:00,6656.90,6656.90,6656.63,6656.63,8
SQ:NAS100,2018-01-08T06:15:00+01:00,6656.61,6656.64,6656.20,6656.20,29
SQ:NAS100,2018-01-08T06:16:00+01:00,6656.18,6656.20,6656.01,6656.01,21
SQ:NAS100,2018-01-08T06:17:00+01:00,6656.04,6656.04,6655.12,6655.20,38
SQ:NAS100,2018-01-08T06:18:00+01:00,6655.24,6655.34,6654.80,6654.84,50
SQ:NAS100,2018-01-08T06:19:00+01:00,6654.75,6654.97,6654.61,6654.97,34
SQ:NAS100,2018-01-08T06:20:00+01:00,6655.05,6655.21,6654.64,6654.95,52
SQ:NAS100,2018-01-08T06:21:00+01:00,6655.03,6655.13,6654.81,6654.92,29
SQ:NAS100,2018-01-08T06:22:00+01:00,6654.90,6655.62,6654.90,6655.36,40
SQ:NAS100,2018-01-08T06:23:00+01:00,6655.39,6655.99,6655.39,6655.95,22
SQ:NAS100,2018-01-08T06:24:00+01:00,6655.93,6655.93,6655.36,6655.36,30
SQ:NAS100,2018-01-08T06:25:00+01:00,6655.35,6655.62,6655.35,6655.56,27
SQ:NAS100,2018-01-08T06:26:00+01:00,6655.55,6656.03,6655.39,6655.39,33
SQ:NAS100,2018-01-08T06:27:00+01:00,6655.41,6655.41,6655.35,6655.39,7
SQ:NAS100,2018-01-08T06:28:00+01:00,6655.37,6655.70,6655.21,6655.21,23
SQ:NAS100,2018-01-08T06:29:00+01:00,6655.19,6655.21,6655.05,6655.14,24
SQ:NAS100,2018-01-08T06:30:00+01:00,6655.17,6655.61,6655.02,6655.29,58
SQ:NAS100,2018-01-08T06:31:00+01:00,6655.30,6655.39,6654.89,6655.35,32
SQ:NAS100,2018-01-08T06:32:00+01:00,6655.37,6655.37,6655.33,6655.36,16
SQ:NAS100,2018-01-08T06:33:00+01:00,6655.39,6655.87,6655.39,6655.61,30
SQ:NAS100,2018-01-08T06:34:00+01:00,6655.63,6656.62,6655.63,6656.62,61
SQ:NAS100,2018-01-08T06:35:00+01:00,6656.61,6656.72,6656.30,6656.38,35
SQ:NAS100,2018-01-08T06:36:00+01:00,6656.34,6657.37,6656.34,6657.30,36
SQ:NAS100,2018-01-08T06:37:00+01:00,6657.29,6657.45,6657.18,6657.18,33
SQ:NAS100,2018-01-08T06:38:00+01:00,6657.14,6657.36,6656.89,6657.03,32
SQ:NAS100,2018-01-08T06:39:00+01:00,6656.99,6657.07,6656.24,6656.54,50
SQ:NAS100,2018-01-08T06:40:00+01:00,6656.51,6656.61,6656.09,6656.28,20
SQ:NAS100,2018-01-08T06:41:00+01:00,6656.24,6656.43,6656.24,6656.38,16
SQ:NAS100,2018-01-08T06:42:00+01:00,6656.39,6656.47,6656.28,6656.30,14
SQ:NAS100,2018-01-08T06:43:00+01:00,6656.34,6656.69,6656.34,6656.69,10
SQ:NAS100,2018-01-08T06:44:00+01:00,6656.71,6656.71,6656.65,6656.65,11
SQ:NAS100,2018-01-08T06:45:00+01:00,6656.64,6656.71,6656.63,6656.68,16
SQ:NAS100,2018-01-08T06:46:00+01:00,6656.67,6656.71,6656.65,6656.68,18
SQ:NAS100,2018-01-08T06:47:00+01:00,6656.65,6656.87,6656.62,6656.66,28
SQ:NAS100,2018-01-08T06:48:00+01:00,6656.63,6656.70,6656.44,6656.70,21
SQ:NAS100,2018-01-08T06:49:00+01:00,6656.68,6656.68,6655.60,6655.61,26
SQ:NAS100,2018-01-08T06:50:00+01:00,6655.66,6656.18,6655.66,6656.18,18
SQ:NAS100,2018-01-08T06:51:00+01:00,6656.16,6656.24,6656.10,6656.24,15
SQ:NAS100,2018-01-08T06:52:00+01:00,6656.26,6656.87,6656.12,6656.58,34
SQ:NAS100,2018-01-08T06:53:00+01:00,6656.56,6656.64,6656.56,6656.56,11
SQ:NAS100,2018-01-08T06:54:00+01:00,6656.54,6656.54,6656.05,6656.05,13
SQ:NAS100,2018-01-08T06:55:00+01:00,6656.04,6656.05,6655.70,6655.99,28
SQ:NAS100,2018-01-08T06:56:00+01:00,6655.95,6656.05,6655.86,6656.05,11
SQ:NAS100,2018-01-08T06:57:00+01:00,6656.02,6656.22,6655.99,6656.22,11
SQ:NAS100,2018-01-08T06:58:00+01:00,6656.19,6656.62,6656.10,6656.62,12
SQ:NAS100,2018-01-08T06:59:00+01:00,6656.63,6657.53,6656.63,6657.45,44
SQ:NAS100,2018-01-08T07:00:00+01:00,6657.55,6657.63,6657.12,6657.12,30
SQ:NAS100,2018-01-08T07:01:00+01:00,6657.14,6657.36,6656.79,6657.11,31
SQ:NAS100,2018-01-08T07:02:00+01:00,6657.09,6657.59,6656.89,6657.55,24
SQ:NAS100,2018-01-08T07:03:00+01:00,6657.49,6657.49,6656.62,6656.68,25
SQ:NAS100,2018-01-08T07:04:00+01:00,6656.70,6656.77,6656.49,6656.69,24
SQ:NAS100,2018-01-08T07:05:00+01:00,6656.63,6656.63,6655.85,6656.03,31
SQ:NAS100,2018-01-08T07:06:00+01:00,6656.05,6656.16,6655.87,6656.16,18
SQ:NAS100,2018-01-08T07:07:00+01:00,6656.18,6656.29,6656.12,6656.20,13
SQ:NAS100,2018-01-08T07:08:00+01:00,6656.14,6656.16,6656.05,6656.09,15
SQ:NAS100,2018-01-08T07:09:00+01:00,6656.11,6656.32,6655.75,6655.99,37
SQ:NAS100,2018-01-08T07:10:00+01:00,6655.95,6656.12,6655.61,6655.68,23
SQ:NAS100,2018-01-08T07:11:00+01:00,6655.67,6655.77,6655.61,6655.61,30
SQ:NAS100,2018-01-08T07:12:00+01:00,6655.68,6655.70,6655.43,6655.46,42
SQ:NAS100,2018-01-08T07:13:00+01:00,6655.43,6656.36,6655.32,6656.13,46
SQ:NAS100,2018-01-08T07:14:00+01:00,6656.15,6656.36,6656.08,6656.08,19
SQ:NAS100,2018-01-08T07:15:00+01:00,6656.10,6656.27,6656.08,6656.12,29
SQ:NAS100,2018-01-08T07:16:00+01:00,6656.19,6656.19,6656.16,6656.16,13
SQ:NAS100,2018-01-08T07:17:00+01:00,6656.11,6656.22,6655.59,6655.59,29
SQ:NAS100,2018-01-08T07:18:00+01:00,6655.63,6656.16,6655.59,6656.11,33
SQ:NAS100,2018-01-08T07:19:00+01:00,6656.10,6656.11,6656.04,6656.10,15
SQ:NAS100,2018-01-08T07:20:00+01:00,6656.14,6656.36,6656.08,6656.10,21
SQ:NAS100,2018-01-08T07:21:00+01:00,6656.11,6656.17,6656.11,6656.12,12
SQ:NAS100,2018-01-08T07:22:00+01:00,6656.18,6656.36,6656.18,6656.26,8
SQ:NAS100,2018-01-08T07:23:00+01:00,6656.37,6656.37,6656.09,6656.13,15
SQ:NAS100,2018-01-08T07:24:00+01:00,6656.09,6656.15,6656.09,6656.13,7
SQ:NAS100,2018-01-08T07:25:00+01:00,6656.15,6656.32,6656.12,6656.32,11
SQ:NAS100,2018-01-08T07:26:00+01:00,6656.29,6656.29,6656.27,6656.27,6
SQ:NAS100,2018-01-08T07:27:00+01:00,6656.28,6656.31,6656.27,6656.31,5
SQ:NAS100,2018-01-08T07:28:00+01:00,6656.32,6656.42,6656.32,6656.40,11
SQ:NAS100,2018-01-08T07:29:00+01:00,6656.42,6656.99,6656.10,6656.10,33
SQ:NAS100,2018-01-08T07:30:00+01:00,6656.16,6656.30,6656.12,6656.20,23
SQ:NAS100,2018-01-08T07:31:00+01:00,6656.11,6656.36,6656.06,6656.35,14
SQ:NAS100,2018-01-08T07:32:00+01:00,6656.34,6656.35,6656.07,6656.07,10
SQ:NAS100,2018-01-08T07:33:00+01:00,6656.09,6656.13,6655.87,6655.90,29
SQ:NAS100,2018-01-08T07:34:00+01:00,6655.97,6656.12,6655.82,6656.02,40
SQ:NAS100,2018-01-08T07:35:00+01:00,6656.03,6656.15,6655.96,6656.15,15
SQ:NAS100,2018-01-08T07:36:00+01:00,6656.16,6656.59,6656.16,6656.58,15
SQ:NAS100,2018-01-08T07:37:00+01:00,6656.64,6656.64,6656.38,6656.44,16
SQ:NAS100,2018-01-08T07:38:00+01:00,6656.46,6656.46,6656.39,6656.39,6
SQ:NAS100,2018-01-08T07:39:00+01:00,6656.36,6656.36,6655.91,6655.94,32
SQ:NAS100,2018-01-08T07:40:00+01:00,6655.91,6656.13,6655.91,6656.01,24
SQ:NAS100,2018-01-08T07:41:00+01:00,6655.99,6656.36,6655.99,6656.35,15
SQ:NAS100,2018-01-08T07:42:00+01:00,6656.34,6656.36,6656.30,6656.30,14
SQ:NAS100,2018-01-08T07:43:00+01:00,6656.29,6656.29,6656.05,6656.12,20
SQ:NAS100,2018-01-08T07:44:00+01:00,6656.07,6656.12,6655.99,6656.07,15
SQ:NAS100,2018-01-08T07:45:00+01:00,6656.05,6656.05,6656.02,6656.05,4
SQ:NAS100,2018-01-08T07:46:00+01:00,6656.04,6656.18,6656.04,6656.10,8
SQ:NAS100,2018-01-08T07:47:00+01:00,6656.14,6656.14,6655.24,6655.24,20
SQ:NAS100,2018-01-08T07:48:00+01:00,6655.26,6655.37,6655.02,6655.32,26
SQ:NAS100,2018-01-08T07:49:00+01:00,6655.37,6655.96,6655.21,6655.94,29
SQ:NAS100,2018-01-08T07:50:00+01:00,6655.95,6656.41,6655.79,6655.95,33
SQ:NAS100,2018-01-08T07:51:00+01:00,6655.99,6656.03,6655.39,6655.42,26
SQ:NAS100,2018-01-08T07:52:00+01:00,6655.43,6655.43,6655.30,6655.33,11
SQ:NAS100,2018-01-08T07:53:00+01:00,6655.39,6655.61,6655.36,6655.38,18
SQ:NAS100,2018-01-08T07:54:00+01:00,6655.34,6655.38,6655.21,6655.38,19
SQ:NAS100,2018-01-08T07:55:00+01:00,6655.37,6655.86,6655.32,6655.86,30
SQ:NAS100,2018-01-08T07:56:00+01:00,6655.80,6655.88,6655.68,6655.84,17
SQ:NAS100,2018-01-08T07:57:00+01:00,6655.86,6656.94,6655.70,6656.94,37
SQ:NAS100,2018-01-08T07:58:00+01:00,6656.95,6657.01,6656.84,6656.84,21
SQ:NAS100,2018-01-08T07:59:00+01:00,6656.85,6657.07,6656.85,6657.03,10
SQ:NAS100,2018-01-08T08:00:00+01:00,6657.01,6659.33,6656.99,6659.33,21
SQ:NAS100,2018-01-08T08:01:00+01:00,6659.34,6659.57,6658.79,6658.80,48
SQ:NAS100,2018-01-08T08:02:00+01:00,6658.59,6659.06,6658.57,6658.82,66
SQ:NAS100,2018-01-08T08:03:00+01:00,6658.80,6658.83,6657.54,6657.54,62
SQ:NAS100,2018-01-08T08:04:00+01:00,6657.55,6658.57,6657.55,6658.57,40
SQ:NAS100,2018-01-08T08:05:00+01:00,6658.56,6658.58,6658.07,6658.07,25
SQ:NAS100,2018-01-08T08:06:00+01:00,6658.08,6658.08,6658.07,6658.07,4
SQ:NAS100,2018-01-08T08:07:00+01:00,6658.08,6658.31,6658.07,6658.09,18
SQ:NAS100,2018-01-08T08:08:00+01:00,6658.08,6658.34,6658.08,6658.33,21
SQ:NAS100,2018-01-08T08:09:00+01:00,6658.32,6658.32,6657.59,6657.59,36
SQ:NAS100,2018-01-08T08:10:00+01:00,6657.60,6657.70,6657.29,6657.33,37
SQ:NAS100,2018-01-08T08:11:00+01:00,6657.32,6658.08,6657.29,6658.07,36
SQ:NAS100,2018-01-08T08:12:00+01:00,6658.08,6658.42,6658.04,6658.31,36
SQ:NAS100,2018-01-08T08:13:00+01:00,6658.06,6658.32,6657.79,6657.80,30
SQ:NAS100,2018-01-08T08:14:00+01:00,6657.81,6657.83,6657.58,6657.81,29
SQ:NAS100,2018-01-08T08:15:00+01:00,6657.80,6657.82,6657.57,6657.82,38
SQ:NAS100,2018-01-08T08:16:00+01:00,6657.81,6657.81,6657.56,6657.81,20
SQ:NAS100,2018-01-08T08:17:00+01:00,6657.82,6659.31,6657.82,6659.07,44
SQ:NAS100,2018-01-08T08:18:00+01:00,6659.06,6659.08,6658.54,6658.83,42
SQ:NAS100,2018-01-08T08:19:00+01:00,6658.84,6659.81,6658.80,6659.81,55
SQ:NAS100,2018-01-08T08:20:00+01:00,6659.82,6660.33,6659.09,6659.29,70
SQ:NAS100,2018-01-08T08:21:00+01:00,6659.06,6660.33,6659.05,6660.08,34
SQ:NAS100,2018-01-08T08:22:00+01:00,6660.19,6660.33,6660.09,6660.33,22
SQ:NAS100,2018-01-08T08:23:00+01:00,6660.32,6660.33,6660.08,6660.32,19
SQ:NAS100,2018-01-08T08:24:00+01:00,6660.31,6660.32,6659.54,6659.57,33
SQ:NAS100,2018-01-08T08:25:00+01:00,6659.56,6660.44,6659.56,6660.32,25
SQ:NAS100,2018-01-08T08:26:00+01:00,6660.30,6660.30,6659.95,6660.07,25
SQ:NAS100,2018-01-08T08:27:00+01:00,6660.08,6660.08,6659.81,6659.82,34
SQ:NAS100,2018-01-08T08:28:00+01:00,6659.83,6659.83,6659.56,6659.57,14
SQ:NAS100,2018-01-08T08:29:00+01:00,6659.56,6659.56,6658.80,6659.33,72
SQ:NAS100,2018-01-08T08:30:00+01:00,6659.56,6659.83,6659.44,6659.58,46
SQ:NAS100,2018-01-08T08:31:00+01:00,6659.56,6660.31,6659.56,6659.81,54
SQ:NAS100,2018-01-08T08:32:00+01:00,6659.80,6660.57,6659.55,6660.55,76
SQ:NAS100,2018-01-08T08:33:00+01:00,6660.56,6660.81,6660.31,6660.32,58
SQ:NAS100,2018-01-08T08:34:00+01:00,6660.33,6660.33,6659.54,6659.56,34
SQ:NAS100,2018-01-08T08:35:00+01:00,6659.55,6659.56,6658.94,6659.08,27
SQ:NAS100,2018-01-08T08:36:00+01:00,6659.07,6659.82,6659.07,6659.80,35
SQ:NAS100,2018-01-08T08:37:00+01:00,6659.79,6660.06,6659.68,6660.05,41
SQ:NAS100,2018-01-08T08:38:00+01:00,6659.95,6660.29,6659.82,6660.29,10
SQ:NAS100,2018-01-08T08:39:00+01:00,6660.04,6660.05,6659.55,6659.59,30
SQ:NAS100,2018-01-08T08:40:00+01:00,6659.58,6659.84,6659.56,6659.81,37
SQ:NAS100,2018-01-08T08:41:00+01:00,6659.82,6660.05,6659.81,6659.81,20
SQ:NAS100,2018-01-08T08:42:00+01:00,6659.80,6659.84,6659.71,6659.84,19
SQ:NAS100,2018-01-08T08:43:00+01:00,6659.82,6659.83,6659.82,6659.83,4
SQ:NAS100,2018-01-08T08:44:00+01:00,6659.84,6660.28,6659.83,6660.05,27
SQ:NAS100,2018-01-08T08:45:00+01:00,6660.06,6660.29,6659.83,6659.84,31
SQ:NAS100,2018-01-08T08:46:00+01:00,6660.04,6660.45,6660.04,6660.08,33
SQ:NAS100,2018-01-08T08:47:00+01:00,6660.09,6660.29,6660.09,6660.09,7
SQ:NAS100,2018-01-08T08:48:00+01:00,6660.19,6660.31,6660.09,6660.29,9
SQ:NAS100,2018-01-08T08:49:00+01:00,6660.30,6660.57,6660.08,6660.57,23
SQ:NAS100,2018-01-08T08:50:00+01:00,6660.56,6660.81,6660.56,6660.58,36
SQ:NAS100,2018-01-08T08:51:00+01:00,6660.57,6660.80,6660.56,6660.80,36
SQ:NAS100,2018-01-08T08:52:00+01:00,6660.81,6660.81,6660.80,6660.80,8
SQ:NAS100,2018-01-08T08:53:00+01:00,6660.81,6660.81,6660.79,6660.80,8
SQ:NAS100,2018-01-08T08:54:00+01:00,6660.81,6661.54,6660.79,6661.32,33
SQ:NAS100,2018-01-08T08:55:00+01:00,6661.33,6661.57,6661.30,6661.43,24
SQ:NAS100,2018-01-08T08:56:00+01:00,6661.33,6661.54,6661.06,6661.54,38
SQ:NAS100,2018-01-08T08:57:00+01:00,6661.55,6661.57,6661.31,6661.55,26
SQ:NAS100,2018-01-08T08:58:00+01:00,6661.56,6661.83,6661.56,6661.82,16
SQ:NAS100,2018-01-08T08:59:00+01:00,6661.83,6662.08,6661.83,6662.08,32
SQ:NAS100,2018-01-08T09:00:00+01:00,6662.29,6662.80,6661.79,6662.07,98
SQ:NAS100,2018-01-08T09:01:00+01:00,6662.04,6662.07,6661.29,6661.79,87
SQ:NAS100,2018-01-08T09:02:00+01:00,6661.82,6662.79,6661.82,6662.56,104
SQ:NAS100,2018-01-08T09:03:00+01:00,6662.57,6662.78,6662.05,6662.06,83
SQ:NAS100,2018-01-08T09:04:00+01:00,6662.07,6662.54,6661.31,6661.31,80
SQ:NAS100,2018-01-08T09:05:00+01:00,6661.32,6661.58,6661.07,6661.08,65
SQ:NAS100,2018-01-08T09:06:00+01:00,6661.07,6661.57,6660.59,6661.29,91
SQ:NAS100,2018-01-08T09:07:00+01:00,6661.19,6661.19,6660.09,6660.09,82
SQ:NAS100,2018-01-08T09:08:00+01:00,6660.21,6660.43,6659.57,6659.70,75
SQ:NAS100,2018-01-08T09:09:00+01:00,6659.69,6660.07,6658.44,6660.06,102
SQ:NAS100,2018-01-08T09:10:00+01:00,6660.07,6660.07,6658.81,6659.57,123
SQ:NAS100,2018-01-08T09:11:00+01:00,6659.54,6659.55,6658.55,6659.33,86
SQ:NAS100,2018-01-08T09:12:00+01:00,6659.54,6659.79,6658.79,6658.79,76
SQ:NAS100,2018-01-08T09:13:00+01:00,6658.80,6658.80,6657.93,6658.09,52
SQ:NAS100,2018-01-08T09:14:00+01:00,6658.08,6658.31,6657.54,6657.79,51
SQ:NAS100,2018-01-08T09:15:00+01:00,6657.78,6657.78,6657.29,6657.54,74
SQ:NAS100,2018-01-08T09:16:00+01:00,6657.55,6657.80,6657.30,6657.80,72
SQ:NAS100,2018-01-08T09:17:00+01:00,6657.81,6658.34,6657.79,6658.30,48
SQ:NAS100,2018-01-08T09:18:00+01:00,6658.33,6658.81,6658.04,6658.55,70
SQ:NAS100,2018-01-08T09:19:00+01:00,6658.31,6658.56,6657.58,6658.04,93
SQ:NAS100,2018-01-08T09:20:00+01:00,6657.94,6657.94,6657.29,6657.79,85
SQ:NAS100,2018-01-08T09:21:00+01:00,6657.69,6657.69,6656.34,6656.44,84
SQ:NAS100,2018-01-08T09:22:00+01:00,6656.43,6656.55,6655.59,6655.81,93
SQ:NAS100,2018-01-08T09:23:00+01:00,6655.82,6656.58,6655.82,6656.32,96
SQ:NAS100,2018-01-08T09:24:00+01:00,6656.59,6657.08,6655.30,6655.31,100
SQ:NAS100,2018-01-08T09:25:00+01:00,6655.32,6655.80,6654.29,6654.30,80
SQ:NAS100,2018-01-08T09:26:00+01:00,6654.31,6655.05,6653.85,6654.80,98
SQ:NAS100,2018-01-08T09:27:00+01:00,6654.81,6654.81,6653.94,6654.19,92
SQ:NAS100,2018-01-08T09:28:00+01:00,6654.06,6654.56,6654.06,6654.54,36
SQ:NAS100,2018-01-08T09:29:00+01:00,6654.55,6654.69,6654.07,6654.30,67
SQ:NAS100,2018-01-08T09:30:00+01:00,6654.31,6655.06,6654.06,6655.06,67
SQ:NAS100,2018-01-08T09:31:00+01:00,6655.05,6655.68,6655.05,6655.29,60
SQ:NAS100,2018-01-08T09:32:00+01:00,6655.19,6655.34,6655.04,6655.32,33
SQ:NAS100,2018-01-08T09:33:00+01:00,6655.31,6656.30,6655.30,6656.29,39
SQ:NAS100,2018-01-08T09:34:00+01:00,6656.30,6656.83,6656.30,6656.80,68
SQ:NAS100,2018-01-08T09:35:00+01:00,6656.55,6657.31,6656.29,6657.06,55
SQ:NAS100,2018-01-08T09:36:00+01:00,6657.05,6657.33,6656.20,6656.20,73
SQ:NAS100,2018-01-08T09:37:00+01:00,6656.29,6657.04,6656.29,6656.83,73
SQ:NAS100,2018-01-08T09:38:00+01:00,6656.80,6657.33,6656.59,6657.30,63
SQ:NAS100,2018-01-08T09:39:00+01:00,6657.31,6657.81,6657.30,6657.32,48
SQ:NAS100,2018-01-08T09:40:00+01:00,6657.31,6657.81,6657.29,6657.56,46
SQ:NAS100,2018-01-08T09:41:00+01:00,6657.68,6657.81,6656.44,6656.55,68
SQ:NAS100,2018-01-08T09:42:00+01:00,6656.56,6656.59,6656.04,6656.06,39
SQ:NAS100,2018-01-08T09:43:00+01:00,6656.05,6656.06,6655.55,6655.69,61
SQ:NAS100,2018-01-08T09:44:00+01:00,6655.59,6656.31,6655.55,6656.31,63
SQ:NAS100,2018-01-08T09:45:00+01:00,6656.32,6656.32,6655.55,6655.56,42
SQ:NAS100,2018-01-08T09:46:00+01:00,6655.54,6655.54,6654.94,6655.29,48
SQ:NAS100,2018-01-08T09:47:00+01:00,6655.30,6655.30,6654.54,6654.58,42
SQ:NAS100,2018-01-08T09:48:00+01:00,6654.79,6654.84,6654.54,6654.56,63
SQ:NAS100,2018-01-08T09:49:00+01:00,6654.57,6655.07,6654.20,6654.94,89
SQ:NAS100,2018-01-08T09:50:00+01:00,6654.93,6655.81,6654.82,6655.81,59
SQ:NAS100,2018-01-08T09:51:00+01:00,6655.80,6656.06,6655.58,6655.79,57
SQ:NAS100,2018-01-08T09:52:00+01:00,6655.70,6656.31,6655.56,6656.29,56
SQ:NAS100,2018-01-08T09:53:00+01:00,6656.19,6656.30,6655.79,6656.08,50
SQ:NAS100,2018-01-08T09:54:00+01:00,6656.07,6656.32,6655.79,6655.79,50
SQ:NAS100,2018-01-08T09:55:00+01:00,6655.80,6655.81,6655.54,6655.55,64
SQ:NAS100,2018-01-08T09:56:00+01:00,6655.54,6655.58,6655.30,6655.57,41
SQ:NAS100,2018-01-08T09:57:00+01:00,6655.56,6655.83,6655.55,6655.82,34
SQ:NAS100,2018-01-08T09:58:00+01:00,6655.83,6656.08,6655.55,6655.55,49
SQ:NAS100,2018-01-08T09:59:00+01:00,6655.56,6655.57,6655.09,6655.10,51
SQ:NAS100,2018-01-08T10:00:00+01:00,6655.34,6655.84,6655.34,6655.84,56
SQ:NAS100,2018-01-08T10:01:00+01:00,6655.83,6656.32,6655.82,6656.32,47
SQ:NAS100,2018-01-08T10:02:00+01:00,6656.33,6657.34,6656.32,6657.34,49
SQ:NAS100,2018-01-08T10:03:00+01:00,6657.33,6657.57,6657.31,6657.55,34
SQ:NAS100,2018-01-08T10:04:00+01:00,6657.56,6657.84,6657.44,6657.81,54
SQ:NAS100,2018-01-08T10:05:00+01:00,6657.83,6658.32,6657.81,6657.83,38
SQ:NAS100,2018-01-08T10:06:00+01:00,6658.05,6658.31,6657.54,6657.54,43
SQ:NAS100,2018-01-08T10:07:00+01:00,6657.55,6657.56,6657.04,6657.29,39
SQ:NAS100,2018-01-08T10:08:00+01:00,6657.30,6657.34,6656.79,6656.80,36
SQ:NAS100,2018-01-08T10:09:00+01:00,6656.79,6656.84,6656.07,6656.30,62
SQ:NAS100,2018-01-08T10:10:00+01:00,6656.31,6656.68,6656.29,6656.58,36
SQ:NAS100,2018-01-08T10:11:00+01:00,6656.68,6656.80,6656.05,6656.06,52
SQ:NAS100,2018-01-08T10:12:00+01:00,6656.07,6656.79,6655.79,6655.80,36
SQ:NAS100,2018-01-08T10:13:00+01:00,6655.79,6656.09,6655.79,6656.06,41
SQ:NAS100,2018-01-08T10:14:00+01:00,6656.05,6656.07,6655.81,6655.83,41
SQ:NAS100,2018-01-08T10:15:00+01:00,6655.84,6656.59,6655.82,6656.30,50
SQ:NAS100,2018-01-08T10:16:00+01:00,6656.31,6657.33,6656.29,6657.04,57
SQ:NAS100,2018-01-08T10:17:00+01:00,6657.05,6657.58,6657.04,6657.34,66
SQ:NAS100,2018-01-08T10:18:00+01:00,6657.43,6657.57,6657.29,6657.29,41
SQ:NAS100,2018-01-08T10:19:00+01:00,6657.30,6657.81,6657.30,6657.43,39
SQ:NAS100,2018-01-08T10:20:00+01:00,6657.44,6658.18,6657.44,6657.81,39
SQ:NAS100,2018-01-08T10:21:00+01:00,6657.80,6657.80,6657.29,6657.31,53
SQ:NAS100,2018-01-08T10:22:00+01:00,6657.30,6657.34,6657.29,6657.32,62
SQ:NAS100,2018-01-08T10:23:00+01:00,6657.31,6657.57,6657.19,6657.31,54
SQ:NAS100,2018-01-08T10:24:00+01:00,6657.30,6657.33,6657.19,6657.32,39
SQ:NAS100,2018-01-08T10:25:00+01:00,6657.31,6657.81,6656.57,6656.57,53
SQ:NAS100,2018-01-08T10:26:00+01:00,6656.56,6656.81,6655.79,6655.79,48
SQ:NAS100,2018-01-08T10:27:00+01:00,6655.59,6656.33,6655.57,6656.04,78
SQ:NAS100,2018-01-08T10:28:00+01:00,6655.94,6656.58,6655.94,6656.57,32
SQ:NAS100,2018-01-08T10:29:00+01:00,6656.56,6656.69,6656.56,6656.59,42
SQ:NAS100,2018-01-08T10:30:00+01:00,6656.58,6656.83,6656.07,6656.58,47
SQ:NAS100,2018-01-08T10:31:00+01:00,6656.57,6656.58,6656.29,6656.29,36
SQ:NAS100,2018-01-08T10:32:00+01:00,6656.18,6656.84,6656.18,6656.44,56
SQ:NAS100,2018-01-08T10:33:00+01:00,6656.34,6656.81,6656.18,6656.81,42
SQ:NAS100,2018-01-08T10:34:00+01:00,6656.80,6656.81,6656.29,6656.30,30
SQ:NAS100,2018-01-08T10:35:00+01:00,6656.29,6656.29,6655.32,6655.57,36
SQ:NAS100,2018-01-08T10:36:00+01:00,6655.58,6655.58,6654.34,6654.34,43
SQ:NAS100,2018-01-08T10:37:00+01:00,6654.33,6654.34,6653.59,6653.84,80
SQ:NAS100,2018-01-08T10:38:00+01:00,6653.83,6654.68,6653.83,6654.30,78
SQ:NAS100,2018-01-08T10:39:00+01:00,6654.31,6654.56,6654.30,6654.56,31
SQ:NAS100,2018-01-08T10:40:00+01:00,6654.79,6655.34,6654.79,6655.08,58
SQ:NAS100,2018-01-08T10:41:00+01:00,6655.09,6655.93,6655.06,6655.06,54
SQ:NAS100,2018-01-08T10:42:00+01:00,6655.07,6655.19,6654.79,6654.80,22
SQ:NAS100,2018-01-08T10:43:00+01:00,6654.81,6654.83,6654.20,6654.33,54
SQ:NAS100,2018-01-08T10:44:00+01:00,6654.56,6655.06,6654.31,6654.32,30
SQ:NAS100,2018-01-08T10:45:00+01:00,6654.44,6655.20,6654.44,6654.57,40
SQ:NAS100,2018-01-08T10:46:00+01:00,6654.56,6655.54,6654.29,6655.30,87
SQ:NAS100,2018-01-08T10:47:00+01:00,6655.29,6655.82,6655.18,6655.57,59
SQ:NAS100,2018-01-08T10:48:00+01:00,6655.58,6656.32,6655.57,6656.30,58
SQ:NAS100,2018-01-08T10:49:00+01:00,6656.31,6656.31,6655.19,6655.30,56
SQ:NAS100,2018-01-08T10:50:00+01:00,6655.20,6656.56,6655.06,6656.43,61
SQ:NAS100,2018-01-08T10:51:00+01:00,6656.44,6656.84,6656.30,6656.70,42
SQ:NAS100,2018-01-08T10:52:00+01:00,6656.79,6657.08,6656.58,6657.07,54
SQ:NAS100,2018-01-08T10:53:00+01:00,6657.09,6657.55,6656.80,6657.34,44
SQ:NAS100,2018-01-08T10:54:00+01:00,6657.33,6657.57,6657.17,6657.18,46
SQ:NAS100,2018-01-08T10:55:00+01:00,6657.29,6657.31,6657.04,6657.08,22
SQ:NAS100,2018-01-08T10:56:00+01:00,6657.07,6657.08,6656.05,6656.05,44
SQ:NAS100,2018-01-08T10:57:00+01:00,6656.04,6656.32,6656.04,6656.32,32
SQ:NAS100,2018-01-08T10:58:00+01:00,6656.31,6657.19,6656.29,6656.81,48
SQ:NAS100,2018-01-08T10:59:00+01:00,6656.82,6657.06,6656.19,6656.31,42
SQ:NAS100,2018-01-08T11:00:00+01:00,6656.33,6656.55,6656.05,6656.06,55
SQ:NAS100,2018-01-08T11:01:00+01:00,6656.07,6656.56,6656.07,6656.55,47
SQ:NAS100,2018-01-08T11:02:00+01:00,6656.56,6656.79,6656.31,6656.31,31
SQ:NAS100,2018-01-08T11:03:00+01:00,6656.30,6656.55,6656.30,6656.31,24
SQ:NAS100,2018-01-08T11:04:00+01:00,6656.43,6656.56,6656.32,6656.56,35
SQ:NAS100,2018-01-08T11:05:00+01:00,6656.55,6656.55,6656.09,6656.30,32
SQ:NAS100,2018-01-08T11:06:00+01:00,6656.31,6657.29,6656.31,6657.08,55
SQ:NAS100,2018-01-08T11:07:00+01:00,6657.29,6657.31,6657.06,6657.19,21
SQ:NAS100,2018-01-08T11:08:00+01:00,6657.31,6657.56,6657.29,6657.31,40
SQ:NAS100,2018-01-08T11:09:00+01:00,6657.07,6657.83,6657.07,6657.82,28
SQ:NAS100,2018-01-08T11:10:00+01:00,6657.83,6658.18,6657.80,6657.83,45
SQ:NAS100,2018-01-08T11:11:00+01:00,6657.82,6658.09,6657.58,6658.09,45
SQ:NAS100,2018-01-08T11:12:00+01:00,6658.08,6658.32,6657.94,6658.30,53
SQ:NAS100,2018-01-08T11:13:00+01:00,6658.29,6658.56,6657.57,6657.57,49
SQ:NAS100,2018-01-08T11:14:00+01:00,6657.58,6657.58,6657.04,6657.08,42
SQ:NAS100,2018-01-08T11:15:00+01:00,6657.06,6657.32,6656.80,6657.05,41
SQ:NAS100,2018-01-08T11:16:00+01:00,6657.04,6657.33,6655.83,6655.93,61
SQ:NAS100,2018-01-08T11:17:00+01:00,6656.03,6656.31,6656.03,6656.07,37
SQ:NAS100,2018-01-08T11:18:00+01:00,6656.06,6656.54,6656.05,6656.32,20
SQ:NAS100,2018-01-08T11:19:00+01:00,6656.33,6656.55,6656.29,6656.30,20
SQ:NAS100,2018-01-08T11:20:00+01:00,6656.31,6656.31,6656.07,6656.07,29
SQ:NAS100,2018-01-08T11:21:00+01:00,6656.06,6656.33,6656.05,6656.07,19
SQ:NAS100,2018-01-08T11:22:00+01:00,6656.19,6656.19,6655.83,6655.83,10
SQ:NAS100,2018-01-08T11:23:00+01:00,6656.07,6656.07,6655.58,6655.58,32
SQ:NAS100,2018-01-08T11:24:00+01:00,6655.33,6655.58,6655.07,6655.07,40
SQ:NAS100,2018-01-08T11:25:00+01:00,6655.08,6655.82,6654.81,6655.81,28
SQ:NAS100,2018-01-08T11:26:00+01:00,6656.04,6656.08,6655.59,6655.83,27
SQ:NAS100,2018-01-08T11:27:00+01:00,6655.94,6656.08,6655.80,6656.07,37
SQ:NAS100,2018-01-08T11:28:00+01:00,6656.08,6656.55,6656.06,6656.06,24
SQ:NAS100,2018-01-08T11:29:00+01:00,6656.09,6656.33,6656.08,6656.32,14
SQ:NAS100,2018-01-08T11:30:00+01:00,6656.33,6656.58,6656.29,6656.57,52
SQ:NAS100,2018-01-08T11:31:00+01:00,6656.58,6657.04,6656.55,6656.81,62
SQ:NAS100,2018-01-08T11:32:00+01:00,6656.80,6657.82,6656.59,6657.82,39
SQ:NAS100,2018-01-08T11:33:00+01:00,6657.81,6658.05,6657.05,6657.05,55
SQ:NAS100,2018-01-08T11:34:00+01:00,6657.04,6657.57,6656.94,6657.34,33
SQ:NAS100,2018-01-08T11:35:00+01:00,6657.33,6657.58,6657.33,6657.57,34
SQ:NAS100,2018-01-08T11:36:00+01:00,6657.58,6658.06,6657.43,6658.05,47
SQ:NAS100,2018-01-08T11:37:00+01:00,6658.06,6658.09,6657.56,6657.56,46
SQ:NAS100,2018-01-08T11:38:00+01:00,6657.55,6657.94,6657.44,6657.59,50
SQ:NAS100,2018-01-08T11:39:00+01:00,6657.79,6658.43,6657.79,6658.32,36
SQ:NAS100,2018-01-08T11:40:00+01:00,6658.31,6659.06,6658.29,6658.83,41
SQ:NAS100,2018-01-08T11:41:00+01:00,6658.84,6659.33,6658.69,6659.33,33
SQ:NAS100,2018-01-08T11:42:00+01:00,6659.32,6659.32,6659.08,6659.08,11
SQ:NAS100,2018-01-08T11:43:00+01:00,6659.07,6659.07,6657.32,6657.32,42
SQ:NAS100,2018-01-08T11:44:00+01:00,6657.31,6657.81,6657.06,6657.81,34
SQ:NAS100,2018-01-08T11:45:00+01:00,6657.82,6658.33,6657.57,6658.33,48
SQ:NAS100,2018-01-08T11:46:00+01:00,6658.30,6658.31,6657.54,6658.09,46
SQ:NAS100,2018-01-08T11:47:00+01:00,6658.08,6658.56,6658.06,6658.56,24
SQ:NAS100,2018-01-08T11:48:00+01:00,6658.55,6658.56,6657.80,6657.80,33
SQ:NAS100,2018-01-08T11:49:00+01:00,6657.79,6658.32,6657.34,6657.81,64
SQ:NAS100,2018-01-08T11:50:00+01:00,6657.84,6658.31,6656.06,6656.07,52
SQ:NAS100,2018-01-08T11:51:00+01:00,6656.08,6656.44,6656.07,6656.07,41
SQ:NAS100,2018-01-08T11:52:00+01:00,6656.06,6656.56,6656.05,6656.06,42
SQ:NAS100,2018-01-08T11:53:00+01:00,6656.07,6657.55,6656.07,6657.07,62
SQ:NAS100,2018-01-08T11:54:00+01:00,6657.06,6657.34,6656.59,6657.29,57
SQ:NAS100,2018-01-08T11:55:00+01:00,6657.31,6657.58,6657.10,6657.45,36
SQ:NAS100,2018-01-08T11:56:00+01:00,6657.34,6658.09,6657.31,6658.08,48
SQ:NAS100,2018-01-08T11:57:00+01:00,6658.07,6658.09,6657.84,6658.08,41
SQ:NAS100,2018-01-08T11:58:00+01:00,6658.07,6658.82,6658.07,6658.70,33
SQ:NAS100,2018-01-08T11:59:00+01:00,6658.69,6658.83,6658.56,6658.80,40
SQ:NAS100,2018-01-08T12:00:00+01:00,6658.81,6659.32,6658.79,6659.20,35
SQ:NAS100,2018-01-08T12:01:00+01:00,6659.08,6659.34,6659.06,6659.32,16
SQ:NAS100,2018-01-08T12:02:00+01:00,6659.33,6660.07,6659.33,6660.06,36
SQ:NAS100,2018-01-08T12:03:00+01:00,6659.95,6660.08,6659.33,6659.33,49
SQ:NAS100,2018-01-08T12:04:00+01:00,6659.32,6659.32,6658.83,6658.83,19
SQ:NAS100,2018-01-08T12:05:00+01:00,6658.82,6659.19,6658.82,6658.82,43
SQ:NAS100,2018-01-08T12:06:00+01:00,6658.81,6658.82,6658.04,6658.04,24
SQ:NAS100,2018-01-08T12:07:00+01:00,6658.05,6658.19,6657.29,6657.30,33
SQ:NAS100,2018-01-08T12:08:00+01:00,6657.31,6657.81,6657.31,6657.56,46
SQ:NAS100,2018-01-08T12:09:00+01:00,6657.57,6657.93,6657.19,6657.93,39
SQ:NAS100,2018-01-08T12:10:00+01:00,6657.84,6658.81,6657.57,6658.81,44
SQ:NAS100,2018-01-08T12:11:00+01:00,6658.82,6659.56,6658.57,6659.56,49
SQ:NAS100,2018-01-08T12:12:00+01:00,6659.57,6660.05,6659.44,6659.68,53
SQ:NAS100,2018-01-08T12:13:00+01:00,6659.69,6659.82,6659.58,6659.80,15
SQ:NAS100,2018-01-08T12:14:00+01:00,6659.95,6660.08,6659.58,6660.06,38
SQ:NAS100,2018-01-08T12:15:00+01:00,6660.07,6660.07,6659.55,6659.55,37
SQ:NAS100,2018-01-08T12:16:00+01:00,6659.54,6659.56,6659.54,6659.54,23
SQ:NAS100,2018-01-08T12:17:00+01:00,6659.33,6659.33,6658.31,6658.31,35
SQ:NAS100,2018-01-08T12:18:00+01:00,6658.30,6658.30,6657.69,6657.82,41
SQ:NAS100,2018-01-08T12:19:00+01:00,6658.04,6658.33,6657.83,6658.04,26
SQ:NAS100,2018-01-08T12:20:00+01:00,6658.05,6658.06,6658.04,6658.06,13
SQ:NAS100,2018-01-08T12:21:00+01:00,6658.05,6658.05,6655.83,6655.83,58
SQ:NAS100,2018-01-08T12:22:00+01:00,6655.82,6656.83,6655.80,6656.57,59
SQ:NAS100,2018-01-08T12:23:00+01:00,6656.68,6656.81,6656.34,6656.34,29
SQ:NAS100,2018-01-08T12:24:00+01:00,6656.33,6656.68,6656.08,6656.54,35
SQ:NAS100,2018-01-08T12:25:00+01:00,6656.55,6656.81,6656.45,6656.54,36
SQ:NAS100,2018-01-08T12:26:00+01:00,6656.56,6656.56,6656.04,6656.04,26
SQ:NAS100,2018-01-08T12:27:00+01:00,6656.05,6656.80,6655.95,6656.59,43
SQ:NAS100,2018-01-08T12:28:00+01:00,6656.58,6656.58,6655.82,6656.33,31
SQ:NAS100,2018-01-08T12:29:00+01:00,6656.54,6656.56,6656.30,6656.32,37
SQ:NAS100,2018-01-08T12:30:00+01:00,6656.33,6657.05,6656.07,6657.04,27
SQ:NAS100,2018-01-08T12:31:00+01:00,6657.05,6657.05,6656.58,6656.69,43
SQ:NAS100,2018-01-08T12:32:00+01:00,6656.70,6656.80,6656.08,6656.08,36
SQ:NAS100,2018-01-08T12:33:00+01:00,6656.07,6656.08,6655.79,6655.79,18
SQ:NAS100,2018-01-08T12:34:00+01:00,6655.80,6656.33,6655.80,6656.32,44
SQ:NAS100,2018-01-08T12:35:00+01:00,6656.31,6656.31,6655.95,6656.06,20
SQ:NAS100,2018-01-08T12:36:00+01:00,6656.05,6656.05,6655.79,6655.83,20
SQ:NAS100,2018-01-08T12:37:00+01:00,6655.84,6656.09,6655.56,6656.05,33
SQ:NAS100,2018-01-08T12:38:00+01:00,6656.06,6656.58,6655.83,6656.58,41
SQ:NAS100,2018-01-08T12:39:00+01:00,6656.59,6656.59,6656.35,6656.58,32
SQ:NAS100,2018-01-08T12:40:00+01:00,6656.46,6657.32,6656.46,6656.81,53
SQ:NAS100,2018-01-08T12:41:00+01:00,6656.69,6656.82,6656.44,6656.57,27
SQ:NAS100,2018-01-08T12:42:00+01:00,6656.58,6657.07,6656.58,6657.07,18
SQ:NAS100,2018-01-08T12:43:00+01:00,6657.06,6657.07,6657.04,6657.07,13
SQ:NAS100,2018-01-08T12:44:00+01:00,6657.06,6657.06,6656.34,6656.58,32
SQ:NAS100,2018-01-08T12:45:00+01:00,6656.68,6657.06,6656.34,6656.59,37
SQ:NAS100,2018-01-08T12:46:00+01:00,6656.80,6656.94,6656.34,6656.79,47
SQ:NAS100,2018-01-08T12:47:00+01:00,6656.80,6656.80,6656.34,6656.45,31
SQ:NAS100,2018-01-08T12:48:00+01:00,6656.44,6657.06,6656.34,6656.95,23
SQ:NAS100,2018-01-08T12:49:00+01:00,6656.94,6657.04,6656.81,6656.83,24
SQ:NAS100,2018-01-08T12:50:00+01:00,6656.82,6656.82,6655.29,6655.33,48
SQ:NAS100,2018-01-08T12:51:00+01:00,6655.30,6655.58,6655.29,6655.34,43
SQ:NAS100,2018-01-08T12:52:00+01:00,6655.33,6655.33,6654.06,6654.55,49
SQ:NAS100,2018-01-08T12:53:00+01:00,6654.56,6654.82,6651.81,6652.82,86
SQ:NAS100,2018-01-08T12:54:00+01:00,6652.81,6653.31,6652.55,6653.29,55
SQ:NAS100,2018-01-08T12:55:00+01:00,6653.18,6653.56,6652.58,6652.80,57
SQ:NAS100,2018-01-08T12:56:00+01:00,6652.81,6653.31,6652.79,6653.08,59
SQ:NAS100,2018-01-08T12:57:00+01:00,6653.09,6653.31,6652.30,6652.31,34
SQ:NAS100,2018-01-08T12:58:00+01:00,6652.30,6652.31,6650.06,6650.33,59
SQ:NAS100,2018-01-08T12:59:00+01:00,6650.80,6650.82,6648.78,6649.59,80
SQ:NAS100,2018-01-08T13:00:00+01:00,6649.83,6649.83,6648.69,6648.80,71
SQ:NAS100,2018-01-08T13:01:00+01:00,6648.81,6650.06,6648.79,6649.70,73
SQ:NAS100,2018-01-08T13:02:00+01:00,6649.79,6649.80,6648.58,6648.58,73
SQ:NAS100,2018-01-08T13:03:00+01:00,6648.59,6649.06,6647.59,6649.06,98
SQ:NAS100,2018-01-08T13:04:00+01:00,6649.07,6649.56,6648.33,6649.55,70
SQ:NAS100,2018-01-08T13:05:00+01:00,6649.56,6649.79,6649.08,6649.19,50
SQ:NAS100,2018-01-08T13:06:00+01:00,6649.20,6649.54,6647.94,6648.58,85
SQ:NAS100,2018-01-08T13:07:00+01:00,6648.56,6649.29,6648.29,6648.33,87
SQ:NAS100,2018-01-08T13:08:00+01:00,6648.32,6649.94,6647.82,6649.70,78
SQ:NAS100,2018-01-08T13:09:00+01:00,6649.69,6650.43,6649.54,6650.33,47
SQ:NAS100,2018-01-08T13:10:00+01:00,6650.34,6650.44,6649.08,6649.32,63
SQ:NAS100,2018-01-08T13:11:00+01:00,6649.33,6650.29,6649.31,6649.54,50
SQ:NAS100,2018-01-08T13:12:00+01:00,6649.55,6650.70,6649.31,6650.31,69
SQ:NAS100,2018-01-08T13:13:00+01:00,6650.30,6650.54,6649.70,6649.80,57
SQ:NAS100,2018-01-08T13:14:00+01:00,6649.81,6651.05,6649.69,6651.05,63
SQ:NAS100,2018-01-08T13:15:00+01:00,6651.04,6651.09,6650.34,6650.34,65
SQ:NAS100,2018-01-08T13:16:00+01:00,6650.33,6650.69,6650.04,6650.06,73
SQ:NAS100,2018-01-08T13:17:00+01:00,6650.05,6650.33,6649.30,6649.32,52
SQ:NAS100,2018-01-08T13:18:00+01:00,6649.30,6649.82,6649.30,6649.58,56
SQ:NAS100,2018-01-08T13:19:00+01:00,6649.56,6649.56,6648.30,6648.31,41
SQ:NAS100,2018-01-08T13:20:00+01:00,6648.30,6649.33,6648.29,6649.31,84
SQ:NAS100,2018-01-08T13:21:00+01:00,6649.32,6649.69,6649.31,6649.44,42
SQ:NAS100,2018-01-08T13:22:00+01:00,6649.32,6649.59,6649.19,6649.33,36
SQ:NAS100,2018-01-08T13:23:00+01:00,6649.34,6649.59,6648.79,6648.80,36
SQ:NAS100,2018-01-08T13:24:00+01:00,6648.81,6649.09,6648.56,6649.07,36
SQ:NAS100,2018-01-08T13:25:00+01:00,6649.08,6649.09,6648.43,6648.57,49
SQ:NAS100,2018-01-08T13:26:00+01:00,6648.58,6648.58,6647.84,6647.95,57
SQ:NAS100,2018-01-08T13:27:00+01:00,6647.94,6647.95,6646.21,6646.29,72
SQ:NAS100,2018-01-08T13:28:00+01:00,6646.80,6647.31,6645.08,6645.08,105
SQ:NAS100,2018-01-08T13:29:00+01:00,6645.07,6645.82,6645.07,6645.82,83
SQ:NAS100,2018-01-08T13:30:00+01:00,6645.57,6646.57,6645.57,6646.31,89
SQ:NAS100,2018-01-08T13:31:00+01:00,6646.34,6646.78,6646.34,6646.56,62
SQ:NAS100,2018-01-08T13:32:00+01:00,6646.57,6647.09,6646.31,6647.05,58
SQ:NAS100,2018-01-08T13:33:00+01:00,6646.94,6647.83,6646.79,6647.60,77
SQ:NAS100,2018-01-08T13:34:00+01:00,6647.59,6648.09,6647.59,6648.09,65
SQ:NAS100,2018-01-08T13:35:00+01:00,6648.29,6648.29,6646.44,6646.44,71
SQ:NAS100,2018-01-08T13:36:00+01:00,6646.19,6646.31,6645.57,6645.82,55
SQ:NAS100,2018-01-08T13:37:00+01:00,6645.83,6646.09,6644.83,6644.83,54
SQ:NAS100,2018-01-08T13:38:00+01:00,6644.84,6645.84,6644.79,6645.32,63
SQ:NAS100,2018-01-08T13:39:00+01:00,6645.20,6645.45,6644.80,6645.07,38
SQ:NAS100,2018-01-08T13:40:00+01:00,6645.08,6645.67,6645.07,6645.43,68
SQ:NAS100,2018-01-08T13:41:00+01:00,6645.34,6645.56,6645.18,6645.28,32
SQ:NAS100,2018-01-08T13:42:00+01:00,6645.29,6645.93,6644.71,6644.79,71
SQ:NAS100,2018-01-08T13:43:00+01:00,6644.80,6645.09,6644.29,6644.59,73
SQ:NAS100,2018-01-08T13:44:00+01:00,6644.58,6645.55,6644.58,6645.32,68
SQ:NAS100,2018-01-08T13:45:00+01:00,6645.33,6645.54,6644.22,6644.32,59
SQ:NAS100,2018-01-08T13:46:00+01:00,6644.33,6644.57,6644.30,6644.56,47
SQ:NAS100,2018-01-08T13:47:00+01:00,6644.55,6644.83,6644.30,6644.54,62
SQ:NAS100,2018-01-08T13:48:00+01:00,6644.33,6644.84,6644.20,6644.31,63
SQ:NAS100,2018-01-08T13:49:00+01:00,6644.32,6644.79,6643.09,6643.10,70
SQ:NAS100,2018-01-08T13:50:00+01:00,6643.22,6644.06,6642.54,6644.04,84
SQ:NAS100,2018-01-08T13:51:00+01:00,6644.09,6645.33,6644.09,6644.58,68
SQ:NAS100,2018-01-08T13:52:00+01:00,6644.59,6644.69,6643.05,6643.06,67
SQ:NAS100,2018-01-08T13:53:00+01:00,6643.54,6645.19,6643.54,6645.19,74
SQ:NAS100,2018-01-08T13:54:00+01:00,6645.09,6646.31,6645.08,6646.31,65
SQ:NAS100,2018-01-08T13:55:00+01:00,6646.08,6647.59,6646.07,6647.18,67
SQ:NAS100,2018-01-08T13:56:00+01:00,6647.09,6647.29,6646.54,6647.29,60
SQ:NAS100,2018-01-08T13:57:00+01:00,6647.07,6648.08,6646.81,6647.95,56
SQ:NAS100,2018-01-08T13:58:00+01:00,6647.94,6648.34,6647.09,6648.33,67
SQ:NAS100,2018-01-08T13:59:00+01:00,6648.44,6648.84,6647.69,6647.69,36
SQ:NAS100,2018-01-08T14:00:00+01:00,6647.58,6648.04,6647.04,6647.04,53
SQ:NAS100,2018-01-08T14:01:00+01:00,6646.94,6647.31,6646.07,6646.53,32
SQ:NAS100,2018-01-08T14:02:00+01:00,6646.42,6647.55,6646.42,6647.44,38
SQ:NAS100,2018-01-08T14:03:00+01:00,6647.45,6648.56,6647.44,6647.82,61
SQ:NAS100,2018-01-08T14:04:00+01:00,6647.81,6648.20,6647.81,6648.09,28
SQ:NAS100,2018-01-08T14:05:00+01:00,6648.08,6648.94,6647.94,6648.58,46
SQ:NAS100,2018-01-08T14:06:00+01:00,6648.57,6649.57,6648.34,6649.57,60
SQ:NAS100,2018-01-08T14:07:00+01:00,6649.56,6649.80,6648.32,6648.69,91
SQ:NAS100,2018-01-08T14:08:00+01:00,6648.58,6648.80,6648.33,6648.44,33
SQ:NAS100,2018-01-08T14:09:00+01:00,6648.55,6649.33,6648.55,6649.07,35
SQ:NAS100,2018-01-08T14:10:00+01:00,6648.81,6649.06,6648.57,6648.59,24
SQ:NAS100,2018-01-08T14:11:00+01:00,6648.58,6648.58,6646.82,6646.83,43
SQ:NAS100,2018-01-08T14:12:00+01:00,6646.82,6646.82,6646.56,6646.57,41
SQ:NAS100,2018-01-08T14:13:00+01:00,6646.56,6647.31,6646.56,6647.31,29
SQ:NAS100,2018-01-08T14:14:00+01:00,6647.30,6647.30,6646.08,6646.31,38
SQ:NAS100,2018-01-08T14:15:00+01:00,6646.09,6646.83,6646.09,6646.69,22
SQ:NAS100,2018-01-08T14:16:00+01:00,6646.79,6646.82,6646.30,6646.57,32
SQ:NAS100,2018-01-08T14:17:00+01:00,6646.82,6647.04,6645.96,6646.05,40
SQ:NAS100,2018-01-08T14:18:00+01:00,6645.96,6646.30,6645.32,6645.81,42
SQ:NAS100,2018-01-08T14:19:00+01:00,6645.79,6645.79,6645.09,6645.54,31
SQ:NAS100,2018-01-08T14:20:00+01:00,6645.56,6645.58,6644.08,6644.33,59
SQ:NAS100,2018-01-08T14:21:00+01:00,6644.54,6645.31,6644.44,6645.05,48
SQ:NAS100,2018-01-08T14:22:00+01:00,6645.04,6645.05,6644.20,6644.31,47
SQ:NAS100,2018-01-08T14:23:00+01:00,6644.32,6646.06,6644.32,6646.04,52
SQ:NAS100,2018-01-08T14:24:00+01:00,6646.05,6646.08,6645.82,6646.08,17
SQ:NAS100,2018-01-08T14:25:00+01:00,6646.09,6646.29,6644.34,6644.56,38
SQ:NAS100,2018-01-08T14:26:00+01:00,6644.55,6644.58,6644.29,6644.34,46
SQ:NAS100,2018-01-08T14:27:00+01:00,6643.80,6643.81,6642.44,6642.69,74
SQ:NAS100,2018-01-08T14:28:00+01:00,6642.08,6642.56,6641.31,6641.32,75
SQ:NAS100,2018-01-08T14:29:00+01:00,6641.34,6642.04,6641.34,6642.04,70
SQ:NAS100,2018-01-08T14:30:00+01:00,6642.05,6642.59,6641.84,6642.56,84
SQ:NAS100,2018-01-08T14:31:00+01:00,6642.57,6643.07,6642.57,6642.81,51
SQ:NAS100,2018-01-08T14:32:00+01:00,6642.82,6643.60,6642.58,6643.58,32
SQ:NAS100,2018-01-08T14:33:00+01:00,6643.59,6644.33,6643.58,6644.08,44
SQ:NAS100,2018-01-08T14:34:00+01:00,6644.07,6644.32,6643.55,6643.55,40
SQ:NAS100,2018-01-08T14:35:00+01:00,6643.56,6643.58,6643.06,6643.08,34
SQ:NAS100,2018-01-08T14:36:00+01:00,6643.07,6644.33,6643.07,6644.32,50
SQ:NAS100,2018-01-08T14:37:00+01:00,6644.31,6644.80,6644.08,6644.79,36
SQ:NAS100,2018-01-08T14:38:00+01:00,6644.59,6646.31,6644.59,6646.31,59
SQ:NAS100,2018-01-08T14:39:00+01:00,6646.06,6646.55,6645.58,6646.31,63
SQ:NAS100,2018-01-08T14:40:00+01:00,6646.32,6646.59,6646.06,6646.06,58
SQ:NAS100,2018-01-08T14:41:00+01:00,6646.07,6646.31,6644.81,6645.30,55
SQ:NAS100,2018-01-08T14:42:00+01:00,6645.29,6645.56,6645.20,6645.34,41
SQ:NAS100,2018-01-08T14:43:00+01:00,6645.44,6645.83,6645.44,6645.82,25
SQ:NAS100,2018-01-08T14:44:00+01:00,6645.81,6646.79,6645.81,6646.59,33
SQ:NAS100,2018-01-08T14:45:00+01:00,6646.58,6647.31,6646.58,6646.58,61
SQ:NAS100,2018-01-08T14:46:00+01:00,6646.59,6647.55,6646.57,6647.05,27
SQ:NAS100,2018-01-08T14:47:00+01:00,6646.82,6647.08,6646.82,6647.07,16
SQ:NAS100,2018-01-08T14:48:00+01:00,6647.31,6647.32,6646.81,6646.81,26
SQ:NAS100,2018-01-08T14:49:00+01:00,6646.83,6647.80,6646.81,6647.80,65
SQ:NAS100,2018-01-08T14:50:00+01:00,6647.79,6648.34,6647.31,6647.34,95
SQ:NAS100,2018-01-08T14:51:00+01:00,6647.29,6647.29,6645.56,6645.57,64
SQ:NAS100,2018-01-08T14:52:00+01:00,6645.58,6646.07,6645.56,6645.58,55
SQ:NAS100,2018-01-08T14:53:00+01:00,6645.54,6645.57,6645.06,6645.57,43
SQ:NAS100,2018-01-08T14:54:00+01:00,6645.56,6645.83,6645.06,6645.32,46
SQ:NAS100,2018-01-08T14:55:00+01:00,6645.33,6645.34,6644.54,6645.08,57
SQ:NAS100,2018-01-08T14:56:00+01:00,6645.06,6645.93,6645.05,6645.59,57
SQ:NAS100,2018-01-08T14:57:00+01:00,6645.58,6646.33,6645.57,6646.06,59
SQ:NAS100,2018-01-08T14:58:00+01:00,6646.08,6646.09,6645.34,6645.81,37
SQ:NAS100,2018-01-08T14:59:00+01:00,6645.80,6646.05,6645.33,6646.04,76
SQ:NAS100,2018-01-08T15:00:00+01:00,6645.80,6646.57,6645.79,6646.33,61
SQ:NAS100,2018-01-08T15:01:00+01:00,6646.31,6647.06,6646.20,6647.06,41
SQ:NAS100,2018-01-08T15:02:00+01:00,6647.07,6648.32,6647.07,6648.31,42
SQ:NAS100,2018-01-08T15:03:00+01:00,6648.32,6648.59,6648.09,6648.09,59
SQ:NAS100,2018-01-08T15:04:00+01:00,6648.08,6648.32,6647.81,6647.83,49
SQ:NAS100,2018-01-08T15:05:00+01:00,6648.04,6648.07,6647.06,6647.08,60
SQ:NAS100,2018-01-08T15:06:00+01:00,6647.07,6647.80,6646.81,6647.33,70
SQ:NAS100,2018-01-08T15:07:00+01:00,6647.34,6647.82,6647.34,6647.80,48
SQ:NAS100,2018-01-08T15:08:00+01:00,6647.79,6648.05,6647.79,6647.81,34
SQ:NAS100,2018-01-08T15:09:00+01:00,6647.80,6648.33,6647.60,6648.33,34
SQ:NAS100,2018-01-08T15:10:00+01:00,6648.34,6648.58,6648.29,6648.33,37
SQ:NAS100,2018-01-08T15:11:00+01:00,6648.32,6648.55,6648.31,6648.55,21
SQ:NAS100,2018-01-08T15:12:00+01:00,6648.54,6649.09,6647.70,6647.70,64
SQ:NAS100,2018-01-08T15:13:00+01:00,6647.60,6647.84,6647.29,6647.84,66
SQ:NAS100,2018-01-08T15:14:00+01:00,6647.83,6648.57,6647.79,6648.31,54
SQ:NAS100,2018-01-08T15:15:00+01:00,6648.32,6648.32,6647.70,6647.81,55
SQ:NAS100,2018-01-08T15:16:00+01:00,6647.80,6647.81,6647.05,6647.05,39
SQ:NAS100,2018-01-08T15:17:00+01:00,6647.06,6647.55,6646.83,6647.53,35
SQ:NAS100,2018-01-08T15:18:00+01:00,6647.43,6647.43,6645.56,6645.56,47
SQ:NAS100,2018-01-08T15:19:00+01:00,6645.55,6646.56,6645.55,6646.29,63
SQ:NAS100,2018-01-08T15:20:00+01:00,6646.31,6646.58,6645.60,6645.80,57
SQ:NAS100,2018-01-08T15:21:00+01:00,6645.81,6645.84,6645.33,6645.84,39
SQ:NAS100,2018-01-08T15:22:00+01:00,6645.83,6646.07,6645.57,6646.07,34
SQ:NAS100,2018-01-08T15:23:00+01:00,6646.08,6646.35,6646.05,6646.31,46
SQ:NAS100,2018-01-08T15:24:00+01:00,6646.30,6646.30,6645.81,6646.07,26
SQ:NAS100,2018-01-08T15:25:00+01:00,6646.06,6646.06,6645.32,6645.55,66
SQ:NAS100,2018-01-08T15:26:00+01:00,6645.80,6645.81,6644.56,6644.81,51
SQ:NAS100,2018-01-08T15:27:00+01:00,6644.82,6646.29,6644.79,6646.06,74
SQ:NAS100,2018-01-08T15:28:00+01:00,6645.29,6648.54,6645.29,6647.83,98
SQ:NAS100,2018-01-08T15:29:00+01:00,6647.82,6650.57,6647.81,6649.34,150
SQ:NAS100,2018-01-08T15:30:00+01:00,6649.33,6651.57,6647.80,6650.55,213
SQ:NAS100,2018-01-08T15:31:00+01:00,6650.34,6650.57,6647.31,6648.28,206
SQ:NAS100,2018-01-08T15:32:00+01:00,6648.29,6655.05,6648.05,6654.56,223
SQ:NAS100,2018-01-08T15:33:00+01:00,6654.54,6657.19,6653.07,6656.81,220
SQ:NAS100,2018-01-08T15:34:00+01:00,6656.68,6659.83,6654.84,6655.82,225
SQ:NAS100,2018-01-08T15:35:00+01:00,6655.80,6659.09,6655.80,6656.57,210
SQ:NAS100,2018-01-08T15:36:00+01:00,6656.81,6658.29,6656.08,6657.30,195
SQ:NAS100,2018-01-08T15:37:00+01:00,6657.29,6657.57,6650.55,6651.05,213
SQ:NAS100,2018-01-08T15:38:00+01:00,6650.84,6652.08,6648.03,6650.08,230
SQ:NAS100,2018-01-08T15:39:00+01:00,6650.32,6651.32,6648.21,6650.08,219
SQ:NAS100,2018-01-08T15:40:00+01:00,6650.05,6656.29,6649.82,6656.07,226
SQ:NAS100,2018-01-08T15:41:00+01:00,6655.84,6656.05,6653.08,6654.82,206
SQ:NAS100,2018-01-08T15:42:00+01:00,6654.83,6655.93,6653.81,6655.33,196
SQ:NAS100,2018-01-08T15:43:00+01:00,6655.34,6657.08,6654.04,6657.04,198
SQ:NAS100,2018-01-08T15:44:00+01:00,6656.95,6657.56,6656.28,6656.56,197
SQ:NAS100,2018-01-08T15:45:00+01:00,6656.58,6661.19,6656.58,6660.79,194
SQ:NAS100,2018-01-08T15:46:00+01:00,6660.67,6660.81,6659.04,6659.06,213
SQ:NAS100,2018-01-08T15:47:00+01:00,6658.94,6659.93,6657.81,6658.58,178
SQ:NAS100,2018-01-08T15:48:00+01:00,6658.59,6660.05,6657.82,6658.32,177
SQ:NAS100,2018-01-08T15:49:00+01:00,6658.31,6659.83,6656.84,6659.80,191
SQ:NAS100,2018-01-08T15:50:00+01:00,6659.59,6660.06,6655.82,6656.84,169
SQ:NAS100,2018-01-08T15:51:00+01:00,6656.93,6656.94,6654.30,6655.56,159
SQ:NAS100,2018-01-08T15:52:00+01:00,6655.57,6658.34,6654.81,6658.32,188
SQ:NAS100,2018-01-08T15:53:00+01:00,6658.18,6659.80,6657.56,6658.83,171
SQ:NAS100,2018-01-08T15:54:00+01:00,6658.94,6660.79,6658.56,6659.93,199
SQ:NAS100,2018-01-08T15:55:00+01:00,6660.05,6661.29,6657.34,6657.80,184
SQ:NAS100,2018-01-08T15:56:00+01:00,6657.81,6660.80,6657.55,6660.57,188
SQ:NAS100,2018-01-08T15:57:00+01:00,6660.58,6663.56,6660.04,6661.44,193
SQ:NAS100,2018-01-08T15:58:00+01:00,6661.31,6661.93,6659.58,6659.93,186
SQ:NAS100,2018-01-08T15:59:00+01:00,6659.83,6661.09,6659.06,6659.82,180
SQ:NAS100,2018-01-08T16:00:00+01:00,6659.81,6660.78,6658.30,6658.81,196
SQ:NAS100,2018-01-08T16:01:00+01:00,6658.80,6659.33,6656.08,6656.28,182
SQ:NAS100,2018-01-08T16:02:00+01:00,6656.32,6658.83,6656.19,6657.80,186
SQ:NAS100,2018-01-08T16:03:00+01:00,6657.81,6658.57,6655.81,6655.81,186
SQ:NAS100,2018-01-08T16:04:00+01:00,6655.79,6657.06,6655.33,6656.19,177
SQ:NAS100,2018-01-08T16:05:00+01:00,6656.07,6656.81,6654.19,6654.55,190
SQ:NAS100,2018-01-08T16:06:00+01:00,6654.28,6657.30,6654.28,6657.30,173
SQ:NAS100,2018-01-08T16:07:00+01:00,6656.95,6659.09,6655.07,6655.29,171
SQ:NAS100,2018-01-08T16:08:00+01:00,6655.31,6655.79,6649.07,6649.43,217
SQ:NAS100,2018-01-08T16:09:00+01:00,6649.33,6650.59,6647.83,6649.05,188
SQ:NAS100,2018-01-08T16:10:00+01:00,6649.03,6651.69,6648.29,6651.08,203
SQ:NAS100,2018-01-08T16:11:00+01:00,6651.58,6652.33,6650.06,6651.58,189
SQ:NAS100,2018-01-08T16:12:00+01:00,6651.60,6652.79,6651.19,6652.33,164
SQ:NAS100,2018-01-08T16:13:00+01:00,6652.58,6655.30,6652.34,6653.80,175
SQ:NAS100,2018-01-08T16:14:00+01:00,6653.79,6657.30,6653.79,6656.94,148
SQ:NAS100,2018-01-08T16:15:00+01:00,6656.85,6658.83,6656.68,6658.81,177
SQ:NAS100,2018-01-08T16:16:00+01:00,6658.58,6660.07,6657.57,6657.79,164
SQ:NAS100,2018-01-08T16:17:00+01:00,6657.69,6658.57,6657.07,6658.04,164
SQ:NAS100,2018-01-08T16:18:00+01:00,6657.95,6659.83,6657.95,6659.09,161
SQ:NAS100,2018-01-08T16:19:00+01:00,6659.56,6661.07,6659.20,6660.83,169
SQ:NAS100,2018-01-08T16:20:00+01:00,6660.81,6661.55,6659.31,6659.94,170
SQ:NAS100,2018-01-08T16:21:00+01:00,6660.04,6662.28,6659.80,6661.31,160
SQ:NAS100,2018-01-08T16:22:00+01:00,6661.09,6662.33,6660.56,6662.32,140
SQ:NAS100,2018-01-08T16:23:00+01:00,6662.30,6663.04,6661.80,6662.55,132
SQ:NAS100,2018-01-08T16:24:00+01:00,6662.54,6663.07,6661.06,6661.59,133
SQ:NAS100,2018-01-08T16:25:00+01:00,6661.58,6663.08,6661.57,6661.82,125
SQ:NAS100,2018-01-08T16:26:00+01:00,6661.83,6666.58,6661.83,6666.58,179
SQ:NAS100,2018-01-08T16:27:00+01:00,6666.59,6666.59,6664.57,6664.80,123
SQ:NAS100,2018-01-08T16:28:00+01:00,6664.79,6666.79,6664.08,6666.53,152
SQ:NAS100,2018-01-08T16:29:00+01:00,6666.43,6667.81,6665.79,6667.08,115
SQ:NAS100,2018-01-08T16:30:00+01:00,6667.31,6667.79,6666.09,6666.81,177
SQ:NAS100,2018-01-08T16:31:00+01:00,6666.80,6667.59,6666.08,6666.09,145
SQ:NAS100,2018-01-08T16:32:00+01:00,6666.10,6670.19,6666.10,6668.55,177
SQ:NAS100,2018-01-08T16:33:00+01:00,6668.56,6669.08,6667.33,6668.79,141
SQ:NAS100,2018-01-08T16:34:00+01:00,6668.59,6670.29,6668.31,6668.32,127
SQ:NAS100,2018-01-08T16:35:00+01:00,6668.80,6670.04,6667.08,6667.08,181
SQ:NAS100,2018-01-08T16:36:00+01:00,6667.06,6667.58,6665.81,6666.07,152
SQ:NAS100,2018-01-08T16:37:00+01:00,6666.05,6666.54,6665.31,6666.07,135
SQ:NAS100,2018-01-08T16:38:00+01:00,6666.29,6667.06,6665.06,6665.08,118
SQ:NAS100,2018-01-08T16:39:00+01:00,6665.06,6666.53,6664.82,6664.82,122
SQ:NAS100,2018-01-08T16:40:00+01:00,6665.05,6665.30,6664.08,6664.54,153
SQ:NAS100,2018-01-08T16:41:00+01:00,6664.68,6665.07,6663.58,6664.55,158
SQ:NAS100,2018-01-08T16:42:00+01:00,6664.56,6664.56,6662.81,6662.82,162
SQ:NAS100,2018-01-08T16:43:00+01:00,6662.79,6663.31,6660.94,6663.18,154
SQ:NAS100,2018-01-08T16:44:00+01:00,6663.19,6663.84,6660.04,6661.08,167
SQ:NAS100,2018-01-08T16:45:00+01:00,6661.05,6661.68,6659.94,6660.58,130
SQ:NAS100,2018-01-08T16:46:00+01:00,6660.81,6664.54,6660.57,6664.43,145
SQ:NAS100,2018-01-08T16:47:00+01:00,6664.54,6666.10,6664.09,6664.58,183
SQ:NAS100,2018-01-08T16:48:00+01:00,6664.59,6665.30,6663.31,6663.70,158
SQ:NAS100,2018-01-08T16:49:00+01:00,6663.79,6665.56,6663.59,6665.08,166
SQ:NAS100,2018-01-08T16:50:00+01:00,6665.31,6666.83,6665.04,6666.80,162
SQ:NAS100,2018-01-08T16:51:00+01:00,6666.59,6666.80,6665.31,6666.80,153
SQ:NAS100,2018-01-08T16:52:00+01:00,6666.81,6667.80,6666.54,6667.80,126
SQ:NAS100,2018-01-08T16:53:00+01:00,6668.05,6668.05,6666.08,6666.82,143
SQ:NAS100,2018-01-08T16:54:00+01:00,6666.81,6666.81,6665.83,6666.08,122
SQ:NAS100,2018-01-08T16:55:00+01:00,6666.07,6667.19,6663.70,6663.85,160
SQ:NAS100,2018-01-08T16:56:00+01:00,6663.84,6665.32,6663.84,6664.57,122
SQ:NAS100,2018-01-08T16:57:00+01:00,6664.54,6666.29,6664.06,6665.32,161
SQ:NAS100,2018-01-08T16:58:00+01:00,6665.31,6666.80,6665.29,6665.81,141
SQ:NAS100,2018-01-08T16:59:00+01:00,6665.82,6667.34,6665.82,6667.09,145
SQ:NAS100,2018-01-08T17:00:00+01:00,6667.06,6667.06,6665.09,6666.20,171
SQ:NAS100,2018-01-08T17:01:00+01:00,6666.33,6667.44,6665.80,6666.44,150
SQ:NAS100,2018-01-08T17:02:00+01:00,6666.54,6667.07,6665.83,6666.05,125
SQ:NAS100,2018-01-08T17:03:00+01:00,6666.06,6666.31,6664.71,6665.06,118
SQ:NAS100,2018-01-08T17:04:00+01:00,6665.08,6665.81,6664.55,6665.44,126
SQ:NAS100,2018-01-08T17:05:00+01:00,6665.55,6666.08,6665.04,6666.07,106
SQ:NAS100,2018-01-08T17:06:00+01:00,6666.04,6666.59,6664.79,6666.29,140
SQ:NAS100,2018-01-08T17:07:00+01:00,6666.10,6667.32,6665.80,6666.82,130
SQ:NAS100,2018-01-08T17:08:00+01:00,6666.83,6668.30,6666.81,6667.69,96
SQ:NAS100,2018-01-08T17:09:00+01:00,6667.60,6667.69,6666.53,6667.32,149
SQ:NAS100,2018-01-08T17:10:00+01:00,6667.34,6668.18,6666.56,6667.06,97
SQ:NAS100,2018-01-08T17:11:00+01:00,6667.79,6669.30,6667.69,6669.05,124
SQ:NAS100,2018-01-08T17:12:00+01:00,6669.06,6669.55,6668.31,6668.54,119
SQ:NAS100,2018-01-08T17:13:00+01:00,6668.53,6669.30,6667.94,6668.81,108
SQ:NAS100,2018-01-08T17:14:00+01:00,6669.07,6672.55,6669.07,6672.55,116
SQ:NAS100,2018-01-08T17:15:00+01:00,6672.60,6672.60,6670.54,6670.59,143
SQ:NAS100,2018-01-08T17:16:00+01:00,6670.69,6671.31,6670.34,6670.57,130
SQ:NAS100,2018-01-08T17:17:00+01:00,6670.56,6670.56,6669.05,6669.33,107
SQ:NAS100,2018-01-08T17:18:00+01:00,6669.34,6670.59,6669.34,6670.18,111
SQ:NAS100,2018-01-08T17:19:00+01:00,6670.29,6671.30,6669.58,6671.30,109
SQ:NAS100,2018-01-08T17:20:00+01:00,6671.19,6671.28,6670.33,6671.06,105
SQ:NAS100,2018-01-08T17:21:00+01:00,6671.18,6671.54,6670.30,6670.82,117
SQ:NAS100,2018-01-08T17:22:00+01:00,6671.03,6672.56,6671.03,6671.82,125
SQ:NAS100,2018-01-08T17:23:00+01:00,6671.81,6673.34,6671.56,6673.31,129
SQ:NAS100,2018-01-08T17:24:00+01:00,6673.56,6674.34,6673.08,6673.08,133
SQ:NAS100,2018-01-08T17:25:00+01:00,6673.09,6673.30,6672.09,6672.57,143
SQ:NAS100,2018-01-08T17:26:00+01:00,6672.59,6673.32,6672.08,6672.82,147
SQ:NAS100,2018-01-08T17:27:00+01:00,6672.79,6674.19,6672.79,6673.69,122
SQ:NAS100,2018-01-08T17:28:00+01:00,6673.79,6674.93,6673.30,6673.33,141
SQ:NAS100,2018-01-08T17:29:00+01:00,6673.32,6673.32,6672.30,6672.30,107
SQ:NAS100,2018-01-08T17:30:00+01:00,6672.31,6672.81,6671.81,6672.80,139
SQ:NAS100,2018-01-08T17:31:00+01:00,6672.79,6673.30,6672.33,6672.83,112
SQ:NAS100,2018-01-08T17:32:00+01:00,6672.82,6673.54,6672.80,6673.19,99
SQ:NAS100,2018-01-08T17:33:00+01:00,6673.30,6674.69,6673.04,6674.69,124
SQ:NAS100,2018-01-08T17:34:00+01:00,6674.58,6675.32,6672.83,6673.83,160
SQ:NAS100,2018-01-08T17:35:00+01:00,6673.94,6674.57,6673.78,6674.05,141
SQ:NAS100,2018-01-08T17:36:00+01:00,6674.07,6675.79,6674.04,6674.57,133
SQ:NAS100,2018-01-08T17:37:00+01:00,6674.81,6675.31,6673.94,6674.34,121
SQ:NAS100,2018-01-08T17:38:00+01:00,6674.43,6675.09,6674.05,6675.07,114
SQ:NAS100,2018-01-08T17:39:00+01:00,6675.30,6675.80,6674.69,6675.59,116
SQ:NAS100,2018-01-08T17:40:00+01:00,6675.79,6678.05,6675.79,6677.31,148
SQ:NAS100,2018-01-08T17:41:00+01:00,6677.30,6677.35,6675.58,6675.58,127
SQ:NAS100,2018-01-08T17:42:00+01:00,6675.59,6676.29,6675.09,6675.31,107
SQ:NAS100,2018-01-08T17:43:00+01:00,6675.09,6675.81,6675.09,6675.55,83
SQ:NAS100,2018-01-08T17:44:00+01:00,6675.56,6675.83,6675.08,6675.28,113
SQ:NAS100,2018-01-08T17:45:00+01:00,6675.10,6675.29,6673.79,6674.30,115
SQ:NAS100,2018-01-08T17:46:00+01:00,6674.53,6674.68,6672.82,6674.06,111
SQ:NAS100,2018-01-08T17:47:00+01:00,6674.07,6674.31,6672.59,6672.83,115
SQ:NAS100,2018-01-08T17:48:00+01:00,6672.81,6673.09,6672.58,6672.85,84
SQ:NAS100,2018-01-08T17:49:00+01:00,6673.28,6673.32,6672.58,6672.58,90
SQ:NAS100,2018-01-08T17:50:00+01:00,6672.57,6672.57,6670.82,6671.69,92
SQ:NAS100,2018-01-08T17:51:00+01:00,6671.55,6672.06,6671.05,6672.06,104
SQ:NAS100,2018-01-08T17:52:00+01:00,6672.07,6672.09,6671.29,6671.34,117
SQ:NAS100,2018-01-08T17:53:00+01:00,6671.31,6671.58,6670.57,6670.57,78
SQ:NAS100,2018-01-08T17:54:00+01:00,6670.58,6671.34,6670.33,6670.58,107
SQ:NAS100,2018-01-08T17:55:00+01:00,6670.60,6671.06,6670.32,6670.55,93
SQ:NAS100,2018-01-08T17:56:00+01:00,6670.44,6670.81,6670.28,6670.56,91
SQ:NAS100,2018-01-08T17:57:00+01:00,6670.55,6671.44,6670.54,6671.09,110
SQ:NAS100,2018-01-08T17:58:00+01:00,6671.29,6671.83,6670.54,6670.78,110
SQ:NAS100,2018-01-08T17:59:00+01:00,6670.69,6670.82,6670.46,6670.82,94
SQ:NAS100,2018-01-08T18:00:00+01:00,6671.06,6671.59,6669.81,6670.29,101
SQ:NAS100,2018-01-08T18:01:00+01:00,6670.30,6671.84,6670.30,6671.59,107
SQ:NAS100,2018-01-08T18:02:00+01:00,6671.69,6672.08,6671.09,6671.81,100
SQ:NAS100,2018-01-08T18:03:00+01:00,6671.83,6673.03,6671.80,6672.56,101
SQ:NAS100,2018-01-08T18:04:00+01:00,6672.57,6672.59,6671.57,6671.59,72
SQ:NAS100,2018-01-08T18:05:00+01:00,6671.69,6672.54,6671.59,6671.80,101
SQ:NAS100,2018-01-08T18:06:00+01:00,6671.81,6672.82,6671.80,6671.94,118
SQ:NAS100,2018-01-08T18:07:00+01:00,6672.04,6672.56,6671.83,6672.56,103
SQ:NAS100,2018-01-08T18:08:00+01:00,6672.55,6672.56,6672.20,6672.34,45
SQ:NAS100,2018-01-08T18:09:00+01:00,6672.35,6673.03,6672.34,6672.55,57
SQ:NAS100,2018-01-08T18:10:00+01:00,6672.34,6672.57,6672.31,6672.31,70
SQ:NAS100,2018-01-08T18:11:00+01:00,6672.33,6672.55,6669.55,6669.81,123
SQ:NAS100,2018-01-08T18:12:00+01:00,6669.82,6670.79,6669.82,6670.56,113
SQ:NAS100,2018-01-08T18:13:00+01:00,6670.53,6671.44,6670.44,6670.94,101
SQ:NAS100,2018-01-08T18:14:00+01:00,6671.04,6671.59,6670.58,6671.04,88
SQ:NAS100,2018-01-08T18:15:00+01:00,6670.94,6671.83,6670.58,6671.44,99
SQ:NAS100,2018-01-08T18:16:00+01:00,6671.33,6671.55,6670.58,6670.83,85
SQ:NAS100,2018-01-08T18:17:00+01:00,6670.84,6671.93,6670.84,6671.44,114
SQ:NAS100,2018-01-08T18:18:00+01:00,6671.54,6671.59,6670.44,6670.56,97
SQ:NAS100,2018-01-08T18:19:00+01:00,6670.57,6671.54,6670.34,6671.54,85
SQ:NAS100,2018-01-08T18:20:00+01:00,6671.57,6671.59,6671.06,6671.06,77
SQ:NAS100,2018-01-08T18:21:00+01:00,6671.09,6672.06,6671.06,6671.84,95
SQ:NAS100,2018-01-08T18:22:00+01:00,6671.83,6672.55,6671.33,6672.09,95
SQ:NAS100,2018-01-08T18:23:00+01:00,6672.10,6672.19,6671.34,6671.81,81
SQ:NAS100,2018-01-08T18:24:00+01:00,6671.80,6671.80,6670.79,6670.94,65
SQ:NAS100,2018-01-08T18:25:00+01:00,6671.03,6671.59,6671.03,6671.54,92
SQ:NAS100,2018-01-08T18:26:00+01:00,6671.55,6672.07,6671.09,6672.06,99
SQ:NAS100,2018-01-08T18:27:00+01:00,6672.07,6673.08,6671.82,6671.84,108
SQ:NAS100,2018-01-08T18:28:00+01:00,6672.07,6672.69,6671.80,6672.10,88
SQ:NAS100,2018-01-08T18:29:00+01:00,6672.20,6672.34,6671.58,6671.58,85
SQ:NAS100,2018-01-08T18:30:00+01:00,6671.59,6671.70,6669.84,6670.04,100
SQ:NAS100,2018-01-08T18:31:00+01:00,6669.94,6670.08,6668.30,6668.69,119
SQ:NAS100,2018-01-08T18:32:00+01:00,6668.58,6668.58,6666.56,6667.82,143
SQ:NAS100,2018-01-08T18:33:00+01:00,6667.80,6668.18,6666.84,6668.06,117
SQ:NAS100,2018-01-08T18:34:00+01:00,6668.07,6668.83,6667.69,6667.84,100
SQ:NAS100,2018-01-08T18:35:00+01:00,6667.85,6668.70,6667.78,6667.82,108
SQ:NAS100,2018-01-08T18:36:00+01:00,6667.83,6668.04,6666.79,6666.80,102
SQ:NAS100,2018-01-08T18:37:00+01:00,6666.81,6667.55,6666.57,6667.32,99
SQ:NAS100,2018-01-08T18:38:00+01:00,6667.31,6668.85,6666.94,6668.83,112
SQ:NAS100,2018-01-08T18:39:00+01:00,6668.84,6669.30,6668.19,6668.84,93
SQ:NAS100,2018-01-08T18:40:00+01:00,6669.10,6669.58,6669.04,6669.44,99
SQ:NAS100,2018-01-08T18:41:00+01:00,6669.56,6670.31,6669.06,6670.31,88
SQ:NAS100,2018-01-08T18:42:00+01:00,6670.30,6670.32,6669.56,6670.05,88
SQ:NAS100,2018-01-08T18:43:00+01:00,6670.04,6670.60,6669.83,6670.60,117
SQ:NAS100,2018-01-08T18:44:00+01:00,6670.80,6671.33,6670.57,6670.83,91
SQ:NAS100,2018-01-08T18:45:00+01:00,6670.85,6670.85,6668.34,6668.81,109
SQ:NAS100,2018-01-08T18:46:00+01:00,6668.93,6669.31,6668.33,6669.09,76
SQ:NAS100,2018-01-08T18:47:00+01:00,6669.18,6669.29,6667.60,6667.82,90
SQ:NAS100,2018-01-08T18:48:00+01:00,6668.06,6669.34,6668.06,6668.82,60
SQ:NAS100,2018-01-08T18:49:00+01:00,6668.83,6669.35,6668.57,6668.83,85
SQ:NAS100,2018-01-08T18:50:00+01:00,6668.82,6669.81,6668.81,6669.44,92
SQ:NAS100,2018-01-08T18:51:00+01:00,6669.29,6670.06,6669.05,6669.70,114
SQ:NAS100,2018-01-08T18:52:00+01:00,6669.60,6669.82,6668.79,6669.57,69
SQ:NAS100,2018-01-08T18:53:00+01:00,6669.58,6670.18,6669.58,6670.10,41
SQ:NAS100,2018-01-08T18:54:00+01:00,6670.18,6670.31,6669.28,6669.33,59
SQ:NAS100,2018-01-08T18:55:00+01:00,6669.34,6669.43,6668.09,6669.08,109
SQ:NAS100,2018-01-08T18:56:00+01:00,6669.09,6669.83,6668.84,6669.33,106
SQ:NAS100,2018-01-08T18:57:00+01:00,6669.43,6670.04,6668.79,6669.06,90
SQ:NAS100,2018-01-08T18:58:00+01:00,6668.85,6669.80,6668.81,6669.80,67
SQ:NAS100,2018-01-08T18:59:00+01:00,6669.79,6669.79,6668.57,6669.33,93
SQ:NAS100,2018-01-08T19:00:00+01:00,6669.80,6671.06,6669.55,6671.06,138
SQ:NAS100,2018-01-08T19:01:00+01:00,6671.04,6671.42,6670.81,6670.81,101
SQ:NAS100,2018-01-08T19:02:00+01:00,6670.95,6671.03,6669.79,6669.79,98
SQ:NAS100,2018-01-08T19:03:00+01:00,6669.80,6670.43,6669.55,6670.43,102
SQ:NAS100,2018-01-08T19:04:00+01:00,6670.34,6670.94,6670.09,6670.33,112
SQ:NAS100,2018-01-08T19:05:00+01:00,6670.32,6671.07,6670.31,6671.04,70
SQ:NAS100,2018-01-08T19:06:00+01:00,6670.85,6670.85,6670.04,6670.05,76
SQ:NAS100,2018-01-08T19:07:00+01:00,6670.07,6670.34,6669.82,6670.34,78
SQ:NAS100,2018-01-08T19:08:00+01:00,6670.32,6671.07,6670.32,6671.07,76
SQ:NAS100,2018-01-08T19:09:00+01:00,6671.06,6671.30,6670.09,6671.06,86
SQ:NAS100,2018-01-08T19:10:00+01:00,6671.07,6671.32,6670.94,6671.31,68
SQ:NAS100,2018-01-08T19:11:00+01:00,6671.28,6671.30,6670.32,6670.44,86
SQ:NAS100,2018-01-08T19:12:00+01:00,6670.53,6670.59,6668.85,6669.29,99
SQ:NAS100,2018-01-08T19:13:00+01:00,6669.20,6669.20,6667.81,6669.06,117
SQ:NAS100,2018-01-08T19:14:00+01:00,6669.05,6670.59,6669.05,6670.55,88
SQ:NAS100,2018-01-08T19:15:00+01:00,6670.54,6670.81,6670.19,6670.32,108
SQ:NAS100,2018-01-08T19:16:00+01:00,6670.35,6670.57,6669.30,6669.56,100
SQ:NAS100,2018-01-08T19:17:00+01:00,6669.58,6672.32,6669.44,6672.31,129
SQ:NAS100,2018-01-08T19:18:00+01:00,6672.33,6672.44,6671.79,6671.79,119
SQ:NAS100,2018-01-08T19:19:00+01:00,6671.80,6672.28,6671.19,6671.55,97
SQ:NAS100,2018-01-08T19:20:00+01:00,6671.57,6671.79,6670.68,6671.59,111
SQ:NAS100,2018-01-08T19:21:00+01:00,6671.58,6671.69,6670.94,6671.09,107
SQ:NAS100,2018-01-08T19:22:00+01:00,6671.08,6671.81,6670.81,6671.08,89
SQ:NAS100,2018-01-08T19:23:00+01:00,6671.07,6672.78,6671.06,6672.69,90
SQ:NAS100,2018-01-08T19:24:00+01:00,6672.60,6673.18,6672.05,6672.94,88
SQ:NAS100,2018-01-08T19:25:00+01:00,6673.03,6674.08,6673.03,6673.85,128
SQ:NAS100,2018-01-08T19:26:00+01:00,6674.03,6674.07,6673.32,6673.59,113
SQ:NAS100,2018-01-08T19:27:00+01:00,6673.58,6674.04,6673.29,6673.44,82
SQ:NAS100,2018-01-08T19:28:00+01:00,6673.35,6674.30,6673.09,6673.83,93
SQ:NAS100,2018-01-08T19:29:00+01:00,6674.05,6674.05,6673.30,6673.58,106
SQ:NAS100,2018-01-08T19:30:00+01:00,6673.59,6673.59,6672.79,6672.79,70
SQ:NAS100,2018-01-08T19:31:00+01:00,6672.80,6673.58,6671.57,6671.80,105
SQ:NAS100,2018-01-08T19:32:00+01:00,6671.79,6672.56,6671.53,6672.56,120
SQ:NAS100,2018-01-08T19:33:00+01:00,6672.53,6672.56,6671.34,6672.06,109
SQ:NAS100,2018-01-08T19:34:00+01:00,6672.07,6672.79,6671.45,6671.54,103
SQ:NAS100,2018-01-08T19:35:00+01:00,6671.55,6672.05,6671.35,6671.79,90
SQ:NAS100,2018-01-08T19:36:00+01:00,6671.82,6671.83,6671.19,6671.55,70
SQ:NAS100,2018-01-08T19:37:00+01:00,6671.54,6671.54,6670.59,6670.82,132
SQ:NAS100,2018-01-08T19:38:00+01:00,6670.84,6671.29,6670.57,6670.60,91
SQ:NAS100,2018-01-08T19:39:00+01:00,6670.80,6672.60,6670.79,6672.59,82
SQ:NAS100,2018-01-08T19:40:00+01:00,6672.58,6673.29,6672.32,6672.59,93
SQ:NAS100,2018-01-08T19:41:00+01:00,6672.58,6673.06,6672.05,6673.06,98
SQ:NAS100,2018-01-08T19:42:00+01:00,6673.05,6673.06,6672.29,6672.81,88
SQ:NAS100,2018-01-08T19:43:00+01:00,6672.80,6673.29,6672.04,6672.55,80
SQ:NAS100,2018-01-08T19:44:00+01:00,6672.54,6673.28,6672.33,6672.94,98
SQ:NAS100,2018-01-08T19:45:00+01:00,6673.03,6673.19,6672.19,6672.58,88
SQ:NAS100,2018-01-08T19:46:00+01:00,6672.57,6672.79,6672.10,6672.57,61
SQ:NAS100,2018-01-08T19:47:00+01:00,6672.56,6674.03,6672.34,6673.84,101
SQ:NAS100,2018-01-08T19:48:00+01:00,6673.93,6674.06,6673.08,6673.08,59
SQ:NAS100,2018-01-08T19:49:00+01:00,6673.07,6673.56,6673.04,6673.31,25
SQ:NAS100,2018-01-08T19:50:00+01:00,6673.32,6673.56,6673.03,6673.30,66
SQ:NAS100,2018-01-08T19:51:00+01:00,6673.33,6674.09,6673.29,6673.84,79
SQ:NAS100,2018-01-08T19:52:00+01:00,6673.83,6674.08,6673.19,6673.55,108
SQ:NAS100,2018-01-08T19:53:00+01:00,6673.54,6674.54,6673.45,6674.33,106
SQ:NAS100,2018-01-08T19:54:00+01:00,6674.34,6674.81,6674.05,6674.53,91
SQ:NAS100,2018-01-08T19:55:00+01:00,6674.54,6674.79,6673.95,6674.07,76
SQ:NAS100,2018-01-08T19:56:00+01:00,6674.08,6674.44,6673.31,6673.58,74
SQ:NAS100,2018-01-08T19:57:00+01:00,6673.59,6673.68,6673.04,6673.30,76
SQ:NAS100,2018-01-08T19:58:00+01:00,6673.32,6673.83,6673.20,6673.31,73
SQ:NAS100,2018-01-08T19:59:00+01:00,6673.33,6674.80,6673.08,6674.56,111
SQ:NAS100,2018-01-08T20:00:00+01:00,6674.59,6674.81,6674.20,6674.34,82
SQ:NAS100,2018-01-08T20:01:00+01:00,6674.33,6674.33,6673.45,6673.55,99
SQ:NAS100,2018-01-08T20:02:00+01:00,6673.56,6674.80,6673.54,6674.45,86
SQ:NAS100,2018-01-08T20:03:00+01:00,6674.55,6674.56,6674.04,6674.05,71
SQ:NAS100,2018-01-08T20:04:00+01:00,6674.06,6675.17,6674.05,6675.09,64
SQ:NAS100,2018-01-08T20:05:00+01:00,6675.18,6675.29,6674.28,6674.31,78
SQ:NAS100,2018-01-08T20:06:00+01:00,6674.35,6675.04,6674.34,6674.84,94
SQ:NAS100,2018-01-08T20:07:00+01:00,6674.83,6675.53,6674.70,6675.08,70
SQ:NAS100,2018-01-08T20:08:00+01:00,6675.10,6675.32,6674.56,6675.09,70
SQ:NAS100,2018-01-08T20:09:00+01:00,6675.19,6675.55,6674.81,6675.20,78
SQ:NAS100,2018-01-08T20:10:00+01:00,6675.29,6675.80,6675.20,6675.78,88
SQ:NAS100,2018-01-08T20:11:00+01:00,6675.79,6676.59,6675.79,6676.54,86
SQ:NAS100,2018-01-08T20:12:00+01:00,6676.55,6677.59,6676.34,6676.58,91
SQ:NAS100,2018-01-08T20:13:00+01:00,6676.57,6676.58,6675.94,6676.07,67
SQ:NAS100,2018-01-08T20:14:00+01:00,6676.08,6676.08,6675.56,6675.70,86
SQ:NAS100,2018-01-08T20:15:00+01:00,6675.78,6675.81,6674.57,6675.29,68
SQ:NAS100,2018-01-08T20:16:00+01:00,6675.28,6675.29,6674.04,6674.20,47
SQ:NAS100,2018-01-08T20:17:00+01:00,6674.09,6675.80,6674.08,6675.34,63
SQ:NAS100,2018-01-08T20:18:00+01:00,6675.54,6675.58,6675.04,6675.31,49
SQ:NAS100,2018-01-08T20:19:00+01:00,6675.30,6675.56,6674.55,6675.06,73
SQ:NAS100,2018-01-08T20:20:00+01:00,6675.31,6675.33,6674.58,6674.58,85
SQ:NAS100,2018-01-08T20:21:00+01:00,6674.55,6674.92,6674.08,6674.20,77
SQ:NAS100,2018-01-08T20:22:00+01:00,6674.19,6674.20,6673.54,6673.69,93
SQ:NAS100,2018-01-08T20:23:00+01:00,6673.79,6674.81,6673.59,6674.54,99
SQ:NAS100,2018-01-08T20:24:00+01:00,6674.53,6674.81,6674.08,6674.58,61
SQ:NAS100,2018-01-08T20:25:00+01:00,6674.60,6675.10,6674.55,6674.81,64
SQ:NAS100,2018-01-08T20:26:00+01:00,6674.82,6675.06,6674.32,6674.33,76
SQ:NAS100,2018-01-08T20:27:00+01:00,6674.68,6675.06,6674.55,6674.56,63
SQ:NAS100,2018-01-08T20:28:00+01:00,6674.58,6674.58,6673.82,6673.82,41
SQ:NAS100,2018-01-08T20:29:00+01:00,6673.83,6674.31,6673.58,6674.08,70
SQ:NAS100,2018-01-08T20:30:00+01:00,6674.07,6674.57,6674.05,6674.34,83
SQ:NAS100,2018-01-08T20:31:00+01:00,6674.35,6674.43,6673.56,6673.56,50
SQ:NAS100,2018-01-08T20:32:00+01:00,6673.57,6673.57,6672.57,6672.79,98
SQ:NAS100,2018-01-08T20:33:00+01:00,6672.69,6673.05,6672.56,6672.69,64
SQ:NAS100,2018-01-08T20:34:00+01:00,6672.80,6673.08,6670.59,6670.78,71
SQ:NAS100,2018-01-08T20:35:00+01:00,6670.79,6671.57,6670.34,6671.56,63
SQ:NAS100,2018-01-08T20:36:00+01:00,6671.57,6671.80,6671.20,6671.69,93
SQ:NAS100,2018-01-08T20:37:00+01:00,6671.70,6672.31,6671.55,6671.56,74
SQ:NAS100,2018-01-08T20:38:00+01:00,6671.57,6672.31,6671.57,6672.29,57
SQ:NAS100,2018-01-08T20:39:00+01:00,6672.30,6672.69,6671.55,6671.55,80
SQ:NAS100,2018-01-08T20:40:00+01:00,6671.54,6673.07,6671.54,6672.82,81
SQ:NAS100,2018-01-08T20:41:00+01:00,6672.83,6673.04,6672.30,6672.94,93
SQ:NAS100,2018-01-08T20:42:00+01:00,6672.95,6673.31,6672.53,6672.58,80
SQ:NAS100,2018-01-08T20:43:00+01:00,6672.57,6673.04,6672.30,6672.83,73
SQ:NAS100,2018-01-08T20:44:00+01:00,6672.84,6673.33,6672.81,6673.07,73
SQ:NAS100,2018-01-08T20:45:00+01:00,6673.06,6673.79,6672.85,6673.09,65
SQ:NAS100,2018-01-08T20:46:00+01:00,6673.10,6673.84,6673.08,6673.58,65
SQ:NAS100,2018-01-08T20:47:00+01:00,6673.57,6674.05,6673.06,6673.06,91
SQ:NAS100,2018-01-08T20:48:00+01:00,6672.83,6673.19,6672.35,6672.57,91
SQ:NAS100,2018-01-08T20:49:00+01:00,6672.44,6672.55,6671.32,6671.33,69
SQ:NAS100,2018-01-08T20:50:00+01:00,6671.32,6671.81,6671.08,6671.30,81
SQ:NAS100,2018-01-08T20:51:00+01:00,6671.31,6671.34,6670.70,6670.81,73
SQ:NAS100,2018-01-08T20:52:00+01:00,6670.80,6671.08,6670.06,6670.19,84
SQ:NAS100,2018-01-08T20:53:00+01:00,6669.94,6670.05,6665.95,6666.07,136
SQ:NAS100,2018-01-08T20:54:00+01:00,6666.08,6668.09,6666.08,6667.58,110
SQ:NAS100,2018-01-08T20:55:00+01:00,6667.56,6668.79,6667.54,6668.44,81
SQ:NAS100,2018-01-08T20:56:00+01:00,6668.54,6668.84,6668.33,6668.81,75
SQ:NAS100,2018-01-08T20:57:00+01:00,6668.70,6668.70,6668.57,6668.59,11
SQ:NAS100,2018-01-08T20:58:00+01:00,6668.58,6669.59,6668.58,6669.33,73
SQ:NAS100,2018-01-08T20:59:00+01:00,6669.34,6670.28,6669.34,6670.28,65
SQ:NAS100,2018-01-08T21:00:00+01:00,6670.29,6670.57,6669.56,6669.59,81
SQ:NAS100,2018-01-08T21:01:00+01:00,6669.58,6669.59,6669.06,6669.58,66
SQ:NAS100,2018-01-08T21:02:00+01:00,6669.57,6669.60,6668.82,6669.28,64
SQ:NAS100,2018-01-08T21:03:00+01:00,6669.29,6670.08,6669.05,6669.43,83
SQ:NAS100,2018-01-08T21:04:00+01:00,6669.44,6669.84,6668.82,6668.82,73
SQ:NAS100,2018-01-08T21:05:00+01:00,6668.70,6671.55,6668.70,6671.44,105
SQ:NAS100,2018-01-08T21:06:00+01:00,6671.54,6671.56,6670.54,6671.06,66
SQ:NAS100,2018-01-08T21:07:00+01:00,6671.05,6672.30,6671.05,6672.08,76
SQ:NAS100,2018-01-08T21:08:00+01:00,6672.09,6672.56,6672.04,6672.08,77
SQ:NAS100,2018-01-08T21:09:00+01:00,6672.09,6673.06,6671.55,6672.83,106
SQ:NAS100,2018-01-08T21:10:00+01:00,6672.84,6672.94,6670.34,6670.34,114
SQ:NAS100,2018-01-08T21:11:00+01:00,6670.44,6671.44,6669.56,6669.84,134
SQ:NAS100,2018-01-08T21:12:00+01:00,6669.82,6669.94,6668.81,6669.06,112
SQ:NAS100,2018-01-08T21:13:00+01:00,6669.09,6669.59,6668.70,6669.58,90
SQ:NAS100,2018-01-08T21:14:00+01:00,6669.45,6670.07,6669.07,6669.19,122
SQ:NAS100,2018-01-08T21:15:00+01:00,6669.32,6669.34,6668.30,6669.19,114
SQ:NAS100,2018-01-08T21:16:00+01:00,6669.20,6670.55,6669.19,6670.55,82
SQ:NAS100,2018-01-08T21:17:00+01:00,6670.54,6670.94,6669.81,6670.29,98
SQ:NAS100,2018-01-08T21:18:00+01:00,6670.30,6671.30,6670.30,6670.78,75
SQ:NAS100,2018-01-08T21:19:00+01:00,6670.80,6671.18,6670.34,6671.18,66
SQ:NAS100,2018-01-08T21:20:00+01:00,6671.29,6672.60,6671.29,6672.32,56
SQ:NAS100,2018-01-08T21:21:00+01:00,6672.33,6672.55,6671.34,6671.69,83
SQ:NAS100,2018-01-08T21:22:00+01:00,6671.58,6671.69,6671.29,6671.45,85
SQ:NAS100,2018-01-08T21:23:00+01:00,6671.35,6671.58,6671.07,6671.07,101
SQ:NAS100,2018-01-08T21:24:00+01:00,6671.08,6671.34,6669.32,6669.34,106
SQ:NAS100,2018-01-08T21:25:00+01:00,6669.32,6669.68,6668.31,6669.10,102
SQ:NAS100,2018-01-08T21:26:00+01:00,6669.20,6669.93,6668.30,6669.84,91
SQ:NAS100,2018-01-08T21:27:00+01:00,6670.07,6670.33,6669.04,6669.19,88
SQ:NAS100,2018-01-08T21:28:00+01:00,6669.28,6671.57,6669.28,6670.93,106
SQ:NAS100,2018-01-08T21:29:00+01:00,6670.82,6671.19,6670.31,6670.32,96
SQ:NAS100,2018-01-08T21:30:00+01:00,6670.31,6671.54,6670.04,6671.07,94
SQ:NAS100,2018-01-08T21:31:00+01:00,6670.80,6670.80,6669.81,6669.94,76
SQ:NAS100,2018-01-08T21:32:00+01:00,6669.69,6669.80,6668.20,6669.05,111
SQ:NAS100,2018-01-08T21:33:00+01:00,6669.04,6670.03,6669.04,6669.82,101
SQ:NAS100,2018-01-08T21:34:00+01:00,6669.69,6670.53,6669.58,6670.08,86
SQ:NAS100,2018-01-08T21:35:00+01:00,6670.07,6671.04,6669.34,6670.35,117
SQ:NAS100,2018-01-08T21:36:00+01:00,6670.44,6670.44,6669.08,6669.55,103
SQ:NAS100,2018-01-08T21:37:00+01:00,6669.56,6670.06,6669.06,6669.29,105
SQ:NAS100,2018-01-08T21:38:00+01:00,6669.30,6669.34,6668.04,6668.60,105
SQ:NAS100,2018-01-08T21:39:00+01:00,6668.58,6669.84,6668.56,6668.83,105
SQ:NAS100,2018-01-08T21:40:00+01:00,6669.04,6669.85,6668.56,6669.06,107
SQ:NAS100,2018-01-08T21:41:00+01:00,6669.07,6671.33,6669.06,6671.32,140
SQ:NAS100,2018-01-08T21:42:00+01:00,6671.33,6673.58,6671.33,6672.80,156
SQ:NAS100,2018-01-08T21:43:00+01:00,6672.81,6673.79,6672.56,6673.79,128
SQ:NAS100,2018-01-08T21:44:00+01:00,6673.80,6674.85,6673.79,6674.29,166
SQ:NAS100,2018-01-08T21:45:00+01:00,6674.33,6674.34,6673.35,6674.06,131
SQ:NAS100,2018-01-08T21:46:00+01:00,6674.07,6674.07,6673.56,6673.85,96
SQ:NAS100,2018-01-08T21:47:00+01:00,6673.84,6674.81,6673.53,6673.84,95
SQ:NAS100,2018-01-08T21:48:00+01:00,6673.83,6674.54,6673.54,6674.54,83
SQ:NAS100,2018-01-08T21:49:00+01:00,6674.58,6675.32,6673.95,6674.31,127
SQ:NAS100,2018-01-08T21:50:00+01:00,6675.55,6677.83,6674.29,6675.19,159
SQ:NAS100,2018-01-08T21:51:00+01:00,6675.29,6675.84,6674.31,6675.07,106
SQ:NAS100,2018-01-08T21:52:00+01:00,6675.31,6675.56,6674.94,6675.30,128
SQ:NAS100,2018-01-08T21:53:00+01:00,6675.29,6677.05,6675.29,6675.30,119
SQ:NAS100,2018-01-08T21:54:00+01:00,6675.31,6675.34,6673.82,6673.82,130
SQ:NAS100,2018-01-08T21:55:00+01:00,6673.83,6674.35,6673.19,6674.33,110
SQ:NAS100,2018-01-08T21:56:00+01:00,6674.32,6674.81,6674.30,6674.81,99
SQ:NAS100,2018-01-08T21:57:00+01:00,6674.82,6674.94,6674.31,6674.60,113
SQ:NAS100,2018-01-08T21:58:00+01:00,6674.59,6675.58,6674.19,6675.29,148
SQ:NAS100,2018-01-08T21:59:00+01:00,6675.31,6675.54,6672.81,6672.81,196
SQ:NAS100,2018-01-08T22:00:00+01:00,6673.60,6674.46,6671.14,6674.34,221
SQ:NAS100,2018-01-08T22:01:00+01:00,6674.37,6676.17,6673.88,6675.87,181
SQ:NAS100,2018-01-08T22:02:00+01:00,6675.92,6675.92,6673.88,6673.88,136
SQ:NAS100,2018-01-08T22:03:00+01:00,6673.97,6674.00,6672.79,6673.00,134
SQ:NAS100,2018-01-08T22:04:00+01:00,6672.99,6673.55,6672.79,6673.15,139
SQ:NAS100,2018-01-08T22:05:00+01:00,6673.18,6674.61,6672.39,6673.72,107
SQ:NAS100,2018-01-08T22:06:00+01:00,6673.68,6673.70,6673.06,6673.39,85
SQ:NAS100,2018-01-08T22:07:00+01:00,6673.41,6673.85,6673.11,6673.19,92
SQ:NAS100,2018-01-08T22:08:00+01:00,6673.18,6673.83,6672.98,6673.65,104
SQ:NAS100,2018-01-08T22:09:00+01:00,6673.59,6674.35,6673.55,6673.87,88
SQ:NAS100,2018-01-08T22:10:00+01:00,6673.84,6673.84,6672.31,6672.94,148
SQ:NAS100,2018-01-08T22:11:00+01:00,6673.08,6673.42,6672.84,6673.32,81
SQ:NAS100,2018-01-08T22:12:00+01:00,6673.28,6673.38,6672.84,6673.01,98
SQ:NAS100,2018-01-08T22:13:00+01:00,6673.13,6673.45,6672.94,6673.03,81
SQ:NAS100,2018-01-08T22:14:00+01:00,6673.02,6674.43,6673.02,6674.35,122
SQ:NAS100,2018-01-08T22:30:00+01:00,6675.21,6675.98,6675.21,6675.93,44
SQ:NAS100,2018-01-08T22:31:00+01:00,6675.91,6676.15,6675.73,6676.06,60
SQ:NAS100,2018-01-08T22:32:00+01:00,6676.08,6676.34,6675.55,6675.55,52
SQ:NAS100,2018-01-08T22:33:00+01:00,6675.52,6676.01,6675.52,6675.68,36
SQ:NAS100,2018-01-08T22:34:00+01:00,6675.97,6675.99,6675.53,6675.59,22
SQ:NAS100,2018-01-08T22:35:00+01:00,6675.61,6675.78,6675.24,6675.35,20
SQ:NAS100,2018-01-08T22:36:00+01:00,6675.36,6675.41,6675.24,6675.35,21
SQ:NAS100,2018-01-08T22:37:00+01:00,6675.33,6675.43,6675.10,6675.10,17
SQ:NAS100,2018-01-08T22:38:00+01:00,6675.11,6675.55,6675.11,6675.55,28
SQ:NAS100,2018-01-08T22:39:00+01:00,6675.53,6675.62,6675.13,6675.19,42
SQ:NAS100,2018-01-08T22:40:00+01:00,6675.22,6675.28,6674.82,6674.97,33
SQ:NAS100,2018-01-08T22:41:00+01:00,6674.99,6675.19,6674.96,6675.19,21
SQ:NAS100,2018-01-08T22:42:00+01:00,6675.27,6675.27,6675.22,6675.22,3
SQ:NAS100,2018-01-08T22:43:00+01:00,6675.24,6675.37,6675.14,6675.18,19
SQ:NAS100,2018-01-08T22:44:00+01:00,6675.29,6675.38,6675.18,6675.32,13
SQ:NAS100,2018-01-08T22:45:00+01:00,6675.26,6675.68,6675.24,6675.64,55
SQ:NAS100,2018-01-08T22:46:00+01:00,6675.62,6675.68,6675.57,6675.62,29
SQ:NAS100,2018-01-08T22:47:00+01:00,6675.75,6675.87,6675.65,6675.86,25
SQ:NAS100,2018-01-08T22:48:00+01:00,6675.91,6675.92,6675.84,6675.92,14
SQ:NAS100,2018-01-08T22:49:00+01:00,6675.91,6675.92,6675.80,6675.87,24
SQ:NAS100,2018-01-08T22:50:00+01:00,6675.89,6676.05,6675.85,6676.02,36
SQ:NAS100,2018-01-08T22:51:00+01:00,6676.03,6676.27,6676.03,6676.13,30
SQ:NAS100,2018-01-08T22:52:00+01:00,6676.12,6676.19,6675.92,6675.92,23
SQ:NAS100,2018-01-08T22:53:00+01:00,6675.99,6676.01,6675.77,6675.79,14
SQ:NAS100,2018-01-08T22:54:00+01:00,6675.78,6675.78,6675.18,6675.26,25
