SQ:XPTUSD,2023-08-24T00:01:00+02:00,929.780,931.980,929.780,931.960,6
SQ:XPTUSD,2023-08-24T00:02:00+02:00,932.000,932.630,931.740,932.290,15
SQ:XPTUSD,2023-08-24T00:03:00+02:00,932.380,932.590,932.330,932.400,12
SQ:XPTUSD,2023-08-24T00:04:00+02:00,932.430,932.470,932.320,932.380,9
SQ:XPTUSD,2023-08-24T00:05:00+02:00,932.410,932.680,932.350,932.650,13
SQ:XPTUSD,2023-08-24T00:06:00+02:00,932.720,932.860,932.660,932.750,8
SQ:XPTUSD,2023-08-24T00:07:00+02:00,932.780,932.830,932.770,932.790,6
SQ:XPTUSD,2023-08-24T00:08:00+02:00,932.690,932.690,932.690,932.690,1
SQ:XPTUSD,2023-08-24T00:09:00+02:00,932.670,932.670,932.670,932.670,1
SQ:XPTUSD,2023-08-24T00:10:00+02:00,932.650,932.650,932.570,932.590,3
SQ:XPTUSD,2023-08-24T00:11:00+02:00,932.620,932.640,932.560,932.590,9
SQ:XPTUSD,2023-08-24T00:12:00+02:00,932.650,932.650,932.550,932.630,7
SQ:XPTUSD,2023-08-24T00:13:00+02:00,932.660,932.730,932.630,932.630,5
SQ:XPTUSD,2023-08-24T00:14:00+02:00,932.740,932.860,932.690,932.860,14
SQ:XPTUSD,2023-08-24T00:15:00+02:00,932.900,932.900,932.590,932.630,13
SQ:XPTUSD,2023-08-24T00:16:00+02:00,932.600,932.680,932.410,932.410,15
SQ:XPTUSD,2023-08-24T00:17:00+02:00,932.380,932.440,932.340,932.340,9
SQ:XPTUSD,2023-08-24T00:18:00+02:00,932.310,932.400,932.310,932.360,8
SQ:XPTUSD,2023-08-24T00:19:00+02:00,932.350,932.370,932.350,932.350,3
SQ:XPTUSD,2023-08-24T00:20:00+02:00,932.320,932.350,932.300,932.300,4
SQ:XPTUSD,2023-08-24T00:21:00+02:00,932.330,932.340,932.230,932.300,8
SQ:XPTUSD,2023-08-24T00:22:00+02:00,932.240,932.360,932.240,932.360,7
SQ:XPTUSD,2023-08-24T00:23:00+02:00,932.320,932.400,932.300,932.400,9
SQ:XPTUSD,2023-08-24T00:24:00+02:00,932.330,932.340,932.250,932.250,12
SQ:XPTUSD,2023-08-24T00:25:00+02:00,932.210,932.280,932.210,932.270,4
SQ:XPTUSD,2023-08-24T00:27:00+02:00,932.310,932.310,932.310,932.310,1
SQ:XPTUSD,2023-08-24T00:28:00+02:00,932.270,932.320,932.240,932.240,4
SQ:XPTUSD,2023-08-24T00:29:00+02:00,932.220,932.220,932.150,932.210,6
SQ:XPTUSD,2023-08-24T00:30:00+02:00,932.140,932.200,932.140,932.200,3
SQ:XPTUSD,2023-08-24T00:31:00+02:00,932.150,932.240,932.150,932.180,5
SQ:XPTUSD,2023-08-24T00:32:00+02:00,932.170,932.300,932.160,932.300,10
SQ:XPTUSD,2023-08-24T00:33:00+02:00,932.250,932.250,931.920,932.020,10
SQ:XPTUSD,2023-08-24T00:34:00+02:00,932.000,932.040,931.890,931.970,8
SQ:XPTUSD,2023-08-24T00:35:00+02:00,932.010,932.010,931.990,931.990,2
SQ:XPTUSD,2023-08-24T00:36:00+02:00,932.020,932.020,931.990,932.010,4
SQ:XPTUSD,2023-08-24T00:37:00+02:00,932.020,932.020,932.020,932.020,1
SQ:XPTUSD,2023-08-24T00:38:00+02:00,932.080,932.110,932.060,932.060,5
SQ:XPTUSD,2023-08-24T00:39:00+02:00,932.040,932.110,932.040,932.110,4
SQ:XPTUSD,2023-08-24T00:40:00+02:00,932.080,932.120,932.070,932.120,5
SQ:XPTUSD,2023-08-24T00:41:00+02:00,932.030,932.240,932.030,932.210,9
SQ:XPTUSD,2023-08-24T00:42:00+02:00,932.160,932.230,932.150,932.230,8
SQ:XPTUSD,2023-08-24T00:43:00+02:00,932.240,932.250,932.150,932.150,8
SQ:XPTUSD,2023-08-24T00:44:00+02:00,932.240,932.240,932.210,932.210,2
SQ:XPTUSD,2023-08-24T00:45:00+02:00,932.220,932.240,932.140,932.140,4
SQ:XPTUSD,2023-08-24T00:46:00+02:00,932.120,932.200,932.070,932.160,14
SQ:XPTUSD,2023-08-24T00:47:00+02:00,932.110,932.160,932.030,932.030,8
SQ:XPTUSD,2023-08-24T00:48:00+02:00,931.990,932.060,931.940,932.030,10
SQ:XPTUSD,2023-08-24T00:49:00+02:00,932.030,932.040,931.990,932.010,6
SQ:XPTUSD,2023-08-24T00:50:00+02:00,932.050,932.160,932.050,932.100,7
SQ:XPTUSD,2023-08-24T00:51:00+02:00,932.220,932.220,932.220,932.220,1
SQ:XPTUSD,2023-08-24T00:52:00+02:00,932.160,932.240,932.160,932.180,4
SQ:XPTUSD,2023-08-24T00:53:00+02:00,932.190,932.190,932.180,932.180,2
SQ:XPTUSD,2023-08-24T00:54:00+02:00,932.130,932.150,932.100,932.150,4
SQ:XPTUSD,2023-08-24T00:55:00+02:00,932.140,932.170,932.140,932.170,2
SQ:XPTUSD,2023-08-24T00:56:00+02:00,932.280,932.310,932.210,932.210,7
SQ:XPTUSD,2023-08-24T00:57:00+02:00,932.200,932.260,932.200,932.260,6
SQ:XPTUSD,2023-08-24T00:58:00+02:00,932.230,932.270,932.170,932.250,7
SQ:XPTUSD,2023-08-24T00:59:00+02:00,932.190,932.200,932.170,932.190,5
SQ:XPTUSD,2023-08-24T01:00:00+02:00,932.210,932.220,932.130,932.190,13
SQ:XPTUSD,2023-08-24T01:01:00+02:00,932.180,932.230,932.110,932.130,5
SQ:XPTUSD,2023-08-24T01:02:00+02:00,932.160,932.160,932.120,932.130,8
SQ:XPTUSD,2023-08-24T01:03:00+02:00,932.010,932.140,932.010,932.140,5
SQ:XPTUSD,2023-08-24T01:04:00+02:00,932.080,932.140,932.050,932.120,7
SQ:XPTUSD,2023-08-24T01:05:00+02:00,932.110,932.110,932.100,932.100,2
SQ:XPTUSD,2023-08-24T01:06:00+02:00,932.050,932.200,932.050,932.200,4
SQ:XPTUSD,2023-08-24T01:07:00+02:00,932.180,932.310,932.180,932.210,8
SQ:XPTUSD,2023-08-24T01:08:00+02:00,932.230,932.270,932.210,932.220,5
SQ:XPTUSD,2023-08-24T01:09:00+02:00,932.260,932.260,932.180,932.180,4
SQ:XPTUSD,2023-08-24T01:10:00+02:00,932.290,932.400,932.290,932.400,4
SQ:XPTUSD,2023-08-24T01:11:00+02:00,932.500,932.540,932.430,932.430,10
SQ:XPTUSD,2023-08-24T01:12:00+02:00,932.400,932.430,932.300,932.300,6
SQ:XPTUSD,2023-08-24T01:13:00+02:00,932.290,932.440,932.290,932.390,4
SQ:XPTUSD,2023-08-24T01:15:00+02:00,932.400,932.460,932.370,932.460,3
SQ:XPTUSD,2023-08-24T01:16:00+02:00,932.440,932.440,932.410,932.430,4
SQ:XPTUSD,2023-08-24T01:17:00+02:00,932.420,932.500,932.420,932.440,5
SQ:XPTUSD,2023-08-24T01:18:00+02:00,932.410,932.510,932.410,932.510,4
SQ:XPTUSD,2023-08-24T01:19:00+02:00,932.450,932.460,932.450,932.460,2
SQ:XPTUSD,2023-08-24T01:20:00+02:00,932.530,932.530,932.530,932.530,1
SQ:XPTUSD,2023-08-24T01:21:00+02:00,932.570,932.570,932.570,932.570,1
SQ:XPTUSD,2023-08-24T01:23:00+02:00,932.670,932.680,932.580,932.600,5
SQ:XPTUSD,2023-08-24T01:24:00+02:00,932.550,932.560,932.520,932.520,4
SQ:XPTUSD,2023-08-24T01:25:00+02:00,932.530,932.850,932.520,932.850,10
SQ:XPTUSD,2023-08-24T01:26:00+02:00,932.840,932.900,932.840,932.900,6
SQ:XPTUSD,2023-08-24T01:27:00+02:00,932.910,933.060,932.860,932.890,11
SQ:XPTUSD,2023-08-24T01:28:00+02:00,932.850,933.170,932.830,933.170,11
SQ:XPTUSD,2023-08-24T01:29:00+02:00,933.130,933.130,932.950,933.050,5
SQ:XPTUSD,2023-08-24T01:30:00+02:00,933.080,933.180,932.880,932.950,11
SQ:XPTUSD,2023-08-24T01:31:00+02:00,932.900,933.170,932.880,933.150,8
SQ:XPTUSD,2023-08-24T01:32:00+02:00,933.120,933.230,933.110,933.110,12
SQ:XPTUSD,2023-08-24T01:33:00+02:00,933.170,933.250,933.120,933.210,7
SQ:XPTUSD,2023-08-24T01:34:00+02:00,933.240,933.320,933.170,933.170,7
SQ:XPTUSD,2023-08-24T01:35:00+02:00,933.170,933.170,933.100,933.140,3
SQ:XPTUSD,2023-08-24T01:36:00+02:00,933.120,933.130,933.010,933.010,6
SQ:XPTUSD,2023-08-24T01:37:00+02:00,932.990,932.990,932.950,932.990,3
SQ:XPTUSD,2023-08-24T01:40:00+02:00,933.030,933.030,932.980,933.020,4
SQ:XPTUSD,2023-08-24T01:41:00+02:00,933.000,933.150,932.930,933.150,12
SQ:XPTUSD,2023-08-24T01:42:00+02:00,933.070,933.070,932.970,933.040,4
SQ:XPTUSD,2023-08-24T01:43:00+02:00,932.980,932.990,932.860,932.860,6
SQ:XPTUSD,2023-08-24T01:44:00+02:00,932.870,933.010,932.850,933.010,6
SQ:XPTUSD,2023-08-24T01:45:00+02:00,932.990,933.100,932.900,932.950,15
SQ:XPTUSD,2023-08-24T01:46:00+02:00,932.920,932.920,932.810,932.830,7
SQ:XPTUSD,2023-08-24T01:47:00+02:00,932.850,932.870,932.700,932.870,6
SQ:XPTUSD,2023-08-24T01:48:00+02:00,932.860,932.940,932.800,932.940,6
SQ:XPTUSD,2023-08-24T01:49:00+02:00,932.860,932.860,932.700,932.700,11
SQ:XPTUSD,2023-08-24T01:50:00+02:00,932.720,932.970,932.700,932.850,10
SQ:XPTUSD,2023-08-24T01:51:00+02:00,932.780,932.860,932.780,932.800,10
SQ:XPTUSD,2023-08-24T01:52:00+02:00,932.850,932.890,932.750,932.800,8
SQ:XPTUSD,2023-08-24T01:53:00+02:00,932.810,933.140,932.810,933.020,8
SQ:XPTUSD,2023-08-24T01:54:00+02:00,933.010,933.120,933.010,933.040,4
SQ:XPTUSD,2023-08-24T01:55:00+02:00,933.030,933.280,933.020,933.280,11
SQ:XPTUSD,2023-08-24T01:56:00+02:00,933.310,933.580,933.310,933.480,12
SQ:XPTUSD,2023-08-24T01:57:00+02:00,933.490,933.550,933.460,933.550,9
SQ:XPTUSD,2023-08-24T01:58:00+02:00,933.500,933.690,933.500,933.690,7
SQ:XPTUSD,2023-08-24T01:59:00+02:00,933.710,933.710,933.270,933.370,17
SQ:XPTUSD,2023-08-24T02:00:00+02:00,933.420,933.580,933.370,933.450,14
SQ:XPTUSD,2023-08-24T02:01:00+02:00,933.460,933.530,933.390,933.470,13
SQ:XPTUSD,2023-08-24T02:02:00+02:00,933.460,933.570,933.170,933.170,14
SQ:XPTUSD,2023-08-24T02:03:00+02:00,933.110,933.180,933.100,933.180,9
SQ:XPTUSD,2023-08-24T02:04:00+02:00,933.100,933.120,932.910,932.910,7
SQ:XPTUSD,2023-08-24T02:05:00+02:00,932.930,933.150,932.880,933.140,15
SQ:XPTUSD,2023-08-24T02:06:00+02:00,933.120,933.210,932.990,932.990,9
SQ:XPTUSD,2023-08-24T02:07:00+02:00,932.950,933.090,932.860,932.990,18
SQ:XPTUSD,2023-08-24T02:08:00+02:00,932.950,933.190,932.860,933.150,14
SQ:XPTUSD,2023-08-24T02:09:00+02:00,933.150,933.170,933.070,933.110,8
SQ:XPTUSD,2023-08-24T02:10:00+02:00,933.180,933.320,933.140,933.320,9
SQ:XPTUSD,2023-08-24T02:11:00+02:00,933.330,933.500,933.330,933.500,5
SQ:XPTUSD,2023-08-24T02:12:00+02:00,933.520,933.630,933.500,933.550,12
SQ:XPTUSD,2023-08-24T02:13:00+02:00,933.580,933.640,933.560,933.620,10
SQ:XPTUSD,2023-08-24T02:14:00+02:00,933.630,933.720,933.560,933.620,7
SQ:XPTUSD,2023-08-24T02:15:00+02:00,933.710,933.750,933.530,933.570,16
SQ:XPTUSD,2023-08-24T02:16:00+02:00,933.560,933.680,933.550,933.580,16
SQ:XPTUSD,2023-08-24T02:17:00+02:00,933.640,933.640,933.520,933.550,22
SQ:XPTUSD,2023-08-24T02:18:00+02:00,933.600,933.700,933.600,933.690,8
SQ:XPTUSD,2023-08-24T02:19:00+02:00,933.630,933.700,933.630,933.640,12
SQ:XPTUSD,2023-08-24T02:20:00+02:00,933.580,933.770,933.580,933.730,14
SQ:XPTUSD,2023-08-24T02:21:00+02:00,933.690,934.160,933.680,934.110,23
SQ:XPTUSD,2023-08-24T02:22:00+02:00,934.190,934.340,934.160,934.200,22
SQ:XPTUSD,2023-08-24T02:23:00+02:00,934.230,934.230,934.100,934.160,12
SQ:XPTUSD,2023-08-24T02:24:00+02:00,934.160,934.230,933.950,933.950,14
SQ:XPTUSD,2023-08-24T02:25:00+02:00,933.950,933.950,933.790,933.790,11
SQ:XPTUSD,2023-08-24T02:26:00+02:00,933.790,933.790,933.540,933.630,17
SQ:XPTUSD,2023-08-24T02:27:00+02:00,933.600,934.380,933.590,934.290,25
SQ:XPTUSD,2023-08-24T02:28:00+02:00,934.310,934.490,934.220,934.220,21
SQ:XPTUSD,2023-08-24T02:29:00+02:00,934.260,934.450,934.180,934.450,12
SQ:XPTUSD,2023-08-24T02:30:00+02:00,934.480,934.530,934.000,934.140,17
SQ:XPTUSD,2023-08-24T02:31:00+02:00,934.140,934.160,934.060,934.090,11
SQ:XPTUSD,2023-08-24T02:32:00+02:00,934.060,934.260,933.780,933.830,10
SQ:XPTUSD,2023-08-24T02:33:00+02:00,933.830,933.950,933.830,933.950,2
SQ:XPTUSD,2023-08-24T02:34:00+02:00,934.130,934.400,934.130,934.400,15
SQ:XPTUSD,2023-08-24T02:35:00+02:00,934.410,934.560,934.390,934.520,10
SQ:XPTUSD,2023-08-24T02:36:00+02:00,934.540,934.540,934.280,934.350,12
SQ:XPTUSD,2023-08-24T02:37:00+02:00,934.370,934.410,934.290,934.360,10
SQ:XPTUSD,2023-08-24T02:38:00+02:00,934.350,934.360,934.280,934.330,10
SQ:XPTUSD,2023-08-24T02:39:00+02:00,934.330,934.560,934.330,934.560,6
SQ:XPTUSD,2023-08-24T02:40:00+02:00,934.580,934.580,934.140,934.220,11
SQ:XPTUSD,2023-08-24T02:41:00+02:00,934.280,934.280,934.120,934.120,7
SQ:XPTUSD,2023-08-24T02:42:00+02:00,934.140,934.150,934.060,934.090,10
SQ:XPTUSD,2023-08-24T02:43:00+02:00,934.060,934.060,933.500,933.500,13
SQ:XPTUSD,2023-08-24T02:44:00+02:00,933.490,933.530,933.390,933.480,15
SQ:XPTUSD,2023-08-24T02:45:00+02:00,933.470,933.470,933.160,933.160,4
SQ:XPTUSD,2023-08-24T02:46:00+02:00,933.110,933.140,933.050,933.130,11
SQ:XPTUSD,2023-08-24T02:47:00+02:00,933.120,933.200,932.900,933.190,14
SQ:XPTUSD,2023-08-24T02:48:00+02:00,933.210,933.220,933.140,933.200,8
SQ:XPTUSD,2023-08-24T02:49:00+02:00,933.170,933.210,933.130,933.130,11
SQ:XPTUSD,2023-08-24T02:50:00+02:00,933.180,933.200,933.130,933.190,9
SQ:XPTUSD,2023-08-24T02:51:00+02:00,933.200,933.250,933.120,933.190,10
SQ:XPTUSD,2023-08-24T02:52:00+02:00,933.190,933.490,933.180,933.490,10
SQ:XPTUSD,2023-08-24T02:53:00+02:00,933.520,933.690,933.290,933.690,18
SQ:XPTUSD,2023-08-24T02:54:00+02:00,933.620,933.760,933.580,933.760,17
SQ:XPTUSD,2023-08-24T02:55:00+02:00,933.760,933.760,933.470,933.500,13
SQ:XPTUSD,2023-08-24T02:56:00+02:00,933.530,933.580,933.450,933.540,13
SQ:XPTUSD,2023-08-24T02:57:00+02:00,933.470,933.530,933.310,933.310,15
SQ:XPTUSD,2023-08-24T02:58:00+02:00,933.270,933.270,933.110,933.180,9
SQ:XPTUSD,2023-08-24T02:59:00+02:00,933.210,933.370,933.210,933.350,14
SQ:XPTUSD,2023-08-24T03:00:00+02:00,933.310,933.370,933.050,933.330,21
SQ:XPTUSD,2023-08-24T03:01:00+02:00,933.330,933.400,932.960,932.960,25
SQ:XPTUSD,2023-08-24T03:02:00+02:00,932.950,933.090,932.650,932.970,18
SQ:XPTUSD,2023-08-24T03:03:00+02:00,933.000,933.140,932.700,933.080,28
SQ:XPTUSD,2023-08-24T03:04:00+02:00,933.060,933.100,932.720,932.720,33
SQ:XPTUSD,2023-08-24T03:05:00+02:00,932.700,932.700,932.340,932.430,25
SQ:XPTUSD,2023-08-24T03:06:00+02:00,932.470,932.810,932.470,932.710,23
SQ:XPTUSD,2023-08-24T03:07:00+02:00,932.800,933.020,932.680,932.700,17
SQ:XPTUSD,2023-08-24T03:08:00+02:00,932.750,932.760,932.600,932.670,17
SQ:XPTUSD,2023-08-24T03:09:00+02:00,932.620,932.970,932.530,932.910,25
SQ:XPTUSD,2023-08-24T03:10:00+02:00,932.840,932.980,932.810,932.980,18
SQ:XPTUSD,2023-08-24T03:11:00+02:00,933.060,933.180,932.960,933.020,15
SQ:XPTUSD,2023-08-24T03:12:00+02:00,932.970,932.990,932.840,932.990,17
SQ:XPTUSD,2023-08-24T03:13:00+02:00,932.950,933.000,932.880,932.900,20
SQ:XPTUSD,2023-08-24T03:14:00+02:00,932.900,932.940,932.550,932.660,23
SQ:XPTUSD,2023-08-24T03:15:00+02:00,932.780,933.320,932.610,933.050,34
SQ:XPTUSD,2023-08-24T03:16:00+02:00,933.050,933.240,932.950,933.030,22
SQ:XPTUSD,2023-08-24T03:17:00+02:00,932.950,933.030,932.720,933.010,19
SQ:XPTUSD,2023-08-24T03:18:00+02:00,933.040,933.280,933.030,933.250,16
SQ:XPTUSD,2023-08-24T03:19:00+02:00,933.250,933.290,933.130,933.240,15
SQ:XPTUSD,2023-08-24T03:20:00+02:00,933.230,933.230,933.050,933.050,12
SQ:XPTUSD,2023-08-24T03:21:00+02:00,933.050,933.050,932.860,932.930,16
SQ:XPTUSD,2023-08-24T03:22:00+02:00,933.030,933.230,932.970,933.230,17
SQ:XPTUSD,2023-08-24T03:23:00+02:00,933.230,933.230,932.880,932.880,11
SQ:XPTUSD,2023-08-24T03:24:00+02:00,932.800,933.140,932.540,933.020,19
SQ:XPTUSD,2023-08-24T03:25:00+02:00,933.010,933.220,933.010,933.140,17
SQ:XPTUSD,2023-08-24T03:26:00+02:00,933.130,933.130,932.910,933.020,19
SQ:XPTUSD,2023-08-24T03:27:00+02:00,933.020,933.160,932.970,933.050,17
SQ:XPTUSD,2023-08-24T03:28:00+02:00,933.050,933.150,932.930,932.930,15
SQ:XPTUSD,2023-08-24T03:29:00+02:00,932.940,933.050,932.900,933.050,14
SQ:XPTUSD,2023-08-24T03:30:00+02:00,933.090,933.280,932.970,933.280,19
SQ:XPTUSD,2023-08-24T03:31:00+02:00,933.270,933.550,932.960,933.280,29
SQ:XPTUSD,2023-08-24T03:32:00+02:00,933.280,933.620,933.280,933.490,23
SQ:XPTUSD,2023-08-24T03:33:00+02:00,933.530,933.750,933.530,933.560,12
SQ:XPTUSD,2023-08-24T03:34:00+02:00,933.600,933.600,933.380,933.380,16
SQ:XPTUSD,2023-08-24T03:35:00+02:00,933.470,933.620,933.310,933.500,33
SQ:XPTUSD,2023-08-24T03:36:00+02:00,933.500,933.700,933.330,933.390,26
SQ:XPTUSD,2023-08-24T03:37:00+02:00,933.390,933.440,933.100,933.100,20
SQ:XPTUSD,2023-08-24T03:38:00+02:00,933.140,933.140,932.860,932.960,29
SQ:XPTUSD,2023-08-24T03:39:00+02:00,932.960,933.340,932.960,933.270,22
SQ:XPTUSD,2023-08-24T03:40:00+02:00,933.210,933.650,933.210,933.410,21
SQ:XPTUSD,2023-08-24T03:41:00+02:00,933.410,933.430,933.150,933.410,18
SQ:XPTUSD,2023-08-24T03:42:00+02:00,933.420,933.420,933.010,933.020,17
SQ:XPTUSD,2023-08-24T03:43:00+02:00,933.040,933.040,932.930,932.950,17
SQ:XPTUSD,2023-08-24T03:44:00+02:00,932.970,932.970,932.250,932.900,20
SQ:XPTUSD,2023-08-24T03:45:00+02:00,932.280,933.100,932.260,933.090,30
SQ:XPTUSD,2023-08-24T03:46:00+02:00,933.130,933.270,932.610,933.000,32
SQ:XPTUSD,2023-08-24T03:47:00+02:00,933.000,933.120,932.840,932.960,22
SQ:XPTUSD,2023-08-24T03:48:00+02:00,932.880,932.980,932.880,932.910,13
SQ:XPTUSD,2023-08-24T03:49:00+02:00,933.000,933.230,932.970,933.010,18
SQ:XPTUSD,2023-08-24T03:50:00+02:00,932.990,933.050,932.830,932.830,16
SQ:XPTUSD,2023-08-24T03:51:00+02:00,932.740,932.740,932.290,932.300,18
SQ:XPTUSD,2023-08-24T03:52:00+02:00,932.440,932.760,932.410,932.620,26
SQ:XPTUSD,2023-08-24T03:53:00+02:00,932.570,932.930,932.520,932.820,17
SQ:XPTUSD,2023-08-24T03:54:00+02:00,932.820,933.070,932.740,932.770,24
SQ:XPTUSD,2023-08-24T03:55:00+02:00,932.740,932.820,932.470,932.580,20
SQ:XPTUSD,2023-08-24T03:56:00+02:00,932.640,933.050,932.640,932.890,25
SQ:XPTUSD,2023-08-24T03:57:00+02:00,932.880,932.990,932.850,932.910,16
SQ:XPTUSD,2023-08-24T03:58:00+02:00,932.940,932.960,932.320,932.420,20
SQ:XPTUSD,2023-08-24T03:59:00+02:00,932.420,932.660,932.420,932.590,16
SQ:XPTUSD,2023-08-24T04:00:00+02:00,932.540,932.910,932.490,932.620,26
SQ:XPTUSD,2023-08-24T04:01:00+02:00,932.680,933.090,932.680,932.830,35
SQ:XPTUSD,2023-08-24T04:02:00+02:00,932.830,933.340,932.830,933.000,21
SQ:XPTUSD,2023-08-24T04:03:00+02:00,933.060,933.430,933.000,933.270,30
SQ:XPTUSD,2023-08-24T04:04:00+02:00,933.270,933.270,932.950,932.950,18
SQ:XPTUSD,2023-08-24T04:05:00+02:00,932.950,933.050,932.760,932.800,16
SQ:XPTUSD,2023-08-24T04:06:00+02:00,932.820,932.960,932.790,932.960,15
SQ:XPTUSD,2023-08-24T04:07:00+02:00,932.950,933.260,932.920,933.110,28
SQ:XPTUSD,2023-08-24T04:08:00+02:00,933.120,933.150,933.050,933.110,18
SQ:XPTUSD,2023-08-24T04:09:00+02:00,933.110,933.110,932.880,932.990,24
SQ:XPTUSD,2023-08-24T04:10:00+02:00,932.990,933.200,932.910,933.000,21
SQ:XPTUSD,2023-08-24T04:11:00+02:00,933.000,933.340,933.000,933.240,23
SQ:XPTUSD,2023-08-24T04:12:00+02:00,933.220,933.250,932.920,933.230,23
SQ:XPTUSD,2023-08-24T04:13:00+02:00,933.230,933.250,932.580,933.000,21
SQ:XPTUSD,2023-08-24T04:14:00+02:00,933.010,933.180,932.980,933.030,15
SQ:XPTUSD,2023-08-24T04:15:00+02:00,933.060,933.120,932.930,933.110,13
SQ:XPTUSD,2023-08-24T04:16:00+02:00,933.090,933.170,932.990,933.170,13
SQ:XPTUSD,2023-08-24T04:17:00+02:00,933.170,933.250,932.960,933.020,19
SQ:XPTUSD,2023-08-24T04:18:00+02:00,932.980,933.130,932.980,933.090,13
SQ:XPTUSD,2023-08-24T04:19:00+02:00,933.100,933.200,932.990,933.020,17
SQ:XPTUSD,2023-08-24T04:20:00+02:00,933.000,933.160,932.960,933.040,17
SQ:XPTUSD,2023-08-24T04:21:00+02:00,933.070,933.190,933.040,933.070,14
SQ:XPTUSD,2023-08-24T04:22:00+02:00,933.040,933.080,932.970,932.980,14
SQ:XPTUSD,2023-08-24T04:23:00+02:00,932.990,932.990,932.550,932.690,13
SQ:XPTUSD,2023-08-24T04:24:00+02:00,932.600,932.760,932.600,932.620,20
SQ:XPTUSD,2023-08-24T04:25:00+02:00,932.500,932.590,932.400,932.480,18
SQ:XPTUSD,2023-08-24T04:26:00+02:00,932.490,932.780,932.490,932.630,9
SQ:XPTUSD,2023-08-24T04:27:00+02:00,932.660,932.680,932.350,932.350,14
SQ:XPTUSD,2023-08-24T04:28:00+02:00,932.390,932.390,931.960,931.960,22
SQ:XPTUSD,2023-08-24T04:29:00+02:00,932.090,932.130,931.890,932.130,14
SQ:XPTUSD,2023-08-24T04:30:00+02:00,932.130,932.230,931.960,932.210,22
SQ:XPTUSD,2023-08-24T04:31:00+02:00,932.210,932.510,932.130,932.510,18
SQ:XPTUSD,2023-08-24T04:32:00+02:00,932.510,932.680,932.480,932.670,10
SQ:XPTUSD,2023-08-24T04:33:00+02:00,932.670,933.070,932.600,933.060,18
SQ:XPTUSD,2023-08-24T04:34:00+02:00,933.070,933.070,932.870,932.910,12
SQ:XPTUSD,2023-08-24T04:35:00+02:00,932.850,933.340,932.850,933.340,19
SQ:XPTUSD,2023-08-24T04:36:00+02:00,933.310,933.480,933.130,933.130,16
SQ:XPTUSD,2023-08-24T04:37:00+02:00,933.130,933.130,932.990,933.120,14
SQ:XPTUSD,2023-08-24T04:38:00+02:00,933.120,933.250,933.120,933.160,9
SQ:XPTUSD,2023-08-24T04:39:00+02:00,933.180,933.240,933.180,933.200,11
SQ:XPTUSD,2023-08-24T04:40:00+02:00,933.230,933.460,933.230,933.360,17
SQ:XPTUSD,2023-08-24T04:41:00+02:00,933.360,933.490,933.350,933.480,17
SQ:XPTUSD,2023-08-24T04:42:00+02:00,933.490,933.510,933.420,933.420,24
SQ:XPTUSD,2023-08-24T04:43:00+02:00,933.420,933.830,933.420,933.710,18
SQ:XPTUSD,2023-08-24T04:44:00+02:00,933.710,933.710,933.360,933.440,17
SQ:XPTUSD,2023-08-24T04:45:00+02:00,933.510,933.770,933.410,933.560,19
SQ:XPTUSD,2023-08-24T04:46:00+02:00,933.560,933.780,933.510,933.680,14
SQ:XPTUSD,2023-08-24T04:47:00+02:00,933.680,933.980,933.680,933.900,14
SQ:XPTUSD,2023-08-24T04:48:00+02:00,933.900,934.180,933.830,934.180,17
SQ:XPTUSD,2023-08-24T04:49:00+02:00,934.210,934.410,934.130,934.130,13
SQ:XPTUSD,2023-08-24T04:50:00+02:00,934.210,934.220,933.930,933.940,12
SQ:XPTUSD,2023-08-24T04:51:00+02:00,933.940,933.940,933.640,933.830,18
SQ:XPTUSD,2023-08-24T04:52:00+02:00,933.770,933.870,933.550,933.870,21
SQ:XPTUSD,2023-08-24T04:53:00+02:00,933.840,933.890,933.700,933.890,15
SQ:XPTUSD,2023-08-24T04:54:00+02:00,933.890,934.010,933.850,933.970,15
SQ:XPTUSD,2023-08-24T04:55:00+02:00,934.010,934.270,934.010,934.270,12
SQ:XPTUSD,2023-08-24T04:56:00+02:00,934.270,934.370,934.060,934.060,16
SQ:XPTUSD,2023-08-24T04:57:00+02:00,934.040,934.040,933.780,933.780,14
SQ:XPTUSD,2023-08-24T04:58:00+02:00,933.780,934.000,933.490,933.920,17
SQ:XPTUSD,2023-08-24T04:59:00+02:00,933.890,933.890,933.730,933.730,13
SQ:XPTUSD,2023-08-24T05:00:00+02:00,933.730,933.730,933.420,933.620,20
SQ:XPTUSD,2023-08-24T05:01:00+02:00,933.620,933.860,933.560,933.720,20
SQ:XPTUSD,2023-08-24T05:02:00+02:00,933.770,933.790,933.690,933.710,8
SQ:XPTUSD,2023-08-24T05:03:00+02:00,933.640,933.760,933.500,933.530,17
SQ:XPTUSD,2023-08-24T05:04:00+02:00,933.580,933.680,933.480,933.680,15
SQ:XPTUSD,2023-08-24T05:05:00+02:00,933.700,933.750,933.580,933.710,12
SQ:XPTUSD,2023-08-24T05:06:00+02:00,933.680,933.780,933.550,933.750,17
SQ:XPTUSD,2023-08-24T05:07:00+02:00,933.770,933.840,933.720,933.770,15
SQ:XPTUSD,2023-08-24T05:08:00+02:00,933.760,933.800,933.650,933.650,13
SQ:XPTUSD,2023-08-24T05:09:00+02:00,933.680,933.880,933.590,933.640,13
SQ:XPTUSD,2023-08-24T05:10:00+02:00,933.640,933.740,933.560,933.610,12
SQ:XPTUSD,2023-08-24T05:11:00+02:00,933.610,933.830,933.610,933.820,14
SQ:XPTUSD,2023-08-24T05:12:00+02:00,933.830,933.850,933.780,933.800,13
SQ:XPTUSD,2023-08-24T05:13:00+02:00,933.780,933.820,933.500,933.820,18
SQ:XPTUSD,2023-08-24T05:14:00+02:00,933.820,933.910,933.770,933.910,17
SQ:XPTUSD,2023-08-24T05:15:00+02:00,933.890,934.260,933.890,934.250,14
SQ:XPTUSD,2023-08-24T05:16:00+02:00,934.300,934.730,934.300,934.720,18
SQ:XPTUSD,2023-08-24T05:17:00+02:00,934.780,935.280,934.780,935.220,19
SQ:XPTUSD,2023-08-24T05:18:00+02:00,935.290,935.330,934.810,934.810,45
SQ:XPTUSD,2023-08-24T05:19:00+02:00,934.800,934.880,934.540,934.540,17
SQ:XPTUSD,2023-08-24T05:20:00+02:00,934.570,934.670,934.520,934.660,21
SQ:XPTUSD,2023-08-24T05:21:00+02:00,934.660,934.840,934.660,934.760,36
SQ:XPTUSD,2023-08-24T05:22:00+02:00,934.760,934.960,934.700,934.930,18
SQ:XPTUSD,2023-08-24T05:23:00+02:00,934.960,935.000,934.930,934.940,25
SQ:XPTUSD,2023-08-24T05:24:00+02:00,934.940,935.170,934.940,935.170,35
SQ:XPTUSD,2023-08-24T05:25:00+02:00,935.170,935.530,935.160,935.480,25
SQ:XPTUSD,2023-08-24T05:26:00+02:00,935.480,935.600,935.460,935.540,27
SQ:XPTUSD,2023-08-24T05:27:00+02:00,935.540,935.610,935.120,935.190,29
SQ:XPTUSD,2023-08-24T05:28:00+02:00,935.200,935.230,935.030,935.180,19
SQ:XPTUSD,2023-08-24T05:29:00+02:00,935.160,935.280,935.110,935.180,37
SQ:XPTUSD,2023-08-24T05:30:00+02:00,935.180,935.280,934.980,935.030,46
SQ:XPTUSD,2023-08-24T05:31:00+02:00,935.000,935.130,935.000,935.060,23
SQ:XPTUSD,2023-08-24T05:32:00+02:00,935.060,935.060,934.850,934.950,21
SQ:XPTUSD,2023-08-24T05:33:00+02:00,934.940,935.010,934.860,935.010,26
SQ:XPTUSD,2023-08-24T05:34:00+02:00,935.000,935.000,934.910,934.940,28
SQ:XPTUSD,2023-08-24T05:35:00+02:00,935.030,935.050,934.590,934.590,10
SQ:XPTUSD,2023-08-24T05:36:00+02:00,934.590,934.600,934.560,934.590,12
SQ:XPTUSD,2023-08-24T05:37:00+02:00,934.690,934.980,934.690,934.700,24
SQ:XPTUSD,2023-08-24T05:38:00+02:00,934.740,934.740,934.460,934.460,20
SQ:XPTUSD,2023-08-24T05:39:00+02:00,934.480,934.650,934.480,934.590,25
SQ:XPTUSD,2023-08-24T05:40:00+02:00,934.590,934.690,934.580,934.610,18
SQ:XPTUSD,2023-08-24T05:41:00+02:00,934.650,934.810,934.650,934.780,32
SQ:XPTUSD,2023-08-24T05:42:00+02:00,934.750,934.960,934.740,934.810,20
SQ:XPTUSD,2023-08-24T05:43:00+02:00,934.810,934.810,934.720,934.720,13
SQ:XPTUSD,2023-08-24T05:44:00+02:00,934.840,934.840,934.560,934.600,19
SQ:XPTUSD,2023-08-24T05:45:00+02:00,934.600,934.830,934.590,934.750,27
SQ:XPTUSD,2023-08-24T05:46:00+02:00,934.750,934.840,934.710,934.780,24
SQ:XPTUSD,2023-08-24T05:47:00+02:00,934.740,934.840,934.710,934.840,20
SQ:XPTUSD,2023-08-24T05:48:00+02:00,934.810,934.850,934.710,934.790,22
SQ:XPTUSD,2023-08-24T05:49:00+02:00,934.790,934.900,934.740,934.860,23
SQ:XPTUSD,2023-08-24T05:50:00+02:00,934.860,934.950,934.850,934.950,16
SQ:XPTUSD,2023-08-24T05:51:00+02:00,934.950,934.960,934.780,934.900,9
SQ:XPTUSD,2023-08-24T05:52:00+02:00,934.900,934.900,934.580,934.580,17
SQ:XPTUSD,2023-08-24T05:53:00+02:00,934.480,934.520,934.410,934.410,20
SQ:XPTUSD,2023-08-24T05:54:00+02:00,934.400,934.460,934.350,934.390,12
SQ:XPTUSD,2023-08-24T05:55:00+02:00,934.420,934.590,934.420,934.560,15
SQ:XPTUSD,2023-08-24T05:56:00+02:00,934.560,934.790,934.510,934.530,24
SQ:XPTUSD,2023-08-24T05:57:00+02:00,934.450,934.790,934.290,934.290,28
SQ:XPTUSD,2023-08-24T05:58:00+02:00,934.310,934.460,934.310,934.410,7
SQ:XPTUSD,2023-08-24T05:59:00+02:00,934.410,934.630,934.410,934.580,11
SQ:XPTUSD,2023-08-24T06:00:00+02:00,934.500,934.800,934.270,934.350,28
SQ:XPTUSD,2023-08-24T06:01:00+02:00,934.380,934.540,934.380,934.500,6
SQ:XPTUSD,2023-08-24T06:02:00+02:00,934.450,934.490,934.450,934.480,6
SQ:XPTUSD,2023-08-24T06:03:00+02:00,934.480,934.520,934.480,934.500,9
SQ:XPTUSD,2023-08-24T06:04:00+02:00,934.560,934.560,934.250,934.350,12
SQ:XPTUSD,2023-08-24T06:05:00+02:00,934.380,934.420,934.350,934.350,6
SQ:XPTUSD,2023-08-24T06:06:00+02:00,934.390,934.500,934.360,934.500,8
SQ:XPTUSD,2023-08-24T06:07:00+02:00,934.550,934.690,934.510,934.650,14
SQ:XPTUSD,2023-08-24T06:08:00+02:00,934.660,934.810,934.640,934.800,12
SQ:XPTUSD,2023-08-24T06:09:00+02:00,934.810,934.840,934.310,934.520,16
SQ:XPTUSD,2023-08-24T06:10:00+02:00,934.560,935.080,934.560,934.910,13
SQ:XPTUSD,2023-08-24T06:11:00+02:00,934.930,935.060,934.770,935.030,18
SQ:XPTUSD,2023-08-24T06:12:00+02:00,935.090,935.110,935.060,935.110,8
SQ:XPTUSD,2023-08-24T06:13:00+02:00,935.080,935.140,935.060,935.140,4
SQ:XPTUSD,2023-08-24T06:14:00+02:00,935.140,935.140,934.850,934.890,8
SQ:XPTUSD,2023-08-24T06:15:00+02:00,934.990,935.110,934.840,935.010,32
SQ:XPTUSD,2023-08-24T06:16:00+02:00,935.020,935.070,935.020,935.020,5
SQ:XPTUSD,2023-08-24T06:17:00+02:00,935.020,935.020,934.700,934.730,21
SQ:XPTUSD,2023-08-24T06:18:00+02:00,934.770,934.930,934.770,934.930,9
SQ:XPTUSD,2023-08-24T06:19:00+02:00,934.930,935.130,934.930,935.130,5
SQ:XPTUSD,2023-08-24T06:20:00+02:00,935.090,935.110,935.090,935.110,8
SQ:XPTUSD,2023-08-24T06:21:00+02:00,935.160,935.300,935.160,935.300,4
SQ:XPTUSD,2023-08-24T06:22:00+02:00,935.340,935.340,935.080,935.080,5
SQ:XPTUSD,2023-08-24T06:23:00+02:00,934.930,934.990,934.560,934.560,10
SQ:XPTUSD,2023-08-24T06:24:00+02:00,934.560,934.560,934.240,934.430,8
SQ:XPTUSD,2023-08-24T06:25:00+02:00,934.440,934.550,934.160,934.160,8
SQ:XPTUSD,2023-08-24T06:26:00+02:00,934.150,934.150,933.660,933.950,11
SQ:XPTUSD,2023-08-24T06:27:00+02:00,933.950,934.200,933.720,933.740,17
SQ:XPTUSD,2023-08-24T06:28:00+02:00,933.740,933.740,933.420,933.720,6
SQ:XPTUSD,2023-08-24T06:29:00+02:00,933.720,933.910,933.720,933.910,5
SQ:XPTUSD,2023-08-24T06:30:00+02:00,934.010,934.030,933.840,933.840,8
SQ:XPTUSD,2023-08-24T06:31:00+02:00,933.840,933.950,933.830,933.920,10
SQ:XPTUSD,2023-08-24T06:32:00+02:00,933.920,933.990,933.190,933.190,16
SQ:XPTUSD,2023-08-24T06:33:00+02:00,933.190,933.400,933.060,933.140,21
SQ:XPTUSD,2023-08-24T06:34:00+02:00,932.970,932.970,932.840,932.910,11
SQ:XPTUSD,2023-08-24T06:35:00+02:00,932.910,932.910,932.700,932.750,13
SQ:XPTUSD,2023-08-24T06:36:00+02:00,932.750,932.770,932.750,932.770,2
SQ:XPTUSD,2023-08-24T06:37:00+02:00,932.770,932.770,932.770,932.770,1
SQ:XPTUSD,2023-08-24T06:38:00+02:00,932.770,932.770,932.740,932.740,3
SQ:XPTUSD,2023-08-24T06:39:00+02:00,932.740,932.960,932.740,932.770,3
SQ:XPTUSD,2023-08-24T06:40:00+02:00,932.760,932.770,932.760,932.760,3
SQ:XPTUSD,2023-08-24T06:41:00+02:00,932.760,933.150,932.760,933.150,9
SQ:XPTUSD,2023-08-24T06:42:00+02:00,933.140,933.280,933.140,933.240,8
SQ:XPTUSD,2023-08-24T06:43:00+02:00,933.240,933.260,933.240,933.260,5
SQ:XPTUSD,2023-08-24T06:44:00+02:00,933.260,933.260,932.930,933.010,16
SQ:XPTUSD,2023-08-24T06:45:00+02:00,933.000,933.160,933.000,933.160,26
SQ:XPTUSD,2023-08-24T06:46:00+02:00,933.150,933.480,933.140,933.380,36
SQ:XPTUSD,2023-08-24T06:47:00+02:00,933.430,933.870,933.390,933.590,78
SQ:XPTUSD,2023-08-24T06:48:00+02:00,933.590,933.660,933.530,933.640,25
SQ:XPTUSD,2023-08-24T06:49:00+02:00,933.600,933.700,933.470,933.600,31
SQ:XPTUSD,2023-08-24T06:50:00+02:00,933.600,933.970,933.590,933.970,18
SQ:XPTUSD,2023-08-24T06:51:00+02:00,934.010,934.170,934.010,934.050,8
SQ:XPTUSD,2023-08-24T06:52:00+02:00,934.050,934.050,933.870,933.870,4
SQ:XPTUSD,2023-08-24T06:53:00+02:00,933.870,933.870,933.590,933.600,16
SQ:XPTUSD,2023-08-24T06:54:00+02:00,933.600,933.600,933.400,933.510,6
SQ:XPTUSD,2023-08-24T06:55:00+02:00,933.510,933.910,933.420,933.850,45
SQ:XPTUSD,2023-08-24T06:56:00+02:00,933.900,933.900,933.630,933.870,19
SQ:XPTUSD,2023-08-24T06:57:00+02:00,933.870,933.920,933.620,933.670,11
SQ:XPTUSD,2023-08-24T06:58:00+02:00,933.670,933.720,933.500,933.650,16
SQ:XPTUSD,2023-08-24T06:59:00+02:00,933.650,933.700,933.540,933.570,17
SQ:XPTUSD,2023-08-24T07:00:00+02:00,933.670,934.180,933.630,934.080,44
SQ:XPTUSD,2023-08-24T07:01:00+02:00,934.080,934.550,933.590,933.590,41
SQ:XPTUSD,2023-08-24T07:02:00+02:00,933.590,933.800,933.410,933.560,32
SQ:XPTUSD,2023-08-24T07:03:00+02:00,933.550,933.650,933.440,933.610,21
SQ:XPTUSD,2023-08-24T07:04:00+02:00,933.570,933.810,933.450,933.560,21
SQ:XPTUSD,2023-08-24T07:05:00+02:00,933.560,933.770,933.560,933.640,16
SQ:XPTUSD,2023-08-24T07:06:00+02:00,933.680,933.680,933.520,933.570,18
SQ:XPTUSD,2023-08-24T07:07:00+02:00,933.670,933.820,933.620,933.730,14
SQ:XPTUSD,2023-08-24T07:08:00+02:00,933.730,933.790,933.520,933.580,28
SQ:XPTUSD,2023-08-24T07:09:00+02:00,933.540,933.540,933.150,933.150,16
SQ:XPTUSD,2023-08-24T07:10:00+02:00,933.110,933.200,933.070,933.150,18
SQ:XPTUSD,2023-08-24T07:11:00+02:00,933.120,933.570,933.120,933.520,33
SQ:XPTUSD,2023-08-24T07:12:00+02:00,933.520,933.690,933.380,933.420,30
SQ:XPTUSD,2023-08-24T07:13:00+02:00,933.430,933.710,933.370,933.380,23
SQ:XPTUSD,2023-08-24T07:14:00+02:00,933.380,933.660,933.290,933.430,14
SQ:XPTUSD,2023-08-24T07:15:00+02:00,933.440,933.830,933.370,933.370,27
SQ:XPTUSD,2023-08-24T07:16:00+02:00,933.330,933.570,933.260,933.300,16
SQ:XPTUSD,2023-08-24T07:17:00+02:00,933.300,933.560,933.300,933.420,19
SQ:XPTUSD,2023-08-24T07:18:00+02:00,933.420,933.750,933.420,933.550,18
SQ:XPTUSD,2023-08-24T07:19:00+02:00,933.560,933.660,933.540,933.550,15
SQ:XPTUSD,2023-08-24T07:20:00+02:00,933.550,933.680,933.540,933.560,29
SQ:XPTUSD,2023-08-24T07:21:00+02:00,933.550,933.830,933.530,933.790,14
SQ:XPTUSD,2023-08-24T07:22:00+02:00,933.790,933.880,933.750,933.790,9
SQ:XPTUSD,2023-08-24T07:23:00+02:00,933.800,933.950,933.750,933.890,18
SQ:XPTUSD,2023-08-24T07:24:00+02:00,933.900,934.060,933.900,934.050,7
SQ:XPTUSD,2023-08-24T07:25:00+02:00,934.050,934.180,933.870,934.110,14
SQ:XPTUSD,2023-08-24T07:26:00+02:00,934.080,934.130,933.690,933.770,28
SQ:XPTUSD,2023-08-24T07:27:00+02:00,933.770,933.870,933.770,933.830,4
SQ:XPTUSD,2023-08-24T07:28:00+02:00,933.830,933.890,933.830,933.890,10
SQ:XPTUSD,2023-08-24T07:29:00+02:00,933.890,933.890,933.660,933.870,138
SQ:XPTUSD,2023-08-24T07:30:00+02:00,933.880,933.880,933.490,933.550,27
SQ:XPTUSD,2023-08-24T07:31:00+02:00,933.610,933.760,933.300,933.470,24
SQ:XPTUSD,2023-08-24T07:32:00+02:00,933.470,933.930,933.470,933.930,28
SQ:XPTUSD,2023-08-24T07:33:00+02:00,933.950,934.290,933.890,933.960,26
SQ:XPTUSD,2023-08-24T07:34:00+02:00,933.960,934.240,933.570,933.910,12
SQ:XPTUSD,2023-08-24T07:35:00+02:00,933.910,933.910,933.720,933.730,19
SQ:XPTUSD,2023-08-24T07:36:00+02:00,933.670,933.710,933.570,933.660,39
SQ:XPTUSD,2023-08-24T07:37:00+02:00,933.880,934.010,933.880,933.930,12
SQ:XPTUSD,2023-08-24T07:38:00+02:00,933.930,933.930,933.490,933.490,27
SQ:XPTUSD,2023-08-24T07:39:00+02:00,933.490,933.510,933.350,933.350,7
SQ:XPTUSD,2023-08-24T07:40:00+02:00,933.350,933.460,933.330,933.460,12
SQ:XPTUSD,2023-08-24T07:41:00+02:00,933.340,933.490,933.080,933.180,36
SQ:XPTUSD,2023-08-24T07:42:00+02:00,933.180,933.280,933.180,933.240,11
SQ:XPTUSD,2023-08-24T07:43:00+02:00,933.280,933.400,933.100,933.170,29
SQ:XPTUSD,2023-08-24T07:44:00+02:00,933.180,933.180,933.010,933.010,13
SQ:XPTUSD,2023-08-24T07:45:00+02:00,932.970,932.970,932.290,932.330,25
SQ:XPTUSD,2023-08-24T07:46:00+02:00,932.290,932.630,932.260,932.570,23
SQ:XPTUSD,2023-08-24T07:47:00+02:00,932.570,932.640,932.350,932.540,9
SQ:XPTUSD,2023-08-24T07:48:00+02:00,932.630,932.980,932.630,932.940,30
SQ:XPTUSD,2023-08-24T07:49:00+02:00,932.940,933.090,932.940,933.040,18
SQ:XPTUSD,2023-08-24T07:50:00+02:00,933.050,933.250,932.870,933.060,21
SQ:XPTUSD,2023-08-24T07:51:00+02:00,933.060,933.110,933.000,933.110,5
SQ:XPTUSD,2023-08-24T07:52:00+02:00,933.110,933.410,932.920,933.170,23
SQ:XPTUSD,2023-08-24T07:53:00+02:00,933.170,933.250,932.620,932.620,19
SQ:XPTUSD,2023-08-24T07:54:00+02:00,932.620,932.830,932.610,932.810,15
SQ:XPTUSD,2023-08-24T07:55:00+02:00,932.800,932.890,932.490,932.510,20
SQ:XPTUSD,2023-08-24T07:56:00+02:00,932.510,932.510,932.310,932.330,17
SQ:XPTUSD,2023-08-24T07:57:00+02:00,932.460,932.790,932.460,932.630,20
SQ:XPTUSD,2023-08-24T07:58:00+02:00,932.640,932.660,932.190,932.400,39
SQ:XPTUSD,2023-08-24T07:59:00+02:00,932.400,932.530,932.310,932.430,19
SQ:XPTUSD,2023-08-24T08:00:00+02:00,932.430,932.510,932.290,932.300,19
SQ:XPTUSD,2023-08-24T08:01:00+02:00,932.380,932.540,932.230,932.240,15
SQ:XPTUSD,2023-08-24T08:02:00+02:00,932.260,932.920,932.260,932.880,22
SQ:XPTUSD,2023-08-24T08:03:00+02:00,932.880,933.140,932.880,932.950,20
SQ:XPTUSD,2023-08-24T08:04:00+02:00,932.960,933.020,932.960,932.990,9
SQ:XPTUSD,2023-08-24T08:05:00+02:00,932.960,933.100,932.960,933.080,12
SQ:XPTUSD,2023-08-24T08:06:00+02:00,933.070,933.070,932.360,932.380,14
SQ:XPTUSD,2023-08-24T08:07:00+02:00,932.380,932.450,932.270,932.410,15
SQ:XPTUSD,2023-08-24T08:08:00+02:00,932.410,932.440,932.030,932.030,18
SQ:XPTUSD,2023-08-24T08:09:00+02:00,932.030,932.260,931.790,931.980,26
SQ:XPTUSD,2023-08-24T08:10:00+02:00,931.990,931.990,931.650,931.690,15
SQ:XPTUSD,2023-08-24T08:11:00+02:00,931.690,931.810,931.620,931.740,23
SQ:XPTUSD,2023-08-24T08:12:00+02:00,931.740,932.020,931.660,931.880,25
SQ:XPTUSD,2023-08-24T08:13:00+02:00,931.890,931.890,930.610,930.750,26
SQ:XPTUSD,2023-08-24T08:14:00+02:00,930.750,931.080,930.550,930.960,24
SQ:XPTUSD,2023-08-24T08:15:00+02:00,930.930,931.460,930.650,930.830,24
SQ:XPTUSD,2023-08-24T08:16:00+02:00,930.860,930.860,930.510,930.770,29
SQ:XPTUSD,2023-08-24T08:17:00+02:00,930.820,930.920,930.460,930.530,45
SQ:XPTUSD,2023-08-24T08:18:00+02:00,930.580,930.730,930.570,930.660,35
SQ:XPTUSD,2023-08-24T08:19:00+02:00,930.660,930.780,930.470,930.610,24
SQ:XPTUSD,2023-08-24T08:20:00+02:00,930.650,931.240,930.650,931.190,25
SQ:XPTUSD,2023-08-24T08:21:00+02:00,931.190,931.370,930.910,931.140,32
SQ:XPTUSD,2023-08-24T08:22:00+02:00,931.180,931.450,930.960,930.960,39
SQ:XPTUSD,2023-08-24T08:23:00+02:00,930.960,930.960,930.520,930.520,33
SQ:XPTUSD,2023-08-24T08:24:00+02:00,930.510,930.660,930.510,930.600,10
SQ:XPTUSD,2023-08-24T08:25:00+02:00,930.560,930.750,930.490,930.670,26
SQ:XPTUSD,2023-08-24T08:26:00+02:00,930.580,931.120,930.530,931.080,37
SQ:XPTUSD,2023-08-24T08:27:00+02:00,931.080,931.080,930.720,930.810,24
SQ:XPTUSD,2023-08-24T08:28:00+02:00,930.710,930.840,930.150,930.150,19
SQ:XPTUSD,2023-08-24T08:29:00+02:00,930.150,930.470,930.050,930.220,42
SQ:XPTUSD,2023-08-24T08:30:00+02:00,930.220,930.490,929.710,929.810,40
SQ:XPTUSD,2023-08-24T08:31:00+02:00,929.810,930.050,928.840,928.840,30
SQ:XPTUSD,2023-08-24T08:32:00+02:00,928.840,929.410,928.840,929.390,25
SQ:XPTUSD,2023-08-24T08:33:00+02:00,929.390,929.800,929.250,929.450,21
SQ:XPTUSD,2023-08-24T08:34:00+02:00,929.490,929.970,929.360,929.970,22
SQ:XPTUSD,2023-08-24T08:35:00+02:00,929.970,930.000,929.390,929.700,22
SQ:XPTUSD,2023-08-24T08:36:00+02:00,929.670,929.930,929.540,929.930,28
SQ:XPTUSD,2023-08-24T08:37:00+02:00,929.970,930.160,929.470,929.470,24
SQ:XPTUSD,2023-08-24T08:38:00+02:00,929.470,929.780,929.270,929.410,27
SQ:XPTUSD,2023-08-24T08:39:00+02:00,929.320,929.570,929.270,929.540,22
SQ:XPTUSD,2023-08-24T08:40:00+02:00,929.640,930.200,929.590,930.200,22
SQ:XPTUSD,2023-08-24T08:41:00+02:00,930.200,930.470,930.100,930.450,18
SQ:XPTUSD,2023-08-24T08:42:00+02:00,930.410,930.860,930.150,930.340,27
SQ:XPTUSD,2023-08-24T08:43:00+02:00,930.340,930.650,930.330,930.580,21
SQ:XPTUSD,2023-08-24T08:44:00+02:00,930.540,931.010,930.540,930.910,28
SQ:XPTUSD,2023-08-24T08:45:00+02:00,930.860,930.870,930.620,930.730,30
SQ:XPTUSD,2023-08-24T08:46:00+02:00,930.740,930.870,930.700,930.840,21
SQ:XPTUSD,2023-08-24T08:47:00+02:00,930.840,931.300,930.630,930.670,28
SQ:XPTUSD,2023-08-24T08:48:00+02:00,930.630,930.730,930.490,930.730,11
SQ:XPTUSD,2023-08-24T08:49:00+02:00,930.730,930.860,930.560,930.640,25
SQ:XPTUSD,2023-08-24T08:50:00+02:00,930.600,930.920,930.600,930.850,38
SQ:XPTUSD,2023-08-24T08:51:00+02:00,930.820,930.960,930.770,930.830,58
SQ:XPTUSD,2023-08-24T08:52:00+02:00,930.790,930.860,930.770,930.770,21
SQ:XPTUSD,2023-08-24T08:53:00+02:00,930.770,930.770,930.220,930.380,42
SQ:XPTUSD,2023-08-24T08:54:00+02:00,930.380,930.400,929.700,929.700,40
SQ:XPTUSD,2023-08-24T08:55:00+02:00,929.700,930.180,929.620,929.720,65
SQ:XPTUSD,2023-08-24T08:56:00+02:00,929.700,929.700,929.170,929.180,41
SQ:XPTUSD,2023-08-24T08:57:00+02:00,929.160,929.260,928.710,929.190,53
SQ:XPTUSD,2023-08-24T08:58:00+02:00,929.210,929.240,928.920,928.970,40
SQ:XPTUSD,2023-08-24T08:59:00+02:00,928.970,929.650,928.890,928.910,40
SQ:XPTUSD,2023-08-24T09:00:00+02:00,929.630,930.650,928.830,929.970,48
SQ:XPTUSD,2023-08-24T09:01:00+02:00,929.940,930.550,929.700,930.480,40
SQ:XPTUSD,2023-08-24T09:02:00+02:00,930.500,931.050,929.800,930.250,43
SQ:XPTUSD,2023-08-24T09:03:00+02:00,931.140,931.940,930.600,931.280,47
SQ:XPTUSD,2023-08-24T09:04:00+02:00,931.310,932.240,931.280,931.700,15
SQ:XPTUSD,2023-08-24T09:05:00+02:00,931.710,932.440,931.680,931.920,33
SQ:XPTUSD,2023-08-24T09:06:00+02:00,932.360,932.530,931.650,931.950,50
SQ:XPTUSD,2023-08-24T09:07:00+02:00,932.260,932.410,931.610,932.350,38
SQ:XPTUSD,2023-08-24T09:08:00+02:00,932.350,932.360,931.280,931.670,39
SQ:XPTUSD,2023-08-24T09:09:00+02:00,931.670,932.360,931.300,931.910,24
SQ:XPTUSD,2023-08-24T09:10:00+02:00,931.800,931.910,931.150,931.650,19
SQ:XPTUSD,2023-08-24T09:11:00+02:00,931.710,931.840,930.980,931.840,25
SQ:XPTUSD,2023-08-24T09:12:00+02:00,931.840,931.980,930.770,930.950,26
SQ:XPTUSD,2023-08-24T09:13:00+02:00,930.890,931.830,930.890,931.830,27
SQ:XPTUSD,2023-08-24T09:14:00+02:00,931.800,931.830,931.200,931.360,19
SQ:XPTUSD,2023-08-24T09:15:00+02:00,931.460,931.560,931.210,931.270,20
SQ:XPTUSD,2023-08-24T09:16:00+02:00,931.260,931.330,930.080,930.560,22
SQ:XPTUSD,2023-08-24T09:17:00+02:00,930.560,930.910,930.410,930.650,28
SQ:XPTUSD,2023-08-24T09:18:00+02:00,930.650,930.650,930.200,930.250,23
SQ:XPTUSD,2023-08-24T09:19:00+02:00,930.250,930.490,930.060,930.200,39
SQ:XPTUSD,2023-08-24T09:20:00+02:00,930.200,930.400,930.180,930.210,21
SQ:XPTUSD,2023-08-24T09:21:00+02:00,930.220,930.270,930.050,930.080,31
SQ:XPTUSD,2023-08-24T09:22:00+02:00,930.080,930.180,929.290,930.180,75
SQ:XPTUSD,2023-08-24T09:23:00+02:00,930.150,930.380,930.150,930.360,52
SQ:XPTUSD,2023-08-24T09:24:00+02:00,930.380,930.970,930.360,930.800,39
SQ:XPTUSD,2023-08-24T09:25:00+02:00,930.800,931.310,930.800,931.230,19
SQ:XPTUSD,2023-08-24T09:26:00+02:00,931.200,931.430,930.940,931.270,26
SQ:XPTUSD,2023-08-24T09:27:00+02:00,931.290,931.290,930.770,930.900,31
SQ:XPTUSD,2023-08-24T09:28:00+02:00,930.870,930.950,930.670,930.690,17
SQ:XPTUSD,2023-08-24T09:29:00+02:00,930.680,930.940,930.530,930.930,19
SQ:XPTUSD,2023-08-24T09:30:00+02:00,930.980,931.370,930.980,931.120,18
SQ:XPTUSD,2023-08-24T09:31:00+02:00,931.170,931.430,931.030,931.140,20
SQ:XPTUSD,2023-08-24T09:32:00+02:00,931.080,931.190,930.610,930.700,20
SQ:XPTUSD,2023-08-24T09:33:00+02:00,930.690,930.880,930.660,930.810,18
SQ:XPTUSD,2023-08-24T09:34:00+02:00,930.810,930.880,930.160,930.160,17
SQ:XPTUSD,2023-08-24T09:35:00+02:00,930.260,930.300,930.160,930.170,15
SQ:XPTUSD,2023-08-24T09:36:00+02:00,930.170,930.520,930.170,930.520,8
SQ:XPTUSD,2023-08-24T09:37:00+02:00,930.530,930.600,929.980,930.370,21
SQ:XPTUSD,2023-08-24T09:38:00+02:00,930.370,930.370,929.660,929.660,18
SQ:XPTUSD,2023-08-24T09:39:00+02:00,929.590,929.730,929.270,929.490,24
SQ:XPTUSD,2023-08-24T09:40:00+02:00,929.490,930.430,929.490,930.410,39
SQ:XPTUSD,2023-08-24T09:41:00+02:00,930.370,930.620,930.360,930.620,13
SQ:XPTUSD,2023-08-24T09:42:00+02:00,930.610,930.650,930.040,930.570,24
SQ:XPTUSD,2023-08-24T09:43:00+02:00,930.680,930.800,929.700,930.430,25
SQ:XPTUSD,2023-08-24T09:44:00+02:00,930.460,930.940,930.430,930.940,12
SQ:XPTUSD,2023-08-24T09:45:00+02:00,930.940,931.350,930.640,931.350,14
SQ:XPTUSD,2023-08-24T09:46:00+02:00,931.440,931.450,930.860,930.860,12
SQ:XPTUSD,2023-08-24T09:47:00+02:00,930.860,930.860,930.460,930.490,14
SQ:XPTUSD,2023-08-24T09:48:00+02:00,930.490,930.490,930.230,930.280,7
SQ:XPTUSD,2023-08-24T09:49:00+02:00,930.280,930.280,929.730,929.730,21
SQ:XPTUSD,2023-08-24T09:50:00+02:00,929.770,930.180,929.630,929.950,17
SQ:XPTUSD,2023-08-24T09:51:00+02:00,929.950,930.180,929.950,930.150,14
SQ:XPTUSD,2023-08-24T09:52:00+02:00,930.150,930.690,930.110,930.690,14
SQ:XPTUSD,2023-08-24T09:53:00+02:00,930.690,930.720,930.440,930.440,9
SQ:XPTUSD,2023-08-24T09:54:00+02:00,930.440,930.680,930.400,930.400,15
SQ:XPTUSD,2023-08-24T09:55:00+02:00,930.400,930.700,930.400,930.630,14
SQ:XPTUSD,2023-08-24T09:56:00+02:00,930.650,930.700,930.280,930.380,18
SQ:XPTUSD,2023-08-24T09:57:00+02:00,930.410,930.420,930.300,930.300,12
SQ:XPTUSD,2023-08-24T09:58:00+02:00,930.300,930.300,929.780,929.830,10
SQ:XPTUSD,2023-08-24T09:59:00+02:00,929.830,929.910,929.590,929.620,15
SQ:XPTUSD,2023-08-24T10:00:00+02:00,929.760,930.010,929.270,929.970,27
SQ:XPTUSD,2023-08-24T10:01:00+02:00,930.070,930.450,929.990,930.250,17
SQ:XPTUSD,2023-08-24T10:02:00+02:00,930.220,930.540,930.220,930.520,15
SQ:XPTUSD,2023-08-24T10:03:00+02:00,930.540,931.370,930.490,931.250,20
SQ:XPTUSD,2023-08-24T10:04:00+02:00,931.350,931.890,931.350,931.870,19
SQ:XPTUSD,2023-08-24T10:05:00+02:00,931.890,931.910,931.820,931.880,9
SQ:XPTUSD,2023-08-24T10:06:00+02:00,931.840,933.350,931.810,933.350,28
SQ:XPTUSD,2023-08-24T10:07:00+02:00,933.350,933.540,932.890,932.950,24
SQ:XPTUSD,2023-08-24T10:08:00+02:00,932.900,932.900,932.240,932.750,15
SQ:XPTUSD,2023-08-24T10:09:00+02:00,932.870,932.870,931.830,931.830,20
SQ:XPTUSD,2023-08-24T10:10:00+02:00,931.960,932.010,931.700,931.700,12
SQ:XPTUSD,2023-08-24T10:11:00+02:00,931.700,931.710,931.380,931.630,21
SQ:XPTUSD,2023-08-24T10:12:00+02:00,931.650,932.000,931.320,931.350,17
SQ:XPTUSD,2023-08-24T10:13:00+02:00,931.510,931.750,931.330,931.710,11
SQ:XPTUSD,2023-08-24T10:14:00+02:00,931.700,931.740,931.360,931.730,17
SQ:XPTUSD,2023-08-24T10:15:00+02:00,931.730,931.740,930.930,930.970,16
SQ:XPTUSD,2023-08-24T10:16:00+02:00,930.970,931.460,930.920,930.920,13
SQ:XPTUSD,2023-08-24T10:17:00+02:00,930.920,930.920,930.360,930.390,17
SQ:XPTUSD,2023-08-24T10:18:00+02:00,930.390,931.090,930.390,930.730,16
SQ:XPTUSD,2023-08-24T10:19:00+02:00,930.740,931.500,930.530,931.310,15
SQ:XPTUSD,2023-08-24T10:20:00+02:00,931.310,931.440,931.200,931.230,17
SQ:XPTUSD,2023-08-24T10:21:00+02:00,931.350,931.350,930.720,930.800,17
SQ:XPTUSD,2023-08-24T10:22:00+02:00,930.770,931.290,930.730,931.270,12
SQ:XPTUSD,2023-08-24T10:23:00+02:00,931.100,931.240,930.820,930.950,15
SQ:XPTUSD,2023-08-24T10:24:00+02:00,930.980,931.000,930.900,931.000,14
SQ:XPTUSD,2023-08-24T10:25:00+02:00,931.010,931.890,931.010,931.790,24
SQ:XPTUSD,2023-08-24T10:26:00+02:00,931.880,932.270,931.770,931.830,24
SQ:XPTUSD,2023-08-24T10:27:00+02:00,931.850,931.850,931.340,931.770,18
SQ:XPTUSD,2023-08-24T10:28:00+02:00,931.760,931.760,931.410,931.610,11
SQ:XPTUSD,2023-08-24T10:29:00+02:00,931.610,931.950,931.510,931.770,17
SQ:XPTUSD,2023-08-24T10:30:00+02:00,931.750,932.430,931.750,932.200,20
SQ:XPTUSD,2023-08-24T10:31:00+02:00,932.280,932.420,932.180,932.260,12
SQ:XPTUSD,2023-08-24T10:32:00+02:00,932.300,932.450,932.300,932.370,10
SQ:XPTUSD,2023-08-24T10:33:00+02:00,932.320,932.320,931.630,931.870,18
SQ:XPTUSD,2023-08-24T10:34:00+02:00,931.960,931.960,931.300,931.500,22
SQ:XPTUSD,2023-08-24T10:35:00+02:00,931.500,931.650,931.180,931.290,19
SQ:XPTUSD,2023-08-24T10:36:00+02:00,931.290,931.380,930.950,931.020,18
SQ:XPTUSD,2023-08-24T10:37:00+02:00,930.990,931.310,930.850,930.850,20
SQ:XPTUSD,2023-08-24T10:38:00+02:00,930.850,930.920,930.570,930.860,20
SQ:XPTUSD,2023-08-24T10:39:00+02:00,930.860,931.100,930.710,930.900,14
SQ:XPTUSD,2023-08-24T10:40:00+02:00,930.780,930.970,930.430,930.640,21
SQ:XPTUSD,2023-08-24T10:41:00+02:00,930.640,931.470,930.600,931.210,21
SQ:XPTUSD,2023-08-24T10:42:00+02:00,931.300,931.340,931.020,931.020,11
SQ:XPTUSD,2023-08-24T10:43:00+02:00,930.980,930.980,930.790,930.880,11
SQ:XPTUSD,2023-08-24T10:44:00+02:00,930.790,930.810,930.620,930.630,11
SQ:XPTUSD,2023-08-24T10:45:00+02:00,930.630,931.690,930.190,931.690,19
SQ:XPTUSD,2023-08-24T10:46:00+02:00,931.690,931.870,931.440,931.650,18
SQ:XPTUSD,2023-08-24T10:47:00+02:00,931.460,931.610,931.080,931.160,22
SQ:XPTUSD,2023-08-24T10:48:00+02:00,931.390,931.690,931.300,931.520,19
SQ:XPTUSD,2023-08-24T10:49:00+02:00,931.520,931.590,931.170,931.170,21
SQ:XPTUSD,2023-08-24T10:50:00+02:00,931.200,931.470,931.200,931.430,12
SQ:XPTUSD,2023-08-24T10:51:00+02:00,931.430,931.580,931.070,931.070,14
SQ:XPTUSD,2023-08-24T10:52:00+02:00,931.070,931.070,930.570,930.570,15
SQ:XPTUSD,2023-08-24T10:53:00+02:00,930.630,930.630,930.020,930.600,15
SQ:XPTUSD,2023-08-24T10:54:00+02:00,930.610,931.120,930.220,930.220,17
SQ:XPTUSD,2023-08-24T10:55:00+02:00,930.230,930.330,929.960,929.960,8
SQ:XPTUSD,2023-08-24T10:56:00+02:00,929.960,930.060,929.760,929.760,14
SQ:XPTUSD,2023-08-24T10:57:00+02:00,929.760,930.250,929.730,930.250,19
SQ:XPTUSD,2023-08-24T10:58:00+02:00,930.250,930.340,929.850,930.210,18
SQ:XPTUSD,2023-08-24T10:59:00+02:00,930.210,930.440,930.210,930.340,18
SQ:XPTUSD,2023-08-24T11:00:00+02:00,930.340,931.270,930.340,931.080,27
SQ:XPTUSD,2023-08-24T11:01:00+02:00,931.080,931.300,930.960,931.230,22
SQ:XPTUSD,2023-08-24T11:02:00+02:00,931.230,931.350,931.170,931.180,12
SQ:XPTUSD,2023-08-24T11:03:00+02:00,931.180,931.270,930.800,930.800,17
SQ:XPTUSD,2023-08-24T11:04:00+02:00,930.800,930.840,930.510,930.510,14
SQ:XPTUSD,2023-08-24T11:05:00+02:00,930.530,930.670,930.120,930.170,17
SQ:XPTUSD,2023-08-24T11:06:00+02:00,930.170,930.610,930.160,930.310,22
SQ:XPTUSD,2023-08-24T11:07:00+02:00,930.560,930.780,930.480,930.780,16
SQ:XPTUSD,2023-08-24T11:08:00+02:00,930.770,930.890,930.680,930.890,16
SQ:XPTUSD,2023-08-24T11:09:00+02:00,930.860,931.010,930.600,930.600,14
SQ:XPTUSD,2023-08-24T11:10:00+02:00,930.600,930.650,930.500,930.650,19
SQ:XPTUSD,2023-08-24T11:11:00+02:00,930.650,930.660,930.450,930.570,13
SQ:XPTUSD,2023-08-24T11:12:00+02:00,930.600,930.690,930.280,930.280,16
SQ:XPTUSD,2023-08-24T11:13:00+02:00,930.280,930.330,930.080,930.330,15
SQ:XPTUSD,2023-08-24T11:14:00+02:00,930.250,930.420,930.230,930.380,8
SQ:XPTUSD,2023-08-24T11:15:00+02:00,930.390,930.830,930.270,930.740,15
SQ:XPTUSD,2023-08-24T11:16:00+02:00,930.770,930.900,930.670,930.840,14
SQ:XPTUSD,2023-08-24T11:17:00+02:00,930.840,930.840,930.100,930.340,23
SQ:XPTUSD,2023-08-24T11:18:00+02:00,930.340,930.340,929.730,929.830,15
SQ:XPTUSD,2023-08-24T11:19:00+02:00,929.830,929.930,929.670,929.700,16
SQ:XPTUSD,2023-08-24T11:20:00+02:00,929.700,930.110,929.700,930.110,19
SQ:XPTUSD,2023-08-24T11:21:00+02:00,930.110,930.340,930.010,930.020,21
SQ:XPTUSD,2023-08-24T11:22:00+02:00,930.020,930.020,929.720,929.780,18
SQ:XPTUSD,2023-08-24T11:23:00+02:00,929.870,930.430,929.830,930.430,17
SQ:XPTUSD,2023-08-24T11:24:00+02:00,930.380,930.440,930.070,930.090,19
SQ:XPTUSD,2023-08-24T11:25:00+02:00,930.090,930.160,929.870,929.880,20
SQ:XPTUSD,2023-08-24T11:26:00+02:00,929.880,930.250,929.750,929.750,13
SQ:XPTUSD,2023-08-24T11:27:00+02:00,929.750,929.980,929.650,929.910,20
SQ:XPTUSD,2023-08-24T11:28:00+02:00,929.950,930.050,929.610,929.910,16
SQ:XPTUSD,2023-08-24T11:29:00+02:00,929.950,930.140,929.770,929.970,17
SQ:XPTUSD,2023-08-24T11:30:00+02:00,930.000,930.430,929.980,930.320,20
SQ:XPTUSD,2023-08-24T11:31:00+02:00,930.330,930.400,929.880,930.200,18
SQ:XPTUSD,2023-08-24T11:32:00+02:00,930.200,930.280,929.510,930.110,23
SQ:XPTUSD,2023-08-24T11:33:00+02:00,930.180,930.390,930.100,930.390,13
SQ:XPTUSD,2023-08-24T11:34:00+02:00,930.390,930.500,930.120,930.210,17
SQ:XPTUSD,2023-08-24T11:35:00+02:00,930.150,930.150,929.690,929.870,19
SQ:XPTUSD,2023-08-24T11:36:00+02:00,929.740,930.130,929.710,930.130,10
SQ:XPTUSD,2023-08-24T11:37:00+02:00,930.150,930.150,929.810,929.810,16
SQ:XPTUSD,2023-08-24T11:38:00+02:00,929.830,929.960,929.760,929.840,15
SQ:XPTUSD,2023-08-24T11:39:00+02:00,929.930,929.940,929.720,929.750,18
SQ:XPTUSD,2023-08-24T11:40:00+02:00,929.650,929.840,929.590,929.590,11
SQ:XPTUSD,2023-08-24T11:41:00+02:00,929.680,929.960,929.490,929.960,25
SQ:XPTUSD,2023-08-24T11:42:00+02:00,929.960,929.960,929.440,929.640,49
SQ:XPTUSD,2023-08-24T11:43:00+02:00,929.640,929.860,929.450,929.740,53
SQ:XPTUSD,2023-08-24T11:44:00+02:00,929.740,929.890,929.450,929.450,24
SQ:XPTUSD,2023-08-24T11:45:00+02:00,929.570,929.870,929.450,929.740,51
SQ:XPTUSD,2023-08-24T11:46:00+02:00,929.650,929.820,929.600,929.710,29
SQ:XPTUSD,2023-08-24T11:47:00+02:00,929.710,930.000,929.710,929.710,10
SQ:XPTUSD,2023-08-24T11:48:00+02:00,929.710,929.950,929.710,929.950,9
SQ:XPTUSD,2023-08-24T11:49:00+02:00,930.000,930.000,929.870,929.910,3
SQ:XPTUSD,2023-08-24T11:50:00+02:00,929.910,930.450,929.910,930.360,10
SQ:XPTUSD,2023-08-24T11:51:00+02:00,930.400,930.720,930.400,930.720,6
SQ:XPTUSD,2023-08-24T11:52:00+02:00,930.720,930.760,930.250,930.570,19
SQ:XPTUSD,2023-08-24T11:53:00+02:00,930.580,930.620,930.160,930.310,21
SQ:XPTUSD,2023-08-24T11:54:00+02:00,930.380,930.500,930.060,930.500,19
SQ:XPTUSD,2023-08-24T11:55:00+02:00,930.420,930.570,929.850,929.890,23
SQ:XPTUSD,2023-08-24T11:56:00+02:00,929.890,929.890,929.680,929.870,19
SQ:XPTUSD,2023-08-24T11:57:00+02:00,929.780,929.920,929.700,929.870,12
SQ:XPTUSD,2023-08-24T11:58:00+02:00,929.870,929.980,929.750,929.900,16
SQ:XPTUSD,2023-08-24T11:59:00+02:00,929.840,929.940,929.630,929.630,17
SQ:XPTUSD,2023-08-24T12:00:00+02:00,929.640,929.640,928.740,929.510,36
SQ:XPTUSD,2023-08-24T12:01:00+02:00,929.460,929.460,929.120,929.130,24
SQ:XPTUSD,2023-08-24T12:02:00+02:00,929.130,929.740,928.890,929.590,23
SQ:XPTUSD,2023-08-24T12:03:00+02:00,929.600,929.880,929.340,929.860,22
SQ:XPTUSD,2023-08-24T12:04:00+02:00,930.070,931.090,930.070,931.010,28
SQ:XPTUSD,2023-08-24T12:05:00+02:00,931.060,931.060,930.600,930.860,24
SQ:XPTUSD,2023-08-24T12:06:00+02:00,930.890,931.710,930.790,931.660,27
SQ:XPTUSD,2023-08-24T12:07:00+02:00,931.480,932.040,931.370,931.940,28
SQ:XPTUSD,2023-08-24T12:08:00+02:00,931.940,932.010,931.650,931.680,22
SQ:XPTUSD,2023-08-24T12:09:00+02:00,931.680,931.770,931.490,931.510,17
SQ:XPTUSD,2023-08-24T12:10:00+02:00,931.540,931.810,931.330,931.550,20
SQ:XPTUSD,2023-08-24T12:11:00+02:00,931.510,932.570,931.510,932.450,19
SQ:XPTUSD,2023-08-24T12:12:00+02:00,932.420,932.520,932.070,932.070,19
SQ:XPTUSD,2023-08-24T12:13:00+02:00,932.070,932.120,931.870,931.970,21
SQ:XPTUSD,2023-08-24T12:14:00+02:00,931.970,932.060,931.300,931.370,20
SQ:XPTUSD,2023-08-24T12:15:00+02:00,931.330,931.760,931.330,931.550,19
SQ:XPTUSD,2023-08-24T12:16:00+02:00,931.550,931.550,930.690,930.690,15
SQ:XPTUSD,2023-08-24T12:17:00+02:00,930.610,931.000,930.570,930.930,10
SQ:XPTUSD,2023-08-24T12:18:00+02:00,930.830,931.140,930.680,930.680,26
SQ:XPTUSD,2023-08-24T12:19:00+02:00,930.620,930.930,930.570,930.790,12
SQ:XPTUSD,2023-08-24T12:20:00+02:00,930.790,930.900,930.670,930.670,16
SQ:XPTUSD,2023-08-24T12:21:00+02:00,930.730,931.360,930.730,931.060,18
SQ:XPTUSD,2023-08-24T12:22:00+02:00,931.120,931.330,930.710,930.710,19
SQ:XPTUSD,2023-08-24T12:23:00+02:00,930.710,931.350,930.640,931.350,16
SQ:XPTUSD,2023-08-24T12:24:00+02:00,931.340,931.540,930.970,931.000,16
SQ:XPTUSD,2023-08-24T12:25:00+02:00,931.090,931.350,930.790,931.240,27
SQ:XPTUSD,2023-08-24T12:26:00+02:00,931.240,931.660,931.240,931.580,20
SQ:XPTUSD,2023-08-24T12:27:00+02:00,931.530,931.530,931.180,931.320,17
SQ:XPTUSD,2023-08-24T12:28:00+02:00,931.310,931.420,931.180,931.420,14
SQ:XPTUSD,2023-08-24T12:29:00+02:00,931.420,931.420,930.520,930.630,20
SQ:XPTUSD,2023-08-24T12:30:00+02:00,930.590,930.950,930.520,930.650,20
SQ:XPTUSD,2023-08-24T12:31:00+02:00,930.600,930.600,930.190,930.190,18
SQ:XPTUSD,2023-08-24T12:32:00+02:00,930.190,930.190,929.750,929.800,18
SQ:XPTUSD,2023-08-24T12:33:00+02:00,929.790,929.820,929.440,929.440,14
SQ:XPTUSD,2023-08-24T12:34:00+02:00,929.440,929.670,929.250,929.620,19
SQ:XPTUSD,2023-08-24T12:35:00+02:00,929.690,930.060,929.530,929.530,15
SQ:XPTUSD,2023-08-24T12:36:00+02:00,929.470,929.810,929.470,929.550,20
SQ:XPTUSD,2023-08-24T12:37:00+02:00,929.540,929.540,929.170,929.250,12
SQ:XPTUSD,2023-08-24T12:38:00+02:00,929.250,929.250,928.760,928.950,23
SQ:XPTUSD,2023-08-24T12:39:00+02:00,928.840,929.600,928.810,929.450,16
SQ:XPTUSD,2023-08-24T12:40:00+02:00,929.470,929.720,929.310,929.310,22
SQ:XPTUSD,2023-08-24T12:41:00+02:00,929.430,929.800,929.430,929.630,13
SQ:XPTUSD,2023-08-24T12:42:00+02:00,929.620,929.940,929.500,929.800,15
SQ:XPTUSD,2023-08-24T12:43:00+02:00,929.810,930.260,929.810,929.990,21
SQ:XPTUSD,2023-08-24T12:44:00+02:00,930.000,930.170,929.910,930.170,16
SQ:XPTUSD,2023-08-24T12:45:00+02:00,930.190,930.370,930.150,930.150,10
SQ:XPTUSD,2023-08-24T12:46:00+02:00,930.110,930.730,930.030,930.470,17
SQ:XPTUSD,2023-08-24T12:47:00+02:00,930.480,930.620,930.270,930.270,16
SQ:XPTUSD,2023-08-24T12:48:00+02:00,930.250,930.550,930.250,930.550,13
SQ:XPTUSD,2023-08-24T12:49:00+02:00,930.560,930.570,929.970,930.400,29
SQ:XPTUSD,2023-08-24T12:50:00+02:00,930.400,930.650,930.400,930.650,8
SQ:XPTUSD,2023-08-24T12:51:00+02:00,930.620,930.620,930.290,930.360,12
SQ:XPTUSD,2023-08-24T12:52:00+02:00,930.370,930.580,929.760,930.360,34
SQ:XPTUSD,2023-08-24T12:53:00+02:00,930.360,930.650,929.950,930.380,14
SQ:XPTUSD,2023-08-24T12:54:00+02:00,930.390,930.500,930.270,930.500,21
SQ:XPTUSD,2023-08-24T12:55:00+02:00,930.500,930.500,929.950,930.440,19
SQ:XPTUSD,2023-08-24T12:56:00+02:00,930.340,930.340,930.040,930.090,12
SQ:XPTUSD,2023-08-24T12:57:00+02:00,930.190,930.310,929.960,930.010,20
SQ:XPTUSD,2023-08-24T12:58:00+02:00,930.020,930.170,929.940,930.000,20
SQ:XPTUSD,2023-08-24T12:59:00+02:00,930.020,930.060,929.810,929.930,26
SQ:XPTUSD,2023-08-24T13:00:00+02:00,929.910,929.910,929.500,929.840,23
SQ:XPTUSD,2023-08-24T13:01:00+02:00,929.820,930.220,929.660,930.220,18
SQ:XPTUSD,2023-08-24T13:02:00+02:00,930.260,930.260,929.970,930.080,17
SQ:XPTUSD,2023-08-24T13:03:00+02:00,930.070,930.170,929.720,929.950,27
SQ:XPTUSD,2023-08-24T13:04:00+02:00,929.940,930.000,929.510,929.600,20
SQ:XPTUSD,2023-08-24T13:05:00+02:00,929.640,929.640,929.410,929.450,22
SQ:XPTUSD,2023-08-24T13:06:00+02:00,929.540,929.550,929.000,929.170,21
SQ:XPTUSD,2023-08-24T13:07:00+02:00,929.250,929.380,928.900,928.950,16
SQ:XPTUSD,2023-08-24T13:08:00+02:00,928.940,929.180,928.730,929.020,15
SQ:XPTUSD,2023-08-24T13:09:00+02:00,928.860,929.000,928.780,928.840,14
SQ:XPTUSD,2023-08-24T13:10:00+02:00,928.740,928.930,928.710,928.840,14
SQ:XPTUSD,2023-08-24T13:11:00+02:00,928.790,929.080,928.400,928.400,19
SQ:XPTUSD,2023-08-24T13:12:00+02:00,928.320,928.540,928.240,928.240,18
SQ:XPTUSD,2023-08-24T13:13:00+02:00,928.250,928.410,928.030,928.410,17
SQ:XPTUSD,2023-08-24T13:14:00+02:00,928.360,928.990,928.130,928.890,23
SQ:XPTUSD,2023-08-24T13:15:00+02:00,928.920,929.440,928.830,929.440,29
SQ:XPTUSD,2023-08-24T13:16:00+02:00,929.350,929.370,928.910,929.110,16
SQ:XPTUSD,2023-08-24T13:17:00+02:00,929.120,929.120,928.600,928.650,26
SQ:XPTUSD,2023-08-24T13:18:00+02:00,928.570,928.570,927.730,928.060,27
SQ:XPTUSD,2023-08-24T13:19:00+02:00,928.020,928.120,927.670,927.750,16
SQ:XPTUSD,2023-08-24T13:20:00+02:00,927.650,927.950,927.460,927.860,34
SQ:XPTUSD,2023-08-24T13:21:00+02:00,927.800,928.940,927.370,928.940,27
SQ:XPTUSD,2023-08-24T13:22:00+02:00,929.110,929.360,928.920,929.320,22
SQ:XPTUSD,2023-08-24T13:23:00+02:00,929.240,929.790,929.170,929.780,21
SQ:XPTUSD,2023-08-24T13:24:00+02:00,929.820,929.880,929.540,929.570,14
SQ:XPTUSD,2023-08-24T13:25:00+02:00,929.590,929.720,929.200,929.550,21
SQ:XPTUSD,2023-08-24T13:26:00+02:00,929.590,929.850,929.590,929.770,18
SQ:XPTUSD,2023-08-24T13:27:00+02:00,929.810,929.940,929.250,929.250,23
SQ:XPTUSD,2023-08-24T13:28:00+02:00,929.190,929.390,929.090,929.260,17
SQ:XPTUSD,2023-08-24T13:29:00+02:00,929.210,929.530,928.980,929.350,21
SQ:XPTUSD,2023-08-24T13:30:00+02:00,929.290,930.070,929.290,930.070,29
SQ:XPTUSD,2023-08-24T13:31:00+02:00,929.920,930.060,929.620,930.050,20
SQ:XPTUSD,2023-08-24T13:32:00+02:00,930.100,930.100,929.650,929.910,20
SQ:XPTUSD,2023-08-24T13:33:00+02:00,929.870,930.220,929.790,929.880,19
SQ:XPTUSD,2023-08-24T13:34:00+02:00,929.820,930.040,929.740,930.000,27
SQ:XPTUSD,2023-08-24T13:35:00+02:00,929.930,930.110,929.850,930.040,30
SQ:XPTUSD,2023-08-24T13:36:00+02:00,930.130,930.280,929.700,929.770,17
SQ:XPTUSD,2023-08-24T13:37:00+02:00,929.690,929.720,929.420,929.650,22
SQ:XPTUSD,2023-08-24T13:38:00+02:00,929.560,929.560,929.270,929.450,17
SQ:XPTUSD,2023-08-24T13:39:00+02:00,929.460,929.550,929.200,929.500,24
SQ:XPTUSD,2023-08-24T13:40:00+02:00,929.510,929.510,929.180,929.310,23
SQ:XPTUSD,2023-08-24T13:41:00+02:00,929.280,929.690,929.280,929.650,18
SQ:XPTUSD,2023-08-24T13:42:00+02:00,929.770,929.770,929.500,929.590,17
SQ:XPTUSD,2023-08-24T13:43:00+02:00,929.650,929.750,929.640,929.660,17
SQ:XPTUSD,2023-08-24T13:44:00+02:00,929.580,930.110,929.530,929.530,21
SQ:XPTUSD,2023-08-24T13:45:00+02:00,929.480,929.580,929.230,929.380,24
SQ:XPTUSD,2023-08-24T13:46:00+02:00,929.290,929.320,928.850,928.870,25
SQ:XPTUSD,2023-08-24T13:47:00+02:00,928.950,929.070,928.770,928.890,19
SQ:XPTUSD,2023-08-24T13:48:00+02:00,928.780,928.780,928.440,928.440,19
SQ:XPTUSD,2023-08-24T13:49:00+02:00,928.460,929.460,928.450,929.210,28
SQ:XPTUSD,2023-08-24T13:50:00+02:00,929.070,929.610,929.070,929.610,18
SQ:XPTUSD,2023-08-24T13:51:00+02:00,929.820,930.070,929.490,929.590,19
SQ:XPTUSD,2023-08-24T13:52:00+02:00,929.540,929.540,929.170,929.390,23
SQ:XPTUSD,2023-08-24T13:53:00+02:00,929.470,929.570,929.280,929.450,26
SQ:XPTUSD,2023-08-24T13:54:00+02:00,929.330,929.400,929.000,929.300,17
SQ:XPTUSD,2023-08-24T13:55:00+02:00,929.400,929.440,929.260,929.380,10
SQ:XPTUSD,2023-08-24T13:56:00+02:00,929.310,929.720,929.260,929.480,15
SQ:XPTUSD,2023-08-24T13:57:00+02:00,929.440,929.640,929.420,929.610,23
SQ:XPTUSD,2023-08-24T13:58:00+02:00,929.620,929.620,929.060,929.090,21
SQ:XPTUSD,2023-08-24T13:59:00+02:00,929.090,929.690,929.090,929.380,17
SQ:XPTUSD,2023-08-24T14:00:00+02:00,929.290,930.020,929.250,929.780,27
SQ:XPTUSD,2023-08-24T14:01:00+02:00,929.890,930.420,929.740,930.080,33
SQ:XPTUSD,2023-08-24T14:02:00+02:00,930.180,930.180,929.570,929.570,30
SQ:XPTUSD,2023-08-24T14:03:00+02:00,929.640,929.740,928.180,928.310,34
SQ:XPTUSD,2023-08-24T14:04:00+02:00,928.300,928.550,927.810,928.470,23
SQ:XPTUSD,2023-08-24T14:05:00+02:00,928.430,929.140,928.390,928.650,30
SQ:XPTUSD,2023-08-24T14:06:00+02:00,928.640,928.640,927.930,928.220,30
SQ:XPTUSD,2023-08-24T14:07:00+02:00,928.300,929.090,928.300,928.680,38
SQ:XPTUSD,2023-08-24T14:08:00+02:00,928.760,929.660,928.760,929.490,35
SQ:XPTUSD,2023-08-24T14:09:00+02:00,929.450,929.910,929.230,929.820,24
SQ:XPTUSD,2023-08-24T14:10:00+02:00,929.890,930.160,929.890,930.110,23
SQ:XPTUSD,2023-08-24T14:11:00+02:00,930.180,930.520,930.180,930.520,22
SQ:XPTUSD,2023-08-24T14:12:00+02:00,930.460,930.620,930.040,930.320,32
SQ:XPTUSD,2023-08-24T14:13:00+02:00,930.290,930.620,930.210,930.470,32
SQ:XPTUSD,2023-08-24T14:14:00+02:00,930.490,931.380,930.440,931.380,33
SQ:XPTUSD,2023-08-24T14:15:00+02:00,931.270,931.460,930.720,930.840,29
SQ:XPTUSD,2023-08-24T14:16:00+02:00,930.770,931.560,930.770,931.320,31
SQ:XPTUSD,2023-08-24T14:17:00+02:00,931.340,932.320,931.160,932.320,37
SQ:XPTUSD,2023-08-24T14:18:00+02:00,932.550,933.120,932.230,932.480,42
SQ:XPTUSD,2023-08-24T14:19:00+02:00,932.570,932.640,931.830,932.280,34
SQ:XPTUSD,2023-08-24T14:20:00+02:00,932.400,933.280,932.400,933.180,45
SQ:XPTUSD,2023-08-24T14:21:00+02:00,933.180,933.900,932.790,933.690,43
SQ:XPTUSD,2023-08-24T14:22:00+02:00,933.690,933.990,932.920,933.100,34
SQ:XPTUSD,2023-08-24T14:23:00+02:00,933.100,933.100,932.630,932.630,22
SQ:XPTUSD,2023-08-24T14:24:00+02:00,932.590,932.800,932.230,932.530,30
SQ:XPTUSD,2023-08-24T14:25:00+02:00,932.540,933.150,932.270,932.380,25
SQ:XPTUSD,2023-08-24T14:26:00+02:00,932.350,933.000,932.180,932.800,34
SQ:XPTUSD,2023-08-24T14:27:00+02:00,932.740,933.190,932.720,933.090,22
SQ:XPTUSD,2023-08-24T14:28:00+02:00,933.090,933.500,933.030,933.500,23
SQ:XPTUSD,2023-08-24T14:29:00+02:00,933.500,933.540,932.560,932.560,28
SQ:XPTUSD,2023-08-24T14:30:00+02:00,932.560,932.940,931.200,932.340,146
SQ:XPTUSD,2023-08-24T14:31:00+02:00,932.260,933.670,932.050,932.150,59
SQ:XPTUSD,2023-08-24T14:32:00+02:00,932.240,934.400,932.200,933.270,62
SQ:XPTUSD,2023-08-24T14:33:00+02:00,933.220,934.100,933.220,933.740,58
SQ:XPTUSD,2023-08-24T14:34:00+02:00,933.740,934.080,933.500,934.050,33
SQ:XPTUSD,2023-08-24T14:35:00+02:00,934.050,934.220,932.320,932.320,42
SQ:XPTUSD,2023-08-24T14:36:00+02:00,932.230,933.180,932.230,932.650,41
SQ:XPTUSD,2023-08-24T14:37:00+02:00,932.680,932.850,931.680,931.690,34
SQ:XPTUSD,2023-08-24T14:38:00+02:00,931.690,932.360,931.560,932.350,34
SQ:XPTUSD,2023-08-24T14:39:00+02:00,932.320,932.320,930.950,931.030,26
SQ:XPTUSD,2023-08-24T14:40:00+02:00,930.940,930.940,929.690,929.690,29
SQ:XPTUSD,2023-08-24T14:41:00+02:00,929.660,929.790,928.910,929.270,51
SQ:XPTUSD,2023-08-24T14:42:00+02:00,929.300,929.300,928.120,928.480,30
SQ:XPTUSD,2023-08-24T14:43:00+02:00,928.590,929.100,928.590,929.000,27
SQ:XPTUSD,2023-08-24T14:44:00+02:00,929.000,929.000,927.980,928.160,34
SQ:XPTUSD,2023-08-24T14:45:00+02:00,928.240,929.220,928.160,929.220,27
SQ:XPTUSD,2023-08-24T14:46:00+02:00,929.300,930.300,929.300,930.230,32
SQ:XPTUSD,2023-08-24T14:47:00+02:00,930.230,930.850,929.930,930.520,33
SQ:XPTUSD,2023-08-24T14:48:00+02:00,930.620,931.760,930.360,931.270,30
SQ:XPTUSD,2023-08-24T14:49:00+02:00,931.260,931.810,930.900,931.170,25
SQ:XPTUSD,2023-08-24T14:50:00+02:00,931.170,931.730,930.770,931.730,22
SQ:XPTUSD,2023-08-24T14:51:00+02:00,931.820,932.230,930.770,931.120,50
SQ:XPTUSD,2023-08-24T14:52:00+02:00,931.090,931.390,931.090,931.300,24
SQ:XPTUSD,2023-08-24T14:53:00+02:00,931.180,931.920,930.810,931.490,36
SQ:XPTUSD,2023-08-24T14:54:00+02:00,931.490,932.110,931.410,931.760,32
SQ:XPTUSD,2023-08-24T14:55:00+02:00,931.760,932.200,931.510,931.830,25
SQ:XPTUSD,2023-08-24T14:56:00+02:00,931.750,932.390,931.240,932.390,38
SQ:XPTUSD,2023-08-24T14:57:00+02:00,932.300,932.840,931.940,932.430,43
SQ:XPTUSD,2023-08-24T14:58:00+02:00,932.350,932.800,932.280,932.620,42
SQ:XPTUSD,2023-08-24T14:59:00+02:00,932.540,933.100,932.010,932.230,38
SQ:XPTUSD,2023-08-24T15:00:00+02:00,932.330,933.230,932.330,933.040,41
SQ:XPTUSD,2023-08-24T15:01:00+02:00,933.170,933.730,932.730,933.550,36
SQ:XPTUSD,2023-08-24T15:02:00+02:00,933.370,933.700,933.110,933.640,30
SQ:XPTUSD,2023-08-24T15:03:00+02:00,933.560,933.740,933.150,933.150,29
SQ:XPTUSD,2023-08-24T15:04:00+02:00,933.080,933.440,933.000,933.260,17
SQ:XPTUSD,2023-08-24T15:05:00+02:00,933.300,933.500,932.850,933.500,24
SQ:XPTUSD,2023-08-24T15:06:00+02:00,933.430,933.780,933.250,933.700,33
SQ:XPTUSD,2023-08-24T15:07:00+02:00,933.720,934.310,933.720,933.890,33
SQ:XPTUSD,2023-08-24T15:08:00+02:00,933.960,935.050,933.960,934.550,46
SQ:XPTUSD,2023-08-24T15:09:00+02:00,934.480,935.020,934.260,934.630,38
SQ:XPTUSD,2023-08-24T15:10:00+02:00,934.580,934.960,934.310,934.320,35
SQ:XPTUSD,2023-08-24T15:11:00+02:00,934.330,934.330,933.900,934.080,34
SQ:XPTUSD,2023-08-24T15:12:00+02:00,934.140,935.010,933.990,934.830,31
SQ:XPTUSD,2023-08-24T15:13:00+02:00,934.820,935.400,934.590,935.400,31
SQ:XPTUSD,2023-08-24T15:14:00+02:00,935.510,936.230,935.440,936.220,32
SQ:XPTUSD,2023-08-24T15:15:00+02:00,936.220,937.280,936.220,937.270,39
SQ:XPTUSD,2023-08-24T15:16:00+02:00,937.250,937.490,937.070,937.370,31
SQ:XPTUSD,2023-08-24T15:17:00+02:00,937.590,938.040,937.450,937.840,34
SQ:XPTUSD,2023-08-24T15:18:00+02:00,937.760,938.590,937.680,938.480,44
SQ:XPTUSD,2023-08-24T15:19:00+02:00,938.510,938.560,937.920,938.040,37
SQ:XPTUSD,2023-08-24T15:20:00+02:00,938.130,938.130,937.380,937.400,46
SQ:XPTUSD,2023-08-24T15:21:00+02:00,937.380,937.730,937.300,937.300,32
SQ:XPTUSD,2023-08-24T15:22:00+02:00,937.300,937.300,936.510,936.900,36
SQ:XPTUSD,2023-08-24T15:23:00+02:00,936.900,937.540,936.810,936.970,31
SQ:XPTUSD,2023-08-24T15:24:00+02:00,936.900,936.950,936.060,936.100,34
SQ:XPTUSD,2023-08-24T15:25:00+02:00,936.100,936.680,936.100,936.550,24
SQ:XPTUSD,2023-08-24T15:26:00+02:00,936.530,937.000,936.390,936.470,28
SQ:XPTUSD,2023-08-24T15:27:00+02:00,936.460,936.490,935.750,935.920,31
SQ:XPTUSD,2023-08-24T15:28:00+02:00,935.960,936.290,935.740,936.270,20
SQ:XPTUSD,2023-08-24T15:29:00+02:00,936.270,937.300,936.240,937.300,30
SQ:XPTUSD,2023-08-24T15:30:00+02:00,937.220,938.270,936.570,937.770,50
SQ:XPTUSD,2023-08-24T15:31:00+02:00,937.730,938.260,936.550,936.550,34
SQ:XPTUSD,2023-08-24T15:32:00+02:00,936.580,936.580,935.800,935.800,45
SQ:XPTUSD,2023-08-24T15:33:00+02:00,935.820,936.520,935.660,935.980,38
SQ:XPTUSD,2023-08-24T15:34:00+02:00,936.090,936.090,935.330,935.550,33
SQ:XPTUSD,2023-08-24T15:35:00+02:00,935.550,935.550,934.070,934.330,39
SQ:XPTUSD,2023-08-24T15:36:00+02:00,934.250,934.250,931.360,933.370,69
SQ:XPTUSD,2023-08-24T15:37:00+02:00,933.370,934.200,932.940,933.540,49
SQ:XPTUSD,2023-08-24T15:38:00+02:00,933.540,934.930,933.260,934.930,34
SQ:XPTUSD,2023-08-24T15:39:00+02:00,934.910,935.240,933.740,933.950,40
SQ:XPTUSD,2023-08-24T15:40:00+02:00,933.950,934.050,933.350,933.960,38
SQ:XPTUSD,2023-08-24T15:41:00+02:00,934.050,934.950,933.490,933.810,36
SQ:XPTUSD,2023-08-24T15:42:00+02:00,933.810,934.300,933.430,933.930,30
SQ:XPTUSD,2023-08-24T15:43:00+02:00,933.930,934.980,933.840,934.890,28
SQ:XPTUSD,2023-08-24T15:44:00+02:00,934.710,935.440,934.470,934.860,38
SQ:XPTUSD,2023-08-24T15:45:00+02:00,934.870,935.500,934.570,935.500,27
SQ:XPTUSD,2023-08-24T15:46:00+02:00,935.480,937.020,935.170,937.020,40
SQ:XPTUSD,2023-08-24T15:47:00+02:00,937.020,937.900,936.990,937.080,51
SQ:XPTUSD,2023-08-24T15:48:00+02:00,937.080,938.550,937.080,938.400,43
SQ:XPTUSD,2023-08-24T15:49:00+02:00,938.400,938.810,937.900,938.410,38
SQ:XPTUSD,2023-08-24T15:50:00+02:00,938.410,939.340,938.310,938.990,45
SQ:XPTUSD,2023-08-24T15:51:00+02:00,938.990,940.800,938.590,940.700,83
SQ:XPTUSD,2023-08-24T15:52:00+02:00,940.900,941.200,939.990,940.140,51
SQ:XPTUSD,2023-08-24T15:53:00+02:00,940.190,940.500,939.680,940.290,51
SQ:XPTUSD,2023-08-24T15:54:00+02:00,940.340,940.940,940.240,940.750,35
SQ:XPTUSD,2023-08-24T15:55:00+02:00,940.750,941.010,940.180,940.180,46
SQ:XPTUSD,2023-08-24T15:56:00+02:00,940.440,941.540,940.240,941.540,63
SQ:XPTUSD,2023-08-24T15:57:00+02:00,941.750,942.330,941.190,942.300,52
SQ:XPTUSD,2023-08-24T15:58:00+02:00,942.300,942.670,941.650,942.500,29
SQ:XPTUSD,2023-08-24T15:59:00+02:00,942.350,942.650,941.750,942.060,46
SQ:XPTUSD,2023-08-24T16:00:00+02:00,942.060,943.550,942.060,943.140,66
SQ:XPTUSD,2023-08-24T16:01:00+02:00,942.990,943.880,942.800,942.800,60
SQ:XPTUSD,2023-08-24T16:02:00+02:00,942.800,943.820,942.800,943.540,47
SQ:XPTUSD,2023-08-24T16:03:00+02:00,943.490,943.760,943.040,943.330,59
SQ:XPTUSD,2023-08-24T16:04:00+02:00,943.540,943.640,942.800,943.100,50
SQ:XPTUSD,2023-08-24T16:05:00+02:00,943.300,943.350,942.670,943.250,43
SQ:XPTUSD,2023-08-24T16:06:00+02:00,943.250,943.750,942.190,942.190,73
SQ:XPTUSD,2023-08-24T16:07:00+02:00,942.190,942.740,942.110,942.240,52
SQ:XPTUSD,2023-08-24T16:08:00+02:00,942.240,942.400,941.240,941.710,61
SQ:XPTUSD,2023-08-24T16:09:00+02:00,941.640,941.800,941.080,941.340,43
SQ:XPTUSD,2023-08-24T16:10:00+02:00,941.500,941.500,940.640,940.790,50
SQ:XPTUSD,2023-08-24T16:11:00+02:00,940.790,942.530,940.790,941.990,67
SQ:XPTUSD,2023-08-24T16:12:00+02:00,942.040,942.990,942.040,942.380,65
SQ:XPTUSD,2023-08-24T16:13:00+02:00,942.380,943.030,942.340,942.770,62
SQ:XPTUSD,2023-08-24T16:14:00+02:00,942.760,943.190,940.890,941.740,46
SQ:XPTUSD,2023-08-24T16:15:00+02:00,941.940,942.540,941.070,941.380,51
SQ:XPTUSD,2023-08-24T16:16:00+02:00,941.480,941.990,941.180,941.290,37
SQ:XPTUSD,2023-08-24T16:17:00+02:00,941.190,942.550,941.190,942.250,42
SQ:XPTUSD,2023-08-24T16:18:00+02:00,942.250,942.640,941.990,942.040,39
SQ:XPTUSD,2023-08-24T16:19:00+02:00,942.040,943.140,942.040,942.680,49
SQ:XPTUSD,2023-08-24T16:20:00+02:00,942.680,943.540,942.290,942.290,45
SQ:XPTUSD,2023-08-24T16:21:00+02:00,942.290,942.910,942.030,942.640,48
SQ:XPTUSD,2023-08-24T16:22:00+02:00,942.640,942.890,941.890,942.190,24
SQ:XPTUSD,2023-08-24T16:23:00+02:00,942.190,942.440,941.190,941.950,55
SQ:XPTUSD,2023-08-24T16:24:00+02:00,941.950,942.520,941.610,941.610,37
SQ:XPTUSD,2023-08-24T16:25:00+02:00,941.610,942.000,941.160,941.560,40
SQ:XPTUSD,2023-08-24T16:26:00+02:00,941.650,942.200,941.460,941.460,28
SQ:XPTUSD,2023-08-24T16:27:00+02:00,941.460,942.200,941.150,941.350,40
SQ:XPTUSD,2023-08-24T16:28:00+02:00,941.350,941.500,941.070,941.400,19
SQ:XPTUSD,2023-08-24T16:29:00+02:00,941.500,941.500,940.450,940.540,30
SQ:XPTUSD,2023-08-24T16:30:00+02:00,940.540,940.920,939.440,939.450,49
SQ:XPTUSD,2023-08-24T16:31:00+02:00,939.500,940.350,939.000,940.250,36
SQ:XPTUSD,2023-08-24T16:32:00+02:00,940.250,940.450,939.550,939.900,38
SQ:XPTUSD,2023-08-24T16:33:00+02:00,939.900,940.700,939.760,940.700,25
SQ:XPTUSD,2023-08-24T16:34:00+02:00,940.700,942.750,940.600,942.750,34
SQ:XPTUSD,2023-08-24T16:35:00+02:00,942.650,943.120,941.100,941.110,57
SQ:XPTUSD,2023-08-24T16:36:00+02:00,941.110,941.860,940.310,940.650,40
SQ:XPTUSD,2023-08-24T16:37:00+02:00,940.650,942.150,940.410,942.050,36
SQ:XPTUSD,2023-08-24T16:38:00+02:00,942.050,942.150,941.900,942.150,15
SQ:XPTUSD,2023-08-24T16:39:00+02:00,942.150,942.820,942.150,942.500,24
SQ:XPTUSD,2023-08-24T16:40:00+02:00,942.600,943.100,942.300,942.950,23
SQ:XPTUSD,2023-08-24T16:41:00+02:00,942.950,943.270,941.650,941.960,31
SQ:XPTUSD,2023-08-24T16:42:00+02:00,941.940,942.510,941.940,942.310,44
SQ:XPTUSD,2023-08-24T16:43:00+02:00,942.290,942.340,941.350,941.350,100
SQ:XPTUSD,2023-08-24T16:44:00+02:00,941.290,941.520,941.120,941.500,34
SQ:XPTUSD,2023-08-24T16:45:00+02:00,941.530,942.580,941.480,942.520,69
SQ:XPTUSD,2023-08-24T16:46:00+02:00,942.520,942.520,941.600,942.100,73
SQ:XPTUSD,2023-08-24T16:47:00+02:00,942.100,943.180,942.100,942.880,69
SQ:XPTUSD,2023-08-24T16:48:00+02:00,942.850,942.980,942.530,942.550,67
SQ:XPTUSD,2023-08-24T16:49:00+02:00,942.570,943.080,942.550,942.650,43
SQ:XPTUSD,2023-08-24T16:50:00+02:00,942.650,943.150,942.260,942.330,67
SQ:XPTUSD,2023-08-24T16:51:00+02:00,942.330,942.760,942.050,942.650,102
SQ:XPTUSD,2023-08-24T16:52:00+02:00,942.650,942.750,942.320,942.380,67
SQ:XPTUSD,2023-08-24T16:53:00+02:00,942.380,942.440,942.040,942.340,83
SQ:XPTUSD,2023-08-24T16:54:00+02:00,942.340,942.600,941.490,941.660,47
SQ:XPTUSD,2023-08-24T16:55:00+02:00,941.660,942.180,941.660,942.070,59
SQ:XPTUSD,2023-08-24T16:56:00+02:00,942.070,942.280,941.510,942.030,58
SQ:XPTUSD,2023-08-24T16:57:00+02:00,942.030,942.730,942.030,942.630,36
SQ:XPTUSD,2023-08-24T16:58:00+02:00,942.640,943.100,942.450,943.050,32
SQ:XPTUSD,2023-08-24T16:59:00+02:00,943.110,943.130,941.430,941.560,43
SQ:XPTUSD,2023-08-24T17:00:00+02:00,941.580,941.580,940.000,940.070,73
SQ:XPTUSD,2023-08-24T17:01:00+02:00,940.050,940.470,938.900,938.950,76
SQ:XPTUSD,2023-08-24T17:02:00+02:00,938.850,938.850,937.530,937.840,72
SQ:XPTUSD,2023-08-24T17:03:00+02:00,937.840,937.990,937.300,937.930,59
SQ:XPTUSD,2023-08-24T17:04:00+02:00,937.930,939.050,937.660,937.970,100
SQ:XPTUSD,2023-08-24T17:05:00+02:00,938.000,938.460,937.850,938.460,70
SQ:XPTUSD,2023-08-24T17:06:00+02:00,938.480,938.580,937.980,938.070,28
SQ:XPTUSD,2023-08-24T17:07:00+02:00,938.070,938.450,937.740,938.360,65
SQ:XPTUSD,2023-08-24T17:08:00+02:00,938.380,939.050,938.260,939.040,48
SQ:XPTUSD,2023-08-24T17:09:00+02:00,939.040,939.870,938.920,939.600,53
SQ:XPTUSD,2023-08-24T17:10:00+02:00,939.600,939.600,938.070,938.410,32
SQ:XPTUSD,2023-08-24T17:11:00+02:00,938.410,938.790,938.340,938.620,41
SQ:XPTUSD,2023-08-24T17:12:00+02:00,938.620,938.690,937.650,937.650,46
SQ:XPTUSD,2023-08-24T17:13:00+02:00,937.680,937.700,936.800,937.000,80
SQ:XPTUSD,2023-08-24T17:14:00+02:00,936.970,938.070,936.970,938.070,39
SQ:XPTUSD,2023-08-24T17:15:00+02:00,938.070,939.080,938.070,938.190,55
SQ:XPTUSD,2023-08-24T17:16:00+02:00,938.190,938.330,937.470,937.500,62
SQ:XPTUSD,2023-08-24T17:17:00+02:00,937.500,937.570,936.400,936.650,45
SQ:XPTUSD,2023-08-24T17:18:00+02:00,936.670,938.230,936.670,938.220,55
SQ:XPTUSD,2023-08-24T17:19:00+02:00,938.220,938.220,937.420,938.000,47
SQ:XPTUSD,2023-08-24T17:20:00+02:00,938.000,938.100,937.210,937.570,41
SQ:XPTUSD,2023-08-24T17:21:00+02:00,937.570,938.350,937.560,937.590,48
SQ:XPTUSD,2023-08-24T17:22:00+02:00,937.640,937.770,937.080,937.110,52
SQ:XPTUSD,2023-08-24T17:23:00+02:00,937.080,938.490,937.080,938.460,44
SQ:XPTUSD,2023-08-24T17:24:00+02:00,938.460,938.560,937.790,937.790,30
SQ:XPTUSD,2023-08-24T17:25:00+02:00,937.790,937.990,937.430,937.850,40
SQ:XPTUSD,2023-08-24T17:26:00+02:00,937.880,938.040,937.400,938.040,39
SQ:XPTUSD,2023-08-24T17:27:00+02:00,938.020,938.290,937.680,937.680,49
SQ:XPTUSD,2023-08-24T17:28:00+02:00,937.680,938.020,937.350,938.010,44
SQ:XPTUSD,2023-08-24T17:29:00+02:00,938.010,938.020,937.150,938.010,34
SQ:XPTUSD,2023-08-24T17:30:00+02:00,937.980,938.060,937.120,937.250,52
SQ:XPTUSD,2023-08-24T17:31:00+02:00,937.370,937.550,937.170,937.520,56
SQ:XPTUSD,2023-08-24T17:32:00+02:00,937.530,937.540,937.080,937.390,38
SQ:XPTUSD,2023-08-24T17:33:00+02:00,937.390,937.500,937.210,937.350,37
SQ:XPTUSD,2023-08-24T17:34:00+02:00,937.350,937.960,937.350,937.850,31
SQ:XPTUSD,2023-08-24T17:35:00+02:00,937.970,938.390,937.800,938.240,71
SQ:XPTUSD,2023-08-24T17:36:00+02:00,938.240,938.590,937.780,937.780,47
SQ:XPTUSD,2023-08-24T17:37:00+02:00,937.780,937.780,937.030,937.040,38
SQ:XPTUSD,2023-08-24T17:38:00+02:00,937.040,937.820,936.990,937.690,74
SQ:XPTUSD,2023-08-24T17:39:00+02:00,937.690,938.360,937.690,938.240,37
SQ:XPTUSD,2023-08-24T17:40:00+02:00,938.270,938.780,938.180,938.780,52
SQ:XPTUSD,2023-08-24T17:41:00+02:00,938.800,939.280,938.750,938.750,53
SQ:XPTUSD,2023-08-24T17:42:00+02:00,938.750,938.950,938.400,938.950,51
SQ:XPTUSD,2023-08-24T17:43:00+02:00,938.950,939.400,938.950,939.150,14
SQ:XPTUSD,2023-08-24T17:44:00+02:00,939.150,939.310,939.020,939.020,24
SQ:XPTUSD,2023-08-24T17:45:00+02:00,939.020,939.170,938.670,938.980,37
SQ:XPTUSD,2023-08-24T17:46:00+02:00,938.990,939.670,938.980,939.370,73
SQ:XPTUSD,2023-08-24T17:47:00+02:00,939.390,939.720,939.170,939.370,51
SQ:XPTUSD,2023-08-24T17:48:00+02:00,939.340,939.770,939.270,939.770,54
SQ:XPTUSD,2023-08-24T17:49:00+02:00,939.770,939.860,939.510,939.860,48
SQ:XPTUSD,2023-08-24T17:50:00+02:00,939.950,940.210,939.560,939.740,52
SQ:XPTUSD,2023-08-24T17:51:00+02:00,939.790,940.340,939.690,940.030,47
SQ:XPTUSD,2023-08-24T17:52:00+02:00,940.030,940.040,939.590,939.650,37
SQ:XPTUSD,2023-08-24T17:53:00+02:00,939.650,940.090,939.650,939.900,50
SQ:XPTUSD,2023-08-24T17:54:00+02:00,939.910,940.120,939.800,940.050,41
SQ:XPTUSD,2023-08-24T17:55:00+02:00,940.090,940.300,939.550,939.650,40
SQ:XPTUSD,2023-08-24T17:56:00+02:00,939.650,940.350,939.650,940.350,21
SQ:XPTUSD,2023-08-24T17:57:00+02:00,940.350,940.350,939.590,939.890,59
SQ:XPTUSD,2023-08-24T17:58:00+02:00,939.840,940.110,939.690,939.940,28
SQ:XPTUSD,2023-08-24T17:59:00+02:00,939.930,940.100,939.300,939.440,30
SQ:XPTUSD,2023-08-24T18:00:00+02:00,939.440,939.740,939.240,939.740,47
SQ:XPTUSD,2023-08-24T18:01:00+02:00,939.790,940.390,939.790,940.200,36
SQ:XPTUSD,2023-08-24T18:02:00+02:00,940.200,940.200,939.620,939.650,38
SQ:XPTUSD,2023-08-24T18:03:00+02:00,939.670,939.800,939.140,939.290,30
SQ:XPTUSD,2023-08-24T18:04:00+02:00,939.290,939.430,939.000,939.250,29
SQ:XPTUSD,2023-08-24T18:05:00+02:00,939.220,939.400,939.010,939.350,56
SQ:XPTUSD,2023-08-24T18:06:00+02:00,939.160,939.360,938.460,938.610,54
SQ:XPTUSD,2023-08-24T18:07:00+02:00,938.600,938.860,938.560,938.670,37
SQ:XPTUSD,2023-08-24T18:08:00+02:00,938.670,939.000,938.570,938.640,40
SQ:XPTUSD,2023-08-24T18:09:00+02:00,938.590,939.000,938.540,938.900,53
SQ:XPTUSD,2023-08-24T18:10:00+02:00,938.900,939.090,938.560,938.560,32
SQ:XPTUSD,2023-08-24T18:11:00+02:00,938.450,938.450,937.880,938.050,35
SQ:XPTUSD,2023-08-24T18:12:00+02:00,938.050,938.860,938.050,938.710,27
SQ:XPTUSD,2023-08-24T18:13:00+02:00,938.680,938.770,938.380,938.750,19
SQ:XPTUSD,2023-08-24T18:14:00+02:00,938.750,938.850,938.410,938.410,26
SQ:XPTUSD,2023-08-24T18:15:00+02:00,938.520,939.350,938.520,939.350,19
SQ:XPTUSD,2023-08-24T18:16:00+02:00,939.370,939.400,938.830,939.270,19
SQ:XPTUSD,2023-08-24T18:17:00+02:00,939.350,939.400,939.030,939.120,17
SQ:XPTUSD,2023-08-24T18:18:00+02:00,939.120,939.510,939.120,939.510,18
SQ:XPTUSD,2023-08-24T18:19:00+02:00,939.460,939.770,939.450,939.770,15
SQ:XPTUSD,2023-08-24T18:20:00+02:00,939.780,940.160,939.710,940.040,19
SQ:XPTUSD,2023-08-24T18:21:00+02:00,940.040,940.060,939.610,939.820,19
SQ:XPTUSD,2023-08-24T18:22:00+02:00,939.820,939.980,939.650,939.680,17
SQ:XPTUSD,2023-08-24T18:23:00+02:00,939.680,939.680,939.210,939.300,15
SQ:XPTUSD,2023-08-24T18:24:00+02:00,939.390,939.390,939.160,939.200,19
SQ:XPTUSD,2023-08-24T18:25:00+02:00,939.180,939.190,938.840,938.980,15
SQ:XPTUSD,2023-08-24T18:26:00+02:00,938.990,939.310,938.910,939.200,16
SQ:XPTUSD,2023-08-24T18:27:00+02:00,939.230,939.280,938.800,938.890,17
SQ:XPTUSD,2023-08-24T18:28:00+02:00,938.890,938.890,938.620,938.760,14
SQ:XPTUSD,2023-08-24T18:29:00+02:00,938.740,938.800,938.690,938.770,11
SQ:XPTUSD,2023-08-24T18:30:00+02:00,938.610,938.730,938.260,938.430,17
SQ:XPTUSD,2023-08-24T18:31:00+02:00,938.370,938.410,937.790,937.790,16
SQ:XPTUSD,2023-08-24T18:32:00+02:00,937.790,938.110,937.670,937.710,18
SQ:XPTUSD,2023-08-24T18:33:00+02:00,937.700,937.850,937.480,937.530,16
SQ:XPTUSD,2023-08-24T18:34:00+02:00,937.530,938.290,937.530,938.190,22
SQ:XPTUSD,2023-08-24T18:35:00+02:00,938.210,938.720,938.210,938.690,17
SQ:XPTUSD,2023-08-24T18:36:00+02:00,938.690,938.700,938.390,938.490,18
SQ:XPTUSD,2023-08-24T18:37:00+02:00,938.560,938.710,938.250,938.390,19
SQ:XPTUSD,2023-08-24T18:38:00+02:00,938.400,938.520,938.130,938.310,20
SQ:XPTUSD,2023-08-24T18:39:00+02:00,938.300,938.400,938.130,938.370,16
SQ:XPTUSD,2023-08-24T18:40:00+02:00,938.420,938.820,938.340,938.630,17
SQ:XPTUSD,2023-08-24T18:41:00+02:00,938.590,939.140,938.450,939.020,26
SQ:XPTUSD,2023-08-24T18:42:00+02:00,939.070,939.790,938.810,939.790,18
SQ:XPTUSD,2023-08-24T18:43:00+02:00,939.920,939.920,938.980,939.000,21
SQ:XPTUSD,2023-08-24T18:44:00+02:00,939.000,939.120,938.910,938.940,18
SQ:XPTUSD,2023-08-24T18:45:00+02:00,938.940,938.980,938.460,938.590,20
SQ:XPTUSD,2023-08-24T18:46:00+02:00,938.510,938.510,938.060,938.060,17
SQ:XPTUSD,2023-08-24T18:47:00+02:00,938.010,938.010,937.420,937.440,21
SQ:XPTUSD,2023-08-24T18:48:00+02:00,937.510,937.960,937.370,937.820,17
SQ:XPTUSD,2023-08-24T18:49:00+02:00,937.810,938.390,937.760,938.390,19
SQ:XPTUSD,2023-08-24T18:50:00+02:00,938.350,938.500,937.770,937.950,22
SQ:XPTUSD,2023-08-24T18:51:00+02:00,937.870,938.390,937.860,938.100,20
SQ:XPTUSD,2023-08-24T18:52:00+02:00,938.170,938.330,938.110,938.280,17
SQ:XPTUSD,2023-08-24T18:53:00+02:00,938.260,938.820,938.260,938.820,21
SQ:XPTUSD,2023-08-24T18:54:00+02:00,938.820,938.820,938.220,938.310,24
SQ:XPTUSD,2023-08-24T18:55:00+02:00,938.290,938.740,938.290,938.630,24
SQ:XPTUSD,2023-08-24T18:56:00+02:00,938.700,939.270,938.540,939.270,28
SQ:XPTUSD,2023-08-24T18:57:00+02:00,939.260,939.700,939.200,939.700,26
SQ:XPTUSD,2023-08-24T18:58:00+02:00,939.700,940.220,939.700,940.220,21
SQ:XPTUSD,2023-08-24T18:59:00+02:00,940.210,940.270,939.300,939.470,25
SQ:XPTUSD,2023-08-24T19:00:00+02:00,939.450,939.450,938.440,938.510,27
SQ:XPTUSD,2023-08-24T19:01:00+02:00,938.510,938.600,937.810,937.950,28
SQ:XPTUSD,2023-08-24T19:02:00+02:00,937.950,938.470,937.560,938.370,37
SQ:XPTUSD,2023-08-24T19:03:00+02:00,938.300,939.160,938.300,939.080,51
SQ:XPTUSD,2023-08-24T19:04:00+02:00,939.020,939.580,938.900,939.390,54
SQ:XPTUSD,2023-08-24T19:05:00+02:00,939.390,939.450,938.870,939.040,30
SQ:XPTUSD,2023-08-24T19:06:00+02:00,939.080,939.160,938.880,939.010,23
SQ:XPTUSD,2023-08-24T19:07:00+02:00,939.010,939.150,938.770,938.840,19
SQ:XPTUSD,2023-08-24T19:08:00+02:00,938.840,939.050,938.830,938.840,18
SQ:XPTUSD,2023-08-24T19:09:00+02:00,938.810,938.830,938.660,938.660,12
SQ:XPTUSD,2023-08-24T19:10:00+02:00,938.660,939.000,938.650,938.940,16
SQ:XPTUSD,2023-08-24T19:11:00+02:00,938.940,939.100,938.920,939.100,13
SQ:XPTUSD,2023-08-24T19:12:00+02:00,939.100,939.180,939.050,939.050,10
SQ:XPTUSD,2023-08-24T19:13:00+02:00,939.000,939.000,938.630,938.640,15
SQ:XPTUSD,2023-08-24T19:14:00+02:00,938.610,939.040,938.590,939.040,13
SQ:XPTUSD,2023-08-24T19:15:00+02:00,938.970,939.010,938.880,938.900,8
SQ:XPTUSD,2023-08-24T19:16:00+02:00,938.940,939.010,938.880,939.010,13
SQ:XPTUSD,2023-08-24T19:17:00+02:00,939.000,939.060,938.750,938.760,10
SQ:XPTUSD,2023-08-24T19:18:00+02:00,938.770,938.850,938.610,938.640,10
SQ:XPTUSD,2023-08-24T19:19:00+02:00,938.590,938.760,938.590,938.750,8
SQ:XPTUSD,2023-08-24T19:20:00+02:00,938.760,938.890,938.660,938.760,17
SQ:XPTUSD,2023-08-24T19:21:00+02:00,938.730,938.830,938.720,938.730,12
SQ:XPTUSD,2023-08-24T19:22:00+02:00,938.730,938.950,938.690,938.810,11
SQ:XPTUSD,2023-08-24T19:23:00+02:00,938.880,939.070,938.820,939.070,8
SQ:XPTUSD,2023-08-24T19:24:00+02:00,939.080,939.360,939.010,939.330,17
SQ:XPTUSD,2023-08-24T19:25:00+02:00,939.350,939.350,939.090,939.220,11
SQ:XPTUSD,2023-08-24T19:26:00+02:00,939.220,939.890,939.220,939.810,17
SQ:XPTUSD,2023-08-24T19:27:00+02:00,939.820,939.920,939.590,939.590,14
SQ:XPTUSD,2023-08-24T19:28:00+02:00,939.600,939.720,939.580,939.600,10
SQ:XPTUSD,2023-08-24T19:29:00+02:00,939.600,939.900,939.600,939.680,20
SQ:XPTUSD,2023-08-24T19:30:00+02:00,939.750,939.960,939.750,939.900,9
SQ:XPTUSD,2023-08-24T19:31:00+02:00,939.900,940.300,939.900,940.150,14
SQ:XPTUSD,2023-08-24T19:32:00+02:00,940.220,940.390,940.200,940.390,11
SQ:XPTUSD,2023-08-24T19:33:00+02:00,940.390,940.490,940.350,940.480,9
SQ:XPTUSD,2023-08-24T19:34:00+02:00,940.440,940.460,940.100,940.120,17
SQ:XPTUSD,2023-08-24T19:35:00+02:00,940.150,940.180,939.870,939.910,10
SQ:XPTUSD,2023-08-24T19:36:00+02:00,939.920,940.290,939.890,940.230,19
SQ:XPTUSD,2023-08-24T19:37:00+02:00,940.200,940.240,939.950,940.050,12
SQ:XPTUSD,2023-08-24T19:38:00+02:00,940.050,940.110,940.020,940.100,14
SQ:XPTUSD,2023-08-24T19:39:00+02:00,940.090,940.090,939.650,939.800,16
SQ:XPTUSD,2023-08-24T19:40:00+02:00,939.800,939.910,939.770,939.910,13
SQ:XPTUSD,2023-08-24T19:41:00+02:00,939.910,939.950,939.780,939.900,13
SQ:XPTUSD,2023-08-24T19:42:00+02:00,939.900,940.090,939.900,940.040,16
SQ:XPTUSD,2023-08-24T19:43:00+02:00,940.060,940.060,939.790,939.790,13
SQ:XPTUSD,2023-08-24T19:44:00+02:00,939.700,939.700,939.500,939.500,10
SQ:XPTUSD,2023-08-24T19:45:00+02:00,939.530,939.860,939.530,939.860,10
SQ:XPTUSD,2023-08-24T19:46:00+02:00,939.890,939.890,939.490,939.650,11
SQ:XPTUSD,2023-08-24T19:47:00+02:00,939.710,939.750,939.540,939.540,12
SQ:XPTUSD,2023-08-24T19:48:00+02:00,939.700,939.800,939.590,939.590,11
SQ:XPTUSD,2023-08-24T19:49:00+02:00,939.570,939.830,939.450,939.610,15
SQ:XPTUSD,2023-08-24T19:50:00+02:00,939.620,939.680,939.470,939.510,10
SQ:XPTUSD,2023-08-24T19:51:00+02:00,939.540,939.740,939.440,939.740,8
SQ:XPTUSD,2023-08-24T19:52:00+02:00,939.690,939.750,939.600,939.620,12
SQ:XPTUSD,2023-08-24T19:53:00+02:00,939.580,939.720,939.430,939.720,13
SQ:XPTUSD,2023-08-24T19:54:00+02:00,939.730,939.790,939.680,939.760,8
SQ:XPTUSD,2023-08-24T19:55:00+02:00,939.720,939.810,938.920,939.390,23
SQ:XPTUSD,2023-08-24T19:56:00+02:00,939.390,939.460,939.330,939.460,11
SQ:XPTUSD,2023-08-24T19:57:00+02:00,939.440,939.440,938.790,938.910,14
SQ:XPTUSD,2023-08-24T19:58:00+02:00,938.890,938.900,938.770,938.900,11
SQ:XPTUSD,2023-08-24T19:59:00+02:00,938.880,939.170,938.880,939.170,11
SQ:XPTUSD,2023-08-24T20:00:00+02:00,939.170,939.660,939.170,939.430,20
SQ:XPTUSD,2023-08-24T20:01:00+02:00,939.430,939.470,939.360,939.360,15
SQ:XPTUSD,2023-08-24T20:02:00+02:00,939.400,939.600,939.180,939.560,15
SQ:XPTUSD,2023-08-24T20:03:00+02:00,939.530,939.570,939.220,939.240,13
SQ:XPTUSD,2023-08-24T20:04:00+02:00,939.250,939.460,939.240,939.430,11
SQ:XPTUSD,2023-08-24T20:05:00+02:00,939.430,939.580,939.420,939.540,8
SQ:XPTUSD,2023-08-24T20:06:00+02:00,939.540,939.550,939.150,939.150,14
SQ:XPTUSD,2023-08-24T20:07:00+02:00,939.150,939.290,939.080,939.250,8
SQ:XPTUSD,2023-08-24T20:08:00+02:00,939.250,939.380,939.230,939.300,10
SQ:XPTUSD,2023-08-24T20:09:00+02:00,939.240,939.440,939.180,939.430,9
SQ:XPTUSD,2023-08-24T20:10:00+02:00,939.440,939.480,939.310,939.480,11
SQ:XPTUSD,2023-08-24T20:11:00+02:00,939.500,939.610,939.500,939.600,10
SQ:XPTUSD,2023-08-24T20:12:00+02:00,939.650,939.780,939.560,939.630,15
SQ:XPTUSD,2023-08-24T20:13:00+02:00,939.610,939.800,939.560,939.770,10
SQ:XPTUSD,2023-08-24T20:14:00+02:00,939.740,939.830,939.730,939.750,9
SQ:XPTUSD,2023-08-24T20:15:00+02:00,939.740,939.800,939.440,939.610,13
SQ:XPTUSD,2023-08-24T20:16:00+02:00,939.620,939.620,939.110,939.110,11
SQ:XPTUSD,2023-08-24T20:17:00+02:00,939.170,939.380,939.140,939.380,10
SQ:XPTUSD,2023-08-24T20:18:00+02:00,939.330,939.370,939.050,939.260,13
SQ:XPTUSD,2023-08-24T20:19:00+02:00,939.190,939.190,938.950,938.960,11
SQ:XPTUSD,2023-08-24T20:20:00+02:00,938.960,939.020,938.900,938.900,8
SQ:XPTUSD,2023-08-24T20:21:00+02:00,938.910,939.310,938.910,939.310,10
SQ:XPTUSD,2023-08-24T20:22:00+02:00,939.240,939.240,939.140,939.140,12
SQ:XPTUSD,2023-08-24T20:23:00+02:00,939.150,939.390,939.130,939.340,10
SQ:XPTUSD,2023-08-24T20:24:00+02:00,939.350,939.620,939.350,939.620,11
SQ:XPTUSD,2023-08-24T20:25:00+02:00,939.610,939.610,939.460,939.490,15
SQ:XPTUSD,2023-08-24T20:26:00+02:00,939.390,939.420,939.180,939.280,11
SQ:XPTUSD,2023-08-24T20:27:00+02:00,939.280,939.280,938.900,939.060,13
SQ:XPTUSD,2023-08-24T20:28:00+02:00,939.000,939.310,938.960,939.250,9
SQ:XPTUSD,2023-08-24T20:29:00+02:00,939.290,939.570,939.230,939.560,9
SQ:XPTUSD,2023-08-24T20:30:00+02:00,939.510,939.560,939.450,939.470,9
SQ:XPTUSD,2023-08-24T20:31:00+02:00,939.470,939.640,939.440,939.640,9
SQ:XPTUSD,2023-08-24T20:32:00+02:00,939.660,939.770,939.660,939.700,11
SQ:XPTUSD,2023-08-24T20:33:00+02:00,939.790,940.040,939.790,940.040,11
SQ:XPTUSD,2023-08-24T20:34:00+02:00,940.040,940.060,939.930,939.980,10
SQ:XPTUSD,2023-08-24T20:35:00+02:00,939.980,939.990,939.720,939.970,11
SQ:XPTUSD,2023-08-24T20:36:00+02:00,939.760,939.760,939.500,939.610,10
SQ:XPTUSD,2023-08-24T20:37:00+02:00,939.650,939.670,939.600,939.670,9
SQ:XPTUSD,2023-08-24T20:38:00+02:00,939.610,939.640,939.510,939.540,15
SQ:XPTUSD,2023-08-24T20:39:00+02:00,939.520,939.530,939.290,939.520,12
SQ:XPTUSD,2023-08-24T20:40:00+02:00,939.500,939.670,939.500,939.600,6
SQ:XPTUSD,2023-08-24T20:41:00+02:00,939.730,939.730,939.510,939.620,13
SQ:XPTUSD,2023-08-24T20:42:00+02:00,939.650,939.740,939.470,939.470,12
SQ:XPTUSD,2023-08-24T20:43:00+02:00,939.470,939.500,938.350,938.620,17
SQ:XPTUSD,2023-08-24T20:44:00+02:00,938.640,938.940,938.640,938.670,15
SQ:XPTUSD,2023-08-24T20:45:00+02:00,938.640,938.990,938.640,938.790,12
SQ:XPTUSD,2023-08-24T20:46:00+02:00,938.890,939.100,938.800,939.090,13
SQ:XPTUSD,2023-08-24T20:47:00+02:00,939.010,939.290,939.010,939.280,18
SQ:XPTUSD,2023-08-24T20:48:00+02:00,939.280,939.680,939.210,939.480,16
SQ:XPTUSD,2023-08-24T20:49:00+02:00,939.480,939.480,938.890,938.890,12
SQ:XPTUSD,2023-08-24T20:50:00+02:00,939.050,939.110,938.660,938.660,11
SQ:XPTUSD,2023-08-24T20:51:00+02:00,938.670,938.820,938.660,938.820,7
SQ:XPTUSD,2023-08-24T20:52:00+02:00,938.870,938.960,938.850,938.870,7
SQ:XPTUSD,2023-08-24T20:53:00+02:00,938.940,938.940,938.620,938.620,10
SQ:XPTUSD,2023-08-24T20:54:00+02:00,938.610,938.680,938.610,938.680,5
SQ:XPTUSD,2023-08-24T20:55:00+02:00,938.610,938.760,938.610,938.760,9
SQ:XPTUSD,2023-08-24T20:56:00+02:00,938.760,938.860,938.710,938.810,9
SQ:XPTUSD,2023-08-24T20:57:00+02:00,938.810,938.810,938.490,938.540,7
SQ:XPTUSD,2023-08-24T20:58:00+02:00,938.560,939.070,938.560,939.010,10
SQ:XPTUSD,2023-08-24T20:59:00+02:00,938.920,939.030,938.900,938.990,11
SQ:XPTUSD,2023-08-24T21:00:00+02:00,938.990,939.030,938.950,939.020,11
SQ:XPTUSD,2023-08-24T21:01:00+02:00,939.020,939.020,938.940,938.940,7
SQ:XPTUSD,2023-08-24T21:02:00+02:00,938.960,939.220,938.900,939.200,9
SQ:XPTUSD,2023-08-24T21:03:00+02:00,939.140,939.170,938.930,938.930,11
SQ:XPTUSD,2023-08-24T21:04:00+02:00,938.920,939.160,938.710,939.090,20
SQ:XPTUSD,2023-08-24T21:05:00+02:00,939.070,939.120,938.780,939.030,11
SQ:XPTUSD,2023-08-24T21:06:00+02:00,939.140,939.270,939.090,939.270,13
SQ:XPTUSD,2023-08-24T21:07:00+02:00,939.270,939.360,939.260,939.360,7
SQ:XPTUSD,2023-08-24T21:08:00+02:00,939.280,939.280,939.070,939.280,17
SQ:XPTUSD,2023-08-24T21:09:00+02:00,939.280,939.280,939.190,939.260,14
SQ:XPTUSD,2023-08-24T21:10:00+02:00,939.170,939.170,938.930,939.010,18
SQ:XPTUSD,2023-08-24T21:11:00+02:00,938.990,939.050,938.950,938.980,35
SQ:XPTUSD,2023-08-24T21:12:00+02:00,938.970,939.020,938.930,939.020,11
SQ:XPTUSD,2023-08-24T21:13:00+02:00,939.030,939.100,938.990,939.100,37
SQ:XPTUSD,2023-08-24T21:14:00+02:00,939.100,939.340,939.080,939.340,30
SQ:XPTUSD,2023-08-24T21:15:00+02:00,939.350,939.420,939.230,939.300,17
SQ:XPTUSD,2023-08-24T21:16:00+02:00,939.300,939.300,938.610,938.620,20
SQ:XPTUSD,2023-08-24T21:17:00+02:00,938.620,938.750,938.620,938.730,12
SQ:XPTUSD,2023-08-24T21:18:00+02:00,938.730,938.800,938.670,938.800,19
SQ:XPTUSD,2023-08-24T21:19:00+02:00,938.780,938.980,938.780,938.950,21
SQ:XPTUSD,2023-08-24T21:20:00+02:00,939.000,939.210,939.000,939.210,23
SQ:XPTUSD,2023-08-24T21:21:00+02:00,939.210,939.230,939.080,939.210,18
SQ:XPTUSD,2023-08-24T21:22:00+02:00,939.210,939.210,939.030,939.030,5
SQ:XPTUSD,2023-08-24T21:23:00+02:00,939.010,939.010,938.910,938.930,9
SQ:XPTUSD,2023-08-24T21:24:00+02:00,938.930,939.030,938.930,938.960,16
SQ:XPTUSD,2023-08-24T21:25:00+02:00,938.980,939.230,938.960,939.210,15
SQ:XPTUSD,2023-08-24T21:26:00+02:00,939.230,939.330,939.110,939.300,23
SQ:XPTUSD,2023-08-24T21:27:00+02:00,939.300,939.310,939.260,939.270,14
SQ:XPTUSD,2023-08-24T21:28:00+02:00,939.270,939.270,939.100,939.200,20
SQ:XPTUSD,2023-08-24T21:29:00+02:00,939.220,939.280,939.180,939.180,17
SQ:XPTUSD,2023-08-24T21:30:00+02:00,939.160,939.270,939.040,939.180,31
SQ:XPTUSD,2023-08-24T21:31:00+02:00,939.180,939.220,939.060,939.160,29
SQ:XPTUSD,2023-08-24T21:32:00+02:00,939.140,939.160,938.860,938.860,13
SQ:XPTUSD,2023-08-24T21:33:00+02:00,938.860,938.940,938.830,938.860,14
SQ:XPTUSD,2023-08-24T21:34:00+02:00,938.860,938.860,938.660,938.670,9
SQ:XPTUSD,2023-08-24T21:35:00+02:00,938.700,938.750,938.670,938.730,9
SQ:XPTUSD,2023-08-24T21:36:00+02:00,938.730,938.730,938.410,938.410,25
SQ:XPTUSD,2023-08-24T21:37:00+02:00,938.410,938.510,938.240,938.510,20
SQ:XPTUSD,2023-08-24T21:38:00+02:00,938.510,938.540,938.370,938.370,14
SQ:XPTUSD,2023-08-24T21:39:00+02:00,938.370,938.370,937.970,937.970,10
SQ:XPTUSD,2023-08-24T21:40:00+02:00,937.970,938.010,937.870,937.970,15
SQ:XPTUSD,2023-08-24T21:41:00+02:00,937.970,938.210,937.950,938.150,21
SQ:XPTUSD,2023-08-24T21:42:00+02:00,938.170,938.170,938.020,938.020,10
SQ:XPTUSD,2023-08-24T21:43:00+02:00,938.020,938.030,937.750,937.900,20
SQ:XPTUSD,2023-08-24T21:44:00+02:00,937.900,937.970,937.900,937.950,15
SQ:XPTUSD,2023-08-24T21:45:00+02:00,937.950,938.140,937.860,938.120,36
SQ:XPTUSD,2023-08-24T21:46:00+02:00,938.090,938.140,937.900,938.040,16
SQ:XPTUSD,2023-08-24T21:47:00+02:00,938.040,938.170,938.040,938.110,9
SQ:XPTUSD,2023-08-24T21:48:00+02:00,938.110,938.430,938.110,938.390,55
SQ:XPTUSD,2023-08-24T21:49:00+02:00,938.390,938.390,938.130,938.230,12
SQ:XPTUSD,2023-08-24T21:50:00+02:00,938.200,938.360,938.200,938.360,48
SQ:XPTUSD,2023-08-24T21:51:00+02:00,938.360,938.420,937.980,938.120,24
SQ:XPTUSD,2023-08-24T21:52:00+02:00,938.120,938.120,937.920,937.920,18
SQ:XPTUSD,2023-08-24T21:53:00+02:00,937.920,937.950,937.740,937.740,24
SQ:XPTUSD,2023-08-24T21:54:00+02:00,937.740,937.790,937.580,937.620,17
SQ:XPTUSD,2023-08-24T21:55:00+02:00,937.590,937.790,937.590,937.750,25
SQ:XPTUSD,2023-08-24T21:56:00+02:00,937.760,937.890,937.660,937.770,12
SQ:XPTUSD,2023-08-24T21:57:00+02:00,937.770,937.770,937.570,937.570,18
SQ:XPTUSD,2023-08-24T21:58:00+02:00,937.560,937.590,937.460,937.460,6
SQ:XPTUSD,2023-08-24T21:59:00+02:00,937.460,937.960,937.270,937.650,59
SQ:XPTUSD,2023-08-24T22:00:00+02:00,937.700,937.720,937.300,937.400,28
SQ:XPTUSD,2023-08-24T22:01:00+02:00,937.430,938.000,937.430,937.890,63
SQ:XPTUSD,2023-08-24T22:02:00+02:00,937.840,937.840,937.610,937.610,11
SQ:XPTUSD,2023-08-24T22:03:00+02:00,937.580,937.580,937.450,937.480,12
SQ:XPTUSD,2023-08-24T22:04:00+02:00,937.480,937.480,936.890,937.060,22
SQ:XPTUSD,2023-08-24T22:05:00+02:00,937.010,937.060,936.940,936.950,7
SQ:XPTUSD,2023-08-24T22:06:00+02:00,936.950,937.060,936.950,936.970,6
SQ:XPTUSD,2023-08-24T22:07:00+02:00,936.970,936.990,936.910,936.940,7
SQ:XPTUSD,2023-08-24T22:08:00+02:00,936.940,936.940,936.890,936.900,5
SQ:XPTUSD,2023-08-24T22:09:00+02:00,936.900,937.050,936.900,937.010,6
SQ:XPTUSD,2023-08-24T22:10:00+02:00,937.010,937.010,936.910,936.910,7
SQ:XPTUSD,2023-08-24T22:11:00+02:00,936.910,936.910,936.840,936.840,6
SQ:XPTUSD,2023-08-24T22:12:00+02:00,936.810,936.810,936.590,936.590,11
SQ:XPTUSD,2023-08-24T22:13:00+02:00,936.590,936.590,936.390,936.390,8
SQ:XPTUSD,2023-08-24T22:14:00+02:00,936.390,936.780,935.990,936.090,11
SQ:XPTUSD,2023-08-24T22:15:00+02:00,936.090,936.160,936.070,936.080,10
SQ:XPTUSD,2023-08-24T22:16:00+02:00,936.070,936.070,935.880,935.880,6
SQ:XPTUSD,2023-08-24T22:17:00+02:00,935.880,936.050,935.880,935.990,6
SQ:XPTUSD,2023-08-24T22:18:00+02:00,935.990,936.210,935.990,936.110,7
SQ:XPTUSD,2023-08-24T22:19:00+02:00,936.110,936.490,936.110,936.490,12
SQ:XPTUSD,2023-08-24T22:20:00+02:00,936.490,936.680,936.490,936.540,7
SQ:XPTUSD,2023-08-24T22:21:00+02:00,936.540,936.790,936.370,936.410,13
SQ:XPTUSD,2023-08-24T22:22:00+02:00,936.330,936.340,936.170,936.170,8
SQ:XPTUSD,2023-08-24T22:23:00+02:00,936.170,936.320,936.170,936.320,2
SQ:XPTUSD,2023-08-24T22:24:00+02:00,936.320,936.440,936.320,936.440,8
SQ:XPTUSD,2023-08-24T22:25:00+02:00,936.440,936.470,936.400,936.470,8
SQ:XPTUSD,2023-08-24T22:26:00+02:00,936.470,936.550,936.350,936.520,18
SQ:XPTUSD,2023-08-24T22:27:00+02:00,936.520,936.620,936.450,936.520,7
SQ:XPTUSD,2023-08-24T22:28:00+02:00,936.540,936.620,936.520,936.520,5
SQ:XPTUSD,2023-08-24T22:29:00+02:00,936.520,936.620,936.510,936.610,8
SQ:XPTUSD,2023-08-24T22:30:00+02:00,936.610,936.610,936.510,936.560,7
SQ:XPTUSD,2023-08-24T22:31:00+02:00,936.580,936.580,936.360,936.400,11
SQ:XPTUSD,2023-08-24T22:32:00+02:00,936.400,936.460,936.400,936.450,3
SQ:XPTUSD,2023-08-24T22:33:00+02:00,936.450,936.450,936.350,936.350,4
SQ:XPTUSD,2023-08-24T22:34:00+02:00,936.350,936.380,936.350,936.380,5
SQ:XPTUSD,2023-08-24T22:35:00+02:00,936.380,936.490,936.330,936.490,10
SQ:XPTUSD,2023-08-24T22:36:00+02:00,936.490,937.140,936.380,936.380,13
SQ:XPTUSD,2023-08-24T22:37:00+02:00,936.430,936.450,936.300,936.310,13
SQ:XPTUSD,2023-08-24T22:38:00+02:00,936.310,936.350,936.310,936.350,5
SQ:XPTUSD,2023-08-24T22:39:00+02:00,936.350,937.190,935.960,936.410,21
SQ:XPTUSD,2023-08-24T22:40:00+02:00,936.410,936.410,936.410,936.410,1
SQ:XPTUSD,2023-08-24T22:41:00+02:00,936.420,936.490,936.420,936.420,5
SQ:XPTUSD,2023-08-24T22:42:00+02:00,936.420,936.420,936.420,936.420,1
SQ:XPTUSD,2023-08-24T22:43:00+02:00,936.420,936.550,936.270,936.270,15
SQ:XPTUSD,2023-08-24T22:44:00+02:00,936.270,936.310,936.270,936.310,8
SQ:XPTUSD,2023-08-24T22:45:00+02:00,936.290,936.540,936.270,936.400,18
SQ:XPTUSD,2023-08-24T22:46:00+02:00,936.350,936.380,936.300,936.380,28
SQ:XPTUSD,2023-08-24T22:47:00+02:00,936.350,936.580,936.350,936.580,9
SQ:XPTUSD,2023-08-24T22:48:00+02:00,936.580,936.620,936.550,936.590,9
SQ:XPTUSD,2023-08-24T22:49:00+02:00,936.610,936.680,936.610,936.680,4
SQ:XPTUSD,2023-08-24T22:50:00+02:00,936.680,936.720,936.580,936.670,20
SQ:XPTUSD,2023-08-24T22:51:00+02:00,936.660,936.660,935.950,935.950,14
SQ:XPTUSD,2023-08-24T22:52:00+02:00,935.850,936.310,935.660,935.950,7
SQ:XPTUSD,2023-08-24T22:53:00+02:00,935.950,936.080,935.950,936.080,2
SQ:XPTUSD,2023-08-24T22:54:00+02:00,935.950,935.950,935.950,935.950,1
