SQ:USDJPY,2018-02-09T00:00:00+01:00,108.752,108.752,108.705,108.705,46
SQ:USDJPY,2018-02-09T00:01:00+01:00,108.703,108.713,108.696,108.709,62
SQ:USDJPY,2018-02-09T00:02:00+01:00,108.710,108.743,108.709,108.729,54
SQ:USDJPY,2018-02-09T00:03:00+01:00,108.727,108.732,108.701,108.728,45
SQ:USDJPY,2018-02-09T00:04:00+01:00,108.728,108.735,108.722,108.722,55
SQ:USDJPY,2018-02-09T00:05:00+01:00,108.723,108.723,108.691,108.691,60
SQ:USDJPY,2018-02-09T00:06:00+01:00,108.691,108.702,108.690,108.699,45
SQ:USDJPY,2018-02-09T00:07:00+01:00,108.698,108.701,108.695,108.695,22
SQ:USDJPY,2018-02-09T00:08:00+01:00,108.694,108.705,108.694,108.705,36
SQ:USDJPY,2018-02-09T00:09:00+01:00,108.710,108.733,108.681,108.683,52
SQ:USDJPY,2018-02-09T00:10:00+01:00,108.684,108.684,108.655,108.655,49
SQ:USDJPY,2018-02-09T00:11:00+01:00,108.657,108.661,108.644,108.651,54
SQ:USDJPY,2018-02-09T00:12:00+01:00,108.650,108.658,108.643,108.643,60
SQ:USDJPY,2018-02-09T00:13:00+01:00,108.644,108.646,108.635,108.640,55
SQ:USDJPY,2018-02-09T00:14:00+01:00,108.640,108.642,108.615,108.616,43
SQ:USDJPY,2018-02-09T00:15:00+01:00,108.625,108.627,108.606,108.618,62
SQ:USDJPY,2018-02-09T00:16:00+01:00,108.618,108.619,108.612,108.614,45
SQ:USDJPY,2018-02-09T00:17:00+01:00,108.612,108.616,108.601,108.604,54
SQ:USDJPY,2018-02-09T00:18:00+01:00,108.608,108.608,108.547,108.565,151
SQ:USDJPY,2018-02-09T00:19:00+01:00,108.565,108.590,108.565,108.586,65
SQ:USDJPY,2018-02-09T00:20:00+01:00,108.585,108.605,108.585,108.603,44
SQ:USDJPY,2018-02-09T00:21:00+01:00,108.604,108.628,108.604,108.621,66
SQ:USDJPY,2018-02-09T00:22:00+01:00,108.622,108.622,108.582,108.582,59
SQ:USDJPY,2018-02-09T00:23:00+01:00,108.582,108.582,108.554,108.559,70
SQ:USDJPY,2018-02-09T00:24:00+01:00,108.559,108.588,108.558,108.563,110
SQ:USDJPY,2018-02-09T00:25:00+01:00,108.562,108.574,108.553,108.564,79
SQ:USDJPY,2018-02-09T00:26:00+01:00,108.564,108.565,108.551,108.559,76
SQ:USDJPY,2018-02-09T00:27:00+01:00,108.559,108.582,108.555,108.580,70
SQ:USDJPY,2018-02-09T00:28:00+01:00,108.578,108.594,108.578,108.589,38
SQ:USDJPY,2018-02-09T00:29:00+01:00,108.591,108.592,108.583,108.591,25
SQ:USDJPY,2018-02-09T00:30:00+01:00,108.589,108.589,108.563,108.564,33
SQ:USDJPY,2018-02-09T00:31:00+01:00,108.563,108.616,108.559,108.616,109
SQ:USDJPY,2018-02-09T00:32:00+01:00,108.614,108.615,108.584,108.600,71
SQ:USDJPY,2018-02-09T00:33:00+01:00,108.601,108.611,108.580,108.581,48
SQ:USDJPY,2018-02-09T00:34:00+01:00,108.582,108.609,108.577,108.603,67
SQ:USDJPY,2018-02-09T00:35:00+01:00,108.603,108.603,108.585,108.585,38
SQ:USDJPY,2018-02-09T00:36:00+01:00,108.584,108.591,108.579,108.587,36
SQ:USDJPY,2018-02-09T00:37:00+01:00,108.591,108.591,108.558,108.558,80
SQ:USDJPY,2018-02-09T00:38:00+01:00,108.557,108.565,108.550,108.553,41
SQ:USDJPY,2018-02-09T00:39:00+01:00,108.554,108.563,108.550,108.551,50
SQ:USDJPY,2018-02-09T00:40:00+01:00,108.551,108.552,108.533,108.540,97
SQ:USDJPY,2018-02-09T00:41:00+01:00,108.540,108.579,108.540,108.573,73
SQ:USDJPY,2018-02-09T00:42:00+01:00,108.573,108.573,108.552,108.552,40
SQ:USDJPY,2018-02-09T00:43:00+01:00,108.551,108.557,108.551,108.557,36
SQ:USDJPY,2018-02-09T00:44:00+01:00,108.559,108.567,108.533,108.541,47
SQ:USDJPY,2018-02-09T00:45:00+01:00,108.541,108.592,108.541,108.570,124
SQ:USDJPY,2018-02-09T00:46:00+01:00,108.570,108.604,108.570,108.604,110
SQ:USDJPY,2018-02-09T00:47:00+01:00,108.605,108.638,108.600,108.600,104
SQ:USDJPY,2018-02-09T00:48:00+01:00,108.607,108.615,108.596,108.600,64
SQ:USDJPY,2018-02-09T00:49:00+01:00,108.600,108.601,108.581,108.582,60
SQ:USDJPY,2018-02-09T00:50:00+01:00,108.583,108.583,108.551,108.566,72
SQ:USDJPY,2018-02-09T00:51:00+01:00,108.565,108.587,108.561,108.583,80
SQ:USDJPY,2018-02-09T00:52:00+01:00,108.582,108.587,108.566,108.566,37
SQ:USDJPY,2018-02-09T00:53:00+01:00,108.567,108.585,108.567,108.570,61
SQ:USDJPY,2018-02-09T00:54:00+01:00,108.570,108.589,108.569,108.587,58
SQ:USDJPY,2018-02-09T00:55:00+01:00,108.588,108.590,108.548,108.552,80
SQ:USDJPY,2018-02-09T00:56:00+01:00,108.553,108.560,108.489,108.501,139
SQ:USDJPY,2018-02-09T00:57:00+01:00,108.502,108.527,108.497,108.520,115
SQ:USDJPY,2018-02-09T00:58:00+01:00,108.522,108.537,108.506,108.533,81
SQ:USDJPY,2018-02-09T00:59:00+01:00,108.532,108.559,108.527,108.547,84
SQ:USDJPY,2018-02-09T01:00:00+01:00,108.548,108.596,108.525,108.594,144
SQ:USDJPY,2018-02-09T01:01:00+01:00,108.591,108.599,108.567,108.578,80
SQ:USDJPY,2018-02-09T01:02:00+01:00,108.574,108.595,108.567,108.576,90
SQ:USDJPY,2018-02-09T01:03:00+01:00,108.575,108.605,108.561,108.599,105
SQ:USDJPY,2018-02-09T01:04:00+01:00,108.595,108.608,108.588,108.595,76
SQ:USDJPY,2018-02-09T01:05:00+01:00,108.591,108.643,108.590,108.640,106
SQ:USDJPY,2018-02-09T01:06:00+01:00,108.641,108.641,108.608,108.625,130
SQ:USDJPY,2018-02-09T01:07:00+01:00,108.626,108.644,108.612,108.640,131
SQ:USDJPY,2018-02-09T01:08:00+01:00,108.638,108.648,108.620,108.620,109
SQ:USDJPY,2018-02-09T01:09:00+01:00,108.620,108.648,108.620,108.640,137
SQ:USDJPY,2018-02-09T01:10:00+01:00,108.641,108.648,108.622,108.646,133
SQ:USDJPY,2018-02-09T01:11:00+01:00,108.645,108.691,108.645,108.665,158
SQ:USDJPY,2018-02-09T01:12:00+01:00,108.670,108.701,108.658,108.688,101
SQ:USDJPY,2018-02-09T01:13:00+01:00,108.688,108.689,108.670,108.671,134
SQ:USDJPY,2018-02-09T01:14:00+01:00,108.670,108.678,108.658,108.673,131
SQ:USDJPY,2018-02-09T01:15:00+01:00,108.674,108.677,108.654,108.672,145
SQ:USDJPY,2018-02-09T01:16:00+01:00,108.672,108.700,108.666,108.678,149
SQ:USDJPY,2018-02-09T01:17:00+01:00,108.678,108.697,108.673,108.684,134
SQ:USDJPY,2018-02-09T01:18:00+01:00,108.684,108.714,108.679,108.702,111
SQ:USDJPY,2018-02-09T01:19:00+01:00,108.704,108.708,108.701,108.707,67
SQ:USDJPY,2018-02-09T01:20:00+01:00,108.707,108.734,108.706,108.731,90
SQ:USDJPY,2018-02-09T01:21:00+01:00,108.731,108.732,108.725,108.730,64
SQ:USDJPY,2018-02-09T01:22:00+01:00,108.731,108.754,108.727,108.731,119
SQ:USDJPY,2018-02-09T01:23:00+01:00,108.732,108.735,108.721,108.733,78
SQ:USDJPY,2018-02-09T01:24:00+01:00,108.735,108.753,108.723,108.733,94
SQ:USDJPY,2018-02-09T01:25:00+01:00,108.734,108.734,108.706,108.710,101
SQ:USDJPY,2018-02-09T01:26:00+01:00,108.709,108.734,108.709,108.732,86
SQ:USDJPY,2018-02-09T01:27:00+01:00,108.728,108.743,108.726,108.726,55
SQ:USDJPY,2018-02-09T01:28:00+01:00,108.730,108.733,108.717,108.719,71
SQ:USDJPY,2018-02-09T01:29:00+01:00,108.719,108.743,108.717,108.731,107
SQ:USDJPY,2018-02-09T01:30:00+01:00,108.733,108.735,108.703,108.703,68
SQ:USDJPY,2018-02-09T01:31:00+01:00,108.704,108.725,108.704,108.725,54
SQ:USDJPY,2018-02-09T01:32:00+01:00,108.726,108.732,108.714,108.727,70
SQ:USDJPY,2018-02-09T01:33:00+01:00,108.731,108.777,108.731,108.775,123
SQ:USDJPY,2018-02-09T01:34:00+01:00,108.773,108.806,108.773,108.796,102
SQ:USDJPY,2018-02-09T01:35:00+01:00,108.792,108.792,108.778,108.781,81
SQ:USDJPY,2018-02-09T01:36:00+01:00,108.779,108.779,108.750,108.750,113
SQ:USDJPY,2018-02-09T01:37:00+01:00,108.753,108.766,108.746,108.749,92
SQ:USDJPY,2018-02-09T01:38:00+01:00,108.748,108.775,108.742,108.774,91
SQ:USDJPY,2018-02-09T01:39:00+01:00,108.778,108.812,108.778,108.803,132
SQ:USDJPY,2018-02-09T01:40:00+01:00,108.802,108.808,108.782,108.784,99
SQ:USDJPY,2018-02-09T01:41:00+01:00,108.783,108.797,108.775,108.784,40
SQ:USDJPY,2018-02-09T01:42:00+01:00,108.784,108.797,108.776,108.792,63
SQ:USDJPY,2018-02-09T01:43:00+01:00,108.792,108.807,108.791,108.807,69
SQ:USDJPY,2018-02-09T01:44:00+01:00,108.807,108.841,108.807,108.836,136
SQ:USDJPY,2018-02-09T01:45:00+01:00,108.835,108.835,108.798,108.819,154
SQ:USDJPY,2018-02-09T01:46:00+01:00,108.819,108.832,108.800,108.825,93
SQ:USDJPY,2018-02-09T01:47:00+01:00,108.825,108.845,108.813,108.842,92
SQ:USDJPY,2018-02-09T01:48:00+01:00,108.841,108.862,108.834,108.849,125
SQ:USDJPY,2018-02-09T01:49:00+01:00,108.849,108.850,108.842,108.849,66
SQ:USDJPY,2018-02-09T01:50:00+01:00,108.849,108.851,108.818,108.844,95
SQ:USDJPY,2018-02-09T01:51:00+01:00,108.845,108.847,108.778,108.789,138
SQ:USDJPY,2018-02-09T01:52:00+01:00,108.790,108.793,108.732,108.738,171
SQ:USDJPY,2018-02-09T01:53:00+01:00,108.734,108.810,108.734,108.809,148
SQ:USDJPY,2018-02-09T01:54:00+01:00,108.808,108.839,108.807,108.818,223
SQ:USDJPY,2018-02-09T01:55:00+01:00,108.814,108.825,108.790,108.790,203
SQ:USDJPY,2018-02-09T01:56:00+01:00,108.790,108.833,108.785,108.833,134
SQ:USDJPY,2018-02-09T01:57:00+01:00,108.832,108.850,108.815,108.815,92
SQ:USDJPY,2018-02-09T01:58:00+01:00,108.815,108.821,108.800,108.813,76
SQ:USDJPY,2018-02-09T01:59:00+01:00,108.810,108.835,108.806,108.806,105
SQ:USDJPY,2018-02-09T02:00:00+01:00,108.805,108.821,108.792,108.809,125
SQ:USDJPY,2018-02-09T02:01:00+01:00,108.809,108.809,108.770,108.778,107
SQ:USDJPY,2018-02-09T02:02:00+01:00,108.777,108.783,108.751,108.760,68
SQ:USDJPY,2018-02-09T02:03:00+01:00,108.759,108.778,108.759,108.771,52
SQ:USDJPY,2018-02-09T02:04:00+01:00,108.772,108.786,108.758,108.785,62
SQ:USDJPY,2018-02-09T02:05:00+01:00,108.787,108.796,108.783,108.786,53
SQ:USDJPY,2018-02-09T02:06:00+01:00,108.786,108.838,108.785,108.832,115
SQ:USDJPY,2018-02-09T02:07:00+01:00,108.831,108.853,108.831,108.847,112
SQ:USDJPY,2018-02-09T02:08:00+01:00,108.848,108.860,108.835,108.857,96
SQ:USDJPY,2018-02-09T02:09:00+01:00,108.857,108.859,108.829,108.838,77
SQ:USDJPY,2018-02-09T02:10:00+01:00,108.839,108.860,108.837,108.853,123
SQ:USDJPY,2018-02-09T02:11:00+01:00,108.853,108.963,108.853,108.962,201
SQ:USDJPY,2018-02-09T02:12:00+01:00,108.962,108.977,108.920,108.955,245
SQ:USDJPY,2018-02-09T02:13:00+01:00,108.954,108.962,108.933,108.934,116
SQ:USDJPY,2018-02-09T02:14:00+01:00,108.935,108.938,108.900,108.911,140
SQ:USDJPY,2018-02-09T02:15:00+01:00,108.912,108.933,108.891,108.910,202
SQ:USDJPY,2018-02-09T02:16:00+01:00,108.911,108.955,108.909,108.938,150
SQ:USDJPY,2018-02-09T02:17:00+01:00,108.938,108.960,108.924,108.944,122
SQ:USDJPY,2018-02-09T02:18:00+01:00,108.944,108.981,108.944,108.964,129
SQ:USDJPY,2018-02-09T02:19:00+01:00,108.968,108.977,108.955,108.969,95
SQ:USDJPY,2018-02-09T02:20:00+01:00,108.967,108.973,108.939,108.950,153
SQ:USDJPY,2018-02-09T02:21:00+01:00,108.949,109.037,108.944,109.028,185
SQ:USDJPY,2018-02-09T02:22:00+01:00,109.028,109.051,109.000,109.003,192
SQ:USDJPY,2018-02-09T02:23:00+01:00,109.005,109.017,108.987,108.987,129
SQ:USDJPY,2018-02-09T02:24:00+01:00,108.991,108.991,108.956,108.969,177
SQ:USDJPY,2018-02-09T02:25:00+01:00,108.968,108.968,108.926,108.937,172
SQ:USDJPY,2018-02-09T02:26:00+01:00,108.937,108.937,108.894,108.897,110
SQ:USDJPY,2018-02-09T02:27:00+01:00,108.896,108.909,108.870,108.884,132
SQ:USDJPY,2018-02-09T02:28:00+01:00,108.886,108.908,108.885,108.907,100
SQ:USDJPY,2018-02-09T02:29:00+01:00,108.909,108.939,108.904,108.938,122
SQ:USDJPY,2018-02-09T02:30:00+01:00,108.941,108.947,108.914,108.916,82
SQ:USDJPY,2018-02-09T02:31:00+01:00,108.915,108.926,108.867,108.869,124
SQ:USDJPY,2018-02-09T02:32:00+01:00,108.872,108.891,108.853,108.864,115
SQ:USDJPY,2018-02-09T02:33:00+01:00,108.864,108.864,108.810,108.824,240
SQ:USDJPY,2018-02-09T02:34:00+01:00,108.823,108.857,108.823,108.851,194
SQ:USDJPY,2018-02-09T02:35:00+01:00,108.855,108.905,108.855,108.881,208
SQ:USDJPY,2018-02-09T02:36:00+01:00,108.882,108.896,108.871,108.881,171
SQ:USDJPY,2018-02-09T02:37:00+01:00,108.882,108.905,108.874,108.875,149
SQ:USDJPY,2018-02-09T02:38:00+01:00,108.877,108.932,108.877,108.924,143
SQ:USDJPY,2018-02-09T02:39:00+01:00,108.926,108.959,108.921,108.945,121
SQ:USDJPY,2018-02-09T02:40:00+01:00,108.946,108.951,108.924,108.950,119
SQ:USDJPY,2018-02-09T02:41:00+01:00,108.950,108.955,108.930,108.936,136
SQ:USDJPY,2018-02-09T02:42:00+01:00,108.939,108.939,108.897,108.897,139
SQ:USDJPY,2018-02-09T02:43:00+01:00,108.898,108.909,108.889,108.903,129
SQ:USDJPY,2018-02-09T02:44:00+01:00,108.903,108.925,108.902,108.923,104
SQ:USDJPY,2018-02-09T02:45:00+01:00,108.923,108.923,108.875,108.878,135
SQ:USDJPY,2018-02-09T02:46:00+01:00,108.879,108.883,108.822,108.829,161
SQ:USDJPY,2018-02-09T02:47:00+01:00,108.830,108.842,108.823,108.836,109
SQ:USDJPY,2018-02-09T02:48:00+01:00,108.836,108.841,108.797,108.810,121
SQ:USDJPY,2018-02-09T02:49:00+01:00,108.809,108.837,108.804,108.834,123
SQ:USDJPY,2018-02-09T02:50:00+01:00,108.834,108.874,108.834,108.874,136
SQ:USDJPY,2018-02-09T02:51:00+01:00,108.875,108.888,108.859,108.887,131
SQ:USDJPY,2018-02-09T02:52:00+01:00,108.888,108.905,108.875,108.879,90
SQ:USDJPY,2018-02-09T02:53:00+01:00,108.881,108.905,108.854,108.858,171
SQ:USDJPY,2018-02-09T02:54:00+01:00,108.858,108.858,108.796,108.810,168
SQ:USDJPY,2018-02-09T02:55:00+01:00,108.812,108.829,108.787,108.798,141
SQ:USDJPY,2018-02-09T02:56:00+01:00,108.797,108.830,108.797,108.828,175
SQ:USDJPY,2018-02-09T02:57:00+01:00,108.824,108.836,108.817,108.821,94
SQ:USDJPY,2018-02-09T02:58:00+01:00,108.820,108.823,108.788,108.805,125
SQ:USDJPY,2018-02-09T02:59:00+01:00,108.802,108.829,108.798,108.802,140
SQ:USDJPY,2018-02-09T03:00:00+01:00,108.801,108.801,108.753,108.764,243
SQ:USDJPY,2018-02-09T03:01:00+01:00,108.765,108.778,108.750,108.768,189
SQ:USDJPY,2018-02-09T03:02:00+01:00,108.768,108.816,108.768,108.786,161
SQ:USDJPY,2018-02-09T03:03:00+01:00,108.787,108.806,108.777,108.795,175
SQ:USDJPY,2018-02-09T03:04:00+01:00,108.794,108.817,108.785,108.787,189
SQ:USDJPY,2018-02-09T03:05:00+01:00,108.787,108.807,108.764,108.791,172
SQ:USDJPY,2018-02-09T03:06:00+01:00,108.790,108.837,108.788,108.837,164
SQ:USDJPY,2018-02-09T03:07:00+01:00,108.839,108.845,108.828,108.840,129
SQ:USDJPY,2018-02-09T03:08:00+01:00,108.842,108.849,108.836,108.836,96
SQ:USDJPY,2018-02-09T03:09:00+01:00,108.842,108.857,108.840,108.857,114
SQ:USDJPY,2018-02-09T03:10:00+01:00,108.858,108.861,108.844,108.852,94
SQ:USDJPY,2018-02-09T03:11:00+01:00,108.854,108.865,108.843,108.843,96
SQ:USDJPY,2018-02-09T03:12:00+01:00,108.839,108.839,108.748,108.766,174
SQ:USDJPY,2018-02-09T03:13:00+01:00,108.764,108.768,108.712,108.759,231
SQ:USDJPY,2018-02-09T03:14:00+01:00,108.759,108.805,108.759,108.792,178
SQ:USDJPY,2018-02-09T03:15:00+01:00,108.793,108.803,108.759,108.769,176
SQ:USDJPY,2018-02-09T03:16:00+01:00,108.770,108.828,108.757,108.810,186
SQ:USDJPY,2018-02-09T03:17:00+01:00,108.809,108.857,108.809,108.857,163
SQ:USDJPY,2018-02-09T03:18:00+01:00,108.857,108.870,108.821,108.829,195
SQ:USDJPY,2018-02-09T03:19:00+01:00,108.829,108.854,108.820,108.834,145
SQ:USDJPY,2018-02-09T03:20:00+01:00,108.830,108.881,108.826,108.852,181
SQ:USDJPY,2018-02-09T03:21:00+01:00,108.854,108.854,108.813,108.833,138
SQ:USDJPY,2018-02-09T03:22:00+01:00,108.833,108.857,108.821,108.855,86
SQ:USDJPY,2018-02-09T03:23:00+01:00,108.856,108.888,108.848,108.850,149
SQ:USDJPY,2018-02-09T03:24:00+01:00,108.848,108.860,108.840,108.848,86
SQ:USDJPY,2018-02-09T03:25:00+01:00,108.852,108.883,108.841,108.864,147
SQ:USDJPY,2018-02-09T03:26:00+01:00,108.865,108.888,108.848,108.880,142
SQ:USDJPY,2018-02-09T03:27:00+01:00,108.881,108.896,108.874,108.891,112
SQ:USDJPY,2018-02-09T03:28:00+01:00,108.891,108.892,108.857,108.873,112
SQ:USDJPY,2018-02-09T03:29:00+01:00,108.874,108.922,108.873,108.921,94
SQ:USDJPY,2018-02-09T03:30:00+01:00,108.921,108.959,108.921,108.927,173
SQ:USDJPY,2018-02-09T03:31:00+01:00,108.925,108.926,108.898,108.900,103
SQ:USDJPY,2018-02-09T03:32:00+01:00,108.900,108.926,108.883,108.884,97
SQ:USDJPY,2018-02-09T03:33:00+01:00,108.885,108.901,108.837,108.837,120
SQ:USDJPY,2018-02-09T03:34:00+01:00,108.836,108.864,108.834,108.858,137
SQ:USDJPY,2018-02-09T03:35:00+01:00,108.859,108.864,108.838,108.851,98
SQ:USDJPY,2018-02-09T03:36:00+01:00,108.853,108.889,108.852,108.873,122
SQ:USDJPY,2018-02-09T03:37:00+01:00,108.873,108.887,108.853,108.870,118
SQ:USDJPY,2018-02-09T03:38:00+01:00,108.870,108.891,108.870,108.876,131
SQ:USDJPY,2018-02-09T03:39:00+01:00,108.874,108.889,108.849,108.850,134
SQ:USDJPY,2018-02-09T03:40:00+01:00,108.847,108.864,108.832,108.848,163
SQ:USDJPY,2018-02-09T03:41:00+01:00,108.850,108.853,108.821,108.831,129
SQ:USDJPY,2018-02-09T03:42:00+01:00,108.830,108.836,108.826,108.832,97
SQ:USDJPY,2018-02-09T03:43:00+01:00,108.831,108.850,108.828,108.831,137
SQ:USDJPY,2018-02-09T03:44:00+01:00,108.831,108.878,108.830,108.872,176
SQ:USDJPY,2018-02-09T03:45:00+01:00,108.868,108.870,108.831,108.853,106
SQ:USDJPY,2018-02-09T03:46:00+01:00,108.854,108.871,108.847,108.861,77
SQ:USDJPY,2018-02-09T03:47:00+01:00,108.864,108.864,108.842,108.842,88
SQ:USDJPY,2018-02-09T03:48:00+01:00,108.841,108.866,108.835,108.859,58
SQ:USDJPY,2018-02-09T03:49:00+01:00,108.859,108.859,108.824,108.836,107
SQ:USDJPY,2018-02-09T03:50:00+01:00,108.834,108.859,108.828,108.854,82
SQ:USDJPY,2018-02-09T03:51:00+01:00,108.855,108.858,108.841,108.853,77
SQ:USDJPY,2018-02-09T03:52:00+01:00,108.852,108.853,108.835,108.846,86
SQ:USDJPY,2018-02-09T03:53:00+01:00,108.846,108.861,108.816,108.816,90
SQ:USDJPY,2018-02-09T03:54:00+01:00,108.816,108.825,108.793,108.818,97
SQ:USDJPY,2018-02-09T03:55:00+01:00,108.822,108.853,108.821,108.838,80
SQ:USDJPY,2018-02-09T03:56:00+01:00,108.838,108.857,108.838,108.847,87
SQ:USDJPY,2018-02-09T03:57:00+01:00,108.846,108.852,108.813,108.819,86
SQ:USDJPY,2018-02-09T03:58:00+01:00,108.819,108.849,108.819,108.836,93
SQ:USDJPY,2018-02-09T03:59:00+01:00,108.836,108.847,108.812,108.819,112
SQ:USDJPY,2018-02-09T04:00:00+01:00,108.820,108.840,108.812,108.834,117
SQ:USDJPY,2018-02-09T04:01:00+01:00,108.834,108.853,108.827,108.846,82
SQ:USDJPY,2018-02-09T04:02:00+01:00,108.847,108.859,108.839,108.859,88
SQ:USDJPY,2018-02-09T04:03:00+01:00,108.858,108.859,108.835,108.853,106
SQ:USDJPY,2018-02-09T04:04:00+01:00,108.853,108.871,108.852,108.865,90
SQ:USDJPY,2018-02-09T04:05:00+01:00,108.866,108.887,108.866,108.875,98
SQ:USDJPY,2018-02-09T04:06:00+01:00,108.877,108.893,108.875,108.875,99
SQ:USDJPY,2018-02-09T04:07:00+01:00,108.875,108.887,108.872,108.879,84
SQ:USDJPY,2018-02-09T04:08:00+01:00,108.881,108.902,108.880,108.886,87
SQ:USDJPY,2018-02-09T04:09:00+01:00,108.887,108.913,108.881,108.913,105
SQ:USDJPY,2018-02-09T04:10:00+01:00,108.910,108.923,108.890,108.898,115
SQ:USDJPY,2018-02-09T04:11:00+01:00,108.895,108.900,108.889,108.889,67
SQ:USDJPY,2018-02-09T04:12:00+01:00,108.889,108.897,108.885,108.892,58
SQ:USDJPY,2018-02-09T04:13:00+01:00,108.893,108.912,108.886,108.912,100
SQ:USDJPY,2018-02-09T04:14:00+01:00,108.912,108.917,108.898,108.909,70
SQ:USDJPY,2018-02-09T04:15:00+01:00,108.907,108.907,108.866,108.866,80
SQ:USDJPY,2018-02-09T04:16:00+01:00,108.865,108.894,108.865,108.892,72
SQ:USDJPY,2018-02-09T04:17:00+01:00,108.890,108.926,108.888,108.896,95
SQ:USDJPY,2018-02-09T04:18:00+01:00,108.897,108.922,108.894,108.912,70
SQ:USDJPY,2018-02-09T04:19:00+01:00,108.912,108.990,108.911,108.989,185
SQ:USDJPY,2018-02-09T04:20:00+01:00,108.991,108.992,108.964,108.984,124
SQ:USDJPY,2018-02-09T04:21:00+01:00,108.982,109.003,108.980,109.000,120
SQ:USDJPY,2018-02-09T04:22:00+01:00,109.001,109.003,108.976,108.985,158
SQ:USDJPY,2018-02-09T04:23:00+01:00,108.986,108.989,108.966,108.983,152
SQ:USDJPY,2018-02-09T04:24:00+01:00,108.983,108.987,108.965,108.967,120
SQ:USDJPY,2018-02-09T04:25:00+01:00,108.967,108.977,108.961,108.968,89
SQ:USDJPY,2018-02-09T04:26:00+01:00,108.969,108.969,108.953,108.953,92
SQ:USDJPY,2018-02-09T04:27:00+01:00,108.953,108.955,108.943,108.949,89
SQ:USDJPY,2018-02-09T04:28:00+01:00,108.949,108.964,108.948,108.964,73
SQ:USDJPY,2018-02-09T04:29:00+01:00,108.964,108.971,108.952,108.960,76
SQ:USDJPY,2018-02-09T04:30:00+01:00,108.962,108.970,108.950,108.958,74
SQ:USDJPY,2018-02-09T04:31:00+01:00,108.953,108.956,108.931,108.942,68
SQ:USDJPY,2018-02-09T04:32:00+01:00,108.942,109.005,108.942,109.005,129
SQ:USDJPY,2018-02-09T04:33:00+01:00,109.005,109.079,108.998,109.056,209
SQ:USDJPY,2018-02-09T04:34:00+01:00,109.054,109.069,109.043,109.066,173
SQ:USDJPY,2018-02-09T04:35:00+01:00,109.062,109.085,109.043,109.053,194
SQ:USDJPY,2018-02-09T04:36:00+01:00,109.053,109.055,109.040,109.054,103
SQ:USDJPY,2018-02-09T04:37:00+01:00,109.054,109.064,109.025,109.033,152
SQ:USDJPY,2018-02-09T04:38:00+01:00,109.034,109.036,109.016,109.022,153
SQ:USDJPY,2018-02-09T04:39:00+01:00,109.023,109.038,109.004,109.023,152
SQ:USDJPY,2018-02-09T04:40:00+01:00,109.023,109.029,109.001,109.002,100
SQ:USDJPY,2018-02-09T04:41:00+01:00,109.002,109.019,109.000,109.004,103
SQ:USDJPY,2018-02-09T04:42:00+01:00,109.002,109.003,108.982,108.992,129
SQ:USDJPY,2018-02-09T04:43:00+01:00,108.990,109.007,108.985,109.007,119
SQ:USDJPY,2018-02-09T04:44:00+01:00,109.005,109.019,109.000,109.019,126
SQ:USDJPY,2018-02-09T04:45:00+01:00,109.022,109.037,109.019,109.028,108
SQ:USDJPY,2018-02-09T04:46:00+01:00,109.029,109.047,109.027,109.042,103
SQ:USDJPY,2018-02-09T04:47:00+01:00,109.041,109.068,109.041,109.048,118
SQ:USDJPY,2018-02-09T04:48:00+01:00,109.047,109.048,109.026,109.044,115
SQ:USDJPY,2018-02-09T04:49:00+01:00,109.044,109.048,108.979,108.987,145
SQ:USDJPY,2018-02-09T04:50:00+01:00,108.987,108.995,108.970,108.985,182
SQ:USDJPY,2018-02-09T04:51:00+01:00,108.984,108.989,108.961,108.976,104
SQ:USDJPY,2018-02-09T04:52:00+01:00,108.977,108.988,108.967,108.985,91
SQ:USDJPY,2018-02-09T04:53:00+01:00,108.986,108.989,108.976,108.986,71
SQ:USDJPY,2018-02-09T04:54:00+01:00,108.984,108.997,108.969,108.982,80
SQ:USDJPY,2018-02-09T04:55:00+01:00,108.983,109.002,108.975,108.981,95
SQ:USDJPY,2018-02-09T04:56:00+01:00,108.982,109.034,108.982,109.029,117
SQ:USDJPY,2018-02-09T04:57:00+01:00,109.030,109.032,109.005,109.008,90
SQ:USDJPY,2018-02-09T04:58:00+01:00,109.007,109.009,108.964,108.966,86
SQ:USDJPY,2018-02-09T04:59:00+01:00,108.966,109.006,108.965,108.991,133
SQ:USDJPY,2018-02-09T05:00:00+01:00,108.993,109.002,108.949,108.960,126
SQ:USDJPY,2018-02-09T05:01:00+01:00,108.962,108.968,108.942,108.965,106
SQ:USDJPY,2018-02-09T05:02:00+01:00,108.964,108.994,108.964,108.980,84
SQ:USDJPY,2018-02-09T05:03:00+01:00,108.980,108.983,108.960,108.967,77
SQ:USDJPY,2018-02-09T05:04:00+01:00,108.967,109.020,108.966,109.013,122
SQ:USDJPY,2018-02-09T05:05:00+01:00,109.013,109.038,109.005,109.020,105
SQ:USDJPY,2018-02-09T05:06:00+01:00,109.021,109.030,109.000,109.002,79
SQ:USDJPY,2018-02-09T05:07:00+01:00,109.003,109.013,108.997,108.997,60
SQ:USDJPY,2018-02-09T05:08:00+01:00,108.996,109.009,108.984,109.004,54
SQ:USDJPY,2018-02-09T05:09:00+01:00,109.004,109.018,108.980,109.011,88
SQ:USDJPY,2018-02-09T05:10:00+01:00,109.009,109.014,108.990,109.001,77
SQ:USDJPY,2018-02-09T05:11:00+01:00,109.002,109.014,108.993,108.996,86
SQ:USDJPY,2018-02-09T05:12:00+01:00,108.997,108.999,108.969,108.978,85
SQ:USDJPY,2018-02-09T05:13:00+01:00,108.980,109.008,108.979,109.000,74
SQ:USDJPY,2018-02-09T05:14:00+01:00,108.999,109.006,108.988,109.004,82
SQ:USDJPY,2018-02-09T05:15:00+01:00,109.003,109.017,108.996,108.996,97
SQ:USDJPY,2018-02-09T05:16:00+01:00,108.995,109.011,108.991,109.005,67
SQ:USDJPY,2018-02-09T05:17:00+01:00,109.004,109.017,109.002,109.002,68
SQ:USDJPY,2018-02-09T05:18:00+01:00,109.004,109.017,109.001,109.008,40
SQ:USDJPY,2018-02-09T05:19:00+01:00,109.007,109.013,109.004,109.007,46
SQ:USDJPY,2018-02-09T05:20:00+01:00,109.006,109.017,109.004,109.010,40
SQ:USDJPY,2018-02-09T05:21:00+01:00,109.012,109.040,109.005,109.035,52
SQ:USDJPY,2018-02-09T05:22:00+01:00,109.034,109.048,109.024,109.027,114
SQ:USDJPY,2018-02-09T05:23:00+01:00,109.029,109.042,109.013,109.020,116
SQ:USDJPY,2018-02-09T05:24:00+01:00,109.021,109.034,109.007,109.024,89
SQ:USDJPY,2018-02-09T05:25:00+01:00,109.025,109.044,109.007,109.011,108
SQ:USDJPY,2018-02-09T05:26:00+01:00,109.011,109.016,108.965,108.970,117
SQ:USDJPY,2018-02-09T05:27:00+01:00,108.970,109.013,108.970,109.013,86
SQ:USDJPY,2018-02-09T05:28:00+01:00,109.013,109.014,108.979,108.989,55
SQ:USDJPY,2018-02-09T05:29:00+01:00,108.988,109.001,108.975,108.988,69
SQ:USDJPY,2018-02-09T05:30:00+01:00,108.987,108.993,108.976,108.988,43
SQ:USDJPY,2018-02-09T05:31:00+01:00,108.990,108.990,108.973,108.978,58
SQ:USDJPY,2018-02-09T05:32:00+01:00,108.979,108.993,108.962,108.981,105
SQ:USDJPY,2018-02-09T05:33:00+01:00,108.983,108.983,108.967,108.977,48
SQ:USDJPY,2018-02-09T05:34:00+01:00,108.977,108.977,108.964,108.970,50
SQ:USDJPY,2018-02-09T05:35:00+01:00,108.969,108.973,108.957,108.966,53
SQ:USDJPY,2018-02-09T05:36:00+01:00,108.965,108.975,108.960,108.968,110
SQ:USDJPY,2018-02-09T05:37:00+01:00,108.968,108.980,108.968,108.973,61
SQ:USDJPY,2018-02-09T05:38:00+01:00,108.970,108.972,108.960,108.961,26
SQ:USDJPY,2018-02-09T05:39:00+01:00,108.959,108.964,108.946,108.951,57
SQ:USDJPY,2018-02-09T05:40:00+01:00,108.954,108.969,108.938,108.939,105
SQ:USDJPY,2018-02-09T05:41:00+01:00,108.940,108.972,108.939,108.966,93
SQ:USDJPY,2018-02-09T05:42:00+01:00,108.964,108.966,108.943,108.948,99
SQ:USDJPY,2018-02-09T05:43:00+01:00,108.947,108.947,108.937,108.946,30
SQ:USDJPY,2018-02-09T05:44:00+01:00,108.946,108.948,108.942,108.943,30
SQ:USDJPY,2018-02-09T05:45:00+01:00,108.946,108.970,108.946,108.969,56
SQ:USDJPY,2018-02-09T05:46:00+01:00,108.968,109.001,108.964,108.995,67
SQ:USDJPY,2018-02-09T05:47:00+01:00,108.995,109.000,108.984,108.987,43
SQ:USDJPY,2018-02-09T05:48:00+01:00,108.987,108.992,108.975,108.983,65
SQ:USDJPY,2018-02-09T05:49:00+01:00,108.987,108.988,108.971,108.971,34
SQ:USDJPY,2018-02-09T05:50:00+01:00,108.972,108.973,108.957,108.962,55
SQ:USDJPY,2018-02-09T05:51:00+01:00,108.962,108.981,108.958,108.979,49
SQ:USDJPY,2018-02-09T05:52:00+01:00,108.980,108.987,108.971,108.972,66
SQ:USDJPY,2018-02-09T05:53:00+01:00,108.971,108.971,108.943,108.943,84
SQ:USDJPY,2018-02-09T05:54:00+01:00,108.942,108.956,108.938,108.946,96
SQ:USDJPY,2018-02-09T05:55:00+01:00,108.946,108.949,108.937,108.943,39
SQ:USDJPY,2018-02-09T05:56:00+01:00,108.943,108.943,108.909,108.915,80
SQ:USDJPY,2018-02-09T05:57:00+01:00,108.913,108.919,108.885,108.916,101
SQ:USDJPY,2018-02-09T05:58:00+01:00,108.917,108.947,108.917,108.938,109
SQ:USDJPY,2018-02-09T05:59:00+01:00,108.940,108.941,108.911,108.912,110
SQ:USDJPY,2018-02-09T06:00:00+01:00,108.915,108.941,108.899,108.938,122
SQ:USDJPY,2018-02-09T06:01:00+01:00,108.938,108.940,108.923,108.930,83
SQ:USDJPY,2018-02-09T06:02:00+01:00,108.930,108.930,108.912,108.920,65
SQ:USDJPY,2018-02-09T06:03:00+01:00,108.919,108.927,108.917,108.925,73
SQ:USDJPY,2018-02-09T06:04:00+01:00,108.924,108.929,108.904,108.929,124
SQ:USDJPY,2018-02-09T06:05:00+01:00,108.930,108.942,108.923,108.924,95
SQ:USDJPY,2018-02-09T06:06:00+01:00,108.923,108.923,108.906,108.921,57
SQ:USDJPY,2018-02-09T06:07:00+01:00,108.921,108.929,108.916,108.928,57
SQ:USDJPY,2018-02-09T06:08:00+01:00,108.929,108.953,108.926,108.946,68
SQ:USDJPY,2018-02-09T06:09:00+01:00,108.946,108.947,108.930,108.946,75
SQ:USDJPY,2018-02-09T06:10:00+01:00,108.947,108.947,108.919,108.924,72
SQ:USDJPY,2018-02-09T06:11:00+01:00,108.924,108.924,108.887,108.892,76
SQ:USDJPY,2018-02-09T06:12:00+01:00,108.891,108.909,108.884,108.909,86
SQ:USDJPY,2018-02-09T06:13:00+01:00,108.912,108.922,108.907,108.909,88
SQ:USDJPY,2018-02-09T06:14:00+01:00,108.910,108.912,108.890,108.891,92
SQ:USDJPY,2018-02-09T06:15:00+01:00,108.892,108.906,108.890,108.898,82
SQ:USDJPY,2018-02-09T06:16:00+01:00,108.896,108.913,108.893,108.912,94
SQ:USDJPY,2018-02-09T06:17:00+01:00,108.911,108.933,108.907,108.929,97
SQ:USDJPY,2018-02-09T06:18:00+01:00,108.929,108.941,108.898,108.898,86
SQ:USDJPY,2018-02-09T06:19:00+01:00,108.896,108.909,108.890,108.902,68
SQ:USDJPY,2018-02-09T06:20:00+01:00,108.903,108.903,108.872,108.876,120
SQ:USDJPY,2018-02-09T06:21:00+01:00,108.876,108.893,108.875,108.882,88
SQ:USDJPY,2018-02-09T06:22:00+01:00,108.882,108.891,108.862,108.891,83
SQ:USDJPY,2018-02-09T06:23:00+01:00,108.892,108.898,108.869,108.875,139
SQ:USDJPY,2018-02-09T06:24:00+01:00,108.876,108.885,108.870,108.879,101
SQ:USDJPY,2018-02-09T06:25:00+01:00,108.880,108.896,108.876,108.888,114
SQ:USDJPY,2018-02-09T06:26:00+01:00,108.888,108.891,108.842,108.851,141
SQ:USDJPY,2018-02-09T06:27:00+01:00,108.849,108.868,108.849,108.855,91
SQ:USDJPY,2018-02-09T06:28:00+01:00,108.855,108.886,108.853,108.877,65
SQ:USDJPY,2018-02-09T06:29:00+01:00,108.877,108.897,108.875,108.896,99
SQ:USDJPY,2018-02-09T06:30:00+01:00,108.896,108.897,108.879,108.887,89
SQ:USDJPY,2018-02-09T06:31:00+01:00,108.886,108.893,108.875,108.893,67
SQ:USDJPY,2018-02-09T06:32:00+01:00,108.888,108.902,108.887,108.900,48
SQ:USDJPY,2018-02-09T06:33:00+01:00,108.900,108.902,108.888,108.891,21
SQ:USDJPY,2018-02-09T06:34:00+01:00,108.891,108.905,108.891,108.902,77
SQ:USDJPY,2018-02-09T06:35:00+01:00,108.901,108.909,108.895,108.905,74
SQ:USDJPY,2018-02-09T06:36:00+01:00,108.903,108.908,108.902,108.905,53
SQ:USDJPY,2018-02-09T06:37:00+01:00,108.904,108.921,108.903,108.914,61
SQ:USDJPY,2018-02-09T06:38:00+01:00,108.913,108.922,108.902,108.922,97
SQ:USDJPY,2018-02-09T06:39:00+01:00,108.921,108.922,108.901,108.902,53
SQ:USDJPY,2018-02-09T06:40:00+01:00,108.901,108.939,108.899,108.926,85
SQ:USDJPY,2018-02-09T06:41:00+01:00,108.925,108.928,108.911,108.927,83
SQ:USDJPY,2018-02-09T06:42:00+01:00,108.928,108.952,108.923,108.952,77
SQ:USDJPY,2018-02-09T06:43:00+01:00,108.952,108.952,108.935,108.942,80
SQ:USDJPY,2018-02-09T06:44:00+01:00,108.942,108.946,108.936,108.939,54
SQ:USDJPY,2018-02-09T06:45:00+01:00,108.938,108.946,108.923,108.924,57
SQ:USDJPY,2018-02-09T06:46:00+01:00,108.921,108.921,108.865,108.889,198
SQ:USDJPY,2018-02-09T06:47:00+01:00,108.890,108.902,108.888,108.894,105
SQ:USDJPY,2018-02-09T06:48:00+01:00,108.894,108.910,108.891,108.907,65
SQ:USDJPY,2018-02-09T06:49:00+01:00,108.906,108.921,108.905,108.917,65
SQ:USDJPY,2018-02-09T06:50:00+01:00,108.916,108.929,108.912,108.926,69
SQ:USDJPY,2018-02-09T06:51:00+01:00,108.922,108.922,108.901,108.913,92
SQ:USDJPY,2018-02-09T06:52:00+01:00,108.914,108.915,108.903,108.910,42
SQ:USDJPY,2018-02-09T06:53:00+01:00,108.910,108.943,108.910,108.943,61
SQ:USDJPY,2018-02-09T06:54:00+01:00,108.943,108.970,108.937,108.963,84
SQ:USDJPY,2018-02-09T06:55:00+01:00,108.960,108.965,108.942,108.959,120
SQ:USDJPY,2018-02-09T06:56:00+01:00,108.959,108.971,108.959,108.964,69
SQ:USDJPY,2018-02-09T06:57:00+01:00,108.962,108.992,108.961,108.969,99
SQ:USDJPY,2018-02-09T06:58:00+01:00,108.970,108.982,108.965,108.979,61
SQ:USDJPY,2018-02-09T06:59:00+01:00,108.978,108.988,108.969,108.976,88
SQ:USDJPY,2018-02-09T07:00:00+01:00,108.979,109.025,108.979,108.999,133
SQ:USDJPY,2018-02-09T07:01:00+01:00,109.000,109.007,108.995,109.000,106
SQ:USDJPY,2018-02-09T07:02:00+01:00,108.997,108.999,108.976,108.983,94
SQ:USDJPY,2018-02-09T07:03:00+01:00,108.983,108.983,108.971,108.977,56
SQ:USDJPY,2018-02-09T07:04:00+01:00,108.978,108.995,108.974,108.994,69
SQ:USDJPY,2018-02-09T07:05:00+01:00,108.994,108.995,108.991,108.993,28
SQ:USDJPY,2018-02-09T07:06:00+01:00,108.992,108.992,108.979,108.983,47
SQ:USDJPY,2018-02-09T07:07:00+01:00,108.983,108.983,108.979,108.979,42
SQ:USDJPY,2018-02-09T07:08:00+01:00,108.979,108.987,108.960,108.969,44
SQ:USDJPY,2018-02-09T07:09:00+01:00,108.968,108.968,108.953,108.964,54
SQ:USDJPY,2018-02-09T07:10:00+01:00,108.963,109.001,108.963,109.000,63
SQ:USDJPY,2018-02-09T07:11:00+01:00,108.999,109.000,108.983,109.000,52
SQ:USDJPY,2018-02-09T07:12:00+01:00,108.994,108.999,108.983,108.983,52
SQ:USDJPY,2018-02-09T07:13:00+01:00,108.986,108.987,108.975,108.977,47
SQ:USDJPY,2018-02-09T07:14:00+01:00,108.979,108.997,108.976,108.997,74
SQ:USDJPY,2018-02-09T07:15:00+01:00,108.994,108.997,108.971,108.990,103
SQ:USDJPY,2018-02-09T07:16:00+01:00,108.988,108.996,108.985,108.986,37
SQ:USDJPY,2018-02-09T07:17:00+01:00,108.986,108.986,108.976,108.977,33
SQ:USDJPY,2018-02-09T07:18:00+01:00,108.976,108.986,108.964,108.967,58
SQ:USDJPY,2018-02-09T07:19:00+01:00,108.966,108.968,108.954,108.959,37
SQ:USDJPY,2018-02-09T07:20:00+01:00,108.962,108.965,108.944,108.946,53
SQ:USDJPY,2018-02-09T07:21:00+01:00,108.942,108.952,108.935,108.943,49
SQ:USDJPY,2018-02-09T07:22:00+01:00,108.944,108.955,108.944,108.950,44
SQ:USDJPY,2018-02-09T07:23:00+01:00,108.947,108.963,108.946,108.960,45
SQ:USDJPY,2018-02-09T07:24:00+01:00,108.959,108.959,108.944,108.945,52
SQ:USDJPY,2018-02-09T07:25:00+01:00,108.946,108.951,108.945,108.951,24
SQ:USDJPY,2018-02-09T07:26:00+01:00,108.951,108.951,108.939,108.942,27
SQ:USDJPY,2018-02-09T07:27:00+01:00,108.941,108.953,108.941,108.953,53
SQ:USDJPY,2018-02-09T07:28:00+01:00,108.952,108.964,108.952,108.962,19
SQ:USDJPY,2018-02-09T07:29:00+01:00,108.960,108.960,108.948,108.949,39
SQ:USDJPY,2018-02-09T07:30:00+01:00,108.950,108.964,108.948,108.963,38
SQ:USDJPY,2018-02-09T07:31:00+01:00,108.965,108.980,108.965,108.980,44
SQ:USDJPY,2018-02-09T07:32:00+01:00,108.979,108.983,108.978,108.982,36
SQ:USDJPY,2018-02-09T07:33:00+01:00,108.981,108.990,108.970,108.990,46
SQ:USDJPY,2018-02-09T07:34:00+01:00,108.990,109.002,108.989,109.001,72
SQ:USDJPY,2018-02-09T07:35:00+01:00,109.000,109.004,108.979,108.998,67
SQ:USDJPY,2018-02-09T07:36:00+01:00,109.001,109.026,109.001,109.019,81
SQ:USDJPY,2018-02-09T07:37:00+01:00,109.019,109.033,109.010,109.011,71
SQ:USDJPY,2018-02-09T07:38:00+01:00,109.010,109.015,108.997,109.011,66
SQ:USDJPY,2018-02-09T07:39:00+01:00,109.012,109.018,109.004,109.016,38
SQ:USDJPY,2018-02-09T07:40:00+01:00,109.016,109.016,108.988,109.013,57
SQ:USDJPY,2018-02-09T07:41:00+01:00,109.012,109.012,108.995,108.995,37
SQ:USDJPY,2018-02-09T07:42:00+01:00,108.996,109.020,108.995,109.004,80
SQ:USDJPY,2018-02-09T07:43:00+01:00,109.005,109.006,108.963,108.978,79
SQ:USDJPY,2018-02-09T07:44:00+01:00,108.978,108.999,108.977,108.992,51
SQ:USDJPY,2018-02-09T07:45:00+01:00,108.991,109.002,108.987,108.995,24
SQ:USDJPY,2018-02-09T07:46:00+01:00,108.995,108.995,108.973,108.978,40
SQ:USDJPY,2018-02-09T07:47:00+01:00,108.977,108.991,108.977,108.983,77
SQ:USDJPY,2018-02-09T07:48:00+01:00,108.982,108.988,108.968,108.972,45
SQ:USDJPY,2018-02-09T07:49:00+01:00,108.973,108.979,108.958,108.958,50
SQ:USDJPY,2018-02-09T07:50:00+01:00,108.959,108.963,108.903,108.911,129
SQ:USDJPY,2018-02-09T07:51:00+01:00,108.909,108.936,108.908,108.935,107
SQ:USDJPY,2018-02-09T07:52:00+01:00,108.938,108.947,108.929,108.936,72
SQ:USDJPY,2018-02-09T07:53:00+01:00,108.936,108.940,108.919,108.931,64
SQ:USDJPY,2018-02-09T07:54:00+01:00,108.935,108.952,108.934,108.947,71
SQ:USDJPY,2018-02-09T07:55:00+01:00,108.947,108.962,108.936,108.959,68
SQ:USDJPY,2018-02-09T07:56:00+01:00,108.963,108.966,108.950,108.959,69
SQ:USDJPY,2018-02-09T07:57:00+01:00,108.960,108.985,108.958,108.978,76
SQ:USDJPY,2018-02-09T07:58:00+01:00,108.978,108.978,108.960,108.961,40
SQ:USDJPY,2018-02-09T07:59:00+01:00,108.961,108.974,108.949,108.974,50
SQ:USDJPY,2018-02-09T08:00:00+01:00,108.975,108.975,108.949,108.953,73
SQ:USDJPY,2018-02-09T08:01:00+01:00,108.952,109.006,108.940,109.006,139
SQ:USDJPY,2018-02-09T08:02:00+01:00,109.006,109.029,108.992,109.014,159
SQ:USDJPY,2018-02-09T08:03:00+01:00,109.013,109.026,108.991,109.017,125
SQ:USDJPY,2018-02-09T08:04:00+01:00,109.018,109.035,109.007,109.033,124
SQ:USDJPY,2018-02-09T08:05:00+01:00,109.034,109.036,109.016,109.024,102
SQ:USDJPY,2018-02-09T08:06:00+01:00,109.023,109.039,109.001,109.032,131
SQ:USDJPY,2018-02-09T08:07:00+01:00,109.032,109.051,109.028,109.037,161
SQ:USDJPY,2018-02-09T08:08:00+01:00,109.040,109.049,109.025,109.042,133
SQ:USDJPY,2018-02-09T08:09:00+01:00,109.040,109.054,109.035,109.050,129
SQ:USDJPY,2018-02-09T08:10:00+01:00,109.050,109.080,109.042,109.079,124
SQ:USDJPY,2018-02-09T08:11:00+01:00,109.079,109.079,109.060,109.066,129
SQ:USDJPY,2018-02-09T08:12:00+01:00,109.067,109.080,109.059,109.067,125
SQ:USDJPY,2018-02-09T08:13:00+01:00,109.066,109.066,109.050,109.051,91
SQ:USDJPY,2018-02-09T08:14:00+01:00,109.051,109.055,109.037,109.049,99
SQ:USDJPY,2018-02-09T08:15:00+01:00,109.050,109.063,109.046,109.063,100
SQ:USDJPY,2018-02-09T08:16:00+01:00,109.062,109.067,109.053,109.057,110
SQ:USDJPY,2018-02-09T08:17:00+01:00,109.058,109.065,109.052,109.059,85
SQ:USDJPY,2018-02-09T08:18:00+01:00,109.057,109.063,109.046,109.054,72
SQ:USDJPY,2018-02-09T08:19:00+01:00,109.058,109.083,109.054,109.076,95
SQ:USDJPY,2018-02-09T08:20:00+01:00,109.076,109.128,109.076,109.113,151
SQ:USDJPY,2018-02-09T08:21:00+01:00,109.114,109.115,109.094,109.097,96
SQ:USDJPY,2018-02-09T08:22:00+01:00,109.090,109.123,109.078,109.108,111
SQ:USDJPY,2018-02-09T08:23:00+01:00,109.109,109.127,109.103,109.123,70
SQ:USDJPY,2018-02-09T08:24:00+01:00,109.123,109.173,109.119,109.150,172
SQ:USDJPY,2018-02-09T08:25:00+01:00,109.151,109.175,109.145,109.175,146
SQ:USDJPY,2018-02-09T08:26:00+01:00,109.174,109.177,109.153,109.167,116
SQ:USDJPY,2018-02-09T08:27:00+01:00,109.167,109.169,109.152,109.161,95
SQ:USDJPY,2018-02-09T08:28:00+01:00,109.160,109.161,109.143,109.158,107
SQ:USDJPY,2018-02-09T08:29:00+01:00,109.159,109.161,109.142,109.142,111
SQ:USDJPY,2018-02-09T08:30:00+01:00,109.147,109.150,109.128,109.133,138
SQ:USDJPY,2018-02-09T08:31:00+01:00,109.133,109.138,109.117,109.131,116
SQ:USDJPY,2018-02-09T08:32:00+01:00,109.128,109.128,109.101,109.103,121
SQ:USDJPY,2018-02-09T08:33:00+01:00,109.102,109.119,109.102,109.115,81
SQ:USDJPY,2018-02-09T08:34:00+01:00,109.114,109.120,109.093,109.101,110
SQ:USDJPY,2018-02-09T08:35:00+01:00,109.100,109.134,109.095,109.120,146
SQ:USDJPY,2018-02-09T08:36:00+01:00,109.120,109.122,109.098,109.098,106
SQ:USDJPY,2018-02-09T08:37:00+01:00,109.098,109.130,109.093,109.130,140
SQ:USDJPY,2018-02-09T08:38:00+01:00,109.130,109.130,109.103,109.103,122
SQ:USDJPY,2018-02-09T08:39:00+01:00,109.105,109.111,109.093,109.110,84
SQ:USDJPY,2018-02-09T08:40:00+01:00,109.111,109.120,109.096,109.112,97
SQ:USDJPY,2018-02-09T08:41:00+01:00,109.112,109.121,109.087,109.092,126
SQ:USDJPY,2018-02-09T08:42:00+01:00,109.093,109.103,109.085,109.097,100
SQ:USDJPY,2018-02-09T08:43:00+01:00,109.099,109.105,109.080,109.091,163
SQ:USDJPY,2018-02-09T08:44:00+01:00,109.091,109.110,109.088,109.088,100
SQ:USDJPY,2018-02-09T08:45:00+01:00,109.085,109.094,109.079,109.084,118
SQ:USDJPY,2018-02-09T08:46:00+01:00,109.084,109.099,109.080,109.090,106
SQ:USDJPY,2018-02-09T08:47:00+01:00,109.085,109.148,109.083,109.138,179
SQ:USDJPY,2018-02-09T08:48:00+01:00,109.139,109.157,109.137,109.150,161
SQ:USDJPY,2018-02-09T08:49:00+01:00,109.150,109.150,109.138,109.143,111
SQ:USDJPY,2018-02-09T08:50:00+01:00,109.142,109.142,109.116,109.122,97
SQ:USDJPY,2018-02-09T08:51:00+01:00,109.124,109.132,109.115,109.121,126
SQ:USDJPY,2018-02-09T08:52:00+01:00,109.122,109.137,109.121,109.132,74
SQ:USDJPY,2018-02-09T08:53:00+01:00,109.132,109.146,109.121,109.144,91
SQ:USDJPY,2018-02-09T08:54:00+01:00,109.144,109.156,109.131,109.142,104
SQ:USDJPY,2018-02-09T08:55:00+01:00,109.143,109.177,109.143,109.169,136
SQ:USDJPY,2018-02-09T08:56:00+01:00,109.167,109.174,109.162,109.171,134
SQ:USDJPY,2018-02-09T08:57:00+01:00,109.170,109.174,109.159,109.162,88
SQ:USDJPY,2018-02-09T08:58:00+01:00,109.162,109.167,109.145,109.152,116
SQ:USDJPY,2018-02-09T08:59:00+01:00,109.152,109.157,109.135,109.142,143
SQ:USDJPY,2018-02-09T09:00:00+01:00,109.141,109.176,109.121,109.167,224
SQ:USDJPY,2018-02-09T09:01:00+01:00,109.166,109.192,109.142,109.173,247
SQ:USDJPY,2018-02-09T09:02:00+01:00,109.171,109.179,109.138,109.179,155
SQ:USDJPY,2018-02-09T09:03:00+01:00,109.180,109.180,109.146,109.155,114
SQ:USDJPY,2018-02-09T09:04:00+01:00,109.156,109.163,109.137,109.137,127
SQ:USDJPY,2018-02-09T09:05:00+01:00,109.141,109.166,109.141,109.154,131
SQ:USDJPY,2018-02-09T09:06:00+01:00,109.155,109.163,109.142,109.150,143
SQ:USDJPY,2018-02-09T09:07:00+01:00,109.151,109.154,109.130,109.136,137
SQ:USDJPY,2018-02-09T09:08:00+01:00,109.137,109.140,109.121,109.127,125
SQ:USDJPY,2018-02-09T09:09:00+01:00,109.126,109.148,109.116,109.143,128
SQ:USDJPY,2018-02-09T09:10:00+01:00,109.141,109.159,109.139,109.147,116
SQ:USDJPY,2018-02-09T09:11:00+01:00,109.145,109.180,109.144,109.173,125
SQ:USDJPY,2018-02-09T09:12:00+01:00,109.173,109.178,109.159,109.162,106
SQ:USDJPY,2018-02-09T09:13:00+01:00,109.163,109.186,109.155,109.186,134
SQ:USDJPY,2018-02-09T09:14:00+01:00,109.186,109.186,109.161,109.166,117
SQ:USDJPY,2018-02-09T09:15:00+01:00,109.166,109.168,109.154,109.168,114
SQ:USDJPY,2018-02-09T09:16:00+01:00,109.167,109.191,109.165,109.186,99
SQ:USDJPY,2018-02-09T09:17:00+01:00,109.187,109.190,109.163,109.172,123
SQ:USDJPY,2018-02-09T09:18:00+01:00,109.170,109.174,109.162,109.168,104
SQ:USDJPY,2018-02-09T09:19:00+01:00,109.168,109.187,109.168,109.187,104
SQ:USDJPY,2018-02-09T09:20:00+01:00,109.189,109.193,109.174,109.185,112
SQ:USDJPY,2018-02-09T09:21:00+01:00,109.185,109.186,109.167,109.182,70
SQ:USDJPY,2018-02-09T09:22:00+01:00,109.181,109.206,109.178,109.206,83
SQ:USDJPY,2018-02-09T09:23:00+01:00,109.205,109.258,109.203,109.253,185
SQ:USDJPY,2018-02-09T09:24:00+01:00,109.252,109.300,109.248,109.274,192
SQ:USDJPY,2018-02-09T09:25:00+01:00,109.275,109.280,109.232,109.252,158
SQ:USDJPY,2018-02-09T09:26:00+01:00,109.251,109.261,109.239,109.242,123
SQ:USDJPY,2018-02-09T09:27:00+01:00,109.242,109.263,109.240,109.257,108
SQ:USDJPY,2018-02-09T09:28:00+01:00,109.257,109.257,109.230,109.240,170
SQ:USDJPY,2018-02-09T09:29:00+01:00,109.240,109.249,109.231,109.237,148
SQ:USDJPY,2018-02-09T09:30:00+01:00,109.238,109.250,109.221,109.245,93
SQ:USDJPY,2018-02-09T09:31:00+01:00,109.246,109.263,109.243,109.250,80
SQ:USDJPY,2018-02-09T09:32:00+01:00,109.249,109.263,109.243,109.244,88
SQ:USDJPY,2018-02-09T09:33:00+01:00,109.243,109.267,109.237,109.255,94
SQ:USDJPY,2018-02-09T09:34:00+01:00,109.255,109.269,109.243,109.260,144
SQ:USDJPY,2018-02-09T09:35:00+01:00,109.259,109.264,109.253,109.258,82
SQ:USDJPY,2018-02-09T09:36:00+01:00,109.259,109.281,109.250,109.276,122
SQ:USDJPY,2018-02-09T09:37:00+01:00,109.277,109.286,109.260,109.274,130
SQ:USDJPY,2018-02-09T09:38:00+01:00,109.277,109.278,109.257,109.258,112
SQ:USDJPY,2018-02-09T09:39:00+01:00,109.257,109.282,109.257,109.274,134
SQ:USDJPY,2018-02-09T09:40:00+01:00,109.274,109.283,109.266,109.267,96
SQ:USDJPY,2018-02-09T09:41:00+01:00,109.267,109.268,109.250,109.252,104
SQ:USDJPY,2018-02-09T09:42:00+01:00,109.251,109.253,109.240,109.245,90
SQ:USDJPY,2018-02-09T09:43:00+01:00,109.245,109.263,109.241,109.251,103
SQ:USDJPY,2018-02-09T09:44:00+01:00,109.250,109.268,109.244,109.248,113
SQ:USDJPY,2018-02-09T09:45:00+01:00,109.249,109.271,109.243,109.260,104
SQ:USDJPY,2018-02-09T09:46:00+01:00,109.258,109.262,109.251,109.255,78
SQ:USDJPY,2018-02-09T09:47:00+01:00,109.254,109.263,109.250,109.254,80
SQ:USDJPY,2018-02-09T09:48:00+01:00,109.255,109.262,109.250,109.255,92
SQ:USDJPY,2018-02-09T09:49:00+01:00,109.254,109.254,109.229,109.232,94
SQ:USDJPY,2018-02-09T09:50:00+01:00,109.233,109.243,109.227,109.240,114
SQ:USDJPY,2018-02-09T09:51:00+01:00,109.239,109.259,109.237,109.256,76
SQ:USDJPY,2018-02-09T09:52:00+01:00,109.256,109.256,109.237,109.240,82
SQ:USDJPY,2018-02-09T09:53:00+01:00,109.240,109.245,109.231,109.241,85
SQ:USDJPY,2018-02-09T09:54:00+01:00,109.240,109.254,109.238,109.250,78
SQ:USDJPY,2018-02-09T09:55:00+01:00,109.251,109.256,109.218,109.219,114
SQ:USDJPY,2018-02-09T09:56:00+01:00,109.219,109.223,109.208,109.208,65
SQ:USDJPY,2018-02-09T09:57:00+01:00,109.208,109.214,109.204,109.207,57
SQ:USDJPY,2018-02-09T09:58:00+01:00,109.208,109.225,109.208,109.224,85
SQ:USDJPY,2018-02-09T09:59:00+01:00,109.224,109.238,109.217,109.226,100
SQ:USDJPY,2018-02-09T10:00:00+01:00,109.226,109.226,109.207,109.219,106
SQ:USDJPY,2018-02-09T10:01:00+01:00,109.215,109.224,109.213,109.219,60
SQ:USDJPY,2018-02-09T10:02:00+01:00,109.219,109.239,109.214,109.236,95
SQ:USDJPY,2018-02-09T10:03:00+01:00,109.237,109.238,109.224,109.232,76
SQ:USDJPY,2018-02-09T10:04:00+01:00,109.232,109.238,109.216,109.237,84
SQ:USDJPY,2018-02-09T10:05:00+01:00,109.239,109.242,109.218,109.222,74
SQ:USDJPY,2018-02-09T10:06:00+01:00,109.222,109.226,109.213,109.215,52
SQ:USDJPY,2018-02-09T10:07:00+01:00,109.216,109.216,109.206,109.207,92
SQ:USDJPY,2018-02-09T10:08:00+01:00,109.207,109.213,109.204,109.204,63
SQ:USDJPY,2018-02-09T10:09:00+01:00,109.203,109.209,109.203,109.203,21
SQ:USDJPY,2018-02-09T10:10:00+01:00,109.206,109.210,109.202,109.209,58
SQ:USDJPY,2018-02-09T10:11:00+01:00,109.210,109.221,109.209,109.219,57
SQ:USDJPY,2018-02-09T10:12:00+01:00,109.219,109.221,109.210,109.214,86
SQ:USDJPY,2018-02-09T10:13:00+01:00,109.214,109.214,109.197,109.197,57
SQ:USDJPY,2018-02-09T10:14:00+01:00,109.199,109.207,109.195,109.201,67
SQ:USDJPY,2018-02-09T10:15:00+01:00,109.200,109.201,109.182,109.182,41
SQ:USDJPY,2018-02-09T10:16:00+01:00,109.183,109.187,109.164,109.171,89
SQ:USDJPY,2018-02-09T10:17:00+01:00,109.168,109.180,109.165,109.165,61
SQ:USDJPY,2018-02-09T10:18:00+01:00,109.167,109.167,109.152,109.154,78
SQ:USDJPY,2018-02-09T10:19:00+01:00,109.155,109.177,109.154,109.176,86
SQ:USDJPY,2018-02-09T10:20:00+01:00,109.177,109.179,109.169,109.170,75
SQ:USDJPY,2018-02-09T10:21:00+01:00,109.173,109.191,109.172,109.189,62
SQ:USDJPY,2018-02-09T10:22:00+01:00,109.186,109.196,109.183,109.183,64
SQ:USDJPY,2018-02-09T10:23:00+01:00,109.184,109.189,109.165,109.166,58
SQ:USDJPY,2018-02-09T10:24:00+01:00,109.167,109.177,109.165,109.165,55
SQ:USDJPY,2018-02-09T10:25:00+01:00,109.166,109.182,109.162,109.174,57
SQ:USDJPY,2018-02-09T10:26:00+01:00,109.173,109.175,109.156,109.156,49
SQ:USDJPY,2018-02-09T10:27:00+01:00,109.155,109.159,109.145,109.148,70
SQ:USDJPY,2018-02-09T10:28:00+01:00,109.149,109.151,109.137,109.137,63
SQ:USDJPY,2018-02-09T10:29:00+01:00,109.136,109.143,109.132,109.134,78
SQ:USDJPY,2018-02-09T10:30:00+01:00,109.135,109.137,109.119,109.119,72
SQ:USDJPY,2018-02-09T10:31:00+01:00,109.118,109.128,109.116,109.118,52
SQ:USDJPY,2018-02-09T10:32:00+01:00,109.122,109.127,109.110,109.122,74
SQ:USDJPY,2018-02-09T10:33:00+01:00,109.123,109.134,109.115,109.119,87
SQ:USDJPY,2018-02-09T10:34:00+01:00,109.117,109.127,109.110,109.124,87
SQ:USDJPY,2018-02-09T10:35:00+01:00,109.125,109.130,109.106,109.107,89
SQ:USDJPY,2018-02-09T10:36:00+01:00,109.106,109.111,109.101,109.110,82
SQ:USDJPY,2018-02-09T10:37:00+01:00,109.105,109.110,109.092,109.093,103
SQ:USDJPY,2018-02-09T10:38:00+01:00,109.097,109.101,109.081,109.083,141
SQ:USDJPY,2018-02-09T10:39:00+01:00,109.084,109.087,109.070,109.077,106
SQ:USDJPY,2018-02-09T10:40:00+01:00,109.080,109.080,109.071,109.075,66
SQ:USDJPY,2018-02-09T10:41:00+01:00,109.076,109.079,109.064,109.075,102
SQ:USDJPY,2018-02-09T10:42:00+01:00,109.076,109.076,109.051,109.051,101
SQ:USDJPY,2018-02-09T10:43:00+01:00,109.055,109.067,109.051,109.064,88
SQ:USDJPY,2018-02-09T10:44:00+01:00,109.066,109.073,109.051,109.062,85
SQ:USDJPY,2018-02-09T10:45:00+01:00,109.062,109.069,109.056,109.061,80
SQ:USDJPY,2018-02-09T10:46:00+01:00,109.060,109.071,109.048,109.071,99
SQ:USDJPY,2018-02-09T10:47:00+01:00,109.073,109.076,109.061,109.061,97
SQ:USDJPY,2018-02-09T10:48:00+01:00,109.061,109.065,109.044,109.047,112
SQ:USDJPY,2018-02-09T10:49:00+01:00,109.046,109.050,109.034,109.040,129
SQ:USDJPY,2018-02-09T10:50:00+01:00,109.039,109.063,109.039,109.053,124
SQ:USDJPY,2018-02-09T10:51:00+01:00,109.053,109.054,109.040,109.053,110
SQ:USDJPY,2018-02-09T10:52:00+01:00,109.053,109.053,109.034,109.040,108
SQ:USDJPY,2018-02-09T10:53:00+01:00,109.041,109.052,109.041,109.041,90
SQ:USDJPY,2018-02-09T10:54:00+01:00,109.042,109.082,109.042,109.074,100
SQ:USDJPY,2018-02-09T10:55:00+01:00,109.075,109.083,109.040,109.046,125
SQ:USDJPY,2018-02-09T10:56:00+01:00,109.043,109.060,109.039,109.047,118
SQ:USDJPY,2018-02-09T10:57:00+01:00,109.047,109.060,109.035,109.049,144
SQ:USDJPY,2018-02-09T10:58:00+01:00,109.039,109.041,109.027,109.030,132
SQ:USDJPY,2018-02-09T10:59:00+01:00,109.032,109.041,109.028,109.040,108
SQ:USDJPY,2018-02-09T11:00:00+01:00,109.040,109.040,109.030,109.037,77
SQ:USDJPY,2018-02-09T11:01:00+01:00,109.038,109.042,109.030,109.036,91
SQ:USDJPY,2018-02-09T11:02:00+01:00,109.037,109.044,109.022,109.023,107
SQ:USDJPY,2018-02-09T11:03:00+01:00,109.024,109.025,108.988,109.004,130
SQ:USDJPY,2018-02-09T11:04:00+01:00,109.005,109.019,109.005,109.012,106
SQ:USDJPY,2018-02-09T11:05:00+01:00,109.011,109.031,109.011,109.030,96
SQ:USDJPY,2018-02-09T11:06:00+01:00,109.030,109.049,109.030,109.049,79
SQ:USDJPY,2018-02-09T11:07:00+01:00,109.049,109.061,109.041,109.048,103
SQ:USDJPY,2018-02-09T11:08:00+01:00,109.043,109.049,109.032,109.038,100
SQ:USDJPY,2018-02-09T11:09:00+01:00,109.037,109.045,109.033,109.039,59
SQ:USDJPY,2018-02-09T11:10:00+01:00,109.038,109.041,109.014,109.032,109
SQ:USDJPY,2018-02-09T11:11:00+01:00,109.032,109.039,109.027,109.038,71
SQ:USDJPY,2018-02-09T11:12:00+01:00,109.038,109.041,109.032,109.038,64
SQ:USDJPY,2018-02-09T11:13:00+01:00,109.039,109.058,109.039,109.050,95
SQ:USDJPY,2018-02-09T11:14:00+01:00,109.051,109.081,109.051,109.075,96
SQ:USDJPY,2018-02-09T11:15:00+01:00,109.075,109.075,109.054,109.068,99
SQ:USDJPY,2018-02-09T11:16:00+01:00,109.069,109.074,109.061,109.067,60
SQ:USDJPY,2018-02-09T11:17:00+01:00,109.068,109.070,109.063,109.070,69
SQ:USDJPY,2018-02-09T11:18:00+01:00,109.067,109.073,109.064,109.069,88
SQ:USDJPY,2018-02-09T11:19:00+01:00,109.069,109.073,109.063,109.067,92
SQ:USDJPY,2018-02-09T11:20:00+01:00,109.065,109.082,109.063,109.078,84
SQ:USDJPY,2018-02-09T11:21:00+01:00,109.079,109.093,109.078,109.091,55
SQ:USDJPY,2018-02-09T11:22:00+01:00,109.092,109.097,109.091,109.092,80
SQ:USDJPY,2018-02-09T11:23:00+01:00,109.091,109.097,109.088,109.095,34
SQ:USDJPY,2018-02-09T11:24:00+01:00,109.096,109.097,109.079,109.083,65
SQ:USDJPY,2018-02-09T11:25:00+01:00,109.084,109.084,109.066,109.073,78
SQ:USDJPY,2018-02-09T11:26:00+01:00,109.072,109.073,109.053,109.053,67
SQ:USDJPY,2018-02-09T11:27:00+01:00,109.053,109.058,109.039,109.053,66
SQ:USDJPY,2018-02-09T11:28:00+01:00,109.053,109.065,109.053,109.065,39
SQ:USDJPY,2018-02-09T11:29:00+01:00,109.064,109.073,109.055,109.073,86
SQ:USDJPY,2018-02-09T11:30:00+01:00,109.074,109.113,109.074,109.092,99
SQ:USDJPY,2018-02-09T11:31:00+01:00,109.093,109.103,109.091,109.101,61
SQ:USDJPY,2018-02-09T11:32:00+01:00,109.101,109.113,109.101,109.102,90
SQ:USDJPY,2018-02-09T11:33:00+01:00,109.103,109.138,109.100,109.136,91
SQ:USDJPY,2018-02-09T11:34:00+01:00,109.135,109.139,109.125,109.130,106
SQ:USDJPY,2018-02-09T11:35:00+01:00,109.131,109.142,109.128,109.139,111
SQ:USDJPY,2018-02-09T11:36:00+01:00,109.138,109.141,109.133,109.136,99
SQ:USDJPY,2018-02-09T11:37:00+01:00,109.138,109.146,109.132,109.143,110
SQ:USDJPY,2018-02-09T11:38:00+01:00,109.141,109.141,109.126,109.127,84
SQ:USDJPY,2018-02-09T11:39:00+01:00,109.129,109.131,109.119,109.125,64
SQ:USDJPY,2018-02-09T11:40:00+01:00,109.126,109.140,109.124,109.124,140
SQ:USDJPY,2018-02-09T11:41:00+01:00,109.123,109.132,109.122,109.129,97
SQ:USDJPY,2018-02-09T11:42:00+01:00,109.131,109.139,109.102,109.113,102
SQ:USDJPY,2018-02-09T11:43:00+01:00,109.113,109.121,109.103,109.105,77
SQ:USDJPY,2018-02-09T11:44:00+01:00,109.109,109.123,109.103,109.115,106
SQ:USDJPY,2018-02-09T11:45:00+01:00,109.117,109.125,109.113,109.115,67
SQ:USDJPY,2018-02-09T11:46:00+01:00,109.115,109.123,109.109,109.115,118
SQ:USDJPY,2018-02-09T11:47:00+01:00,109.115,109.133,109.115,109.127,92
SQ:USDJPY,2018-02-09T11:48:00+01:00,109.127,109.137,109.121,109.128,68
SQ:USDJPY,2018-02-09T11:49:00+01:00,109.128,109.137,109.113,109.123,103
SQ:USDJPY,2018-02-09T11:50:00+01:00,109.121,109.124,109.108,109.111,89
SQ:USDJPY,2018-02-09T11:51:00+01:00,109.109,109.112,109.089,109.095,129
SQ:USDJPY,2018-02-09T11:52:00+01:00,109.095,109.095,109.076,109.084,102
SQ:USDJPY,2018-02-09T11:53:00+01:00,109.085,109.092,109.074,109.079,79
SQ:USDJPY,2018-02-09T11:54:00+01:00,109.078,109.078,109.065,109.071,83
SQ:USDJPY,2018-02-09T11:55:00+01:00,109.070,109.090,109.070,109.089,91
SQ:USDJPY,2018-02-09T11:56:00+01:00,109.089,109.105,109.084,109.102,67
SQ:USDJPY,2018-02-09T11:57:00+01:00,109.102,109.114,109.097,109.113,71
SQ:USDJPY,2018-02-09T11:58:00+01:00,109.114,109.122,109.106,109.117,94
SQ:USDJPY,2018-02-09T11:59:00+01:00,109.116,109.129,109.111,109.125,56
SQ:USDJPY,2018-02-09T12:00:00+01:00,109.125,109.125,109.103,109.112,90
SQ:USDJPY,2018-02-09T12:01:00+01:00,109.112,109.113,109.094,109.101,77
SQ:USDJPY,2018-02-09T12:02:00+01:00,109.103,109.109,109.090,109.094,56
SQ:USDJPY,2018-02-09T12:03:00+01:00,109.095,109.119,109.095,109.117,74
SQ:USDJPY,2018-02-09T12:04:00+01:00,109.116,109.117,109.109,109.109,78
SQ:USDJPY,2018-02-09T12:05:00+01:00,109.109,109.125,109.108,109.124,44
SQ:USDJPY,2018-02-09T12:06:00+01:00,109.124,109.136,109.124,109.136,58
SQ:USDJPY,2018-02-09T12:07:00+01:00,109.135,109.149,109.132,109.139,81
SQ:USDJPY,2018-02-09T12:08:00+01:00,109.139,109.146,109.134,109.135,49
SQ:USDJPY,2018-02-09T12:09:00+01:00,109.136,109.137,109.126,109.131,55
SQ:USDJPY,2018-02-09T12:10:00+01:00,109.132,109.137,109.126,109.127,92
SQ:USDJPY,2018-02-09T12:11:00+01:00,109.127,109.135,109.123,109.132,65
SQ:USDJPY,2018-02-09T12:12:00+01:00,109.132,109.132,109.114,109.130,90
SQ:USDJPY,2018-02-09T12:13:00+01:00,109.131,109.131,109.101,109.102,66
SQ:USDJPY,2018-02-09T12:14:00+01:00,109.103,109.114,109.099,109.114,85
SQ:USDJPY,2018-02-09T12:15:00+01:00,109.114,109.122,109.109,109.114,52
SQ:USDJPY,2018-02-09T12:16:00+01:00,109.115,109.139,109.115,109.137,59
SQ:USDJPY,2018-02-09T12:17:00+01:00,109.138,109.142,109.135,109.139,34
SQ:USDJPY,2018-02-09T12:18:00+01:00,109.138,109.138,109.125,109.128,76
SQ:USDJPY,2018-02-09T12:19:00+01:00,109.128,109.136,109.124,109.124,60
SQ:USDJPY,2018-02-09T12:20:00+01:00,109.122,109.125,109.108,109.112,40
SQ:USDJPY,2018-02-09T12:21:00+01:00,109.108,109.125,109.107,109.113,48
SQ:USDJPY,2018-02-09T12:22:00+01:00,109.112,109.112,109.068,109.073,136
SQ:USDJPY,2018-02-09T12:23:00+01:00,109.073,109.079,109.061,109.071,106
SQ:USDJPY,2018-02-09T12:24:00+01:00,109.073,109.073,109.043,109.043,114
SQ:USDJPY,2018-02-09T12:25:00+01:00,109.042,109.058,109.042,109.057,90
SQ:USDJPY,2018-02-09T12:26:00+01:00,109.054,109.060,109.054,109.056,84
SQ:USDJPY,2018-02-09T12:27:00+01:00,109.057,109.064,109.045,109.062,76
SQ:USDJPY,2018-02-09T12:28:00+01:00,109.062,109.064,109.050,109.055,70
SQ:USDJPY,2018-02-09T12:29:00+01:00,109.056,109.065,109.028,109.030,111
SQ:USDJPY,2018-02-09T12:30:00+01:00,109.030,109.033,109.017,109.029,97
SQ:USDJPY,2018-02-09T12:31:00+01:00,109.030,109.032,109.012,109.015,112
SQ:USDJPY,2018-02-09T12:32:00+01:00,109.014,109.027,109.014,109.019,87
SQ:USDJPY,2018-02-09T12:33:00+01:00,109.020,109.031,109.020,109.028,98
SQ:USDJPY,2018-02-09T12:34:00+01:00,109.029,109.032,109.023,109.023,90
SQ:USDJPY,2018-02-09T12:35:00+01:00,109.023,109.028,109.020,109.022,68
SQ:USDJPY,2018-02-09T12:36:00+01:00,109.022,109.022,108.972,108.982,107
SQ:USDJPY,2018-02-09T12:37:00+01:00,108.981,108.984,108.958,108.963,146
SQ:USDJPY,2018-02-09T12:38:00+01:00,108.963,108.965,108.914,108.929,189
SQ:USDJPY,2018-02-09T12:39:00+01:00,108.929,108.943,108.922,108.943,152
SQ:USDJPY,2018-02-09T12:40:00+01:00,108.943,108.956,108.940,108.947,127
SQ:USDJPY,2018-02-09T12:41:00+01:00,108.949,108.980,108.943,108.977,142
SQ:USDJPY,2018-02-09T12:42:00+01:00,108.978,108.987,108.960,108.960,123
SQ:USDJPY,2018-02-09T12:43:00+01:00,108.957,108.964,108.950,108.957,79
SQ:USDJPY,2018-02-09T12:44:00+01:00,108.954,108.985,108.950,108.979,108
SQ:USDJPY,2018-02-09T12:45:00+01:00,108.979,108.987,108.975,108.975,140
SQ:USDJPY,2018-02-09T12:46:00+01:00,108.976,108.990,108.972,108.987,108
SQ:USDJPY,2018-02-09T12:47:00+01:00,108.988,108.991,108.975,108.978,109
SQ:USDJPY,2018-02-09T12:48:00+01:00,108.976,108.987,108.969,108.971,136
SQ:USDJPY,2018-02-09T12:49:00+01:00,108.973,108.980,108.944,108.953,163
SQ:USDJPY,2018-02-09T12:50:00+01:00,108.951,108.976,108.948,108.971,155
SQ:USDJPY,2018-02-09T12:51:00+01:00,108.970,109.007,108.961,108.994,126
SQ:USDJPY,2018-02-09T12:52:00+01:00,108.994,109.013,108.992,108.999,125
SQ:USDJPY,2018-02-09T12:53:00+01:00,108.999,109.005,108.980,108.993,122
SQ:USDJPY,2018-02-09T12:54:00+01:00,108.993,109.019,108.993,108.999,108
SQ:USDJPY,2018-02-09T12:55:00+01:00,108.999,109.011,108.994,109.011,100
SQ:USDJPY,2018-02-09T12:56:00+01:00,109.014,109.038,109.013,109.037,119
SQ:USDJPY,2018-02-09T12:57:00+01:00,109.034,109.057,109.028,109.037,107
SQ:USDJPY,2018-02-09T12:58:00+01:00,109.038,109.046,109.024,109.031,110
SQ:USDJPY,2018-02-09T12:59:00+01:00,109.032,109.047,109.027,109.039,138
SQ:USDJPY,2018-02-09T13:00:00+01:00,109.039,109.079,109.034,109.061,193
SQ:USDJPY,2018-02-09T13:01:00+01:00,109.062,109.067,109.029,109.043,184
SQ:USDJPY,2018-02-09T13:02:00+01:00,109.044,109.044,109.003,109.007,119
SQ:USDJPY,2018-02-09T13:03:00+01:00,109.008,109.019,109.003,109.011,121
SQ:USDJPY,2018-02-09T13:04:00+01:00,109.011,109.028,109.002,109.004,129
SQ:USDJPY,2018-02-09T13:05:00+01:00,109.005,109.005,108.983,108.992,78
SQ:USDJPY,2018-02-09T13:06:00+01:00,108.993,109.003,108.963,108.968,117
SQ:USDJPY,2018-02-09T13:07:00+01:00,108.972,109.002,108.957,108.970,119
SQ:USDJPY,2018-02-09T13:08:00+01:00,108.969,108.973,108.957,108.968,98
SQ:USDJPY,2018-02-09T13:09:00+01:00,108.971,108.981,108.965,108.968,79
SQ:USDJPY,2018-02-09T13:10:00+01:00,108.967,108.978,108.956,108.960,121
SQ:USDJPY,2018-02-09T13:11:00+01:00,108.960,108.968,108.952,108.965,115
SQ:USDJPY,2018-02-09T13:12:00+01:00,108.965,108.968,108.930,108.932,109
SQ:USDJPY,2018-02-09T13:13:00+01:00,108.936,108.947,108.925,108.931,108
SQ:USDJPY,2018-02-09T13:14:00+01:00,108.929,108.937,108.919,108.925,116
SQ:USDJPY,2018-02-09T13:15:00+01:00,108.923,108.933,108.905,108.911,126
SQ:USDJPY,2018-02-09T13:16:00+01:00,108.910,108.910,108.881,108.888,127
SQ:USDJPY,2018-02-09T13:17:00+01:00,108.888,108.902,108.887,108.894,99
SQ:USDJPY,2018-02-09T13:18:00+01:00,108.896,108.918,108.889,108.917,111
SQ:USDJPY,2018-02-09T13:19:00+01:00,108.915,108.942,108.908,108.942,118
SQ:USDJPY,2018-02-09T13:20:00+01:00,108.943,108.943,108.928,108.931,83
SQ:USDJPY,2018-02-09T13:21:00+01:00,108.930,108.933,108.913,108.917,114
SQ:USDJPY,2018-02-09T13:22:00+01:00,108.915,108.926,108.903,108.905,101
SQ:USDJPY,2018-02-09T13:23:00+01:00,108.906,108.922,108.906,108.918,106
SQ:USDJPY,2018-02-09T13:24:00+01:00,108.917,108.918,108.895,108.911,101
SQ:USDJPY,2018-02-09T13:25:00+01:00,108.911,108.923,108.911,108.920,107
SQ:USDJPY,2018-02-09T13:26:00+01:00,108.921,108.921,108.879,108.889,151
SQ:USDJPY,2018-02-09T13:27:00+01:00,108.889,108.893,108.789,108.829,155
SQ:USDJPY,2018-02-09T13:28:00+01:00,108.833,108.865,108.833,108.853,154
SQ:USDJPY,2018-02-09T13:29:00+01:00,108.857,108.858,108.835,108.842,149
SQ:USDJPY,2018-02-09T13:30:00+01:00,108.846,108.865,108.820,108.823,175
SQ:USDJPY,2018-02-09T13:31:00+01:00,108.821,108.841,108.812,108.836,154
SQ:USDJPY,2018-02-09T13:32:00+01:00,108.837,108.872,108.837,108.872,119
SQ:USDJPY,2018-02-09T13:33:00+01:00,108.873,108.875,108.839,108.854,167
SQ:USDJPY,2018-02-09T13:34:00+01:00,108.856,108.871,108.846,108.847,152
SQ:USDJPY,2018-02-09T13:35:00+01:00,108.845,108.849,108.829,108.849,96
SQ:USDJPY,2018-02-09T13:36:00+01:00,108.849,108.873,108.848,108.860,154
SQ:USDJPY,2018-02-09T13:37:00+01:00,108.860,108.860,108.842,108.851,172
SQ:USDJPY,2018-02-09T13:38:00+01:00,108.852,108.853,108.815,108.820,134
SQ:USDJPY,2018-02-09T13:39:00+01:00,108.818,108.819,108.782,108.787,184
SQ:USDJPY,2018-02-09T13:40:00+01:00,108.787,108.796,108.770,108.770,137
SQ:USDJPY,2018-02-09T13:41:00+01:00,108.769,108.769,108.736,108.744,185
SQ:USDJPY,2018-02-09T13:42:00+01:00,108.745,108.760,108.734,108.743,179
SQ:USDJPY,2018-02-09T13:43:00+01:00,108.742,108.760,108.736,108.744,150
SQ:USDJPY,2018-02-09T13:44:00+01:00,108.747,108.764,108.747,108.757,133
SQ:USDJPY,2018-02-09T13:45:00+01:00,108.756,108.773,108.755,108.765,144
SQ:USDJPY,2018-02-09T13:46:00+01:00,108.762,108.767,108.745,108.758,172
SQ:USDJPY,2018-02-09T13:47:00+01:00,108.758,108.805,108.758,108.800,139
SQ:USDJPY,2018-02-09T13:48:00+01:00,108.797,108.809,108.769,108.787,162
SQ:USDJPY,2018-02-09T13:49:00+01:00,108.787,108.818,108.787,108.807,95
SQ:USDJPY,2018-02-09T13:50:00+01:00,108.806,108.823,108.804,108.819,107
SQ:USDJPY,2018-02-09T13:51:00+01:00,108.821,108.831,108.804,108.812,129
SQ:USDJPY,2018-02-09T13:52:00+01:00,108.812,108.818,108.804,108.814,108
SQ:USDJPY,2018-02-09T13:53:00+01:00,108.811,108.819,108.804,108.819,106
SQ:USDJPY,2018-02-09T13:54:00+01:00,108.818,108.819,108.803,108.807,104
SQ:USDJPY,2018-02-09T13:55:00+01:00,108.806,108.813,108.779,108.779,124
SQ:USDJPY,2018-02-09T13:56:00+01:00,108.780,108.782,108.761,108.776,160
SQ:USDJPY,2018-02-09T13:57:00+01:00,108.775,108.778,108.751,108.755,132
SQ:USDJPY,2018-02-09T13:58:00+01:00,108.755,108.772,108.755,108.767,106
SQ:USDJPY,2018-02-09T13:59:00+01:00,108.767,108.794,108.766,108.793,89
SQ:USDJPY,2018-02-09T14:00:00+01:00,108.791,108.807,108.755,108.772,195
SQ:USDJPY,2018-02-09T14:01:00+01:00,108.773,108.800,108.773,108.778,147
SQ:USDJPY,2018-02-09T14:02:00+01:00,108.778,108.789,108.764,108.769,150
SQ:USDJPY,2018-02-09T14:03:00+01:00,108.768,108.784,108.755,108.780,139
SQ:USDJPY,2018-02-09T14:04:00+01:00,108.781,108.803,108.779,108.788,133
SQ:USDJPY,2018-02-09T14:05:00+01:00,108.790,108.800,108.777,108.778,150
SQ:USDJPY,2018-02-09T14:06:00+01:00,108.778,108.786,108.755,108.766,166
SQ:USDJPY,2018-02-09T14:07:00+01:00,108.765,108.782,108.765,108.781,122
SQ:USDJPY,2018-02-09T14:08:00+01:00,108.780,108.803,108.779,108.795,148
SQ:USDJPY,2018-02-09T14:09:00+01:00,108.794,108.824,108.788,108.820,120
SQ:USDJPY,2018-02-09T14:10:00+01:00,108.819,108.848,108.819,108.846,134
SQ:USDJPY,2018-02-09T14:11:00+01:00,108.846,108.852,108.835,108.845,149
SQ:USDJPY,2018-02-09T14:12:00+01:00,108.846,108.850,108.821,108.825,111
SQ:USDJPY,2018-02-09T14:13:00+01:00,108.826,108.828,108.802,108.805,155
SQ:USDJPY,2018-02-09T14:14:00+01:00,108.804,108.835,108.789,108.831,176
SQ:USDJPY,2018-02-09T14:15:00+01:00,108.833,108.836,108.799,108.807,136
SQ:USDJPY,2018-02-09T14:16:00+01:00,108.808,108.826,108.803,108.824,145
SQ:USDJPY,2018-02-09T14:17:00+01:00,108.824,108.824,108.805,108.808,143
SQ:USDJPY,2018-02-09T14:18:00+01:00,108.807,108.811,108.761,108.786,170
SQ:USDJPY,2018-02-09T14:19:00+01:00,108.786,108.837,108.785,108.831,152
SQ:USDJPY,2018-02-09T14:20:00+01:00,108.832,108.863,108.815,108.859,180
SQ:USDJPY,2018-02-09T14:21:00+01:00,108.860,108.864,108.832,108.832,141
SQ:USDJPY,2018-02-09T14:22:00+01:00,108.832,108.843,108.831,108.838,127
SQ:USDJPY,2018-02-09T14:23:00+01:00,108.839,108.856,108.834,108.851,132
SQ:USDJPY,2018-02-09T14:24:00+01:00,108.851,108.855,108.834,108.838,102
SQ:USDJPY,2018-02-09T14:25:00+01:00,108.837,108.846,108.806,108.815,145
SQ:USDJPY,2018-02-09T14:26:00+01:00,108.814,108.825,108.802,108.804,74
SQ:USDJPY,2018-02-09T14:27:00+01:00,108.804,108.814,108.802,108.814,66
SQ:USDJPY,2018-02-09T14:28:00+01:00,108.815,108.827,108.812,108.824,78
SQ:USDJPY,2018-02-09T14:29:00+01:00,108.824,108.843,108.823,108.838,90
SQ:USDJPY,2018-02-09T14:30:00+01:00,108.839,108.841,108.795,108.796,185
SQ:USDJPY,2018-02-09T14:31:00+01:00,108.792,108.833,108.792,108.833,124
SQ:USDJPY,2018-02-09T14:32:00+01:00,108.832,108.849,108.832,108.837,107
SQ:USDJPY,2018-02-09T14:33:00+01:00,108.833,108.848,108.816,108.845,122
SQ:USDJPY,2018-02-09T14:34:00+01:00,108.843,108.853,108.841,108.853,125
SQ:USDJPY,2018-02-09T14:35:00+01:00,108.857,108.868,108.843,108.861,121
SQ:USDJPY,2018-02-09T14:36:00+01:00,108.863,108.904,108.863,108.898,147
SQ:USDJPY,2018-02-09T14:37:00+01:00,108.902,108.952,108.902,108.943,181
SQ:USDJPY,2018-02-09T14:38:00+01:00,108.944,108.950,108.919,108.942,178
SQ:USDJPY,2018-02-09T14:39:00+01:00,108.941,108.967,108.938,108.955,183
SQ:USDJPY,2018-02-09T14:40:00+01:00,108.955,108.969,108.954,108.964,155
SQ:USDJPY,2018-02-09T14:41:00+01:00,108.960,108.960,108.889,108.889,226
SQ:USDJPY,2018-02-09T14:42:00+01:00,108.887,108.897,108.877,108.883,180
SQ:USDJPY,2018-02-09T14:43:00+01:00,108.884,108.891,108.876,108.879,155
SQ:USDJPY,2018-02-09T14:44:00+01:00,108.879,108.883,108.852,108.852,136
SQ:USDJPY,2018-02-09T14:45:00+01:00,108.853,109.237,108.853,109.155,255
SQ:USDJPY,2018-02-09T14:46:00+01:00,109.147,109.161,108.985,109.049,328
SQ:USDJPY,2018-02-09T14:47:00+01:00,109.049,109.090,108.947,108.951,265
SQ:USDJPY,2018-02-09T14:48:00+01:00,108.951,108.986,108.944,108.944,209
SQ:USDJPY,2018-02-09T14:49:00+01:00,108.947,108.983,108.947,108.970,147
SQ:USDJPY,2018-02-09T14:50:00+01:00,108.968,108.978,108.907,108.928,165
SQ:USDJPY,2018-02-09T14:51:00+01:00,108.929,108.937,108.913,108.928,123
SQ:USDJPY,2018-02-09T14:52:00+01:00,108.927,108.961,108.921,108.951,162
SQ:USDJPY,2018-02-09T14:53:00+01:00,108.950,109.027,108.950,109.004,156
SQ:USDJPY,2018-02-09T14:54:00+01:00,109.001,109.038,108.995,109.008,118
SQ:USDJPY,2018-02-09T14:55:00+01:00,109.009,109.010,108.944,108.963,151
SQ:USDJPY,2018-02-09T14:56:00+01:00,108.963,108.973,108.926,108.970,166
SQ:USDJPY,2018-02-09T14:57:00+01:00,108.969,109.013,108.968,108.987,178
SQ:USDJPY,2018-02-09T14:58:00+01:00,108.987,108.989,108.942,108.979,167
SQ:USDJPY,2018-02-09T14:59:00+01:00,108.976,108.995,108.969,108.989,162
SQ:USDJPY,2018-02-09T15:00:00+01:00,108.988,109.033,108.986,108.994,165
SQ:USDJPY,2018-02-09T15:01:00+01:00,108.991,108.991,108.948,108.965,190
SQ:USDJPY,2018-02-09T15:02:00+01:00,108.965,108.969,108.930,108.953,166
SQ:USDJPY,2018-02-09T15:03:00+01:00,108.956,108.989,108.948,108.977,148
SQ:USDJPY,2018-02-09T15:04:00+01:00,108.976,108.993,108.971,108.976,127
SQ:USDJPY,2018-02-09T15:05:00+01:00,108.976,108.990,108.960,108.988,140
SQ:USDJPY,2018-02-09T15:06:00+01:00,108.987,108.990,108.957,108.987,149
SQ:USDJPY,2018-02-09T15:07:00+01:00,108.987,109.022,108.984,109.018,115
SQ:USDJPY,2018-02-09T15:08:00+01:00,109.018,109.018,108.975,108.993,118
SQ:USDJPY,2018-02-09T15:09:00+01:00,108.993,109.003,108.973,109.001,123
SQ:USDJPY,2018-02-09T15:10:00+01:00,109.002,109.005,108.981,108.999,106
SQ:USDJPY,2018-02-09T15:11:00+01:00,108.998,109.003,108.982,108.989,110
SQ:USDJPY,2018-02-09T15:12:00+01:00,108.990,109.004,108.983,108.989,101
SQ:USDJPY,2018-02-09T15:13:00+01:00,108.989,109.014,108.989,109.010,117
SQ:USDJPY,2018-02-09T15:14:00+01:00,109.011,109.013,108.976,108.994,125
SQ:USDJPY,2018-02-09T15:15:00+01:00,108.991,109.005,108.989,109.003,92
SQ:USDJPY,2018-02-09T15:16:00+01:00,109.004,109.021,108.993,109.001,113
SQ:USDJPY,2018-02-09T15:17:00+01:00,109.000,109.003,108.964,108.964,132
SQ:USDJPY,2018-02-09T15:18:00+01:00,108.964,108.973,108.949,108.957,109
SQ:USDJPY,2018-02-09T15:19:00+01:00,108.956,108.975,108.951,108.960,120
SQ:USDJPY,2018-02-09T15:20:00+01:00,108.958,108.983,108.954,108.961,113
SQ:USDJPY,2018-02-09T15:21:00+01:00,108.961,108.972,108.946,108.968,104
SQ:USDJPY,2018-02-09T15:22:00+01:00,108.969,108.972,108.944,108.957,112
SQ:USDJPY,2018-02-09T15:23:00+01:00,108.957,108.970,108.949,108.970,104
SQ:USDJPY,2018-02-09T15:24:00+01:00,108.976,109.002,108.944,108.958,108
SQ:USDJPY,2018-02-09T15:25:00+01:00,108.957,108.969,108.946,108.969,94
SQ:USDJPY,2018-02-09T15:26:00+01:00,108.969,108.994,108.968,108.984,78
SQ:USDJPY,2018-02-09T15:27:00+01:00,108.984,108.987,108.955,108.961,92
SQ:USDJPY,2018-02-09T15:28:00+01:00,108.962,108.964,108.921,108.921,118
SQ:USDJPY,2018-02-09T15:29:00+01:00,108.922,108.929,108.918,108.927,111
SQ:USDJPY,2018-02-09T15:30:00+01:00,108.933,108.940,108.862,108.864,255
SQ:USDJPY,2018-02-09T15:31:00+01:00,108.863,108.938,108.859,108.937,275
SQ:USDJPY,2018-02-09T15:32:00+01:00,108.936,109.002,108.936,108.992,271
SQ:USDJPY,2018-02-09T15:33:00+01:00,108.992,109.018,108.932,108.968,273
SQ:USDJPY,2018-02-09T15:34:00+01:00,108.966,108.999,108.941,108.946,241
SQ:USDJPY,2018-02-09T15:35:00+01:00,108.948,108.974,108.943,108.958,219
SQ:USDJPY,2018-02-09T15:36:00+01:00,108.959,108.974,108.953,108.956,198
SQ:USDJPY,2018-02-09T15:37:00+01:00,108.957,108.969,108.860,108.861,228
SQ:USDJPY,2018-02-09T15:38:00+01:00,108.860,108.959,108.860,108.933,259
SQ:USDJPY,2018-02-09T15:39:00+01:00,108.935,108.936,108.878,108.880,266
SQ:USDJPY,2018-02-09T15:40:00+01:00,108.883,108.890,108.829,108.840,296
SQ:USDJPY,2018-02-09T15:41:00+01:00,108.841,108.916,108.833,108.902,293
SQ:USDJPY,2018-02-09T15:42:00+01:00,108.904,108.916,108.872,108.890,246
SQ:USDJPY,2018-02-09T15:43:00+01:00,108.890,108.892,108.839,108.874,216
SQ:USDJPY,2018-02-09T15:44:00+01:00,108.877,108.900,108.853,108.873,222
SQ:USDJPY,2018-02-09T15:45:00+01:00,108.874,108.882,108.848,108.864,206
SQ:USDJPY,2018-02-09T15:46:00+01:00,108.867,108.935,108.854,108.925,237
SQ:USDJPY,2018-02-09T15:47:00+01:00,108.926,108.968,108.923,108.957,276
SQ:USDJPY,2018-02-09T15:48:00+01:00,108.962,108.968,108.913,108.919,242
SQ:USDJPY,2018-02-09T15:49:00+01:00,108.918,108.954,108.882,108.893,268
SQ:USDJPY,2018-02-09T15:50:00+01:00,108.892,108.924,108.887,108.917,254
SQ:USDJPY,2018-02-09T15:51:00+01:00,108.917,108.918,108.858,108.892,200
SQ:USDJPY,2018-02-09T15:52:00+01:00,108.893,108.943,108.888,108.931,251
SQ:USDJPY,2018-02-09T15:53:00+01:00,108.931,108.958,108.930,108.935,147
SQ:USDJPY,2018-02-09T15:54:00+01:00,108.939,108.959,108.934,108.954,154
SQ:USDJPY,2018-02-09T15:55:00+01:00,108.958,108.960,108.918,108.939,202
SQ:USDJPY,2018-02-09T15:56:00+01:00,108.939,108.991,108.937,108.990,178
SQ:USDJPY,2018-02-09T15:57:00+01:00,108.990,109.016,108.945,108.956,257
SQ:USDJPY,2018-02-09T15:58:00+01:00,108.958,108.984,108.916,108.916,248
SQ:USDJPY,2018-02-09T15:59:00+01:00,108.915,108.942,108.893,108.897,273
SQ:USDJPY,2018-02-09T16:00:00+01:00,108.893,108.916,108.844,108.874,207
SQ:USDJPY,2018-02-09T16:01:00+01:00,108.873,108.892,108.856,108.874,204
SQ:USDJPY,2018-02-09T16:02:00+01:00,108.872,108.891,108.838,108.843,240
SQ:USDJPY,2018-02-09T16:03:00+01:00,108.841,108.873,108.833,108.851,267
SQ:USDJPY,2018-02-09T16:04:00+01:00,108.850,108.850,108.792,108.793,283
SQ:USDJPY,2018-02-09T16:05:00+01:00,108.794,108.809,108.772,108.789,264
SQ:USDJPY,2018-02-09T16:06:00+01:00,108.790,108.820,108.776,108.785,238
SQ:USDJPY,2018-02-09T16:07:00+01:00,108.783,108.818,108.754,108.818,233
SQ:USDJPY,2018-02-09T16:08:00+01:00,108.816,108.825,108.780,108.806,292
SQ:USDJPY,2018-02-09T16:09:00+01:00,108.805,108.821,108.793,108.818,234
SQ:USDJPY,2018-02-09T16:10:00+01:00,108.816,108.841,108.804,108.809,236
SQ:USDJPY,2018-02-09T16:11:00+01:00,108.809,108.813,108.781,108.811,212
SQ:USDJPY,2018-02-09T16:12:00+01:00,108.810,108.834,108.801,108.828,203
SQ:USDJPY,2018-02-09T16:13:00+01:00,108.827,108.836,108.816,108.829,188
SQ:USDJPY,2018-02-09T16:14:00+01:00,108.829,108.846,108.823,108.824,158
SQ:USDJPY,2018-02-09T16:15:00+01:00,108.824,108.829,108.812,108.820,168
SQ:USDJPY,2018-02-09T16:16:00+01:00,108.820,108.877,108.820,108.860,196
SQ:USDJPY,2018-02-09T16:17:00+01:00,108.862,108.870,108.848,108.855,164
SQ:USDJPY,2018-02-09T16:18:00+01:00,108.853,108.870,108.841,108.866,198
SQ:USDJPY,2018-02-09T16:19:00+01:00,108.865,108.865,108.841,108.859,143
SQ:USDJPY,2018-02-09T16:20:00+01:00,108.862,108.866,108.833,108.840,167
SQ:USDJPY,2018-02-09T16:21:00+01:00,108.840,108.864,108.833,108.853,161
SQ:USDJPY,2018-02-09T16:22:00+01:00,108.853,108.863,108.815,108.839,162
SQ:USDJPY,2018-02-09T16:23:00+01:00,108.838,108.841,108.819,108.823,163
SQ:USDJPY,2018-02-09T16:24:00+01:00,108.824,108.825,108.801,108.818,167
SQ:USDJPY,2018-02-09T16:25:00+01:00,108.817,108.875,108.817,108.871,183
SQ:USDJPY,2018-02-09T16:26:00+01:00,108.871,108.907,108.850,108.907,234
SQ:USDJPY,2018-02-09T16:27:00+01:00,108.908,108.915,108.870,108.871,208
SQ:USDJPY,2018-02-09T16:28:00+01:00,108.871,108.889,108.866,108.882,177
SQ:USDJPY,2018-02-09T16:29:00+01:00,108.884,108.890,108.836,108.836,189
SQ:USDJPY,2018-02-09T16:30:00+01:00,108.837,108.849,108.814,108.818,215
SQ:USDJPY,2018-02-09T16:31:00+01:00,108.815,108.841,108.814,108.835,182
SQ:USDJPY,2018-02-09T16:32:00+01:00,108.836,108.847,108.816,108.823,141
SQ:USDJPY,2018-02-09T16:33:00+01:00,108.823,108.837,108.800,108.822,158
SQ:USDJPY,2018-02-09T16:34:00+01:00,108.822,108.844,108.816,108.823,158
SQ:USDJPY,2018-02-09T16:35:00+01:00,108.825,108.834,108.813,108.817,140
SQ:USDJPY,2018-02-09T16:36:00+01:00,108.817,108.847,108.810,108.839,198
SQ:USDJPY,2018-02-09T16:37:00+01:00,108.840,108.862,108.832,108.848,150
SQ:USDJPY,2018-02-09T16:38:00+01:00,108.847,108.847,108.769,108.782,218
SQ:USDJPY,2018-02-09T16:39:00+01:00,108.781,108.806,108.761,108.761,176
SQ:USDJPY,2018-02-09T16:40:00+01:00,108.760,108.778,108.735,108.758,247
SQ:USDJPY,2018-02-09T16:41:00+01:00,108.757,108.765,108.717,108.733,222
SQ:USDJPY,2018-02-09T16:42:00+01:00,108.733,108.766,108.724,108.735,225
SQ:USDJPY,2018-02-09T16:43:00+01:00,108.738,108.760,108.737,108.747,156
SQ:USDJPY,2018-02-09T16:44:00+01:00,108.746,108.751,108.713,108.724,238
SQ:USDJPY,2018-02-09T16:45:00+01:00,108.726,108.727,108.648,108.670,265
SQ:USDJPY,2018-02-09T16:46:00+01:00,108.669,108.669,108.626,108.627,232
SQ:USDJPY,2018-02-09T16:47:00+01:00,108.628,108.656,108.611,108.623,312
SQ:USDJPY,2018-02-09T16:48:00+01:00,108.622,108.642,108.557,108.558,313
SQ:USDJPY,2018-02-09T16:49:00+01:00,108.557,108.592,108.553,108.569,310
SQ:USDJPY,2018-02-09T16:50:00+01:00,108.568,108.591,108.554,108.591,284
SQ:USDJPY,2018-02-09T16:51:00+01:00,108.594,108.638,108.594,108.627,276
SQ:USDJPY,2018-02-09T16:52:00+01:00,108.625,108.640,108.603,108.638,267
SQ:USDJPY,2018-02-09T16:53:00+01:00,108.639,108.644,108.611,108.625,259
SQ:USDJPY,2018-02-09T16:54:00+01:00,108.627,108.668,108.606,108.664,274
SQ:USDJPY,2018-02-09T16:55:00+01:00,108.665,108.725,108.651,108.655,346
SQ:USDJPY,2018-02-09T16:56:00+01:00,108.657,108.710,108.652,108.684,309
SQ:USDJPY,2018-02-09T16:57:00+01:00,108.687,108.702,108.663,108.677,255
SQ:USDJPY,2018-02-09T16:58:00+01:00,108.676,108.690,108.631,108.632,300
SQ:USDJPY,2018-02-09T16:59:00+01:00,108.634,108.667,108.631,108.667,257
SQ:USDJPY,2018-02-09T17:00:00+01:00,108.670,108.699,108.666,108.677,265
SQ:USDJPY,2018-02-09T17:01:00+01:00,108.678,108.710,108.672,108.675,239
SQ:USDJPY,2018-02-09T17:02:00+01:00,108.676,108.690,108.653,108.673,197
SQ:USDJPY,2018-02-09T17:03:00+01:00,108.671,108.752,108.655,108.725,237
SQ:USDJPY,2018-02-09T17:04:00+01:00,108.728,108.754,108.703,108.711,256
SQ:USDJPY,2018-02-09T17:05:00+01:00,108.712,108.730,108.691,108.711,271
SQ:USDJPY,2018-02-09T17:06:00+01:00,108.709,108.720,108.677,108.689,228
SQ:USDJPY,2018-02-09T17:07:00+01:00,108.685,108.711,108.683,108.685,191
SQ:USDJPY,2018-02-09T17:08:00+01:00,108.687,108.725,108.687,108.709,214
SQ:USDJPY,2018-02-09T17:09:00+01:00,108.707,108.721,108.683,108.693,234
SQ:USDJPY,2018-02-09T17:10:00+01:00,108.689,108.735,108.666,108.720,207
SQ:USDJPY,2018-02-09T17:11:00+01:00,108.720,108.726,108.687,108.698,199
SQ:USDJPY,2018-02-09T17:12:00+01:00,108.697,108.719,108.679,108.709,224
SQ:USDJPY,2018-02-09T17:13:00+01:00,108.711,108.719,108.688,108.716,224
SQ:USDJPY,2018-02-09T17:14:00+01:00,108.717,108.729,108.693,108.706,175
SQ:USDJPY,2018-02-09T17:15:00+01:00,108.707,108.717,108.624,108.634,249
SQ:USDJPY,2018-02-09T17:16:00+01:00,108.636,108.636,108.590,108.595,225
SQ:USDJPY,2018-02-09T17:17:00+01:00,108.594,108.620,108.582,108.613,189
SQ:USDJPY,2018-02-09T17:18:00+01:00,108.613,108.619,108.576,108.598,227
SQ:USDJPY,2018-02-09T17:19:00+01:00,108.596,108.653,108.595,108.626,239
SQ:USDJPY,2018-02-09T17:20:00+01:00,108.627,108.673,108.612,108.649,226
SQ:USDJPY,2018-02-09T17:21:00+01:00,108.650,108.672,108.647,108.667,182
SQ:USDJPY,2018-02-09T17:22:00+01:00,108.666,108.673,108.624,108.627,194
SQ:USDJPY,2018-02-09T17:23:00+01:00,108.632,108.668,108.625,108.637,160
SQ:USDJPY,2018-02-09T17:24:00+01:00,108.638,108.650,108.601,108.604,183
SQ:USDJPY,2018-02-09T17:25:00+01:00,108.604,108.626,108.595,108.603,190
SQ:USDJPY,2018-02-09T17:26:00+01:00,108.603,108.648,108.597,108.648,208
SQ:USDJPY,2018-02-09T17:27:00+01:00,108.647,108.667,108.642,108.657,157
SQ:USDJPY,2018-02-09T17:28:00+01:00,108.659,108.666,108.592,108.608,171
SQ:USDJPY,2018-02-09T17:29:00+01:00,108.608,108.626,108.595,108.623,146
SQ:USDJPY,2018-02-09T17:30:00+01:00,108.620,108.649,108.613,108.620,201
SQ:USDJPY,2018-02-09T17:31:00+01:00,108.620,108.634,108.603,108.609,180
SQ:USDJPY,2018-02-09T17:32:00+01:00,108.609,108.643,108.606,108.636,173
SQ:USDJPY,2018-02-09T17:33:00+01:00,108.637,108.683,108.627,108.655,259
SQ:USDJPY,2018-02-09T17:34:00+01:00,108.655,108.678,108.648,108.677,182
SQ:USDJPY,2018-02-09T17:35:00+01:00,108.674,108.684,108.660,108.678,185
SQ:USDJPY,2018-02-09T17:36:00+01:00,108.679,108.724,108.673,108.708,228
SQ:USDJPY,2018-02-09T17:37:00+01:00,108.710,108.713,108.672,108.682,191
SQ:USDJPY,2018-02-09T17:38:00+01:00,108.681,108.690,108.656,108.664,177
SQ:USDJPY,2018-02-09T17:39:00+01:00,108.663,108.667,108.643,108.649,138
SQ:USDJPY,2018-02-09T17:40:00+01:00,108.649,108.666,108.632,108.666,152
SQ:USDJPY,2018-02-09T17:41:00+01:00,108.665,108.669,108.632,108.633,161
SQ:USDJPY,2018-02-09T17:42:00+01:00,108.637,108.661,108.614,108.618,168
SQ:USDJPY,2018-02-09T17:43:00+01:00,108.618,108.641,108.614,108.631,126
SQ:USDJPY,2018-02-09T17:44:00+01:00,108.632,108.643,108.619,108.639,139
SQ:USDJPY,2018-02-09T17:45:00+01:00,108.641,108.641,108.594,108.613,167
SQ:USDJPY,2018-02-09T17:46:00+01:00,108.612,108.635,108.608,108.615,113
SQ:USDJPY,2018-02-09T17:47:00+01:00,108.614,108.629,108.614,108.618,123
SQ:USDJPY,2018-02-09T17:48:00+01:00,108.621,108.629,108.613,108.616,113
SQ:USDJPY,2018-02-09T17:49:00+01:00,108.614,108.615,108.562,108.562,208
SQ:USDJPY,2018-02-09T17:50:00+01:00,108.565,108.580,108.550,108.576,213
SQ:USDJPY,2018-02-09T17:51:00+01:00,108.574,108.582,108.548,108.555,188
SQ:USDJPY,2018-02-09T17:52:00+01:00,108.554,108.557,108.536,108.538,165
SQ:USDJPY,2018-02-09T17:53:00+01:00,108.537,108.560,108.535,108.557,136
SQ:USDJPY,2018-02-09T17:54:00+01:00,108.558,108.558,108.519,108.525,183
SQ:USDJPY,2018-02-09T17:55:00+01:00,108.526,108.544,108.489,108.541,213
SQ:USDJPY,2018-02-09T17:56:00+01:00,108.540,108.554,108.413,108.474,289
SQ:USDJPY,2018-02-09T17:57:00+01:00,108.474,108.550,108.467,108.514,244
SQ:USDJPY,2018-02-09T17:58:00+01:00,108.513,108.549,108.488,108.500,208
SQ:USDJPY,2018-02-09T17:59:00+01:00,108.497,108.497,108.433,108.446,223
SQ:USDJPY,2018-02-09T18:00:00+01:00,108.449,108.466,108.426,108.431,221
SQ:USDJPY,2018-02-09T18:01:00+01:00,108.432,108.468,108.429,108.440,198
SQ:USDJPY,2018-02-09T18:02:00+01:00,108.440,108.461,108.379,108.404,241
SQ:USDJPY,2018-02-09T18:03:00+01:00,108.407,108.437,108.403,108.410,178
SQ:USDJPY,2018-02-09T18:04:00+01:00,108.410,108.419,108.402,108.412,156
SQ:USDJPY,2018-02-09T18:05:00+01:00,108.411,108.424,108.379,108.379,167
SQ:USDJPY,2018-02-09T18:06:00+01:00,108.378,108.390,108.362,108.364,224
SQ:USDJPY,2018-02-09T18:07:00+01:00,108.366,108.390,108.363,108.385,248
SQ:USDJPY,2018-02-09T18:08:00+01:00,108.385,108.394,108.371,108.391,169
SQ:USDJPY,2018-02-09T18:09:00+01:00,108.393,108.393,108.351,108.354,206
SQ:USDJPY,2018-02-09T18:10:00+01:00,108.353,108.427,108.346,108.424,255
SQ:USDJPY,2018-02-09T18:11:00+01:00,108.425,108.428,108.388,108.391,223
SQ:USDJPY,2018-02-09T18:12:00+01:00,108.391,108.419,108.378,108.391,216
SQ:USDJPY,2018-02-09T18:13:00+01:00,108.395,108.399,108.371,108.383,190
SQ:USDJPY,2018-02-09T18:14:00+01:00,108.384,108.384,108.349,108.370,204
SQ:USDJPY,2018-02-09T18:15:00+01:00,108.375,108.382,108.336,108.348,239
SQ:USDJPY,2018-02-09T18:16:00+01:00,108.348,108.357,108.337,108.347,199
SQ:USDJPY,2018-02-09T18:17:00+01:00,108.346,108.393,108.346,108.384,201
SQ:USDJPY,2018-02-09T18:18:00+01:00,108.385,108.390,108.353,108.369,198
SQ:USDJPY,2018-02-09T18:19:00+01:00,108.364,108.365,108.334,108.343,176
SQ:USDJPY,2018-02-09T18:20:00+01:00,108.332,108.364,108.328,108.360,158
SQ:USDJPY,2018-02-09T18:21:00+01:00,108.361,108.404,108.361,108.402,197
SQ:USDJPY,2018-02-09T18:22:00+01:00,108.403,108.438,108.398,108.433,228
SQ:USDJPY,2018-02-09T18:23:00+01:00,108.432,108.442,108.406,108.432,186
SQ:USDJPY,2018-02-09T18:24:00+01:00,108.433,108.433,108.400,108.407,180
SQ:USDJPY,2018-02-09T18:25:00+01:00,108.407,108.408,108.383,108.390,162
SQ:USDJPY,2018-02-09T18:26:00+01:00,108.392,108.401,108.359,108.368,197
SQ:USDJPY,2018-02-09T18:27:00+01:00,108.367,108.367,108.339,108.345,226
SQ:USDJPY,2018-02-09T18:28:00+01:00,108.346,108.395,108.346,108.379,187
SQ:USDJPY,2018-02-09T18:29:00+01:00,108.382,108.419,108.379,108.381,221
SQ:USDJPY,2018-02-09T18:30:00+01:00,108.382,108.413,108.370,108.404,215
SQ:USDJPY,2018-02-09T18:31:00+01:00,108.405,108.426,108.397,108.407,178
SQ:USDJPY,2018-02-09T18:32:00+01:00,108.408,108.414,108.388,108.410,158
SQ:USDJPY,2018-02-09T18:33:00+01:00,108.412,108.476,108.405,108.471,205
SQ:USDJPY,2018-02-09T18:34:00+01:00,108.468,108.475,108.416,108.421,168
SQ:USDJPY,2018-02-09T18:35:00+01:00,108.422,108.428,108.359,108.372,186
SQ:USDJPY,2018-02-09T18:36:00+01:00,108.373,108.385,108.342,108.378,202
SQ:USDJPY,2018-02-09T18:37:00+01:00,108.378,108.386,108.354,108.363,226
SQ:USDJPY,2018-02-09T18:38:00+01:00,108.361,108.416,108.360,108.398,228
SQ:USDJPY,2018-02-09T18:39:00+01:00,108.398,108.398,108.361,108.371,172
SQ:USDJPY,2018-02-09T18:40:00+01:00,108.370,108.371,108.342,108.357,214
SQ:USDJPY,2018-02-09T18:41:00+01:00,108.355,108.363,108.344,108.352,141
SQ:USDJPY,2018-02-09T18:42:00+01:00,108.353,108.355,108.297,108.301,180
SQ:USDJPY,2018-02-09T18:43:00+01:00,108.300,108.327,108.148,108.207,244
SQ:USDJPY,2018-02-09T18:44:00+01:00,108.203,108.234,108.182,108.200,277
SQ:USDJPY,2018-02-09T18:45:00+01:00,108.199,108.234,108.183,108.191,227
SQ:USDJPY,2018-02-09T18:46:00+01:00,108.189,108.231,108.185,108.215,211
SQ:USDJPY,2018-02-09T18:47:00+01:00,108.216,108.254,108.209,108.228,236
SQ:USDJPY,2018-02-09T18:48:00+01:00,108.225,108.225,108.188,108.205,180
SQ:USDJPY,2018-02-09T18:49:00+01:00,108.206,108.219,108.188,108.197,213
SQ:USDJPY,2018-02-09T18:50:00+01:00,108.196,108.212,108.178,108.178,201
SQ:USDJPY,2018-02-09T18:51:00+01:00,108.178,108.273,108.177,108.272,207
SQ:USDJPY,2018-02-09T18:52:00+01:00,108.276,108.323,108.273,108.303,208
SQ:USDJPY,2018-02-09T18:53:00+01:00,108.301,108.317,108.292,108.294,169
SQ:USDJPY,2018-02-09T18:54:00+01:00,108.295,108.337,108.292,108.325,155
SQ:USDJPY,2018-02-09T18:55:00+01:00,108.327,108.357,108.305,108.355,195
SQ:USDJPY,2018-02-09T18:56:00+01:00,108.357,108.381,108.339,108.340,190
SQ:USDJPY,2018-02-09T18:57:00+01:00,108.339,108.392,108.324,108.390,204
SQ:USDJPY,2018-02-09T18:58:00+01:00,108.391,108.411,108.342,108.351,252
SQ:USDJPY,2018-02-09T18:59:00+01:00,108.350,108.410,108.350,108.406,205
SQ:USDJPY,2018-02-09T19:00:00+01:00,108.401,108.404,108.362,108.382,232
SQ:USDJPY,2018-02-09T19:01:00+01:00,108.381,108.403,108.372,108.387,218
SQ:USDJPY,2018-02-09T19:02:00+01:00,108.384,108.393,108.368,108.383,170
SQ:USDJPY,2018-02-09T19:03:00+01:00,108.385,108.396,108.377,108.387,199
SQ:USDJPY,2018-02-09T19:04:00+01:00,108.387,108.387,108.351,108.363,199
SQ:USDJPY,2018-02-09T19:05:00+01:00,108.368,108.401,108.368,108.390,169
SQ:USDJPY,2018-02-09T19:06:00+01:00,108.392,108.394,108.351,108.364,138
SQ:USDJPY,2018-02-09T19:07:00+01:00,108.364,108.377,108.361,108.361,119
SQ:USDJPY,2018-02-09T19:08:00+01:00,108.356,108.362,108.345,108.358,160
SQ:USDJPY,2018-02-09T19:09:00+01:00,108.358,108.360,108.289,108.289,180
SQ:USDJPY,2018-02-09T19:10:00+01:00,108.291,108.338,108.291,108.331,193
SQ:USDJPY,2018-02-09T19:11:00+01:00,108.331,108.374,108.329,108.334,203
SQ:USDJPY,2018-02-09T19:12:00+01:00,108.335,108.340,108.294,108.304,226
SQ:USDJPY,2018-02-09T19:13:00+01:00,108.305,108.315,108.275,108.291,197
SQ:USDJPY,2018-02-09T19:14:00+01:00,108.288,108.306,108.266,108.297,178
SQ:USDJPY,2018-02-09T19:15:00+01:00,108.297,108.348,108.275,108.288,249
SQ:USDJPY,2018-02-09T19:16:00+01:00,108.289,108.301,108.264,108.265,190
SQ:USDJPY,2018-02-09T19:17:00+01:00,108.263,108.291,108.255,108.282,175
SQ:USDJPY,2018-02-09T19:18:00+01:00,108.281,108.286,108.253,108.263,190
SQ:USDJPY,2018-02-09T19:19:00+01:00,108.263,108.299,108.248,108.299,186
SQ:USDJPY,2018-02-09T19:20:00+01:00,108.299,108.299,108.281,108.289,176
SQ:USDJPY,2018-02-09T19:21:00+01:00,108.288,108.293,108.282,108.288,154
SQ:USDJPY,2018-02-09T19:22:00+01:00,108.287,108.288,108.227,108.242,203
SQ:USDJPY,2018-02-09T19:23:00+01:00,108.243,108.243,108.191,108.191,223
SQ:USDJPY,2018-02-09T19:24:00+01:00,108.192,108.206,108.182,108.194,207
SQ:USDJPY,2018-02-09T19:25:00+01:00,108.193,108.239,108.180,108.236,220
SQ:USDJPY,2018-02-09T19:26:00+01:00,108.230,108.257,108.187,108.193,199
SQ:USDJPY,2018-02-09T19:27:00+01:00,108.192,108.193,108.154,108.164,235
SQ:USDJPY,2018-02-09T19:28:00+01:00,108.161,108.195,108.146,108.184,198
SQ:USDJPY,2018-02-09T19:29:00+01:00,108.181,108.234,108.179,108.207,235
SQ:USDJPY,2018-02-09T19:30:00+01:00,108.209,108.215,108.165,108.204,201
SQ:USDJPY,2018-02-09T19:31:00+01:00,108.204,108.236,108.188,108.188,212
SQ:USDJPY,2018-02-09T19:32:00+01:00,108.189,108.207,108.170,108.179,178
SQ:USDJPY,2018-02-09T19:33:00+01:00,108.178,108.188,108.167,108.177,167
SQ:USDJPY,2018-02-09T19:34:00+01:00,108.172,108.202,108.156,108.188,171
SQ:USDJPY,2018-02-09T19:35:00+01:00,108.187,108.190,108.161,108.168,174
SQ:USDJPY,2018-02-09T19:36:00+01:00,108.166,108.176,108.149,108.152,170
SQ:USDJPY,2018-02-09T19:37:00+01:00,108.148,108.148,108.087,108.088,230
SQ:USDJPY,2018-02-09T19:38:00+01:00,108.089,108.103,108.065,108.074,243
SQ:USDJPY,2018-02-09T19:39:00+01:00,108.074,108.081,108.038,108.038,191
SQ:USDJPY,2018-02-09T19:40:00+01:00,108.038,108.086,108.037,108.077,219
SQ:USDJPY,2018-02-09T19:41:00+01:00,108.074,108.081,108.037,108.065,172
SQ:USDJPY,2018-02-09T19:42:00+01:00,108.065,108.109,108.060,108.090,193
SQ:USDJPY,2018-02-09T19:43:00+01:00,108.093,108.126,108.088,108.096,178
SQ:USDJPY,2018-02-09T19:44:00+01:00,108.095,108.105,108.082,108.101,140
SQ:USDJPY,2018-02-09T19:45:00+01:00,108.103,108.132,108.087,108.132,144
SQ:USDJPY,2018-02-09T19:46:00+01:00,108.132,108.198,108.105,108.193,201
SQ:USDJPY,2018-02-09T19:47:00+01:00,108.192,108.192,108.131,108.167,200
SQ:USDJPY,2018-02-09T19:48:00+01:00,108.165,108.165,108.127,108.146,183
SQ:USDJPY,2018-02-09T19:49:00+01:00,108.146,108.193,108.145,108.168,184
SQ:USDJPY,2018-02-09T19:50:00+01:00,108.171,108.171,108.145,108.146,100
SQ:USDJPY,2018-02-09T19:51:00+01:00,108.146,108.194,108.135,108.183,159
SQ:USDJPY,2018-02-09T19:52:00+01:00,108.181,108.228,108.181,108.221,205
SQ:USDJPY,2018-02-09T19:53:00+01:00,108.220,108.220,108.182,108.211,218
SQ:USDJPY,2018-02-09T19:54:00+01:00,108.215,108.253,108.215,108.245,171
SQ:USDJPY,2018-02-09T19:55:00+01:00,108.241,108.294,108.227,108.277,218
SQ:USDJPY,2018-02-09T19:56:00+01:00,108.278,108.340,108.274,108.327,241
SQ:USDJPY,2018-02-09T19:57:00+01:00,108.328,108.334,108.289,108.303,199
SQ:USDJPY,2018-02-09T19:58:00+01:00,108.303,108.306,108.265,108.289,207
SQ:USDJPY,2018-02-09T19:59:00+01:00,108.288,108.301,108.283,108.293,203
SQ:USDJPY,2018-02-09T20:00:00+01:00,108.291,108.313,108.284,108.303,221
SQ:USDJPY,2018-02-09T20:01:00+01:00,108.303,108.368,108.303,108.367,213
SQ:USDJPY,2018-02-09T20:02:00+01:00,108.364,108.395,108.349,108.372,234
SQ:USDJPY,2018-02-09T20:03:00+01:00,108.373,108.506,108.365,108.501,267
SQ:USDJPY,2018-02-09T20:04:00+01:00,108.499,108.541,108.448,108.531,268
SQ:USDJPY,2018-02-09T20:05:00+01:00,108.528,108.540,108.478,108.490,298
SQ:USDJPY,2018-02-09T20:06:00+01:00,108.490,108.538,108.486,108.536,268
SQ:USDJPY,2018-02-09T20:07:00+01:00,108.534,108.568,108.486,108.568,271
SQ:USDJPY,2018-02-09T20:08:00+01:00,108.569,108.569,108.508,108.525,260
SQ:USDJPY,2018-02-09T20:09:00+01:00,108.525,108.532,108.496,108.529,208
SQ:USDJPY,2018-02-09T20:10:00+01:00,108.528,108.640,108.515,108.626,300
SQ:USDJPY,2018-02-09T20:11:00+01:00,108.628,108.699,108.608,108.619,347
SQ:USDJPY,2018-02-09T20:12:00+01:00,108.622,108.655,108.616,108.641,250
SQ:USDJPY,2018-02-09T20:13:00+01:00,108.641,108.649,108.554,108.561,252
SQ:USDJPY,2018-02-09T20:14:00+01:00,108.565,108.584,108.544,108.566,221
SQ:USDJPY,2018-02-09T20:15:00+01:00,108.567,108.585,108.545,108.557,214
SQ:USDJPY,2018-02-09T20:16:00+01:00,108.555,108.626,108.554,108.604,216
SQ:USDJPY,2018-02-09T20:17:00+01:00,108.605,108.663,108.602,108.650,233
SQ:USDJPY,2018-02-09T20:18:00+01:00,108.648,108.681,108.631,108.674,222
SQ:USDJPY,2018-02-09T20:19:00+01:00,108.674,108.689,108.637,108.662,250
SQ:USDJPY,2018-02-09T20:20:00+01:00,108.662,108.680,108.626,108.634,233
SQ:USDJPY,2018-02-09T20:21:00+01:00,108.634,108.675,108.619,108.651,256
SQ:USDJPY,2018-02-09T20:22:00+01:00,108.652,108.703,108.640,108.681,189
SQ:USDJPY,2018-02-09T20:23:00+01:00,108.680,108.700,108.671,108.678,141
SQ:USDJPY,2018-02-09T20:24:00+01:00,108.678,108.712,108.676,108.705,190
SQ:USDJPY,2018-02-09T20:25:00+01:00,108.704,108.784,108.699,108.737,247
SQ:USDJPY,2018-02-09T20:26:00+01:00,108.736,108.737,108.671,108.679,235
SQ:USDJPY,2018-02-09T20:27:00+01:00,108.680,108.684,108.641,108.646,195
SQ:USDJPY,2018-02-09T20:28:00+01:00,108.645,108.671,108.618,108.618,209
SQ:USDJPY,2018-02-09T20:29:00+01:00,108.622,108.624,108.546,108.585,266
SQ:USDJPY,2018-02-09T20:30:00+01:00,108.584,108.640,108.552,108.565,260
SQ:USDJPY,2018-02-09T20:31:00+01:00,108.561,108.627,108.561,108.599,220
SQ:USDJPY,2018-02-09T20:32:00+01:00,108.598,108.621,108.587,108.597,178
SQ:USDJPY,2018-02-09T20:33:00+01:00,108.596,108.615,108.553,108.557,159
SQ:USDJPY,2018-02-09T20:34:00+01:00,108.557,108.592,108.557,108.566,191
SQ:USDJPY,2018-02-09T20:35:00+01:00,108.566,108.573,108.525,108.525,243
SQ:USDJPY,2018-02-09T20:36:00+01:00,108.523,108.561,108.513,108.535,216
SQ:USDJPY,2018-02-09T20:37:00+01:00,108.536,108.591,108.531,108.590,192
SQ:USDJPY,2018-02-09T20:38:00+01:00,108.592,108.615,108.578,108.606,189
SQ:USDJPY,2018-02-09T20:39:00+01:00,108.601,108.601,108.533,108.592,200
SQ:USDJPY,2018-02-09T20:40:00+01:00,108.594,108.635,108.566,108.576,219
SQ:USDJPY,2018-02-09T20:41:00+01:00,108.579,108.635,108.571,108.612,169
SQ:USDJPY,2018-02-09T20:42:00+01:00,108.613,108.624,108.589,108.589,173
SQ:USDJPY,2018-02-09T20:43:00+01:00,108.587,108.596,108.520,108.520,181
SQ:USDJPY,2018-02-09T20:44:00+01:00,108.521,108.564,108.516,108.561,216
SQ:USDJPY,2018-02-09T20:45:00+01:00,108.558,108.575,108.550,108.570,183
SQ:USDJPY,2018-02-09T20:46:00+01:00,108.571,108.598,108.557,108.596,181
SQ:USDJPY,2018-02-09T20:47:00+01:00,108.596,108.602,108.530,108.540,197
SQ:USDJPY,2018-02-09T20:48:00+01:00,108.539,108.588,108.537,108.586,191
SQ:USDJPY,2018-02-09T20:49:00+01:00,108.588,108.613,108.578,108.581,145
SQ:USDJPY,2018-02-09T20:50:00+01:00,108.579,108.603,108.573,108.592,133
SQ:USDJPY,2018-02-09T20:51:00+01:00,108.591,108.648,108.591,108.644,168
SQ:USDJPY,2018-02-09T20:52:00+01:00,108.646,108.666,108.614,108.662,166
SQ:USDJPY,2018-02-09T20:53:00+01:00,108.665,108.684,108.625,108.646,220
SQ:USDJPY,2018-02-09T20:54:00+01:00,108.644,108.649,108.615,108.645,175
SQ:USDJPY,2018-02-09T20:55:00+01:00,108.642,108.643,108.607,108.607,190
SQ:USDJPY,2018-02-09T20:56:00+01:00,108.607,108.625,108.578,108.599,186
SQ:USDJPY,2018-02-09T20:57:00+01:00,108.600,108.607,108.577,108.591,197
SQ:USDJPY,2018-02-09T20:58:00+01:00,108.591,108.598,108.563,108.572,192
SQ:USDJPY,2018-02-09T20:59:00+01:00,108.569,108.583,108.542,108.570,226
SQ:USDJPY,2018-02-09T21:00:00+01:00,108.566,108.566,108.489,108.514,270
SQ:USDJPY,2018-02-09T21:01:00+01:00,108.519,108.559,108.481,108.501,219
SQ:USDJPY,2018-02-09T21:02:00+01:00,108.502,108.508,108.478,108.497,234
SQ:USDJPY,2018-02-09T21:03:00+01:00,108.501,108.516,108.480,108.497,208
SQ:USDJPY,2018-02-09T21:04:00+01:00,108.497,108.499,108.460,108.477,218
SQ:USDJPY,2018-02-09T21:05:00+01:00,108.478,108.505,108.465,108.466,176
SQ:USDJPY,2018-02-09T21:06:00+01:00,108.465,108.473,108.428,108.432,189
SQ:USDJPY,2018-02-09T21:07:00+01:00,108.435,108.458,108.427,108.430,202
SQ:USDJPY,2018-02-09T21:08:00+01:00,108.430,108.450,108.416,108.428,224
SQ:USDJPY,2018-02-09T21:09:00+01:00,108.427,108.466,108.424,108.461,236
SQ:USDJPY,2018-02-09T21:10:00+01:00,108.460,108.471,108.437,108.443,165
SQ:USDJPY,2018-02-09T21:11:00+01:00,108.445,108.462,108.438,108.457,158
SQ:USDJPY,2018-02-09T21:12:00+01:00,108.461,108.521,108.449,108.519,186
SQ:USDJPY,2018-02-09T21:13:00+01:00,108.522,108.525,108.496,108.510,195
SQ:USDJPY,2018-02-09T21:14:00+01:00,108.512,108.538,108.503,108.538,170
SQ:USDJPY,2018-02-09T21:15:00+01:00,108.540,108.543,108.514,108.533,199
SQ:USDJPY,2018-02-09T21:16:00+01:00,108.534,108.574,108.531,108.574,180
SQ:USDJPY,2018-02-09T21:17:00+01:00,108.573,108.575,108.547,108.565,198
SQ:USDJPY,2018-02-09T21:18:00+01:00,108.568,108.573,108.542,108.561,178
SQ:USDJPY,2018-02-09T21:19:00+01:00,108.564,108.567,108.543,108.558,138
SQ:USDJPY,2018-02-09T21:20:00+01:00,108.557,108.590,108.556,108.585,210
SQ:USDJPY,2018-02-09T21:21:00+01:00,108.584,108.585,108.547,108.553,185
SQ:USDJPY,2018-02-09T21:22:00+01:00,108.551,108.592,108.551,108.579,175
SQ:USDJPY,2018-02-09T21:23:00+01:00,108.578,108.603,108.572,108.590,142
SQ:USDJPY,2018-02-09T21:24:00+01:00,108.587,108.600,108.558,108.565,151
SQ:USDJPY,2018-02-09T21:25:00+01:00,108.564,108.568,108.550,108.553,146
SQ:USDJPY,2018-02-09T21:26:00+01:00,108.554,108.597,108.553,108.580,177
SQ:USDJPY,2018-02-09T21:27:00+01:00,108.578,108.601,108.559,108.601,138
SQ:USDJPY,2018-02-09T21:28:00+01:00,108.603,108.684,108.601,108.681,172
SQ:USDJPY,2018-02-09T21:29:00+01:00,108.679,108.679,108.617,108.627,213
SQ:USDJPY,2018-02-09T21:30:00+01:00,108.629,108.658,108.602,108.641,185
SQ:USDJPY,2018-02-09T21:31:00+01:00,108.641,108.655,108.622,108.655,179
SQ:USDJPY,2018-02-09T21:32:00+01:00,108.650,108.705,108.642,108.690,214
SQ:USDJPY,2018-02-09T21:33:00+01:00,108.688,108.709,108.679,108.695,182
SQ:USDJPY,2018-02-09T21:34:00+01:00,108.696,108.696,108.659,108.682,123
SQ:USDJPY,2018-02-09T21:35:00+01:00,108.679,108.692,108.663,108.670,149
SQ:USDJPY,2018-02-09T21:36:00+01:00,108.676,108.680,108.625,108.625,197
SQ:USDJPY,2018-02-09T21:37:00+01:00,108.624,108.683,108.624,108.673,171
SQ:USDJPY,2018-02-09T21:38:00+01:00,108.673,108.695,108.660,108.683,132
SQ:USDJPY,2018-02-09T21:39:00+01:00,108.683,108.683,108.635,108.635,161
SQ:USDJPY,2018-02-09T21:40:00+01:00,108.641,108.681,108.638,108.679,154
SQ:USDJPY,2018-02-09T21:41:00+01:00,108.678,108.693,108.668,108.679,134
SQ:USDJPY,2018-02-09T21:42:00+01:00,108.678,108.702,108.672,108.695,135
SQ:USDJPY,2018-02-09T21:43:00+01:00,108.696,108.700,108.673,108.679,119
SQ:USDJPY,2018-02-09T21:44:00+01:00,108.678,108.698,108.676,108.696,90
SQ:USDJPY,2018-02-09T21:45:00+01:00,108.696,108.723,108.686,108.723,126
SQ:USDJPY,2018-02-09T21:46:00+01:00,108.722,108.734,108.713,108.730,130
SQ:USDJPY,2018-02-09T21:47:00+01:00,108.729,108.755,108.725,108.742,156
SQ:USDJPY,2018-02-09T21:48:00+01:00,108.743,108.852,108.743,108.776,243
SQ:USDJPY,2018-02-09T21:49:00+01:00,108.774,108.799,108.761,108.761,240
SQ:USDJPY,2018-02-09T21:50:00+01:00,108.777,108.833,108.766,108.814,226
SQ:USDJPY,2018-02-09T21:51:00+01:00,108.815,108.853,108.810,108.816,221
SQ:USDJPY,2018-02-09T21:52:00+01:00,108.819,108.826,108.782,108.786,224
SQ:USDJPY,2018-02-09T21:53:00+01:00,108.786,108.805,108.782,108.784,140
SQ:USDJPY,2018-02-09T21:54:00+01:00,108.786,108.818,108.784,108.790,169
SQ:USDJPY,2018-02-09T21:55:00+01:00,108.787,108.837,108.755,108.809,227
SQ:USDJPY,2018-02-09T21:56:00+01:00,108.810,108.821,108.783,108.788,186
SQ:USDJPY,2018-02-09T21:57:00+01:00,108.788,108.802,108.755,108.782,211
SQ:USDJPY,2018-02-09T21:58:00+01:00,108.781,108.790,108.740,108.744,187
SQ:USDJPY,2018-02-09T21:59:00+01:00,108.740,108.795,108.725,108.788,219
SQ:USDJPY,2018-02-09T22:00:00+01:00,108.787,108.827,108.767,108.805,163
SQ:USDJPY,2018-02-09T22:01:00+01:00,108.804,108.815,108.779,108.784,83
SQ:USDJPY,2018-02-09T22:02:00+01:00,108.784,108.792,108.783,108.785,46
SQ:USDJPY,2018-02-09T22:03:00+01:00,108.787,108.818,108.785,108.818,74
SQ:USDJPY,2018-02-09T22:04:00+01:00,108.819,108.830,108.808,108.813,97
SQ:USDJPY,2018-02-09T22:05:00+01:00,108.816,108.825,108.806,108.814,74
SQ:USDJPY,2018-02-09T22:06:00+01:00,108.815,108.831,108.810,108.831,49
SQ:USDJPY,2018-02-09T22:07:00+01:00,108.832,108.840,108.828,108.839,67
SQ:USDJPY,2018-02-09T22:08:00+01:00,108.838,108.844,108.829,108.834,58
SQ:USDJPY,2018-02-09T22:09:00+01:00,108.831,108.831,108.808,108.810,131
SQ:USDJPY,2018-02-09T22:10:00+01:00,108.810,108.820,108.788,108.791,81
SQ:USDJPY,2018-02-09T22:11:00+01:00,108.792,108.820,108.762,108.820,73
SQ:USDJPY,2018-02-09T22:12:00+01:00,108.817,108.817,108.806,108.815,54
SQ:USDJPY,2018-02-09T22:13:00+01:00,108.810,108.818,108.809,108.810,63
SQ:USDJPY,2018-02-09T22:14:00+01:00,108.809,108.812,108.785,108.785,59
SQ:USDJPY,2018-02-09T22:15:00+01:00,108.782,108.794,108.781,108.790,24
SQ:USDJPY,2018-02-09T22:16:00+01:00,108.789,108.789,108.753,108.764,49
SQ:USDJPY,2018-02-09T22:17:00+01:00,108.765,108.767,108.764,108.766,24
SQ:USDJPY,2018-02-09T22:18:00+01:00,108.766,108.766,108.752,108.755,25
SQ:USDJPY,2018-02-09T22:19:00+01:00,108.755,108.778,108.755,108.763,33
SQ:USDJPY,2018-02-09T22:20:00+01:00,108.761,108.778,108.761,108.766,39
SQ:USDJPY,2018-02-09T22:21:00+01:00,108.766,108.766,108.754,108.754,11
SQ:USDJPY,2018-02-09T22:22:00+01:00,108.755,108.756,108.747,108.749,17
SQ:USDJPY,2018-02-09T22:23:00+01:00,108.744,108.765,108.739,108.762,25
SQ:USDJPY,2018-02-09T22:24:00+01:00,108.762,108.792,108.762,108.787,61
SQ:USDJPY,2018-02-09T22:25:00+01:00,108.786,108.794,108.786,108.786,26
SQ:USDJPY,2018-02-09T22:26:00+01:00,108.786,108.786,108.780,108.781,29
SQ:USDJPY,2018-02-09T22:27:00+01:00,108.781,108.786,108.775,108.775,52
SQ:USDJPY,2018-02-09T22:28:00+01:00,108.775,108.780,108.768,108.770,41
SQ:USDJPY,2018-02-09T22:29:00+01:00,108.771,108.793,108.756,108.788,57
SQ:USDJPY,2018-02-09T22:30:00+01:00,108.789,108.799,108.786,108.798,59
SQ:USDJPY,2018-02-09T22:31:00+01:00,108.797,108.798,108.789,108.789,35
SQ:USDJPY,2018-02-09T22:32:00+01:00,108.788,108.792,108.787,108.789,80
SQ:USDJPY,2018-02-09T22:33:00+01:00,108.788,108.790,108.785,108.785,69
SQ:USDJPY,2018-02-09T22:34:00+01:00,108.784,108.789,108.784,108.785,81
SQ:USDJPY,2018-02-09T22:35:00+01:00,108.785,108.788,108.784,108.785,74
SQ:USDJPY,2018-02-09T22:36:00+01:00,108.784,108.785,108.769,108.771,60
SQ:USDJPY,2018-02-09T22:37:00+01:00,108.772,108.781,108.769,108.778,93
SQ:USDJPY,2018-02-09T22:38:00+01:00,108.778,108.779,108.768,108.771,82
SQ:USDJPY,2018-02-09T22:39:00+01:00,108.770,108.784,108.770,108.782,25
SQ:USDJPY,2018-02-09T22:40:00+01:00,108.781,108.809,108.780,108.805,36
SQ:USDJPY,2018-02-09T22:41:00+01:00,108.805,108.811,108.804,108.810,54
SQ:USDJPY,2018-02-09T22:42:00+01:00,108.794,108.796,108.766,108.784,67
SQ:USDJPY,2018-02-09T22:43:00+01:00,108.786,108.804,108.785,108.804,52
SQ:USDJPY,2018-02-09T22:44:00+01:00,108.802,108.803,108.790,108.794,97
SQ:USDJPY,2018-02-09T22:45:00+01:00,108.795,108.795,108.788,108.791,44
SQ:USDJPY,2018-02-09T22:46:00+01:00,108.791,108.792,108.781,108.783,36
SQ:USDJPY,2018-02-09T22:47:00+01:00,108.780,108.787,108.780,108.783,25
SQ:USDJPY,2018-02-09T22:48:00+01:00,108.784,108.795,108.783,108.784,46
SQ:USDJPY,2018-02-09T22:49:00+01:00,108.780,108.780,108.771,108.775,44
SQ:USDJPY,2018-02-09T22:50:00+01:00,108.774,108.793,108.756,108.791,98
SQ:USDJPY,2018-02-09T22:51:00+01:00,108.791,108.791,108.777,108.783,51
SQ:USDJPY,2018-02-09T22:52:00+01:00,108.786,108.790,108.778,108.779,49
SQ:USDJPY,2018-02-09T22:53:00+01:00,108.780,108.790,108.768,108.787,61
SQ:USDJPY,2018-02-09T22:54:00+01:00,108.788,108.799,108.772,108.796,104
SQ:USDJPY,2018-02-09T22:55:00+01:00,108.796,108.807,108.781,108.782,75
SQ:USDJPY,2018-02-09T22:56:00+01:00,108.781,108.788,108.764,108.777,54
SQ:USDJPY,2018-02-09T22:57:00+01:00,108.778,108.793,108.774,108.791,52
