SQ:USDCAD,2018-12-24T00:00:00+01:00,1.35925,1.35925,1.35899,1.35911,22
SQ:USDCAD,2018-12-24T00:01:00+01:00,1.35919,1.35941,1.35911,1.35935,31
SQ:USDCAD,2018-12-24T00:02:00+01:00,1.35942,1.35969,1.35942,1.35960,52
SQ:USDCAD,2018-12-24T00:03:00+01:00,1.35962,1.35970,1.35960,1.35963,30
SQ:USDCAD,2018-12-24T00:04:00+01:00,1.35960,1.35960,1.35957,1.35959,19
SQ:USDCAD,2018-12-24T00:05:00+01:00,1.35958,1.35959,1.35952,1.35956,28
SQ:USDCAD,2018-12-24T00:06:00+01:00,1.35956,1.35958,1.35956,1.35956,14
SQ:USDCAD,2018-12-24T00:07:00+01:00,1.35955,1.35967,1.35955,1.35964,12
SQ:USDCAD,2018-12-24T00:08:00+01:00,1.35964,1.35964,1.35962,1.35962,6
SQ:USDCAD,2018-12-24T00:09:00+01:00,1.35962,1.35962,1.35961,1.35961,4
SQ:USDCAD,2018-12-24T00:10:00+01:00,1.35960,1.35965,1.35960,1.35964,33
SQ:USDCAD,2018-12-24T00:11:00+01:00,1.35964,1.35965,1.35961,1.35962,24
SQ:USDCAD,2018-12-24T00:12:00+01:00,1.35961,1.35967,1.35961,1.35967,9
SQ:USDCAD,2018-12-24T00:13:00+01:00,1.35967,1.35967,1.35959,1.35959,17
SQ:USDCAD,2018-12-24T00:14:00+01:00,1.35959,1.35959,1.35952,1.35952,11
SQ:USDCAD,2018-12-24T00:15:00+01:00,1.35952,1.35953,1.35948,1.35948,8
SQ:USDCAD,2018-12-24T00:16:00+01:00,1.35945,1.35945,1.35940,1.35941,9
SQ:USDCAD,2018-12-24T00:17:00+01:00,1.35940,1.35940,1.35937,1.35939,10
SQ:USDCAD,2018-12-24T00:18:00+01:00,1.35940,1.35944,1.35940,1.35940,19
SQ:USDCAD,2018-12-24T00:19:00+01:00,1.35939,1.35940,1.35938,1.35939,21
SQ:USDCAD,2018-12-24T00:20:00+01:00,1.35939,1.35940,1.35938,1.35940,14
SQ:USDCAD,2018-12-24T00:21:00+01:00,1.35940,1.35940,1.35931,1.35934,27
SQ:USDCAD,2018-12-24T00:22:00+01:00,1.35934,1.35939,1.35934,1.35939,8
SQ:USDCAD,2018-12-24T00:23:00+01:00,1.35939,1.35939,1.35935,1.35935,11
SQ:USDCAD,2018-12-24T00:24:00+01:00,1.35936,1.35936,1.35930,1.35930,13
SQ:USDCAD,2018-12-24T00:25:00+01:00,1.35930,1.35930,1.35923,1.35923,18
SQ:USDCAD,2018-12-24T00:26:00+01:00,1.35923,1.35924,1.35916,1.35923,23
SQ:USDCAD,2018-12-24T00:27:00+01:00,1.35921,1.35923,1.35911,1.35911,20
SQ:USDCAD,2018-12-24T00:28:00+01:00,1.35911,1.35938,1.35911,1.35938,39
SQ:USDCAD,2018-12-24T00:29:00+01:00,1.35938,1.35949,1.35938,1.35949,22
SQ:USDCAD,2018-12-24T00:30:00+01:00,1.35949,1.35953,1.35934,1.35953,35
SQ:USDCAD,2018-12-24T00:31:00+01:00,1.35953,1.35954,1.35953,1.35953,19
SQ:USDCAD,2018-12-24T00:32:00+01:00,1.35955,1.35963,1.35953,1.35963,25
SQ:USDCAD,2018-12-24T00:33:00+01:00,1.35966,1.35967,1.35927,1.35928,49
SQ:USDCAD,2018-12-24T00:34:00+01:00,1.35929,1.35930,1.35920,1.35930,21
SQ:USDCAD,2018-12-24T00:35:00+01:00,1.35929,1.35929,1.35920,1.35920,15
SQ:USDCAD,2018-12-24T00:36:00+01:00,1.35921,1.35925,1.35905,1.35905,21
SQ:USDCAD,2018-12-24T00:37:00+01:00,1.35906,1.35916,1.35906,1.35915,13
SQ:USDCAD,2018-12-24T00:38:00+01:00,1.35915,1.35916,1.35911,1.35912,21
SQ:USDCAD,2018-12-24T00:39:00+01:00,1.35912,1.35915,1.35908,1.35908,17
SQ:USDCAD,2018-12-24T00:40:00+01:00,1.35909,1.35917,1.35905,1.35916,29
SQ:USDCAD,2018-12-24T00:41:00+01:00,1.35919,1.35925,1.35912,1.35918,33
SQ:USDCAD,2018-12-24T00:42:00+01:00,1.35919,1.35945,1.35919,1.35945,44
SQ:USDCAD,2018-12-24T00:43:00+01:00,1.35945,1.35945,1.35938,1.35938,6
SQ:USDCAD,2018-12-24T00:44:00+01:00,1.35938,1.35938,1.35936,1.35937,7
SQ:USDCAD,2018-12-24T00:45:00+01:00,1.35936,1.35959,1.35936,1.35951,47
SQ:USDCAD,2018-12-24T00:46:00+01:00,1.35951,1.35955,1.35937,1.35939,49
SQ:USDCAD,2018-12-24T00:47:00+01:00,1.35939,1.35957,1.35938,1.35940,35
SQ:USDCAD,2018-12-24T00:48:00+01:00,1.35940,1.35941,1.35918,1.35919,31
SQ:USDCAD,2018-12-24T00:49:00+01:00,1.35919,1.35919,1.35918,1.35918,4
SQ:USDCAD,2018-12-24T00:50:00+01:00,1.35918,1.35920,1.35911,1.35914,30
SQ:USDCAD,2018-12-24T00:51:00+01:00,1.35916,1.35946,1.35914,1.35926,46
SQ:USDCAD,2018-12-24T00:52:00+01:00,1.35926,1.35933,1.35916,1.35933,57
SQ:USDCAD,2018-12-24T00:53:00+01:00,1.35934,1.35936,1.35913,1.35920,61
SQ:USDCAD,2018-12-24T00:54:00+01:00,1.35922,1.35931,1.35922,1.35931,19
SQ:USDCAD,2018-12-24T00:55:00+01:00,1.35935,1.35974,1.35935,1.35957,129
SQ:USDCAD,2018-12-24T00:56:00+01:00,1.35960,1.35969,1.35957,1.35962,79
SQ:USDCAD,2018-12-24T00:57:00+01:00,1.35963,1.35963,1.35953,1.35955,23
SQ:USDCAD,2018-12-24T00:58:00+01:00,1.35955,1.35955,1.35952,1.35952,14
SQ:USDCAD,2018-12-24T00:59:00+01:00,1.35953,1.35962,1.35953,1.35958,24
SQ:USDCAD,2018-12-24T01:00:00+01:00,1.35959,1.35959,1.35958,1.35959,3
SQ:USDCAD,2018-12-24T01:01:00+01:00,1.35959,1.35968,1.35959,1.35962,33
SQ:USDCAD,2018-12-24T01:02:00+01:00,1.35962,1.35962,1.35942,1.35943,49
SQ:USDCAD,2018-12-24T01:03:00+01:00,1.35943,1.35943,1.35937,1.35939,25
SQ:USDCAD,2018-12-24T01:04:00+01:00,1.35937,1.35937,1.35931,1.35937,15
SQ:USDCAD,2018-12-24T01:05:00+01:00,1.35938,1.35938,1.35924,1.35925,59
SQ:USDCAD,2018-12-24T01:06:00+01:00,1.35925,1.35934,1.35924,1.35934,17
SQ:USDCAD,2018-12-24T01:07:00+01:00,1.35934,1.35939,1.35926,1.35933,29
SQ:USDCAD,2018-12-24T01:08:00+01:00,1.35934,1.35934,1.35929,1.35932,12
SQ:USDCAD,2018-12-24T01:09:00+01:00,1.35933,1.35937,1.35929,1.35933,26
SQ:USDCAD,2018-12-24T01:10:00+01:00,1.35934,1.35939,1.35927,1.35928,18
SQ:USDCAD,2018-12-24T01:11:00+01:00,1.35928,1.35928,1.35913,1.35913,17
SQ:USDCAD,2018-12-24T01:12:00+01:00,1.35913,1.35924,1.35905,1.35918,28
SQ:USDCAD,2018-12-24T01:13:00+01:00,1.35919,1.35920,1.35915,1.35915,23
SQ:USDCAD,2018-12-24T01:14:00+01:00,1.35915,1.35915,1.35902,1.35904,41
SQ:USDCAD,2018-12-24T01:15:00+01:00,1.35904,1.35909,1.35903,1.35904,48
SQ:USDCAD,2018-12-24T01:16:00+01:00,1.35905,1.35912,1.35903,1.35904,79
SQ:USDCAD,2018-12-24T01:17:00+01:00,1.35908,1.35912,1.35905,1.35907,60
SQ:USDCAD,2018-12-24T01:18:00+01:00,1.35905,1.35905,1.35902,1.35902,10
SQ:USDCAD,2018-12-24T01:19:00+01:00,1.35903,1.35903,1.35856,1.35869,59
SQ:USDCAD,2018-12-24T01:20:00+01:00,1.35868,1.35872,1.35862,1.35869,21
SQ:USDCAD,2018-12-24T01:21:00+01:00,1.35870,1.35878,1.35866,1.35874,78
SQ:USDCAD,2018-12-24T01:22:00+01:00,1.35872,1.35872,1.35855,1.35866,57
SQ:USDCAD,2018-12-24T01:23:00+01:00,1.35865,1.35866,1.35857,1.35857,17
SQ:USDCAD,2018-12-24T01:24:00+01:00,1.35859,1.35863,1.35855,1.35861,24
SQ:USDCAD,2018-12-24T01:25:00+01:00,1.35862,1.35865,1.35843,1.35844,46
SQ:USDCAD,2018-12-24T01:26:00+01:00,1.35844,1.35849,1.35839,1.35844,39
SQ:USDCAD,2018-12-24T01:27:00+01:00,1.35843,1.35848,1.35840,1.35840,18
SQ:USDCAD,2018-12-24T01:28:00+01:00,1.35840,1.35846,1.35840,1.35846,11
SQ:USDCAD,2018-12-24T01:29:00+01:00,1.35847,1.35850,1.35840,1.35840,26
SQ:USDCAD,2018-12-24T01:30:00+01:00,1.35839,1.35839,1.35839,1.35839,2
SQ:USDCAD,2018-12-24T01:31:00+01:00,1.35840,1.35853,1.35840,1.35845,61
SQ:USDCAD,2018-12-24T01:32:00+01:00,1.35844,1.35846,1.35838,1.35838,48
SQ:USDCAD,2018-12-24T01:33:00+01:00,1.35837,1.35840,1.35837,1.35838,21
SQ:USDCAD,2018-12-24T01:34:00+01:00,1.35838,1.35840,1.35831,1.35831,27
SQ:USDCAD,2018-12-24T01:35:00+01:00,1.35830,1.35830,1.35828,1.35829,16
SQ:USDCAD,2018-12-24T01:36:00+01:00,1.35828,1.35831,1.35827,1.35827,24
SQ:USDCAD,2018-12-24T01:37:00+01:00,1.35827,1.35837,1.35827,1.35835,41
SQ:USDCAD,2018-12-24T01:38:00+01:00,1.35834,1.35834,1.35832,1.35834,12
SQ:USDCAD,2018-12-24T01:39:00+01:00,1.35833,1.35839,1.35828,1.35828,18
SQ:USDCAD,2018-12-24T01:40:00+01:00,1.35829,1.35830,1.35828,1.35830,9
SQ:USDCAD,2018-12-24T01:41:00+01:00,1.35831,1.35835,1.35831,1.35834,12
SQ:USDCAD,2018-12-24T01:42:00+01:00,1.35833,1.35833,1.35830,1.35830,10
SQ:USDCAD,2018-12-24T01:43:00+01:00,1.35830,1.35848,1.35829,1.35848,23
SQ:USDCAD,2018-12-24T01:44:00+01:00,1.35848,1.35848,1.35839,1.35843,16
SQ:USDCAD,2018-12-24T01:45:00+01:00,1.35843,1.35843,1.35829,1.35829,20
SQ:USDCAD,2018-12-24T01:46:00+01:00,1.35830,1.35836,1.35830,1.35831,7
SQ:USDCAD,2018-12-24T01:47:00+01:00,1.35833,1.35843,1.35833,1.35839,28
SQ:USDCAD,2018-12-24T01:48:00+01:00,1.35839,1.35849,1.35839,1.35839,25
SQ:USDCAD,2018-12-24T01:49:00+01:00,1.35839,1.35852,1.35839,1.35849,38
SQ:USDCAD,2018-12-24T01:50:00+01:00,1.35849,1.35849,1.35839,1.35839,31
SQ:USDCAD,2018-12-24T01:51:00+01:00,1.35839,1.35839,1.35822,1.35822,42
SQ:USDCAD,2018-12-24T01:52:00+01:00,1.35821,1.35830,1.35821,1.35823,19
SQ:USDCAD,2018-12-24T01:53:00+01:00,1.35822,1.35825,1.35822,1.35822,45
SQ:USDCAD,2018-12-24T01:54:00+01:00,1.35822,1.35822,1.35817,1.35820,45
SQ:USDCAD,2018-12-24T01:55:00+01:00,1.35820,1.35823,1.35820,1.35823,48
SQ:USDCAD,2018-12-24T01:56:00+01:00,1.35823,1.35823,1.35820,1.35820,20
SQ:USDCAD,2018-12-24T01:57:00+01:00,1.35821,1.35821,1.35818,1.35818,29
SQ:USDCAD,2018-12-24T01:58:00+01:00,1.35818,1.35819,1.35814,1.35819,23
SQ:USDCAD,2018-12-24T01:59:00+01:00,1.35818,1.35831,1.35818,1.35830,28
SQ:USDCAD,2018-12-24T02:00:00+01:00,1.35830,1.35831,1.35809,1.35809,48
SQ:USDCAD,2018-12-24T02:01:00+01:00,1.35807,1.35811,1.35804,1.35805,59
SQ:USDCAD,2018-12-24T02:02:00+01:00,1.35806,1.35812,1.35805,1.35806,17
SQ:USDCAD,2018-12-24T02:03:00+01:00,1.35807,1.35817,1.35805,1.35814,40
SQ:USDCAD,2018-12-24T02:04:00+01:00,1.35816,1.35822,1.35815,1.35822,9
SQ:USDCAD,2018-12-24T02:05:00+01:00,1.35821,1.35821,1.35811,1.35811,19
SQ:USDCAD,2018-12-24T02:06:00+01:00,1.35814,1.35820,1.35811,1.35816,57
SQ:USDCAD,2018-12-24T02:07:00+01:00,1.35815,1.35821,1.35814,1.35819,34
SQ:USDCAD,2018-12-24T02:08:00+01:00,1.35821,1.35823,1.35819,1.35821,23
SQ:USDCAD,2018-12-24T02:09:00+01:00,1.35822,1.35834,1.35822,1.35830,25
SQ:USDCAD,2018-12-24T02:10:00+01:00,1.35829,1.35830,1.35823,1.35825,21
SQ:USDCAD,2018-12-24T02:11:00+01:00,1.35826,1.35830,1.35825,1.35829,14
SQ:USDCAD,2018-12-24T02:12:00+01:00,1.35829,1.35829,1.35820,1.35821,28
SQ:USDCAD,2018-12-24T02:13:00+01:00,1.35821,1.35823,1.35819,1.35822,21
SQ:USDCAD,2018-12-24T02:14:00+01:00,1.35821,1.35822,1.35798,1.35798,52
SQ:USDCAD,2018-12-24T02:15:00+01:00,1.35800,1.35822,1.35798,1.35822,58
SQ:USDCAD,2018-12-24T02:16:00+01:00,1.35820,1.35823,1.35819,1.35821,28
SQ:USDCAD,2018-12-24T02:17:00+01:00,1.35822,1.35822,1.35820,1.35822,16
SQ:USDCAD,2018-12-24T02:18:00+01:00,1.35822,1.35823,1.35817,1.35822,27
SQ:USDCAD,2018-12-24T02:19:00+01:00,1.35824,1.35828,1.35820,1.35828,14
SQ:USDCAD,2018-12-24T02:20:00+01:00,1.35827,1.35828,1.35825,1.35827,87
SQ:USDCAD,2018-12-24T02:21:00+01:00,1.35826,1.35826,1.35820,1.35821,31
SQ:USDCAD,2018-12-24T02:22:00+01:00,1.35820,1.35827,1.35820,1.35823,22
SQ:USDCAD,2018-12-24T02:23:00+01:00,1.35822,1.35829,1.35822,1.35826,31
SQ:USDCAD,2018-12-24T02:24:00+01:00,1.35827,1.35828,1.35824,1.35827,31
SQ:USDCAD,2018-12-24T02:25:00+01:00,1.35828,1.35843,1.35827,1.35842,20
SQ:USDCAD,2018-12-24T02:26:00+01:00,1.35841,1.35841,1.35831,1.35832,30
SQ:USDCAD,2018-12-24T02:27:00+01:00,1.35833,1.35834,1.35818,1.35822,39
SQ:USDCAD,2018-12-24T02:28:00+01:00,1.35818,1.35822,1.35817,1.35820,22
SQ:USDCAD,2018-12-24T02:29:00+01:00,1.35819,1.35822,1.35819,1.35821,25
SQ:USDCAD,2018-12-24T02:30:00+01:00,1.35822,1.35830,1.35820,1.35823,29
SQ:USDCAD,2018-12-24T02:31:00+01:00,1.35824,1.35829,1.35824,1.35827,34
SQ:USDCAD,2018-12-24T02:32:00+01:00,1.35828,1.35832,1.35823,1.35828,39
SQ:USDCAD,2018-12-24T02:33:00+01:00,1.35829,1.35829,1.35817,1.35820,36
SQ:USDCAD,2018-12-24T02:34:00+01:00,1.35820,1.35823,1.35818,1.35823,21
SQ:USDCAD,2018-12-24T02:35:00+01:00,1.35822,1.35824,1.35822,1.35823,16
SQ:USDCAD,2018-12-24T02:36:00+01:00,1.35822,1.35830,1.35822,1.35826,24
SQ:USDCAD,2018-12-24T02:37:00+01:00,1.35828,1.35829,1.35825,1.35829,31
SQ:USDCAD,2018-12-24T02:38:00+01:00,1.35830,1.35831,1.35829,1.35830,24
SQ:USDCAD,2018-12-24T02:39:00+01:00,1.35831,1.35832,1.35827,1.35830,46
SQ:USDCAD,2018-12-24T02:40:00+01:00,1.35830,1.35830,1.35825,1.35826,23
SQ:USDCAD,2018-12-24T02:41:00+01:00,1.35827,1.35828,1.35823,1.35824,31
SQ:USDCAD,2018-12-24T02:42:00+01:00,1.35824,1.35826,1.35817,1.35817,13
SQ:USDCAD,2018-12-24T02:43:00+01:00,1.35818,1.35828,1.35817,1.35827,31
SQ:USDCAD,2018-12-24T02:44:00+01:00,1.35828,1.35828,1.35825,1.35825,22
SQ:USDCAD,2018-12-24T02:45:00+01:00,1.35825,1.35825,1.35810,1.35810,51
SQ:USDCAD,2018-12-24T02:46:00+01:00,1.35811,1.35812,1.35802,1.35805,20
SQ:USDCAD,2018-12-24T02:47:00+01:00,1.35806,1.35813,1.35803,1.35807,55
SQ:USDCAD,2018-12-24T02:48:00+01:00,1.35808,1.35808,1.35804,1.35804,9
SQ:USDCAD,2018-12-24T02:49:00+01:00,1.35803,1.35805,1.35803,1.35803,17
SQ:USDCAD,2018-12-24T02:50:00+01:00,1.35804,1.35804,1.35796,1.35798,19
SQ:USDCAD,2018-12-24T02:51:00+01:00,1.35797,1.35801,1.35797,1.35797,40
SQ:USDCAD,2018-12-24T02:52:00+01:00,1.35798,1.35798,1.35797,1.35798,7
SQ:USDCAD,2018-12-24T02:53:00+01:00,1.35797,1.35797,1.35794,1.35794,9
SQ:USDCAD,2018-12-24T02:54:00+01:00,1.35795,1.35796,1.35795,1.35795,19
SQ:USDCAD,2018-12-24T02:55:00+01:00,1.35796,1.35796,1.35795,1.35795,11
SQ:USDCAD,2018-12-24T02:56:00+01:00,1.35796,1.35796,1.35795,1.35796,5
SQ:USDCAD,2018-12-24T02:57:00+01:00,1.35797,1.35797,1.35787,1.35793,17
SQ:USDCAD,2018-12-24T02:58:00+01:00,1.35794,1.35796,1.35792,1.35795,27
SQ:USDCAD,2018-12-24T02:59:00+01:00,1.35794,1.35796,1.35793,1.35794,35
SQ:USDCAD,2018-12-24T03:00:00+01:00,1.35793,1.35797,1.35790,1.35796,39
SQ:USDCAD,2018-12-24T03:01:00+01:00,1.35795,1.35801,1.35795,1.35798,32
SQ:USDCAD,2018-12-24T03:02:00+01:00,1.35797,1.35799,1.35794,1.35794,20
SQ:USDCAD,2018-12-24T03:03:00+01:00,1.35795,1.35795,1.35776,1.35784,39
SQ:USDCAD,2018-12-24T03:04:00+01:00,1.35783,1.35785,1.35782,1.35785,41
SQ:USDCAD,2018-12-24T03:05:00+01:00,1.35786,1.35787,1.35780,1.35785,40
SQ:USDCAD,2018-12-24T03:06:00+01:00,1.35786,1.35786,1.35779,1.35781,24
SQ:USDCAD,2018-12-24T03:07:00+01:00,1.35782,1.35783,1.35763,1.35764,18
SQ:USDCAD,2018-12-24T03:08:00+01:00,1.35765,1.35768,1.35764,1.35766,13
SQ:USDCAD,2018-12-24T03:09:00+01:00,1.35765,1.35774,1.35765,1.35774,10
SQ:USDCAD,2018-12-24T03:10:00+01:00,1.35773,1.35774,1.35763,1.35763,27
SQ:USDCAD,2018-12-24T03:11:00+01:00,1.35763,1.35764,1.35755,1.35755,21
SQ:USDCAD,2018-12-24T03:12:00+01:00,1.35756,1.35767,1.35754,1.35765,24
SQ:USDCAD,2018-12-24T03:13:00+01:00,1.35765,1.35767,1.35764,1.35765,11
SQ:USDCAD,2018-12-24T03:14:00+01:00,1.35765,1.35765,1.35756,1.35756,15
SQ:USDCAD,2018-12-24T03:15:00+01:00,1.35756,1.35765,1.35756,1.35765,16
SQ:USDCAD,2018-12-24T03:16:00+01:00,1.35766,1.35766,1.35764,1.35764,3
SQ:USDCAD,2018-12-24T03:17:00+01:00,1.35764,1.35765,1.35764,1.35765,4
SQ:USDCAD,2018-12-24T03:18:00+01:00,1.35765,1.35770,1.35765,1.35765,10
SQ:USDCAD,2018-12-24T03:19:00+01:00,1.35764,1.35764,1.35764,1.35764,7
SQ:USDCAD,2018-12-24T03:20:00+01:00,1.35764,1.35766,1.35764,1.35765,6
SQ:USDCAD,2018-12-24T03:21:00+01:00,1.35766,1.35767,1.35765,1.35766,8
SQ:USDCAD,2018-12-24T03:22:00+01:00,1.35765,1.35765,1.35757,1.35757,10
SQ:USDCAD,2018-12-24T03:23:00+01:00,1.35757,1.35757,1.35755,1.35756,6
SQ:USDCAD,2018-12-24T03:24:00+01:00,1.35755,1.35755,1.35750,1.35750,12
SQ:USDCAD,2018-12-24T03:25:00+01:00,1.35750,1.35753,1.35744,1.35745,19
SQ:USDCAD,2018-12-24T03:26:00+01:00,1.35745,1.35745,1.35740,1.35741,11
SQ:USDCAD,2018-12-24T03:27:00+01:00,1.35740,1.35740,1.35716,1.35716,36
SQ:USDCAD,2018-12-24T03:28:00+01:00,1.35715,1.35718,1.35714,1.35717,15
SQ:USDCAD,2018-12-24T03:29:00+01:00,1.35717,1.35718,1.35717,1.35718,9
SQ:USDCAD,2018-12-24T03:30:00+01:00,1.35717,1.35718,1.35714,1.35714,25
SQ:USDCAD,2018-12-24T03:31:00+01:00,1.35715,1.35718,1.35715,1.35718,6
SQ:USDCAD,2018-12-24T03:32:00+01:00,1.35717,1.35727,1.35717,1.35726,32
SQ:USDCAD,2018-12-24T03:33:00+01:00,1.35725,1.35727,1.35724,1.35727,20
SQ:USDCAD,2018-12-24T03:34:00+01:00,1.35726,1.35727,1.35725,1.35726,12
SQ:USDCAD,2018-12-24T03:35:00+01:00,1.35725,1.35725,1.35724,1.35725,6
SQ:USDCAD,2018-12-24T03:36:00+01:00,1.35724,1.35724,1.35713,1.35717,13
SQ:USDCAD,2018-12-24T03:37:00+01:00,1.35718,1.35725,1.35711,1.35714,22
SQ:USDCAD,2018-12-24T03:38:00+01:00,1.35713,1.35715,1.35699,1.35699,25
SQ:USDCAD,2018-12-24T03:39:00+01:00,1.35699,1.35699,1.35699,1.35699,2
SQ:USDCAD,2018-12-24T03:40:00+01:00,1.35699,1.35699,1.35699,1.35699,1
SQ:USDCAD,2018-12-24T03:41:00+01:00,1.35699,1.35700,1.35698,1.35698,16
SQ:USDCAD,2018-12-24T03:42:00+01:00,1.35699,1.35700,1.35699,1.35699,8
SQ:USDCAD,2018-12-24T03:43:00+01:00,1.35699,1.35699,1.35697,1.35697,15
SQ:USDCAD,2018-12-24T03:44:00+01:00,1.35696,1.35696,1.35695,1.35696,3
SQ:USDCAD,2018-12-24T03:45:00+01:00,1.35689,1.35696,1.35687,1.35696,14
SQ:USDCAD,2018-12-24T03:46:00+01:00,1.35695,1.35698,1.35695,1.35697,22
SQ:USDCAD,2018-12-24T03:47:00+01:00,1.35698,1.35699,1.35697,1.35698,9
SQ:USDCAD,2018-12-24T03:48:00+01:00,1.35700,1.35706,1.35699,1.35705,14
SQ:USDCAD,2018-12-24T03:49:00+01:00,1.35701,1.35701,1.35700,1.35700,6
SQ:USDCAD,2018-12-24T03:50:00+01:00,1.35699,1.35699,1.35691,1.35691,12
SQ:USDCAD,2018-12-24T03:51:00+01:00,1.35691,1.35694,1.35678,1.35680,42
SQ:USDCAD,2018-12-24T03:52:00+01:00,1.35680,1.35681,1.35663,1.35663,51
SQ:USDCAD,2018-12-24T03:53:00+01:00,1.35663,1.35671,1.35653,1.35671,44
SQ:USDCAD,2018-12-24T03:54:00+01:00,1.35671,1.35672,1.35669,1.35670,29
SQ:USDCAD,2018-12-24T03:55:00+01:00,1.35670,1.35680,1.35670,1.35678,25
SQ:USDCAD,2018-12-24T03:56:00+01:00,1.35678,1.35680,1.35678,1.35679,31
SQ:USDCAD,2018-12-24T03:57:00+01:00,1.35679,1.35697,1.35679,1.35697,27
SQ:USDCAD,2018-12-24T03:58:00+01:00,1.35698,1.35700,1.35694,1.35699,32
SQ:USDCAD,2018-12-24T03:59:00+01:00,1.35698,1.35698,1.35697,1.35697,25
SQ:USDCAD,2018-12-24T04:00:00+01:00,1.35697,1.35697,1.35689,1.35690,21
SQ:USDCAD,2018-12-24T04:01:00+01:00,1.35689,1.35697,1.35658,1.35658,40
SQ:USDCAD,2018-12-24T04:02:00+01:00,1.35657,1.35664,1.35656,1.35661,35
SQ:USDCAD,2018-12-24T04:03:00+01:00,1.35663,1.35675,1.35660,1.35672,23
SQ:USDCAD,2018-12-24T04:04:00+01:00,1.35673,1.35674,1.35664,1.35667,20
SQ:USDCAD,2018-12-24T04:05:00+01:00,1.35666,1.35675,1.35662,1.35675,26
SQ:USDCAD,2018-12-24T04:06:00+01:00,1.35675,1.35675,1.35674,1.35674,6
SQ:USDCAD,2018-12-24T04:07:00+01:00,1.35674,1.35675,1.35673,1.35673,10
SQ:USDCAD,2018-12-24T04:08:00+01:00,1.35674,1.35676,1.35673,1.35675,7
SQ:USDCAD,2018-12-24T04:09:00+01:00,1.35678,1.35683,1.35678,1.35683,5
SQ:USDCAD,2018-12-24T04:10:00+01:00,1.35684,1.35685,1.35684,1.35684,3
SQ:USDCAD,2018-12-24T04:11:00+01:00,1.35687,1.35689,1.35687,1.35689,4
SQ:USDCAD,2018-12-24T04:12:00+01:00,1.35691,1.35691,1.35689,1.35691,5
SQ:USDCAD,2018-12-24T04:13:00+01:00,1.35690,1.35690,1.35689,1.35690,7
SQ:USDCAD,2018-12-24T04:14:00+01:00,1.35688,1.35693,1.35688,1.35689,8
SQ:USDCAD,2018-12-24T04:15:00+01:00,1.35689,1.35689,1.35673,1.35673,16
SQ:USDCAD,2018-12-24T04:16:00+01:00,1.35675,1.35675,1.35671,1.35671,10
SQ:USDCAD,2018-12-24T04:17:00+01:00,1.35671,1.35671,1.35657,1.35667,20
SQ:USDCAD,2018-12-24T04:18:00+01:00,1.35667,1.35672,1.35660,1.35672,21
SQ:USDCAD,2018-12-24T04:19:00+01:00,1.35672,1.35672,1.35662,1.35663,13
SQ:USDCAD,2018-12-24T04:20:00+01:00,1.35663,1.35671,1.35663,1.35667,8
SQ:USDCAD,2018-12-24T04:21:00+01:00,1.35668,1.35668,1.35668,1.35668,1
SQ:USDCAD,2018-12-24T04:22:00+01:00,1.35671,1.35673,1.35671,1.35673,3
SQ:USDCAD,2018-12-24T04:23:00+01:00,1.35672,1.35678,1.35672,1.35678,8
SQ:USDCAD,2018-12-24T04:24:00+01:00,1.35679,1.35683,1.35679,1.35682,7
SQ:USDCAD,2018-12-24T04:25:00+01:00,1.35681,1.35682,1.35681,1.35681,7
SQ:USDCAD,2018-12-24T04:26:00+01:00,1.35681,1.35682,1.35681,1.35682,2
SQ:USDCAD,2018-12-24T04:27:00+01:00,1.35681,1.35685,1.35679,1.35680,27
SQ:USDCAD,2018-12-24T04:28:00+01:00,1.35682,1.35686,1.35682,1.35682,21
SQ:USDCAD,2018-12-24T04:29:00+01:00,1.35682,1.35682,1.35681,1.35682,12
SQ:USDCAD,2018-12-24T04:30:00+01:00,1.35683,1.35684,1.35673,1.35677,14
SQ:USDCAD,2018-12-24T04:31:00+01:00,1.35679,1.35685,1.35679,1.35681,16
SQ:USDCAD,2018-12-24T04:32:00+01:00,1.35680,1.35681,1.35680,1.35681,2
SQ:USDCAD,2018-12-24T04:33:00+01:00,1.35683,1.35684,1.35681,1.35684,5
SQ:USDCAD,2018-12-24T04:34:00+01:00,1.35686,1.35687,1.35686,1.35687,4
SQ:USDCAD,2018-12-24T04:35:00+01:00,1.35687,1.35687,1.35687,1.35687,2
SQ:USDCAD,2018-12-24T04:36:00+01:00,1.35688,1.35688,1.35688,1.35688,2
SQ:USDCAD,2018-12-24T04:37:00+01:00,1.35688,1.35688,1.35688,1.35688,3
SQ:USDCAD,2018-12-24T04:38:00+01:00,1.35688,1.35689,1.35688,1.35688,10
SQ:USDCAD,2018-12-24T04:39:00+01:00,1.35693,1.35703,1.35693,1.35700,7
SQ:USDCAD,2018-12-24T04:40:00+01:00,1.35699,1.35699,1.35697,1.35697,5
SQ:USDCAD,2018-12-24T04:41:00+01:00,1.35695,1.35698,1.35695,1.35697,5
SQ:USDCAD,2018-12-24T04:42:00+01:00,1.35699,1.35699,1.35689,1.35692,9
SQ:USDCAD,2018-12-24T04:43:00+01:00,1.35692,1.35697,1.35692,1.35697,3
SQ:USDCAD,2018-12-24T04:44:00+01:00,1.35698,1.35712,1.35698,1.35712,12
SQ:USDCAD,2018-12-24T04:45:00+01:00,1.35709,1.35726,1.35709,1.35724,40
SQ:USDCAD,2018-12-24T04:46:00+01:00,1.35721,1.35739,1.35719,1.35734,47
SQ:USDCAD,2018-12-24T04:47:00+01:00,1.35734,1.35735,1.35725,1.35726,17
SQ:USDCAD,2018-12-24T04:48:00+01:00,1.35725,1.35727,1.35723,1.35724,16
SQ:USDCAD,2018-12-24T04:49:00+01:00,1.35723,1.35724,1.35715,1.35715,16
SQ:USDCAD,2018-12-24T04:50:00+01:00,1.35714,1.35714,1.35706,1.35711,28
SQ:USDCAD,2018-12-24T04:51:00+01:00,1.35716,1.35717,1.35710,1.35714,19
SQ:USDCAD,2018-12-24T04:52:00+01:00,1.35714,1.35715,1.35706,1.35707,18
SQ:USDCAD,2018-12-24T04:53:00+01:00,1.35708,1.35708,1.35706,1.35707,16
SQ:USDCAD,2018-12-24T04:54:00+01:00,1.35706,1.35712,1.35704,1.35708,50
SQ:USDCAD,2018-12-24T04:55:00+01:00,1.35707,1.35707,1.35706,1.35706,7
SQ:USDCAD,2018-12-24T04:56:00+01:00,1.35706,1.35709,1.35705,1.35706,25
SQ:USDCAD,2018-12-24T04:57:00+01:00,1.35705,1.35705,1.35701,1.35703,8
SQ:USDCAD,2018-12-24T04:58:00+01:00,1.35704,1.35707,1.35704,1.35706,7
SQ:USDCAD,2018-12-24T04:59:00+01:00,1.35706,1.35710,1.35700,1.35707,40
SQ:USDCAD,2018-12-24T05:00:00+01:00,1.35706,1.35708,1.35697,1.35698,12
SQ:USDCAD,2018-12-24T05:01:00+01:00,1.35698,1.35704,1.35696,1.35697,16
SQ:USDCAD,2018-12-24T05:02:00+01:00,1.35698,1.35698,1.35690,1.35693,19
SQ:USDCAD,2018-12-24T05:03:00+01:00,1.35694,1.35694,1.35687,1.35689,19
SQ:USDCAD,2018-12-24T05:04:00+01:00,1.35685,1.35687,1.35681,1.35682,17
SQ:USDCAD,2018-12-24T05:05:00+01:00,1.35681,1.35682,1.35679,1.35680,19
SQ:USDCAD,2018-12-24T05:06:00+01:00,1.35679,1.35680,1.35679,1.35680,4
SQ:USDCAD,2018-12-24T05:07:00+01:00,1.35680,1.35680,1.35679,1.35680,9
SQ:USDCAD,2018-12-24T05:08:00+01:00,1.35676,1.35676,1.35666,1.35671,15
SQ:USDCAD,2018-12-24T05:09:00+01:00,1.35671,1.35671,1.35670,1.35670,6
SQ:USDCAD,2018-12-24T05:10:00+01:00,1.35670,1.35676,1.35670,1.35676,9
SQ:USDCAD,2018-12-24T05:11:00+01:00,1.35676,1.35676,1.35659,1.35667,35
SQ:USDCAD,2018-12-24T05:12:00+01:00,1.35666,1.35667,1.35663,1.35667,22
SQ:USDCAD,2018-12-24T05:13:00+01:00,1.35666,1.35667,1.35663,1.35665,25
SQ:USDCAD,2018-12-24T05:14:00+01:00,1.35666,1.35667,1.35662,1.35663,38
SQ:USDCAD,2018-12-24T05:15:00+01:00,1.35663,1.35670,1.35663,1.35666,36
SQ:USDCAD,2018-12-24T05:16:00+01:00,1.35666,1.35667,1.35662,1.35665,34
SQ:USDCAD,2018-12-24T05:17:00+01:00,1.35666,1.35667,1.35664,1.35666,38
SQ:USDCAD,2018-12-24T05:18:00+01:00,1.35666,1.35680,1.35666,1.35676,29
SQ:USDCAD,2018-12-24T05:19:00+01:00,1.35676,1.35677,1.35675,1.35677,24
SQ:USDCAD,2018-12-24T05:20:00+01:00,1.35676,1.35676,1.35664,1.35668,73
SQ:USDCAD,2018-12-24T05:21:00+01:00,1.35667,1.35667,1.35666,1.35667,30
SQ:USDCAD,2018-12-24T05:22:00+01:00,1.35667,1.35667,1.35662,1.35663,22
SQ:USDCAD,2018-12-24T05:23:00+01:00,1.35663,1.35664,1.35656,1.35657,27
SQ:USDCAD,2018-12-24T05:24:00+01:00,1.35656,1.35662,1.35656,1.35662,51
SQ:USDCAD,2018-12-24T05:25:00+01:00,1.35661,1.35664,1.35660,1.35663,15
SQ:USDCAD,2018-12-24T05:26:00+01:00,1.35664,1.35664,1.35664,1.35664,4
SQ:USDCAD,2018-12-24T05:27:00+01:00,1.35664,1.35669,1.35663,1.35669,21
SQ:USDCAD,2018-12-24T05:28:00+01:00,1.35669,1.35675,1.35667,1.35675,37
SQ:USDCAD,2018-12-24T05:29:00+01:00,1.35675,1.35675,1.35673,1.35674,22
SQ:USDCAD,2018-12-24T05:30:00+01:00,1.35674,1.35686,1.35674,1.35686,27
SQ:USDCAD,2018-12-24T05:31:00+01:00,1.35686,1.35688,1.35682,1.35682,30
SQ:USDCAD,2018-12-24T05:32:00+01:00,1.35682,1.35682,1.35680,1.35680,31
SQ:USDCAD,2018-12-24T05:33:00+01:00,1.35680,1.35680,1.35680,1.35680,4
SQ:USDCAD,2018-12-24T05:34:00+01:00,1.35680,1.35681,1.35663,1.35664,26
SQ:USDCAD,2018-12-24T05:35:00+01:00,1.35663,1.35669,1.35662,1.35668,23
SQ:USDCAD,2018-12-24T05:36:00+01:00,1.35668,1.35668,1.35663,1.35664,11
SQ:USDCAD,2018-12-24T05:37:00+01:00,1.35663,1.35663,1.35663,1.35663,1
SQ:USDCAD,2018-12-24T05:38:00+01:00,1.35662,1.35667,1.35662,1.35667,10
SQ:USDCAD,2018-12-24T05:39:00+01:00,1.35666,1.35673,1.35665,1.35671,21
SQ:USDCAD,2018-12-24T05:40:00+01:00,1.35671,1.35673,1.35671,1.35671,27
SQ:USDCAD,2018-12-24T05:41:00+01:00,1.35671,1.35674,1.35669,1.35672,20
SQ:USDCAD,2018-12-24T05:42:00+01:00,1.35671,1.35672,1.35668,1.35668,16
SQ:USDCAD,2018-12-24T05:43:00+01:00,1.35669,1.35670,1.35668,1.35669,11
SQ:USDCAD,2018-12-24T05:44:00+01:00,1.35670,1.35671,1.35670,1.35670,3
SQ:USDCAD,2018-12-24T05:45:00+01:00,1.35668,1.35669,1.35667,1.35669,4
SQ:USDCAD,2018-12-24T05:46:00+01:00,1.35670,1.35672,1.35670,1.35672,15
SQ:USDCAD,2018-12-24T05:47:00+01:00,1.35671,1.35673,1.35670,1.35670,15
SQ:USDCAD,2018-12-24T05:48:00+01:00,1.35672,1.35673,1.35669,1.35672,26
SQ:USDCAD,2018-12-24T05:49:00+01:00,1.35672,1.35673,1.35670,1.35672,12
SQ:USDCAD,2018-12-24T05:50:00+01:00,1.35672,1.35672,1.35672,1.35672,8
SQ:USDCAD,2018-12-24T05:51:00+01:00,1.35672,1.35673,1.35668,1.35672,11
SQ:USDCAD,2018-12-24T05:52:00+01:00,1.35673,1.35674,1.35673,1.35674,6
SQ:USDCAD,2018-12-24T05:53:00+01:00,1.35673,1.35682,1.35673,1.35682,8
SQ:USDCAD,2018-12-24T05:54:00+01:00,1.35683,1.35690,1.35683,1.35690,9
SQ:USDCAD,2018-12-24T05:55:00+01:00,1.35691,1.35691,1.35684,1.35684,6
SQ:USDCAD,2018-12-24T05:56:00+01:00,1.35684,1.35684,1.35680,1.35683,8
SQ:USDCAD,2018-12-24T05:57:00+01:00,1.35683,1.35683,1.35679,1.35679,8
SQ:USDCAD,2018-12-24T05:58:00+01:00,1.35676,1.35679,1.35675,1.35677,15
SQ:USDCAD,2018-12-24T05:59:00+01:00,1.35677,1.35682,1.35676,1.35682,31
SQ:USDCAD,2018-12-24T06:00:00+01:00,1.35681,1.35683,1.35680,1.35683,10
SQ:USDCAD,2018-12-24T06:01:00+01:00,1.35683,1.35683,1.35682,1.35683,9
SQ:USDCAD,2018-12-24T06:02:00+01:00,1.35683,1.35689,1.35683,1.35689,9
SQ:USDCAD,2018-12-24T06:03:00+01:00,1.35689,1.35703,1.35689,1.35702,25
SQ:USDCAD,2018-12-24T06:04:00+01:00,1.35701,1.35701,1.35699,1.35699,11
SQ:USDCAD,2018-12-24T06:05:00+01:00,1.35699,1.35701,1.35699,1.35701,5
SQ:USDCAD,2018-12-24T06:06:00+01:00,1.35702,1.35703,1.35702,1.35702,5
SQ:USDCAD,2018-12-24T06:07:00+01:00,1.35704,1.35704,1.35697,1.35702,16
SQ:USDCAD,2018-12-24T06:08:00+01:00,1.35704,1.35705,1.35702,1.35703,12
SQ:USDCAD,2018-12-24T06:09:00+01:00,1.35703,1.35703,1.35700,1.35700,9
SQ:USDCAD,2018-12-24T06:10:00+01:00,1.35701,1.35702,1.35701,1.35701,11
SQ:USDCAD,2018-12-24T06:11:00+01:00,1.35700,1.35712,1.35700,1.35711,13
SQ:USDCAD,2018-12-24T06:12:00+01:00,1.35711,1.35711,1.35711,1.35711,2
SQ:USDCAD,2018-12-24T06:13:00+01:00,1.35711,1.35711,1.35711,1.35711,3
SQ:USDCAD,2018-12-24T06:14:00+01:00,1.35711,1.35711,1.35697,1.35702,24
SQ:USDCAD,2018-12-24T06:15:00+01:00,1.35702,1.35712,1.35702,1.35708,11
SQ:USDCAD,2018-12-24T06:16:00+01:00,1.35708,1.35711,1.35708,1.35711,12
SQ:USDCAD,2018-12-24T06:17:00+01:00,1.35711,1.35712,1.35711,1.35712,11
SQ:USDCAD,2018-12-24T06:18:00+01:00,1.35712,1.35718,1.35712,1.35718,14
SQ:USDCAD,2018-12-24T06:19:00+01:00,1.35720,1.35720,1.35719,1.35719,7
SQ:USDCAD,2018-12-24T06:20:00+01:00,1.35719,1.35720,1.35719,1.35720,7
SQ:USDCAD,2018-12-24T06:21:00+01:00,1.35719,1.35719,1.35715,1.35715,24
SQ:USDCAD,2018-12-24T06:22:00+01:00,1.35717,1.35720,1.35717,1.35720,6
SQ:USDCAD,2018-12-24T06:23:00+01:00,1.35715,1.35719,1.35715,1.35719,11
SQ:USDCAD,2018-12-24T06:24:00+01:00,1.35720,1.35720,1.35719,1.35719,4
SQ:USDCAD,2018-12-24T06:25:00+01:00,1.35719,1.35720,1.35715,1.35715,7
SQ:USDCAD,2018-12-24T06:26:00+01:00,1.35714,1.35718,1.35712,1.35717,12
SQ:USDCAD,2018-12-24T06:27:00+01:00,1.35716,1.35718,1.35700,1.35700,22
SQ:USDCAD,2018-12-24T06:28:00+01:00,1.35699,1.35706,1.35699,1.35705,13
SQ:USDCAD,2018-12-24T06:29:00+01:00,1.35707,1.35707,1.35706,1.35707,4
SQ:USDCAD,2018-12-24T06:30:00+01:00,1.35706,1.35709,1.35703,1.35709,15
SQ:USDCAD,2018-12-24T06:31:00+01:00,1.35709,1.35709,1.35701,1.35701,11
SQ:USDCAD,2018-12-24T06:32:00+01:00,1.35707,1.35720,1.35707,1.35720,14
SQ:USDCAD,2018-12-24T06:33:00+01:00,1.35719,1.35729,1.35718,1.35729,25
SQ:USDCAD,2018-12-24T06:34:00+01:00,1.35729,1.35729,1.35718,1.35718,14
SQ:USDCAD,2018-12-24T06:35:00+01:00,1.35718,1.35720,1.35718,1.35720,5
SQ:USDCAD,2018-12-24T06:36:00+01:00,1.35724,1.35729,1.35724,1.35729,8
SQ:USDCAD,2018-12-24T06:37:00+01:00,1.35730,1.35739,1.35730,1.35735,14
SQ:USDCAD,2018-12-24T06:38:00+01:00,1.35735,1.35735,1.35735,1.35735,1
SQ:USDCAD,2018-12-24T06:39:00+01:00,1.35733,1.35734,1.35728,1.35728,8
SQ:USDCAD,2018-12-24T06:40:00+01:00,1.35728,1.35737,1.35728,1.35737,6
SQ:USDCAD,2018-12-24T06:41:00+01:00,1.35739,1.35748,1.35739,1.35748,11
SQ:USDCAD,2018-12-24T06:42:00+01:00,1.35747,1.35748,1.35747,1.35748,2
SQ:USDCAD,2018-12-24T06:43:00+01:00,1.35748,1.35748,1.35748,1.35748,1
SQ:USDCAD,2018-12-24T06:44:00+01:00,1.35748,1.35748,1.35748,1.35748,2
SQ:USDCAD,2018-12-24T06:45:00+01:00,1.35748,1.35748,1.35745,1.35747,13
SQ:USDCAD,2018-12-24T06:46:00+01:00,1.35747,1.35761,1.35747,1.35759,16
SQ:USDCAD,2018-12-24T06:47:00+01:00,1.35759,1.35762,1.35755,1.35755,19
SQ:USDCAD,2018-12-24T06:48:00+01:00,1.35754,1.35763,1.35754,1.35763,19
SQ:USDCAD,2018-12-24T06:49:00+01:00,1.35764,1.35764,1.35756,1.35756,14
SQ:USDCAD,2018-12-24T06:50:00+01:00,1.35755,1.35755,1.35754,1.35754,3
SQ:USDCAD,2018-12-24T06:51:00+01:00,1.35755,1.35756,1.35754,1.35756,6
SQ:USDCAD,2018-12-24T06:52:00+01:00,1.35756,1.35756,1.35750,1.35750,11
SQ:USDCAD,2018-12-24T06:53:00+01:00,1.35752,1.35752,1.35750,1.35750,17
SQ:USDCAD,2018-12-24T06:54:00+01:00,1.35750,1.35754,1.35750,1.35754,18
SQ:USDCAD,2018-12-24T06:55:00+01:00,1.35753,1.35755,1.35753,1.35754,4
SQ:USDCAD,2018-12-24T06:56:00+01:00,1.35755,1.35755,1.35752,1.35752,6
SQ:USDCAD,2018-12-24T06:57:00+01:00,1.35751,1.35752,1.35750,1.35751,7
SQ:USDCAD,2018-12-24T06:58:00+01:00,1.35749,1.35750,1.35745,1.35746,10
SQ:USDCAD,2018-12-24T06:59:00+01:00,1.35745,1.35745,1.35734,1.35734,24
SQ:USDCAD,2018-12-24T07:00:00+01:00,1.35735,1.35744,1.35731,1.35744,42
SQ:USDCAD,2018-12-24T07:01:00+01:00,1.35743,1.35747,1.35743,1.35746,9
SQ:USDCAD,2018-12-24T07:02:00+01:00,1.35747,1.35755,1.35745,1.35755,11
SQ:USDCAD,2018-12-24T07:03:00+01:00,1.35754,1.35764,1.35753,1.35764,22
SQ:USDCAD,2018-12-24T07:04:00+01:00,1.35764,1.35775,1.35764,1.35774,18
SQ:USDCAD,2018-12-24T07:05:00+01:00,1.35775,1.35780,1.35763,1.35769,38
SQ:USDCAD,2018-12-24T07:06:00+01:00,1.35771,1.35771,1.35764,1.35764,11
SQ:USDCAD,2018-12-24T07:07:00+01:00,1.35764,1.35771,1.35764,1.35771,7
SQ:USDCAD,2018-12-24T07:08:00+01:00,1.35770,1.35775,1.35769,1.35771,19
SQ:USDCAD,2018-12-24T07:09:00+01:00,1.35771,1.35771,1.35765,1.35765,14
SQ:USDCAD,2018-12-24T07:10:00+01:00,1.35765,1.35765,1.35762,1.35762,13
SQ:USDCAD,2018-12-24T07:11:00+01:00,1.35765,1.35765,1.35755,1.35763,26
SQ:USDCAD,2018-12-24T07:12:00+01:00,1.35762,1.35765,1.35762,1.35763,26
SQ:USDCAD,2018-12-24T07:13:00+01:00,1.35763,1.35764,1.35761,1.35761,13
SQ:USDCAD,2018-12-24T07:14:00+01:00,1.35761,1.35763,1.35761,1.35762,17
SQ:USDCAD,2018-12-24T07:15:00+01:00,1.35762,1.35762,1.35761,1.35762,14
SQ:USDCAD,2018-12-24T07:16:00+01:00,1.35761,1.35762,1.35759,1.35762,18
SQ:USDCAD,2018-12-24T07:17:00+01:00,1.35763,1.35771,1.35763,1.35770,19
SQ:USDCAD,2018-12-24T07:18:00+01:00,1.35771,1.35776,1.35770,1.35775,11
SQ:USDCAD,2018-12-24T07:19:00+01:00,1.35776,1.35790,1.35776,1.35790,29
SQ:USDCAD,2018-12-24T07:20:00+01:00,1.35789,1.35791,1.35787,1.35788,27
SQ:USDCAD,2018-12-24T07:21:00+01:00,1.35787,1.35791,1.35787,1.35790,16
SQ:USDCAD,2018-12-24T07:22:00+01:00,1.35792,1.35792,1.35790,1.35791,10
SQ:USDCAD,2018-12-24T07:23:00+01:00,1.35792,1.35793,1.35788,1.35789,19
SQ:USDCAD,2018-12-24T07:24:00+01:00,1.35790,1.35791,1.35781,1.35782,11
SQ:USDCAD,2018-12-24T07:25:00+01:00,1.35780,1.35787,1.35780,1.35786,9
SQ:USDCAD,2018-12-24T07:26:00+01:00,1.35787,1.35787,1.35782,1.35782,6
SQ:USDCAD,2018-12-24T07:27:00+01:00,1.35782,1.35782,1.35773,1.35773,14
SQ:USDCAD,2018-12-24T07:28:00+01:00,1.35773,1.35776,1.35772,1.35776,9
SQ:USDCAD,2018-12-24T07:29:00+01:00,1.35779,1.35791,1.35779,1.35789,18
SQ:USDCAD,2018-12-24T07:30:00+01:00,1.35789,1.35799,1.35789,1.35799,14
SQ:USDCAD,2018-12-24T07:31:00+01:00,1.35801,1.35801,1.35800,1.35800,18
SQ:USDCAD,2018-12-24T07:32:00+01:00,1.35800,1.35800,1.35794,1.35798,13
SQ:USDCAD,2018-12-24T07:33:00+01:00,1.35801,1.35801,1.35800,1.35800,8
SQ:USDCAD,2018-12-24T07:34:00+01:00,1.35798,1.35802,1.35798,1.35802,6
SQ:USDCAD,2018-12-24T07:35:00+01:00,1.35802,1.35810,1.35801,1.35810,10
SQ:USDCAD,2018-12-24T07:36:00+01:00,1.35811,1.35813,1.35811,1.35813,4
SQ:USDCAD,2018-12-24T07:37:00+01:00,1.35813,1.35814,1.35813,1.35813,3
SQ:USDCAD,2018-12-24T07:38:00+01:00,1.35813,1.35813,1.35813,1.35813,2
SQ:USDCAD,2018-12-24T07:39:00+01:00,1.35813,1.35813,1.35813,1.35813,1
SQ:USDCAD,2018-12-24T07:40:00+01:00,1.35813,1.35814,1.35813,1.35814,21
SQ:USDCAD,2018-12-24T07:41:00+01:00,1.35814,1.35814,1.35805,1.35805,8
SQ:USDCAD,2018-12-24T07:42:00+01:00,1.35805,1.35815,1.35805,1.35814,27
SQ:USDCAD,2018-12-24T07:43:00+01:00,1.35814,1.35814,1.35813,1.35813,15
SQ:USDCAD,2018-12-24T07:44:00+01:00,1.35813,1.35814,1.35813,1.35814,12
SQ:USDCAD,2018-12-24T07:45:00+01:00,1.35814,1.35814,1.35814,1.35814,21
SQ:USDCAD,2018-12-24T07:46:00+01:00,1.35814,1.35816,1.35813,1.35813,10
SQ:USDCAD,2018-12-24T07:47:00+01:00,1.35815,1.35815,1.35815,1.35815,8
SQ:USDCAD,2018-12-24T07:48:00+01:00,1.35815,1.35815,1.35811,1.35815,16
SQ:USDCAD,2018-12-24T07:49:00+01:00,1.35815,1.35815,1.35815,1.35815,7
SQ:USDCAD,2018-12-24T07:50:00+01:00,1.35815,1.35828,1.35815,1.35825,27
SQ:USDCAD,2018-12-24T07:51:00+01:00,1.35825,1.35834,1.35825,1.35833,28
SQ:USDCAD,2018-12-24T07:52:00+01:00,1.35833,1.35843,1.35833,1.35843,51
SQ:USDCAD,2018-12-24T07:53:00+01:00,1.35843,1.35843,1.35843,1.35843,48
SQ:USDCAD,2018-12-24T07:54:00+01:00,1.35843,1.35844,1.35843,1.35844,55
SQ:USDCAD,2018-12-24T07:55:00+01:00,1.35844,1.35844,1.35844,1.35844,11
SQ:USDCAD,2018-12-24T07:56:00+01:00,1.35844,1.35847,1.35844,1.35847,10
SQ:USDCAD,2018-12-24T07:57:00+01:00,1.35847,1.35847,1.35844,1.35845,15
SQ:USDCAD,2018-12-24T07:58:00+01:00,1.35845,1.35845,1.35843,1.35844,13
SQ:USDCAD,2018-12-24T07:59:00+01:00,1.35844,1.35845,1.35844,1.35845,3
SQ:USDCAD,2018-12-24T08:00:00+01:00,1.35839,1.35845,1.35821,1.35835,69
SQ:USDCAD,2018-12-24T08:01:00+01:00,1.35835,1.35850,1.35835,1.35844,35
SQ:USDCAD,2018-12-24T08:02:00+01:00,1.35844,1.35852,1.35843,1.35843,38
SQ:USDCAD,2018-12-24T08:03:00+01:00,1.35843,1.35843,1.35832,1.35833,28
SQ:USDCAD,2018-12-24T08:04:00+01:00,1.35833,1.35833,1.35811,1.35813,58
SQ:USDCAD,2018-12-24T08:05:00+01:00,1.35813,1.35823,1.35803,1.35823,29
SQ:USDCAD,2018-12-24T08:06:00+01:00,1.35824,1.35834,1.35819,1.35833,38
SQ:USDCAD,2018-12-24T08:07:00+01:00,1.35836,1.35838,1.35829,1.35835,37
SQ:USDCAD,2018-12-24T08:08:00+01:00,1.35836,1.35836,1.35823,1.35824,25
SQ:USDCAD,2018-12-24T08:09:00+01:00,1.35824,1.35835,1.35823,1.35835,22
SQ:USDCAD,2018-12-24T08:10:00+01:00,1.35835,1.35848,1.35835,1.35842,30
SQ:USDCAD,2018-12-24T08:11:00+01:00,1.35844,1.35848,1.35842,1.35842,26
SQ:USDCAD,2018-12-24T08:12:00+01:00,1.35843,1.35854,1.35843,1.35850,44
SQ:USDCAD,2018-12-24T08:13:00+01:00,1.35850,1.35857,1.35849,1.35857,17
SQ:USDCAD,2018-12-24T08:14:00+01:00,1.35858,1.35859,1.35851,1.35856,42
SQ:USDCAD,2018-12-24T08:15:00+01:00,1.35855,1.35857,1.35852,1.35855,41
SQ:USDCAD,2018-12-24T08:16:00+01:00,1.35855,1.35859,1.35852,1.35852,56
SQ:USDCAD,2018-12-24T08:17:00+01:00,1.35849,1.35862,1.35846,1.35861,52
SQ:USDCAD,2018-12-24T08:18:00+01:00,1.35860,1.35863,1.35847,1.35848,42
SQ:USDCAD,2018-12-24T08:19:00+01:00,1.35847,1.35850,1.35841,1.35841,24
SQ:USDCAD,2018-12-24T08:20:00+01:00,1.35843,1.35853,1.35841,1.35849,47
SQ:USDCAD,2018-12-24T08:21:00+01:00,1.35847,1.35850,1.35844,1.35844,39
SQ:USDCAD,2018-12-24T08:22:00+01:00,1.35844,1.35853,1.35844,1.35852,30
SQ:USDCAD,2018-12-24T08:23:00+01:00,1.35852,1.35853,1.35851,1.35852,9
SQ:USDCAD,2018-12-24T08:24:00+01:00,1.35850,1.35861,1.35850,1.35853,85
SQ:USDCAD,2018-12-24T08:25:00+01:00,1.35854,1.35861,1.35849,1.35857,40
SQ:USDCAD,2018-12-24T08:26:00+01:00,1.35857,1.35858,1.35849,1.35850,29
SQ:USDCAD,2018-12-24T08:27:00+01:00,1.35850,1.35855,1.35849,1.35851,26
SQ:USDCAD,2018-12-24T08:28:00+01:00,1.35850,1.35853,1.35850,1.35851,38
SQ:USDCAD,2018-12-24T08:29:00+01:00,1.35852,1.35853,1.35840,1.35842,39
SQ:USDCAD,2018-12-24T08:30:00+01:00,1.35843,1.35843,1.35840,1.35841,44
SQ:USDCAD,2018-12-24T08:31:00+01:00,1.35841,1.35851,1.35841,1.35850,33
SQ:USDCAD,2018-12-24T08:32:00+01:00,1.35848,1.35850,1.35843,1.35843,27
SQ:USDCAD,2018-12-24T08:33:00+01:00,1.35843,1.35843,1.35842,1.35842,5
SQ:USDCAD,2018-12-24T08:34:00+01:00,1.35841,1.35842,1.35840,1.35841,20
SQ:USDCAD,2018-12-24T08:35:00+01:00,1.35841,1.35842,1.35841,1.35841,26
SQ:USDCAD,2018-12-24T08:36:00+01:00,1.35841,1.35841,1.35837,1.35838,11
SQ:USDCAD,2018-12-24T08:37:00+01:00,1.35835,1.35836,1.35831,1.35831,30
SQ:USDCAD,2018-12-24T08:38:00+01:00,1.35832,1.35842,1.35832,1.35841,23
SQ:USDCAD,2018-12-24T08:39:00+01:00,1.35841,1.35842,1.35831,1.35832,44
SQ:USDCAD,2018-12-24T08:40:00+01:00,1.35835,1.35839,1.35832,1.35836,29
SQ:USDCAD,2018-12-24T08:41:00+01:00,1.35836,1.35836,1.35826,1.35828,31
SQ:USDCAD,2018-12-24T08:42:00+01:00,1.35828,1.35831,1.35825,1.35828,22
SQ:USDCAD,2018-12-24T08:43:00+01:00,1.35828,1.35829,1.35827,1.35827,22
SQ:USDCAD,2018-12-24T08:44:00+01:00,1.35827,1.35829,1.35827,1.35829,5
SQ:USDCAD,2018-12-24T08:45:00+01:00,1.35828,1.35828,1.35828,1.35828,7
SQ:USDCAD,2018-12-24T08:46:00+01:00,1.35829,1.35833,1.35827,1.35827,33
SQ:USDCAD,2018-12-24T08:47:00+01:00,1.35827,1.35829,1.35823,1.35823,18
SQ:USDCAD,2018-12-24T08:48:00+01:00,1.35823,1.35832,1.35823,1.35832,18
SQ:USDCAD,2018-12-24T08:49:00+01:00,1.35833,1.35842,1.35833,1.35833,33
SQ:USDCAD,2018-12-24T08:50:00+01:00,1.35833,1.35836,1.35831,1.35833,27
SQ:USDCAD,2018-12-24T08:51:00+01:00,1.35833,1.35834,1.35824,1.35824,42
SQ:USDCAD,2018-12-24T08:52:00+01:00,1.35826,1.35826,1.35821,1.35822,23
SQ:USDCAD,2018-12-24T08:53:00+01:00,1.35822,1.35834,1.35822,1.35833,16
SQ:USDCAD,2018-12-24T08:54:00+01:00,1.35832,1.35837,1.35827,1.35834,48
SQ:USDCAD,2018-12-24T08:55:00+01:00,1.35834,1.35836,1.35824,1.35824,48
SQ:USDCAD,2018-12-24T08:56:00+01:00,1.35824,1.35861,1.35824,1.35861,75
SQ:USDCAD,2018-12-24T08:57:00+01:00,1.35860,1.35877,1.35855,1.35877,80
SQ:USDCAD,2018-12-24T08:58:00+01:00,1.35876,1.35893,1.35876,1.35893,72
SQ:USDCAD,2018-12-24T08:59:00+01:00,1.35893,1.35919,1.35890,1.35915,98
SQ:USDCAD,2018-12-24T09:00:00+01:00,1.35914,1.35936,1.35905,1.35905,174
SQ:USDCAD,2018-12-24T09:01:00+01:00,1.35906,1.35906,1.35826,1.35840,191
SQ:USDCAD,2018-12-24T09:02:00+01:00,1.35840,1.35850,1.35810,1.35814,162
SQ:USDCAD,2018-12-24T09:03:00+01:00,1.35813,1.35825,1.35778,1.35784,88
SQ:USDCAD,2018-12-24T09:04:00+01:00,1.35784,1.35784,1.35758,1.35768,75
SQ:USDCAD,2018-12-24T09:05:00+01:00,1.35762,1.35766,1.35730,1.35732,118
SQ:USDCAD,2018-12-24T09:06:00+01:00,1.35732,1.35758,1.35726,1.35756,125
SQ:USDCAD,2018-12-24T09:07:00+01:00,1.35756,1.35770,1.35749,1.35762,119
SQ:USDCAD,2018-12-24T09:08:00+01:00,1.35761,1.35769,1.35751,1.35752,66
SQ:USDCAD,2018-12-24T09:09:00+01:00,1.35753,1.35779,1.35753,1.35772,59
SQ:USDCAD,2018-12-24T09:10:00+01:00,1.35771,1.35778,1.35769,1.35773,62
SQ:USDCAD,2018-12-24T09:11:00+01:00,1.35779,1.35782,1.35761,1.35762,69
SQ:USDCAD,2018-12-24T09:12:00+01:00,1.35761,1.35761,1.35730,1.35730,121
SQ:USDCAD,2018-12-24T09:13:00+01:00,1.35730,1.35733,1.35716,1.35730,125
SQ:USDCAD,2018-12-24T09:14:00+01:00,1.35730,1.35746,1.35728,1.35743,54
SQ:USDCAD,2018-12-24T09:15:00+01:00,1.35742,1.35742,1.35730,1.35731,57
SQ:USDCAD,2018-12-24T09:16:00+01:00,1.35732,1.35740,1.35730,1.35733,42
SQ:USDCAD,2018-12-24T09:17:00+01:00,1.35732,1.35740,1.35731,1.35739,25
SQ:USDCAD,2018-12-24T09:18:00+01:00,1.35739,1.35747,1.35724,1.35730,65
SQ:USDCAD,2018-12-24T09:19:00+01:00,1.35731,1.35737,1.35722,1.35732,61
SQ:USDCAD,2018-12-24T09:20:00+01:00,1.35732,1.35734,1.35709,1.35713,83
SQ:USDCAD,2018-12-24T09:21:00+01:00,1.35712,1.35715,1.35709,1.35709,45
SQ:USDCAD,2018-12-24T09:22:00+01:00,1.35709,1.35734,1.35709,1.35734,66
SQ:USDCAD,2018-12-24T09:23:00+01:00,1.35734,1.35744,1.35733,1.35740,65
SQ:USDCAD,2018-12-24T09:24:00+01:00,1.35740,1.35741,1.35730,1.35739,72
SQ:USDCAD,2018-12-24T09:25:00+01:00,1.35739,1.35761,1.35732,1.35760,88
SQ:USDCAD,2018-12-24T09:26:00+01:00,1.35761,1.35788,1.35761,1.35786,90
SQ:USDCAD,2018-12-24T09:27:00+01:00,1.35786,1.35787,1.35778,1.35778,61
SQ:USDCAD,2018-12-24T09:28:00+01:00,1.35779,1.35796,1.35779,1.35785,86
SQ:USDCAD,2018-12-24T09:29:00+01:00,1.35785,1.35787,1.35777,1.35777,62
SQ:USDCAD,2018-12-24T09:30:00+01:00,1.35776,1.35777,1.35768,1.35769,40
SQ:USDCAD,2018-12-24T09:31:00+01:00,1.35770,1.35771,1.35768,1.35769,36
SQ:USDCAD,2018-12-24T09:32:00+01:00,1.35768,1.35769,1.35757,1.35757,40
SQ:USDCAD,2018-12-24T09:33:00+01:00,1.35749,1.35754,1.35740,1.35740,52
SQ:USDCAD,2018-12-24T09:34:00+01:00,1.35739,1.35742,1.35729,1.35729,53
SQ:USDCAD,2018-12-24T09:35:00+01:00,1.35730,1.35733,1.35721,1.35731,66
SQ:USDCAD,2018-12-24T09:36:00+01:00,1.35731,1.35731,1.35720,1.35721,38
SQ:USDCAD,2018-12-24T09:37:00+01:00,1.35722,1.35728,1.35722,1.35724,18
SQ:USDCAD,2018-12-24T09:38:00+01:00,1.35724,1.35724,1.35682,1.35686,69
SQ:USDCAD,2018-12-24T09:39:00+01:00,1.35685,1.35687,1.35673,1.35675,29
SQ:USDCAD,2018-12-24T09:40:00+01:00,1.35674,1.35696,1.35674,1.35692,73
SQ:USDCAD,2018-12-24T09:41:00+01:00,1.35691,1.35700,1.35687,1.35698,63
SQ:USDCAD,2018-12-24T09:42:00+01:00,1.35700,1.35704,1.35691,1.35702,53
SQ:USDCAD,2018-12-24T09:43:00+01:00,1.35701,1.35702,1.35686,1.35686,55
SQ:USDCAD,2018-12-24T09:44:00+01:00,1.35687,1.35693,1.35686,1.35692,40
SQ:USDCAD,2018-12-24T09:45:00+01:00,1.35692,1.35694,1.35685,1.35687,61
SQ:USDCAD,2018-12-24T09:46:00+01:00,1.35686,1.35693,1.35686,1.35692,52
SQ:USDCAD,2018-12-24T09:47:00+01:00,1.35692,1.35710,1.35692,1.35702,45
SQ:USDCAD,2018-12-24T09:48:00+01:00,1.35702,1.35702,1.35690,1.35694,24
SQ:USDCAD,2018-12-24T09:49:00+01:00,1.35693,1.35696,1.35690,1.35695,31
SQ:USDCAD,2018-12-24T09:50:00+01:00,1.35695,1.35695,1.35680,1.35687,64
SQ:USDCAD,2018-12-24T09:51:00+01:00,1.35686,1.35686,1.35674,1.35685,51
SQ:USDCAD,2018-12-24T09:52:00+01:00,1.35686,1.35706,1.35686,1.35704,41
SQ:USDCAD,2018-12-24T09:53:00+01:00,1.35704,1.35709,1.35697,1.35709,42
SQ:USDCAD,2018-12-24T09:54:00+01:00,1.35709,1.35709,1.35705,1.35705,17
SQ:USDCAD,2018-12-24T09:55:00+01:00,1.35705,1.35731,1.35700,1.35731,35
SQ:USDCAD,2018-12-24T09:56:00+01:00,1.35732,1.35751,1.35732,1.35744,70
SQ:USDCAD,2018-12-24T09:57:00+01:00,1.35746,1.35746,1.35722,1.35724,72
SQ:USDCAD,2018-12-24T09:58:00+01:00,1.35723,1.35724,1.35714,1.35714,41
SQ:USDCAD,2018-12-24T09:59:00+01:00,1.35714,1.35719,1.35714,1.35715,19
SQ:USDCAD,2018-12-24T10:00:00+01:00,1.35714,1.35751,1.35714,1.35751,94
SQ:USDCAD,2018-12-24T10:01:00+01:00,1.35751,1.35751,1.35750,1.35750,13
SQ:USDCAD,2018-12-24T10:02:00+01:00,1.35750,1.35750,1.35731,1.35733,40
SQ:USDCAD,2018-12-24T10:03:00+01:00,1.35733,1.35733,1.35732,1.35732,20
SQ:USDCAD,2018-12-24T10:04:00+01:00,1.35732,1.35744,1.35732,1.35742,32
SQ:USDCAD,2018-12-24T10:05:00+01:00,1.35743,1.35751,1.35741,1.35750,44
SQ:USDCAD,2018-12-24T10:06:00+01:00,1.35750,1.35750,1.35740,1.35742,39
SQ:USDCAD,2018-12-24T10:07:00+01:00,1.35742,1.35751,1.35723,1.35731,68
SQ:USDCAD,2018-12-24T10:08:00+01:00,1.35731,1.35750,1.35731,1.35750,45
SQ:USDCAD,2018-12-24T10:09:00+01:00,1.35750,1.35750,1.35730,1.35734,73
SQ:USDCAD,2018-12-24T10:10:00+01:00,1.35734,1.35744,1.35734,1.35744,54
SQ:USDCAD,2018-12-24T10:11:00+01:00,1.35744,1.35757,1.35742,1.35752,46
SQ:USDCAD,2018-12-24T10:12:00+01:00,1.35760,1.35769,1.35759,1.35761,39
SQ:USDCAD,2018-12-24T10:13:00+01:00,1.35762,1.35775,1.35759,1.35774,47
SQ:USDCAD,2018-12-24T10:14:00+01:00,1.35773,1.35779,1.35743,1.35743,62
SQ:USDCAD,2018-12-24T10:15:00+01:00,1.35743,1.35746,1.35740,1.35742,76
SQ:USDCAD,2018-12-24T10:16:00+01:00,1.35741,1.35753,1.35741,1.35751,63
SQ:USDCAD,2018-12-24T10:17:00+01:00,1.35750,1.35756,1.35750,1.35752,61
SQ:USDCAD,2018-12-24T10:18:00+01:00,1.35752,1.35762,1.35748,1.35758,67
SQ:USDCAD,2018-12-24T10:19:00+01:00,1.35757,1.35757,1.35732,1.35741,89
SQ:USDCAD,2018-12-24T10:20:00+01:00,1.35742,1.35747,1.35739,1.35744,77
SQ:USDCAD,2018-12-24T10:21:00+01:00,1.35744,1.35755,1.35742,1.35749,68
SQ:USDCAD,2018-12-24T10:22:00+01:00,1.35749,1.35758,1.35748,1.35755,58
SQ:USDCAD,2018-12-24T10:23:00+01:00,1.35755,1.35763,1.35754,1.35756,47
SQ:USDCAD,2018-12-24T10:24:00+01:00,1.35757,1.35758,1.35747,1.35754,49
SQ:USDCAD,2018-12-24T10:25:00+01:00,1.35754,1.35768,1.35753,1.35758,80
SQ:USDCAD,2018-12-24T10:26:00+01:00,1.35758,1.35772,1.35757,1.35767,42
SQ:USDCAD,2018-12-24T10:27:00+01:00,1.35767,1.35778,1.35750,1.35750,91
SQ:USDCAD,2018-12-24T10:28:00+01:00,1.35750,1.35768,1.35750,1.35767,104
SQ:USDCAD,2018-12-24T10:29:00+01:00,1.35766,1.35769,1.35757,1.35767,82
SQ:USDCAD,2018-12-24T10:30:00+01:00,1.35767,1.35775,1.35766,1.35772,52
SQ:USDCAD,2018-12-24T10:31:00+01:00,1.35771,1.35772,1.35765,1.35765,33
SQ:USDCAD,2018-12-24T10:32:00+01:00,1.35767,1.35773,1.35762,1.35762,70
SQ:USDCAD,2018-12-24T10:33:00+01:00,1.35763,1.35764,1.35729,1.35729,60
SQ:USDCAD,2018-12-24T10:34:00+01:00,1.35733,1.35739,1.35730,1.35739,36
SQ:USDCAD,2018-12-24T10:35:00+01:00,1.35739,1.35755,1.35739,1.35748,46
SQ:USDCAD,2018-12-24T10:36:00+01:00,1.35748,1.35748,1.35732,1.35732,70
SQ:USDCAD,2018-12-24T10:37:00+01:00,1.35731,1.35736,1.35726,1.35735,78
SQ:USDCAD,2018-12-24T10:38:00+01:00,1.35734,1.35742,1.35731,1.35740,59
SQ:USDCAD,2018-12-24T10:39:00+01:00,1.35739,1.35739,1.35726,1.35729,61
SQ:USDCAD,2018-12-24T10:40:00+01:00,1.35729,1.35733,1.35728,1.35731,73
SQ:USDCAD,2018-12-24T10:41:00+01:00,1.35731,1.35745,1.35729,1.35745,83
SQ:USDCAD,2018-12-24T10:42:00+01:00,1.35742,1.35756,1.35742,1.35753,118
SQ:USDCAD,2018-12-24T10:43:00+01:00,1.35753,1.35757,1.35739,1.35756,60
SQ:USDCAD,2018-12-24T10:44:00+01:00,1.35755,1.35764,1.35755,1.35757,43
SQ:USDCAD,2018-12-24T10:45:00+01:00,1.35759,1.35759,1.35750,1.35755,43
SQ:USDCAD,2018-12-24T10:46:00+01:00,1.35757,1.35769,1.35757,1.35768,51
SQ:USDCAD,2018-12-24T10:47:00+01:00,1.35768,1.35769,1.35764,1.35766,46
SQ:USDCAD,2018-12-24T10:48:00+01:00,1.35767,1.35774,1.35764,1.35772,43
SQ:USDCAD,2018-12-24T10:49:00+01:00,1.35773,1.35774,1.35767,1.35774,53
SQ:USDCAD,2018-12-24T10:50:00+01:00,1.35775,1.35777,1.35775,1.35776,12
SQ:USDCAD,2018-12-24T10:51:00+01:00,1.35776,1.35776,1.35769,1.35770,51
SQ:USDCAD,2018-12-24T10:52:00+01:00,1.35770,1.35774,1.35768,1.35772,50
SQ:USDCAD,2018-12-24T10:53:00+01:00,1.35773,1.35775,1.35768,1.35771,45
SQ:USDCAD,2018-12-24T10:54:00+01:00,1.35770,1.35772,1.35755,1.35755,29
SQ:USDCAD,2018-12-24T10:55:00+01:00,1.35752,1.35761,1.35750,1.35756,36
SQ:USDCAD,2018-12-24T10:56:00+01:00,1.35756,1.35762,1.35748,1.35762,35
SQ:USDCAD,2018-12-24T10:57:00+01:00,1.35762,1.35774,1.35758,1.35766,44
SQ:USDCAD,2018-12-24T10:58:00+01:00,1.35768,1.35768,1.35753,1.35755,41
SQ:USDCAD,2018-12-24T10:59:00+01:00,1.35758,1.35764,1.35753,1.35763,48
SQ:USDCAD,2018-12-24T11:00:00+01:00,1.35764,1.35766,1.35759,1.35765,78
SQ:USDCAD,2018-12-24T11:01:00+01:00,1.35766,1.35766,1.35751,1.35757,65
SQ:USDCAD,2018-12-24T11:02:00+01:00,1.35757,1.35759,1.35752,1.35758,29
SQ:USDCAD,2018-12-24T11:03:00+01:00,1.35758,1.35765,1.35757,1.35765,24
SQ:USDCAD,2018-12-24T11:04:00+01:00,1.35764,1.35765,1.35757,1.35757,33
SQ:USDCAD,2018-12-24T11:05:00+01:00,1.35758,1.35758,1.35748,1.35748,57
SQ:USDCAD,2018-12-24T11:06:00+01:00,1.35748,1.35757,1.35745,1.35755,77
SQ:USDCAD,2018-12-24T11:07:00+01:00,1.35755,1.35755,1.35747,1.35747,47
SQ:USDCAD,2018-12-24T11:08:00+01:00,1.35747,1.35747,1.35737,1.35739,62
SQ:USDCAD,2018-12-24T11:09:00+01:00,1.35740,1.35744,1.35737,1.35742,49
SQ:USDCAD,2018-12-24T11:10:00+01:00,1.35741,1.35746,1.35739,1.35744,45
SQ:USDCAD,2018-12-24T11:11:00+01:00,1.35743,1.35753,1.35742,1.35749,23
SQ:USDCAD,2018-12-24T11:12:00+01:00,1.35750,1.35759,1.35749,1.35755,44
SQ:USDCAD,2018-12-24T11:13:00+01:00,1.35755,1.35757,1.35749,1.35757,44
SQ:USDCAD,2018-12-24T11:14:00+01:00,1.35756,1.35764,1.35755,1.35763,28
SQ:USDCAD,2018-12-24T11:15:00+01:00,1.35764,1.35764,1.35757,1.35758,35
SQ:USDCAD,2018-12-24T11:16:00+01:00,1.35758,1.35762,1.35750,1.35752,23
SQ:USDCAD,2018-12-24T11:17:00+01:00,1.35750,1.35754,1.35736,1.35737,70
SQ:USDCAD,2018-12-24T11:18:00+01:00,1.35737,1.35740,1.35734,1.35735,97
SQ:USDCAD,2018-12-24T11:19:00+01:00,1.35734,1.35735,1.35716,1.35721,94
SQ:USDCAD,2018-12-24T11:20:00+01:00,1.35720,1.35724,1.35719,1.35721,62
SQ:USDCAD,2018-12-24T11:21:00+01:00,1.35722,1.35729,1.35719,1.35721,57
SQ:USDCAD,2018-12-24T11:22:00+01:00,1.35723,1.35741,1.35721,1.35740,50
SQ:USDCAD,2018-12-24T11:23:00+01:00,1.35741,1.35744,1.35732,1.35742,48
SQ:USDCAD,2018-12-24T11:24:00+01:00,1.35741,1.35748,1.35741,1.35745,42
SQ:USDCAD,2018-12-24T11:25:00+01:00,1.35744,1.35749,1.35739,1.35742,58
SQ:USDCAD,2018-12-24T11:26:00+01:00,1.35742,1.35745,1.35740,1.35741,52
SQ:USDCAD,2018-12-24T11:27:00+01:00,1.35741,1.35742,1.35733,1.35741,58
SQ:USDCAD,2018-12-24T11:28:00+01:00,1.35740,1.35742,1.35738,1.35741,31
SQ:USDCAD,2018-12-24T11:29:00+01:00,1.35740,1.35742,1.35739,1.35740,17
SQ:USDCAD,2018-12-24T11:30:00+01:00,1.35741,1.35755,1.35741,1.35749,52
SQ:USDCAD,2018-12-24T11:31:00+01:00,1.35750,1.35753,1.35745,1.35746,50
SQ:USDCAD,2018-12-24T11:32:00+01:00,1.35745,1.35748,1.35740,1.35743,40
SQ:USDCAD,2018-12-24T11:33:00+01:00,1.35743,1.35750,1.35739,1.35739,37
SQ:USDCAD,2018-12-24T11:34:00+01:00,1.35739,1.35741,1.35729,1.35729,32
SQ:USDCAD,2018-12-24T11:35:00+01:00,1.35730,1.35730,1.35728,1.35729,21
SQ:USDCAD,2018-12-24T11:36:00+01:00,1.35729,1.35732,1.35729,1.35732,34
SQ:USDCAD,2018-12-24T11:37:00+01:00,1.35732,1.35732,1.35730,1.35732,9
SQ:USDCAD,2018-12-24T11:38:00+01:00,1.35731,1.35744,1.35731,1.35742,38
SQ:USDCAD,2018-12-24T11:39:00+01:00,1.35741,1.35741,1.35740,1.35740,20
SQ:USDCAD,2018-12-24T11:40:00+01:00,1.35741,1.35744,1.35738,1.35740,33
SQ:USDCAD,2018-12-24T11:41:00+01:00,1.35741,1.35742,1.35740,1.35741,21
SQ:USDCAD,2018-12-24T11:42:00+01:00,1.35742,1.35742,1.35740,1.35742,26
SQ:USDCAD,2018-12-24T11:43:00+01:00,1.35741,1.35741,1.35728,1.35729,20
SQ:USDCAD,2018-12-24T11:44:00+01:00,1.35730,1.35731,1.35723,1.35724,15
SQ:USDCAD,2018-12-24T11:45:00+01:00,1.35723,1.35732,1.35692,1.35704,66
SQ:USDCAD,2018-12-24T11:46:00+01:00,1.35704,1.35704,1.35692,1.35692,54
SQ:USDCAD,2018-12-24T11:47:00+01:00,1.35693,1.35706,1.35691,1.35693,56
SQ:USDCAD,2018-12-24T11:48:00+01:00,1.35693,1.35695,1.35689,1.35692,60
SQ:USDCAD,2018-12-24T11:49:00+01:00,1.35690,1.35701,1.35690,1.35701,61
SQ:USDCAD,2018-12-24T11:50:00+01:00,1.35702,1.35706,1.35699,1.35703,44
SQ:USDCAD,2018-12-24T11:51:00+01:00,1.35702,1.35703,1.35701,1.35703,32
SQ:USDCAD,2018-12-24T11:52:00+01:00,1.35703,1.35708,1.35701,1.35703,65
SQ:USDCAD,2018-12-24T11:53:00+01:00,1.35702,1.35712,1.35701,1.35706,85
SQ:USDCAD,2018-12-24T11:54:00+01:00,1.35706,1.35712,1.35702,1.35705,95
SQ:USDCAD,2018-12-24T11:55:00+01:00,1.35705,1.35710,1.35677,1.35677,116
SQ:USDCAD,2018-12-24T11:56:00+01:00,1.35677,1.35681,1.35649,1.35658,113
SQ:USDCAD,2018-12-24T11:57:00+01:00,1.35658,1.35660,1.35648,1.35652,41
SQ:USDCAD,2018-12-24T11:58:00+01:00,1.35655,1.35658,1.35647,1.35658,66
SQ:USDCAD,2018-12-24T11:59:00+01:00,1.35659,1.35672,1.35656,1.35670,75
SQ:USDCAD,2018-12-24T12:00:00+01:00,1.35670,1.35686,1.35670,1.35686,61
SQ:USDCAD,2018-12-24T12:01:00+01:00,1.35686,1.35691,1.35666,1.35667,69
SQ:USDCAD,2018-12-24T12:02:00+01:00,1.35666,1.35666,1.35649,1.35649,75
SQ:USDCAD,2018-12-24T12:03:00+01:00,1.35647,1.35655,1.35647,1.35650,121
SQ:USDCAD,2018-12-24T12:04:00+01:00,1.35648,1.35654,1.35647,1.35650,110
SQ:USDCAD,2018-12-24T12:05:00+01:00,1.35650,1.35655,1.35648,1.35654,88
SQ:USDCAD,2018-12-24T12:06:00+01:00,1.35654,1.35658,1.35647,1.35648,34
SQ:USDCAD,2018-12-24T12:07:00+01:00,1.35647,1.35647,1.35635,1.35641,87
SQ:USDCAD,2018-12-24T12:08:00+01:00,1.35642,1.35649,1.35639,1.35648,73
SQ:USDCAD,2018-12-24T12:09:00+01:00,1.35648,1.35657,1.35647,1.35653,61
SQ:USDCAD,2018-12-24T12:10:00+01:00,1.35652,1.35658,1.35650,1.35658,38
SQ:USDCAD,2018-12-24T12:11:00+01:00,1.35660,1.35660,1.35647,1.35648,20
SQ:USDCAD,2018-12-24T12:12:00+01:00,1.35650,1.35657,1.35645,1.35645,53
SQ:USDCAD,2018-12-24T12:13:00+01:00,1.35645,1.35648,1.35640,1.35648,46
SQ:USDCAD,2018-12-24T12:14:00+01:00,1.35648,1.35652,1.35640,1.35644,46
SQ:USDCAD,2018-12-24T12:15:00+01:00,1.35644,1.35657,1.35644,1.35654,81
SQ:USDCAD,2018-12-24T12:16:00+01:00,1.35653,1.35655,1.35634,1.35642,55
SQ:USDCAD,2018-12-24T12:17:00+01:00,1.35642,1.35658,1.35637,1.35652,63
SQ:USDCAD,2018-12-24T12:18:00+01:00,1.35652,1.35668,1.35651,1.35665,49
SQ:USDCAD,2018-12-24T12:19:00+01:00,1.35666,1.35678,1.35659,1.35671,54
SQ:USDCAD,2018-12-24T12:20:00+01:00,1.35670,1.35679,1.35665,1.35668,43
SQ:USDCAD,2018-12-24T12:21:00+01:00,1.35667,1.35667,1.35658,1.35659,88
SQ:USDCAD,2018-12-24T12:22:00+01:00,1.35659,1.35667,1.35658,1.35667,70
SQ:USDCAD,2018-12-24T12:23:00+01:00,1.35668,1.35678,1.35668,1.35677,47
SQ:USDCAD,2018-12-24T12:24:00+01:00,1.35677,1.35685,1.35677,1.35679,23
SQ:USDCAD,2018-12-24T12:25:00+01:00,1.35679,1.35686,1.35669,1.35670,54
SQ:USDCAD,2018-12-24T12:26:00+01:00,1.35669,1.35678,1.35664,1.35669,34
SQ:USDCAD,2018-12-24T12:27:00+01:00,1.35669,1.35678,1.35669,1.35678,14
SQ:USDCAD,2018-12-24T12:28:00+01:00,1.35678,1.35682,1.35676,1.35679,62
SQ:USDCAD,2018-12-24T12:29:00+01:00,1.35680,1.35718,1.35679,1.35714,105
SQ:USDCAD,2018-12-24T12:30:00+01:00,1.35713,1.35728,1.35713,1.35724,75
SQ:USDCAD,2018-12-24T12:31:00+01:00,1.35725,1.35738,1.35724,1.35733,32
SQ:USDCAD,2018-12-24T12:32:00+01:00,1.35734,1.35742,1.35731,1.35733,93
SQ:USDCAD,2018-12-24T12:33:00+01:00,1.35734,1.35738,1.35733,1.35736,27
SQ:USDCAD,2018-12-24T12:34:00+01:00,1.35735,1.35739,1.35724,1.35731,98
SQ:USDCAD,2018-12-24T12:35:00+01:00,1.35730,1.35730,1.35706,1.35708,55
SQ:USDCAD,2018-12-24T12:36:00+01:00,1.35709,1.35711,1.35698,1.35698,29
SQ:USDCAD,2018-12-24T12:37:00+01:00,1.35699,1.35706,1.35697,1.35699,42
SQ:USDCAD,2018-12-24T12:38:00+01:00,1.35699,1.35708,1.35697,1.35707,41
SQ:USDCAD,2018-12-24T12:39:00+01:00,1.35706,1.35709,1.35706,1.35706,54
SQ:USDCAD,2018-12-24T12:40:00+01:00,1.35707,1.35710,1.35696,1.35699,60
SQ:USDCAD,2018-12-24T12:41:00+01:00,1.35699,1.35707,1.35694,1.35694,80
SQ:USDCAD,2018-12-24T12:42:00+01:00,1.35692,1.35692,1.35669,1.35669,89
SQ:USDCAD,2018-12-24T12:43:00+01:00,1.35669,1.35670,1.35665,1.35667,83
SQ:USDCAD,2018-12-24T12:44:00+01:00,1.35667,1.35667,1.35657,1.35657,47
SQ:USDCAD,2018-12-24T12:45:00+01:00,1.35657,1.35659,1.35657,1.35658,23
SQ:USDCAD,2018-12-24T12:46:00+01:00,1.35658,1.35660,1.35656,1.35657,45
SQ:USDCAD,2018-12-24T12:47:00+01:00,1.35658,1.35658,1.35647,1.35648,56
SQ:USDCAD,2018-12-24T12:48:00+01:00,1.35649,1.35650,1.35640,1.35641,91
SQ:USDCAD,2018-12-24T12:49:00+01:00,1.35641,1.35642,1.35637,1.35641,67
SQ:USDCAD,2018-12-24T12:50:00+01:00,1.35639,1.35642,1.35639,1.35640,71
SQ:USDCAD,2018-12-24T12:51:00+01:00,1.35640,1.35645,1.35637,1.35645,43
SQ:USDCAD,2018-12-24T12:52:00+01:00,1.35645,1.35655,1.35640,1.35655,74
SQ:USDCAD,2018-12-24T12:53:00+01:00,1.35656,1.35680,1.35654,1.35676,66
SQ:USDCAD,2018-12-24T12:54:00+01:00,1.35679,1.35722,1.35676,1.35720,83
SQ:USDCAD,2018-12-24T12:55:00+01:00,1.35720,1.35729,1.35716,1.35725,67
SQ:USDCAD,2018-12-24T12:56:00+01:00,1.35725,1.35728,1.35724,1.35724,29
SQ:USDCAD,2018-12-24T12:57:00+01:00,1.35724,1.35740,1.35724,1.35735,42
SQ:USDCAD,2018-12-24T12:58:00+01:00,1.35737,1.35744,1.35731,1.35735,63
SQ:USDCAD,2018-12-24T12:59:00+01:00,1.35736,1.35736,1.35734,1.35734,18
SQ:USDCAD,2018-12-24T13:00:00+01:00,1.35734,1.35734,1.35715,1.35720,54
SQ:USDCAD,2018-12-24T13:01:00+01:00,1.35720,1.35736,1.35717,1.35733,100
SQ:USDCAD,2018-12-24T13:02:00+01:00,1.35731,1.35737,1.35731,1.35733,38
SQ:USDCAD,2018-12-24T13:03:00+01:00,1.35733,1.35737,1.35730,1.35734,113
SQ:USDCAD,2018-12-24T13:04:00+01:00,1.35734,1.35743,1.35732,1.35742,68
SQ:USDCAD,2018-12-24T13:05:00+01:00,1.35742,1.35758,1.35739,1.35758,88
SQ:USDCAD,2018-12-24T13:06:00+01:00,1.35761,1.35807,1.35756,1.35779,178
SQ:USDCAD,2018-12-24T13:07:00+01:00,1.35779,1.35790,1.35776,1.35787,119
SQ:USDCAD,2018-12-24T13:08:00+01:00,1.35787,1.35792,1.35786,1.35787,33
SQ:USDCAD,2018-12-24T13:09:00+01:00,1.35787,1.35789,1.35768,1.35773,79
SQ:USDCAD,2018-12-24T13:10:00+01:00,1.35773,1.35779,1.35769,1.35772,66
SQ:USDCAD,2018-12-24T13:11:00+01:00,1.35772,1.35784,1.35772,1.35783,42
SQ:USDCAD,2018-12-24T13:12:00+01:00,1.35781,1.35820,1.35780,1.35820,90
SQ:USDCAD,2018-12-24T13:13:00+01:00,1.35820,1.35824,1.35808,1.35810,99
SQ:USDCAD,2018-12-24T13:14:00+01:00,1.35811,1.35822,1.35782,1.35807,247
SQ:USDCAD,2018-12-24T13:15:00+01:00,1.35809,1.35813,1.35796,1.35809,170
SQ:USDCAD,2018-12-24T13:16:00+01:00,1.35808,1.35813,1.35787,1.35788,116
SQ:USDCAD,2018-12-24T13:17:00+01:00,1.35790,1.35795,1.35774,1.35788,172
SQ:USDCAD,2018-12-24T13:18:00+01:00,1.35786,1.35805,1.35784,1.35802,115
SQ:USDCAD,2018-12-24T13:19:00+01:00,1.35800,1.35810,1.35765,1.35774,166
SQ:USDCAD,2018-12-24T13:20:00+01:00,1.35774,1.35781,1.35758,1.35767,105
SQ:USDCAD,2018-12-24T13:21:00+01:00,1.35765,1.35771,1.35760,1.35770,49
SQ:USDCAD,2018-12-24T13:22:00+01:00,1.35771,1.35792,1.35769,1.35787,132
SQ:USDCAD,2018-12-24T13:23:00+01:00,1.35788,1.35793,1.35785,1.35790,138
SQ:USDCAD,2018-12-24T13:24:00+01:00,1.35790,1.35806,1.35784,1.35804,154
SQ:USDCAD,2018-12-24T13:25:00+01:00,1.35804,1.35811,1.35786,1.35794,163
SQ:USDCAD,2018-12-24T13:26:00+01:00,1.35796,1.35799,1.35788,1.35793,120
SQ:USDCAD,2018-12-24T13:27:00+01:00,1.35793,1.35796,1.35766,1.35767,188
SQ:USDCAD,2018-12-24T13:28:00+01:00,1.35765,1.35771,1.35751,1.35753,195
SQ:USDCAD,2018-12-24T13:29:00+01:00,1.35753,1.35769,1.35741,1.35764,149
SQ:USDCAD,2018-12-24T13:30:00+01:00,1.35765,1.35768,1.35730,1.35746,220
SQ:USDCAD,2018-12-24T13:31:00+01:00,1.35746,1.35766,1.35739,1.35766,169
SQ:USDCAD,2018-12-24T13:32:00+01:00,1.35764,1.35787,1.35762,1.35787,141
SQ:USDCAD,2018-12-24T13:33:00+01:00,1.35787,1.35796,1.35781,1.35793,156
SQ:USDCAD,2018-12-24T13:34:00+01:00,1.35793,1.35797,1.35786,1.35787,142
SQ:USDCAD,2018-12-24T13:35:00+01:00,1.35786,1.35805,1.35778,1.35805,105
SQ:USDCAD,2018-12-24T13:36:00+01:00,1.35803,1.35813,1.35798,1.35803,138
SQ:USDCAD,2018-12-24T13:37:00+01:00,1.35805,1.35818,1.35805,1.35814,81
SQ:USDCAD,2018-12-24T13:38:00+01:00,1.35815,1.35835,1.35810,1.35835,88
SQ:USDCAD,2018-12-24T13:39:00+01:00,1.35835,1.35849,1.35829,1.35833,88
SQ:USDCAD,2018-12-24T13:40:00+01:00,1.35833,1.35833,1.35809,1.35812,134
SQ:USDCAD,2018-12-24T13:41:00+01:00,1.35809,1.35812,1.35771,1.35777,162
SQ:USDCAD,2018-12-24T13:42:00+01:00,1.35777,1.35806,1.35777,1.35804,136
SQ:USDCAD,2018-12-24T13:43:00+01:00,1.35804,1.35829,1.35802,1.35816,103
SQ:USDCAD,2018-12-24T13:44:00+01:00,1.35816,1.35825,1.35796,1.35800,146
SQ:USDCAD,2018-12-24T13:45:00+01:00,1.35802,1.35811,1.35802,1.35807,116
SQ:USDCAD,2018-12-24T13:46:00+01:00,1.35809,1.35826,1.35804,1.35825,143
SQ:USDCAD,2018-12-24T13:47:00+01:00,1.35826,1.35834,1.35822,1.35832,104
SQ:USDCAD,2018-12-24T13:48:00+01:00,1.35833,1.35840,1.35831,1.35838,62
SQ:USDCAD,2018-12-24T13:49:00+01:00,1.35837,1.35844,1.35828,1.35834,82
SQ:USDCAD,2018-12-24T13:50:00+01:00,1.35837,1.35839,1.35824,1.35834,110
SQ:USDCAD,2018-12-24T13:51:00+01:00,1.35833,1.35838,1.35824,1.35830,123
SQ:USDCAD,2018-12-24T13:52:00+01:00,1.35830,1.35832,1.35821,1.35830,99
SQ:USDCAD,2018-12-24T13:53:00+01:00,1.35829,1.35833,1.35821,1.35822,84
SQ:USDCAD,2018-12-24T13:54:00+01:00,1.35822,1.35823,1.35811,1.35812,90
SQ:USDCAD,2018-12-24T13:55:00+01:00,1.35812,1.35813,1.35795,1.35812,119
SQ:USDCAD,2018-12-24T13:56:00+01:00,1.35812,1.35819,1.35807,1.35807,143
SQ:USDCAD,2018-12-24T13:57:00+01:00,1.35807,1.35812,1.35801,1.35803,90
SQ:USDCAD,2018-12-24T13:58:00+01:00,1.35803,1.35804,1.35767,1.35767,211
SQ:USDCAD,2018-12-24T13:59:00+01:00,1.35771,1.35806,1.35763,1.35793,143
SQ:USDCAD,2018-12-24T14:00:00+01:00,1.35792,1.35841,1.35785,1.35840,152
SQ:USDCAD,2018-12-24T14:01:00+01:00,1.35839,1.35843,1.35834,1.35838,66
SQ:USDCAD,2018-12-24T14:02:00+01:00,1.35839,1.35850,1.35839,1.35841,65
SQ:USDCAD,2018-12-24T14:03:00+01:00,1.35844,1.35847,1.35840,1.35844,102
SQ:USDCAD,2018-12-24T14:04:00+01:00,1.35844,1.35853,1.35842,1.35847,75
SQ:USDCAD,2018-12-24T14:05:00+01:00,1.35848,1.35854,1.35839,1.35849,107
SQ:USDCAD,2018-12-24T14:06:00+01:00,1.35848,1.35853,1.35845,1.35849,67
SQ:USDCAD,2018-12-24T14:07:00+01:00,1.35849,1.35851,1.35848,1.35850,28
SQ:USDCAD,2018-12-24T14:08:00+01:00,1.35849,1.35849,1.35826,1.35827,111
SQ:USDCAD,2018-12-24T14:09:00+01:00,1.35828,1.35832,1.35826,1.35828,77
SQ:USDCAD,2018-12-24T14:10:00+01:00,1.35827,1.35860,1.35827,1.35859,86
SQ:USDCAD,2018-12-24T14:11:00+01:00,1.35859,1.35864,1.35856,1.35859,93
SQ:USDCAD,2018-12-24T14:12:00+01:00,1.35856,1.35861,1.35854,1.35857,140
SQ:USDCAD,2018-12-24T14:13:00+01:00,1.35857,1.35873,1.35855,1.35873,117
SQ:USDCAD,2018-12-24T14:14:00+01:00,1.35873,1.35907,1.35872,1.35905,136
SQ:USDCAD,2018-12-24T14:15:00+01:00,1.35909,1.35909,1.35898,1.35901,147
SQ:USDCAD,2018-12-24T14:16:00+01:00,1.35900,1.35914,1.35890,1.35900,188
SQ:USDCAD,2018-12-24T14:17:00+01:00,1.35899,1.35911,1.35896,1.35909,155
SQ:USDCAD,2018-12-24T14:18:00+01:00,1.35909,1.35909,1.35890,1.35892,161
SQ:USDCAD,2018-12-24T14:19:00+01:00,1.35890,1.35909,1.35878,1.35908,113
SQ:USDCAD,2018-12-24T14:20:00+01:00,1.35906,1.35921,1.35899,1.35916,149
SQ:USDCAD,2018-12-24T14:21:00+01:00,1.35915,1.35922,1.35913,1.35918,94
SQ:USDCAD,2018-12-24T14:22:00+01:00,1.35917,1.35923,1.35906,1.35917,154
SQ:USDCAD,2018-12-24T14:23:00+01:00,1.35915,1.35926,1.35886,1.35889,140
SQ:USDCAD,2018-12-24T14:24:00+01:00,1.35887,1.35905,1.35887,1.35899,113
SQ:USDCAD,2018-12-24T14:25:00+01:00,1.35900,1.35905,1.35885,1.35900,107
SQ:USDCAD,2018-12-24T14:26:00+01:00,1.35901,1.35941,1.35898,1.35934,118
SQ:USDCAD,2018-12-24T14:27:00+01:00,1.35933,1.35938,1.35924,1.35927,93
SQ:USDCAD,2018-12-24T14:28:00+01:00,1.35925,1.35930,1.35923,1.35925,80
SQ:USDCAD,2018-12-24T14:29:00+01:00,1.35924,1.35936,1.35924,1.35935,53
SQ:USDCAD,2018-12-24T14:30:00+01:00,1.35935,1.35936,1.35933,1.35935,40
SQ:USDCAD,2018-12-24T14:31:00+01:00,1.35934,1.35937,1.35932,1.35933,54
SQ:USDCAD,2018-12-24T14:32:00+01:00,1.35934,1.35939,1.35933,1.35937,64
SQ:USDCAD,2018-12-24T14:33:00+01:00,1.35936,1.35951,1.35934,1.35936,146
SQ:USDCAD,2018-12-24T14:34:00+01:00,1.35937,1.35947,1.35936,1.35938,98
SQ:USDCAD,2018-12-24T14:35:00+01:00,1.35938,1.35943,1.35935,1.35938,91
SQ:USDCAD,2018-12-24T14:36:00+01:00,1.35936,1.35950,1.35931,1.35944,104
SQ:USDCAD,2018-12-24T14:37:00+01:00,1.35944,1.35960,1.35940,1.35955,136
SQ:USDCAD,2018-12-24T14:38:00+01:00,1.35954,1.35977,1.35951,1.35973,135
SQ:USDCAD,2018-12-24T14:39:00+01:00,1.35974,1.35975,1.35952,1.35962,108
SQ:USDCAD,2018-12-24T14:40:00+01:00,1.35961,1.35971,1.35960,1.35970,45
SQ:USDCAD,2018-12-24T14:41:00+01:00,1.35967,1.35978,1.35960,1.35970,73
SQ:USDCAD,2018-12-24T14:42:00+01:00,1.35967,1.35967,1.35937,1.35937,137
SQ:USDCAD,2018-12-24T14:43:00+01:00,1.35936,1.35942,1.35934,1.35934,86
SQ:USDCAD,2018-12-24T14:44:00+01:00,1.35934,1.35937,1.35915,1.35925,95
SQ:USDCAD,2018-12-24T14:45:00+01:00,1.35925,1.35933,1.35913,1.35924,91
SQ:USDCAD,2018-12-24T14:46:00+01:00,1.35923,1.35929,1.35915,1.35923,141
SQ:USDCAD,2018-12-24T14:47:00+01:00,1.35923,1.35923,1.35911,1.35919,80
SQ:USDCAD,2018-12-24T14:48:00+01:00,1.35920,1.35926,1.35907,1.35907,88
SQ:USDCAD,2018-12-24T14:49:00+01:00,1.35907,1.35926,1.35905,1.35916,98
SQ:USDCAD,2018-12-24T14:50:00+01:00,1.35916,1.35937,1.35916,1.35935,90
SQ:USDCAD,2018-12-24T14:51:00+01:00,1.35935,1.35938,1.35923,1.35923,67
SQ:USDCAD,2018-12-24T14:52:00+01:00,1.35925,1.35928,1.35911,1.35925,144
SQ:USDCAD,2018-12-24T14:53:00+01:00,1.35924,1.35939,1.35916,1.35938,122
SQ:USDCAD,2018-12-24T14:54:00+01:00,1.35938,1.35939,1.35931,1.35937,93
SQ:USDCAD,2018-12-24T14:55:00+01:00,1.35938,1.35938,1.35925,1.35934,124
SQ:USDCAD,2018-12-24T14:56:00+01:00,1.35934,1.35938,1.35933,1.35935,55
SQ:USDCAD,2018-12-24T14:57:00+01:00,1.35937,1.35974,1.35934,1.35954,154
SQ:USDCAD,2018-12-24T14:58:00+01:00,1.35952,1.35965,1.35942,1.35945,188
SQ:USDCAD,2018-12-24T14:59:00+01:00,1.35945,1.35949,1.35935,1.35935,156
SQ:USDCAD,2018-12-24T15:00:00+01:00,1.35935,1.35942,1.35924,1.35933,146
SQ:USDCAD,2018-12-24T15:01:00+01:00,1.35933,1.35937,1.35914,1.35926,177
SQ:USDCAD,2018-12-24T15:02:00+01:00,1.35926,1.35945,1.35918,1.35945,198
SQ:USDCAD,2018-12-24T15:03:00+01:00,1.35945,1.35970,1.35940,1.35969,135
SQ:USDCAD,2018-12-24T15:04:00+01:00,1.35970,1.35982,1.35964,1.35980,151
SQ:USDCAD,2018-12-24T15:05:00+01:00,1.35979,1.35980,1.35961,1.35975,92
SQ:USDCAD,2018-12-24T15:06:00+01:00,1.35975,1.35976,1.35955,1.35966,119
SQ:USDCAD,2018-12-24T15:07:00+01:00,1.35966,1.35975,1.35966,1.35967,115
SQ:USDCAD,2018-12-24T15:08:00+01:00,1.35964,1.35968,1.35949,1.35950,184
SQ:USDCAD,2018-12-24T15:09:00+01:00,1.35950,1.35953,1.35923,1.35928,136
SQ:USDCAD,2018-12-24T15:10:00+01:00,1.35929,1.35952,1.35925,1.35950,123
SQ:USDCAD,2018-12-24T15:11:00+01:00,1.35949,1.35965,1.35944,1.35960,142
SQ:USDCAD,2018-12-24T15:12:00+01:00,1.35965,1.35965,1.35953,1.35961,133
SQ:USDCAD,2018-12-24T15:13:00+01:00,1.35962,1.35966,1.35949,1.35949,149
SQ:USDCAD,2018-12-24T15:14:00+01:00,1.35949,1.35961,1.35947,1.35953,146
SQ:USDCAD,2018-12-24T15:15:00+01:00,1.35955,1.35988,1.35950,1.35978,133
SQ:USDCAD,2018-12-24T15:16:00+01:00,1.35979,1.35979,1.35965,1.35975,120
SQ:USDCAD,2018-12-24T15:17:00+01:00,1.35974,1.35981,1.35969,1.35980,133
SQ:USDCAD,2018-12-24T15:18:00+01:00,1.35980,1.35987,1.35975,1.35979,84
SQ:USDCAD,2018-12-24T15:19:00+01:00,1.35978,1.35984,1.35963,1.35982,155
SQ:USDCAD,2018-12-24T15:20:00+01:00,1.35981,1.35985,1.35979,1.35983,70
SQ:USDCAD,2018-12-24T15:21:00+01:00,1.35983,1.35986,1.35979,1.35979,54
SQ:USDCAD,2018-12-24T15:22:00+01:00,1.35978,1.35991,1.35978,1.35988,76
SQ:USDCAD,2018-12-24T15:23:00+01:00,1.35989,1.35992,1.35969,1.35979,75
SQ:USDCAD,2018-12-24T15:24:00+01:00,1.35979,1.35984,1.35973,1.35982,92
SQ:USDCAD,2018-12-24T15:25:00+01:00,1.35982,1.36003,1.35982,1.35991,113
SQ:USDCAD,2018-12-24T15:26:00+01:00,1.35992,1.35992,1.35956,1.35959,149
SQ:USDCAD,2018-12-24T15:27:00+01:00,1.35959,1.35978,1.35959,1.35975,110
SQ:USDCAD,2018-12-24T15:28:00+01:00,1.35977,1.35982,1.35957,1.35959,158
SQ:USDCAD,2018-12-24T15:29:00+01:00,1.35958,1.35965,1.35953,1.35956,130
SQ:USDCAD,2018-12-24T15:30:00+01:00,1.35955,1.35957,1.35933,1.35948,290
SQ:USDCAD,2018-12-24T15:31:00+01:00,1.35950,1.35956,1.35932,1.35939,260
SQ:USDCAD,2018-12-24T15:32:00+01:00,1.35938,1.35947,1.35935,1.35938,278
SQ:USDCAD,2018-12-24T15:33:00+01:00,1.35940,1.35971,1.35938,1.35958,246
SQ:USDCAD,2018-12-24T15:34:00+01:00,1.35957,1.35957,1.35938,1.35949,179
SQ:USDCAD,2018-12-24T15:35:00+01:00,1.35948,1.35973,1.35941,1.35966,177
SQ:USDCAD,2018-12-24T15:36:00+01:00,1.35968,1.35970,1.35947,1.35962,254
SQ:USDCAD,2018-12-24T15:37:00+01:00,1.35962,1.35969,1.35939,1.35949,163
SQ:USDCAD,2018-12-24T15:38:00+01:00,1.35949,1.35977,1.35948,1.35975,155
SQ:USDCAD,2018-12-24T15:39:00+01:00,1.35976,1.35977,1.35953,1.35959,131
SQ:USDCAD,2018-12-24T15:40:00+01:00,1.35960,1.35973,1.35957,1.35970,174
SQ:USDCAD,2018-12-24T15:41:00+01:00,1.35969,1.35995,1.35968,1.35995,161
SQ:USDCAD,2018-12-24T15:42:00+01:00,1.35993,1.36002,1.35980,1.35980,175
SQ:USDCAD,2018-12-24T15:43:00+01:00,1.35980,1.35998,1.35976,1.35989,153
SQ:USDCAD,2018-12-24T15:44:00+01:00,1.35988,1.35996,1.35973,1.35983,182
SQ:USDCAD,2018-12-24T15:45:00+01:00,1.35982,1.35999,1.35967,1.35987,209
SQ:USDCAD,2018-12-24T15:46:00+01:00,1.35988,1.36004,1.35977,1.35981,156
SQ:USDCAD,2018-12-24T15:47:00+01:00,1.35981,1.35997,1.35955,1.35960,236
SQ:USDCAD,2018-12-24T15:48:00+01:00,1.35960,1.35967,1.35927,1.35932,251
SQ:USDCAD,2018-12-24T15:49:00+01:00,1.35932,1.35934,1.35886,1.35888,159
SQ:USDCAD,2018-12-24T15:50:00+01:00,1.35889,1.35897,1.35876,1.35878,179
SQ:USDCAD,2018-12-24T15:51:00+01:00,1.35879,1.35891,1.35872,1.35888,143
SQ:USDCAD,2018-12-24T15:52:00+01:00,1.35888,1.35891,1.35872,1.35889,79
SQ:USDCAD,2018-12-24T15:53:00+01:00,1.35891,1.35933,1.35891,1.35918,98
SQ:USDCAD,2018-12-24T15:54:00+01:00,1.35919,1.35947,1.35919,1.35938,180
SQ:USDCAD,2018-12-24T15:55:00+01:00,1.35938,1.35940,1.35910,1.35916,148
SQ:USDCAD,2018-12-24T15:56:00+01:00,1.35916,1.35936,1.35916,1.35936,114
SQ:USDCAD,2018-12-24T15:57:00+01:00,1.35935,1.35940,1.35928,1.35935,111
SQ:USDCAD,2018-12-24T15:58:00+01:00,1.35935,1.35966,1.35935,1.35956,178
SQ:USDCAD,2018-12-24T15:59:00+01:00,1.35956,1.35962,1.35936,1.35936,128
SQ:USDCAD,2018-12-24T16:00:00+01:00,1.35936,1.35944,1.35927,1.35929,152
SQ:USDCAD,2018-12-24T16:01:00+01:00,1.35927,1.35945,1.35918,1.35918,135
SQ:USDCAD,2018-12-24T16:02:00+01:00,1.35921,1.35926,1.35905,1.35917,148
SQ:USDCAD,2018-12-24T16:03:00+01:00,1.35925,1.35927,1.35906,1.35925,120
SQ:USDCAD,2018-12-24T16:04:00+01:00,1.35926,1.35935,1.35920,1.35933,142
SQ:USDCAD,2018-12-24T16:05:00+01:00,1.35933,1.35947,1.35911,1.35945,180
SQ:USDCAD,2018-12-24T16:06:00+01:00,1.35945,1.35956,1.35927,1.35950,210
SQ:USDCAD,2018-12-24T16:07:00+01:00,1.35951,1.35963,1.35934,1.35935,165
SQ:USDCAD,2018-12-24T16:08:00+01:00,1.35935,1.35959,1.35935,1.35953,202
SQ:USDCAD,2018-12-24T16:09:00+01:00,1.35954,1.35955,1.35934,1.35939,149
SQ:USDCAD,2018-12-24T16:10:00+01:00,1.35941,1.35943,1.35926,1.35929,154
SQ:USDCAD,2018-12-24T16:11:00+01:00,1.35930,1.35930,1.35887,1.35889,163
SQ:USDCAD,2018-12-24T16:12:00+01:00,1.35889,1.35890,1.35837,1.35842,189
SQ:USDCAD,2018-12-24T16:13:00+01:00,1.35842,1.35903,1.35842,1.35890,186
SQ:USDCAD,2018-12-24T16:14:00+01:00,1.35897,1.35900,1.35872,1.35883,245
SQ:USDCAD,2018-12-24T16:15:00+01:00,1.35885,1.35893,1.35871,1.35878,221
SQ:USDCAD,2018-12-24T16:16:00+01:00,1.35878,1.35891,1.35869,1.35888,156
SQ:USDCAD,2018-12-24T16:17:00+01:00,1.35887,1.35891,1.35885,1.35888,75
SQ:USDCAD,2018-12-24T16:18:00+01:00,1.35889,1.35890,1.35860,1.35864,111
SQ:USDCAD,2018-12-24T16:19:00+01:00,1.35864,1.35880,1.35851,1.35856,191
SQ:USDCAD,2018-12-24T16:20:00+01:00,1.35857,1.35867,1.35842,1.35861,175
SQ:USDCAD,2018-12-24T16:21:00+01:00,1.35862,1.35870,1.35844,1.35845,140
SQ:USDCAD,2018-12-24T16:22:00+01:00,1.35845,1.35851,1.35785,1.35786,171
SQ:USDCAD,2018-12-24T16:23:00+01:00,1.35786,1.35797,1.35767,1.35780,191
SQ:USDCAD,2018-12-24T16:24:00+01:00,1.35780,1.35788,1.35769,1.35770,191
SQ:USDCAD,2018-12-24T16:25:00+01:00,1.35770,1.35787,1.35758,1.35778,144
SQ:USDCAD,2018-12-24T16:26:00+01:00,1.35778,1.35779,1.35735,1.35735,101
SQ:USDCAD,2018-12-24T16:27:00+01:00,1.35735,1.35740,1.35677,1.35683,158
SQ:USDCAD,2018-12-24T16:28:00+01:00,1.35685,1.35709,1.35667,1.35685,166
SQ:USDCAD,2018-12-24T16:29:00+01:00,1.35688,1.35722,1.35683,1.35688,183
SQ:USDCAD,2018-12-24T16:30:00+01:00,1.35686,1.35689,1.35672,1.35673,85
SQ:USDCAD,2018-12-24T16:31:00+01:00,1.35673,1.35681,1.35655,1.35680,191
SQ:USDCAD,2018-12-24T16:32:00+01:00,1.35681,1.35744,1.35681,1.35744,160
SQ:USDCAD,2018-12-24T16:33:00+01:00,1.35745,1.35746,1.35719,1.35725,134
SQ:USDCAD,2018-12-24T16:34:00+01:00,1.35726,1.35736,1.35716,1.35719,125
SQ:USDCAD,2018-12-24T16:35:00+01:00,1.35719,1.35724,1.35686,1.35696,170
SQ:USDCAD,2018-12-24T16:36:00+01:00,1.35697,1.35715,1.35688,1.35707,171
SQ:USDCAD,2018-12-24T16:37:00+01:00,1.35709,1.35712,1.35687,1.35689,162
SQ:USDCAD,2018-12-24T16:38:00+01:00,1.35689,1.35730,1.35689,1.35726,188
SQ:USDCAD,2018-12-24T16:39:00+01:00,1.35726,1.35734,1.35721,1.35732,236
SQ:USDCAD,2018-12-24T16:40:00+01:00,1.35731,1.35742,1.35722,1.35733,246
SQ:USDCAD,2018-12-24T16:41:00+01:00,1.35734,1.35734,1.35684,1.35690,159
SQ:USDCAD,2018-12-24T16:42:00+01:00,1.35691,1.35721,1.35686,1.35713,207
SQ:USDCAD,2018-12-24T16:43:00+01:00,1.35713,1.35717,1.35691,1.35694,172
SQ:USDCAD,2018-12-24T16:44:00+01:00,1.35695,1.35718,1.35691,1.35705,150
SQ:USDCAD,2018-12-24T16:45:00+01:00,1.35705,1.35714,1.35691,1.35711,191
SQ:USDCAD,2018-12-24T16:46:00+01:00,1.35710,1.35731,1.35693,1.35729,186
SQ:USDCAD,2018-12-24T16:47:00+01:00,1.35729,1.35760,1.35728,1.35728,198
SQ:USDCAD,2018-12-24T16:48:00+01:00,1.35728,1.35740,1.35715,1.35718,175
SQ:USDCAD,2018-12-24T16:49:00+01:00,1.35717,1.35717,1.35708,1.35715,193
SQ:USDCAD,2018-12-24T16:50:00+01:00,1.35715,1.35728,1.35711,1.35724,233
SQ:USDCAD,2018-12-24T16:51:00+01:00,1.35721,1.35728,1.35705,1.35711,246
SQ:USDCAD,2018-12-24T16:52:00+01:00,1.35710,1.35715,1.35700,1.35709,216
SQ:USDCAD,2018-12-24T16:53:00+01:00,1.35707,1.35719,1.35705,1.35716,231
SQ:USDCAD,2018-12-24T16:54:00+01:00,1.35715,1.35739,1.35715,1.35735,228
SQ:USDCAD,2018-12-24T16:55:00+01:00,1.35735,1.35750,1.35728,1.35746,163
SQ:USDCAD,2018-12-24T16:56:00+01:00,1.35746,1.35768,1.35745,1.35765,149
SQ:USDCAD,2018-12-24T16:57:00+01:00,1.35765,1.35875,1.35763,1.35864,335
SQ:USDCAD,2018-12-24T16:58:00+01:00,1.35868,1.35874,1.35833,1.35852,296
SQ:USDCAD,2018-12-24T16:59:00+01:00,1.35850,1.35870,1.35842,1.35845,340
SQ:USDCAD,2018-12-24T17:00:00+01:00,1.35845,1.35865,1.35841,1.35861,298
SQ:USDCAD,2018-12-24T17:01:00+01:00,1.35862,1.35873,1.35853,1.35865,358
SQ:USDCAD,2018-12-24T17:02:00+01:00,1.35865,1.35879,1.35855,1.35861,274
SQ:USDCAD,2018-12-24T17:03:00+01:00,1.35866,1.35871,1.35856,1.35862,294
SQ:USDCAD,2018-12-24T17:04:00+01:00,1.35862,1.35880,1.35858,1.35870,239
SQ:USDCAD,2018-12-24T17:05:00+01:00,1.35869,1.35869,1.35804,1.35827,243
SQ:USDCAD,2018-12-24T17:06:00+01:00,1.35824,1.35832,1.35722,1.35747,239
SQ:USDCAD,2018-12-24T17:07:00+01:00,1.35748,1.35748,1.35666,1.35675,159
SQ:USDCAD,2018-12-24T17:08:00+01:00,1.35676,1.35710,1.35656,1.35710,254
SQ:USDCAD,2018-12-24T17:09:00+01:00,1.35709,1.35719,1.35696,1.35706,192
SQ:USDCAD,2018-12-24T17:10:00+01:00,1.35705,1.35728,1.35705,1.35710,246
SQ:USDCAD,2018-12-24T17:11:00+01:00,1.35713,1.35729,1.35708,1.35723,229
SQ:USDCAD,2018-12-24T17:12:00+01:00,1.35726,1.35745,1.35715,1.35743,185
SQ:USDCAD,2018-12-24T17:13:00+01:00,1.35743,1.35759,1.35734,1.35735,166
SQ:USDCAD,2018-12-24T17:14:00+01:00,1.35734,1.35747,1.35733,1.35747,143
SQ:USDCAD,2018-12-24T17:15:00+01:00,1.35748,1.35816,1.35745,1.35805,217
SQ:USDCAD,2018-12-24T17:16:00+01:00,1.35805,1.35835,1.35799,1.35826,146
SQ:USDCAD,2018-12-24T17:17:00+01:00,1.35826,1.35844,1.35819,1.35844,78
SQ:USDCAD,2018-12-24T17:18:00+01:00,1.35843,1.35871,1.35820,1.35865,135
SQ:USDCAD,2018-12-24T17:19:00+01:00,1.35865,1.35877,1.35854,1.35855,95
SQ:USDCAD,2018-12-24T17:20:00+01:00,1.35854,1.35864,1.35836,1.35847,157
SQ:USDCAD,2018-12-24T17:21:00+01:00,1.35847,1.35853,1.35836,1.35838,142
SQ:USDCAD,2018-12-24T17:22:00+01:00,1.35840,1.35846,1.35835,1.35840,162
SQ:USDCAD,2018-12-24T17:23:00+01:00,1.35840,1.35841,1.35826,1.35830,178
SQ:USDCAD,2018-12-24T17:24:00+01:00,1.35831,1.35863,1.35831,1.35863,205
SQ:USDCAD,2018-12-24T17:25:00+01:00,1.35860,1.35893,1.35848,1.35885,218
SQ:USDCAD,2018-12-24T17:26:00+01:00,1.35883,1.35914,1.35883,1.35891,254
SQ:USDCAD,2018-12-24T17:27:00+01:00,1.35894,1.35896,1.35849,1.35871,185
SQ:USDCAD,2018-12-24T17:28:00+01:00,1.35866,1.35872,1.35842,1.35856,173
SQ:USDCAD,2018-12-24T17:29:00+01:00,1.35856,1.35872,1.35847,1.35857,131
SQ:USDCAD,2018-12-24T17:30:00+01:00,1.35857,1.35870,1.35836,1.35849,334
SQ:USDCAD,2018-12-24T17:31:00+01:00,1.35850,1.35852,1.35825,1.35829,287
SQ:USDCAD,2018-12-24T17:32:00+01:00,1.35828,1.35847,1.35826,1.35835,344
SQ:USDCAD,2018-12-24T17:33:00+01:00,1.35835,1.35846,1.35825,1.35839,362
SQ:USDCAD,2018-12-24T17:34:00+01:00,1.35840,1.35840,1.35816,1.35817,413
SQ:USDCAD,2018-12-24T17:35:00+01:00,1.35821,1.35848,1.35813,1.35841,390
SQ:USDCAD,2018-12-24T17:36:00+01:00,1.35840,1.35897,1.35840,1.35892,430
SQ:USDCAD,2018-12-24T17:37:00+01:00,1.35892,1.35898,1.35882,1.35891,572
SQ:USDCAD,2018-12-24T17:38:00+01:00,1.35890,1.35922,1.35886,1.35908,460
SQ:USDCAD,2018-12-24T17:39:00+01:00,1.35908,1.35909,1.35870,1.35876,359
SQ:USDCAD,2018-12-24T17:40:00+01:00,1.35877,1.35884,1.35856,1.35875,256
SQ:USDCAD,2018-12-24T17:41:00+01:00,1.35876,1.35889,1.35859,1.35859,334
SQ:USDCAD,2018-12-24T17:42:00+01:00,1.35858,1.35881,1.35852,1.35880,189
SQ:USDCAD,2018-12-24T17:43:00+01:00,1.35879,1.35884,1.35854,1.35879,183
SQ:USDCAD,2018-12-24T17:44:00+01:00,1.35879,1.35879,1.35848,1.35849,172
SQ:USDCAD,2018-12-24T17:45:00+01:00,1.35849,1.35882,1.35849,1.35879,281
SQ:USDCAD,2018-12-24T17:46:00+01:00,1.35879,1.35886,1.35859,1.35879,362
SQ:USDCAD,2018-12-24T17:47:00+01:00,1.35879,1.35891,1.35869,1.35872,514
SQ:USDCAD,2018-12-24T17:48:00+01:00,1.35873,1.35874,1.35837,1.35846,417
SQ:USDCAD,2018-12-24T17:49:00+01:00,1.35846,1.35917,1.35838,1.35898,326
SQ:USDCAD,2018-12-24T17:50:00+01:00,1.35899,1.35923,1.35886,1.35910,308
SQ:USDCAD,2018-12-24T17:51:00+01:00,1.35908,1.35917,1.35881,1.35907,390
SQ:USDCAD,2018-12-24T17:52:00+01:00,1.35907,1.35915,1.35898,1.35900,305
SQ:USDCAD,2018-12-24T17:53:00+01:00,1.35903,1.35907,1.35898,1.35900,182
SQ:USDCAD,2018-12-24T17:54:00+01:00,1.35899,1.35899,1.35875,1.35879,175
SQ:USDCAD,2018-12-24T17:55:00+01:00,1.35878,1.35893,1.35875,1.35888,139
SQ:USDCAD,2018-12-24T17:56:00+01:00,1.35889,1.35895,1.35862,1.35864,248
SQ:USDCAD,2018-12-24T17:57:00+01:00,1.35862,1.35884,1.35855,1.35875,240
SQ:USDCAD,2018-12-24T17:58:00+01:00,1.35875,1.35921,1.35875,1.35915,348
SQ:USDCAD,2018-12-24T17:59:00+01:00,1.35913,1.35947,1.35909,1.35937,234
SQ:USDCAD,2018-12-24T18:00:00+01:00,1.35936,1.35941,1.35924,1.35924,125
SQ:USDCAD,2018-12-24T18:01:00+01:00,1.35924,1.35924,1.35903,1.35905,103
SQ:USDCAD,2018-12-24T18:02:00+01:00,1.35904,1.35909,1.35887,1.35889,59
SQ:USDCAD,2018-12-24T18:03:00+01:00,1.35890,1.35899,1.35874,1.35884,180
SQ:USDCAD,2018-12-24T18:04:00+01:00,1.35885,1.35891,1.35881,1.35889,252
SQ:USDCAD,2018-12-24T18:05:00+01:00,1.35889,1.35897,1.35878,1.35885,284
SQ:USDCAD,2018-12-24T18:06:00+01:00,1.35885,1.35891,1.35861,1.35861,365
SQ:USDCAD,2018-12-24T18:07:00+01:00,1.35862,1.35875,1.35855,1.35864,304
SQ:USDCAD,2018-12-24T18:08:00+01:00,1.35864,1.35867,1.35854,1.35862,310
SQ:USDCAD,2018-12-24T18:09:00+01:00,1.35863,1.35878,1.35853,1.35874,385
SQ:USDCAD,2018-12-24T18:10:00+01:00,1.35873,1.35890,1.35866,1.35873,366
SQ:USDCAD,2018-12-24T18:11:00+01:00,1.35872,1.35892,1.35868,1.35889,224
SQ:USDCAD,2018-12-24T18:12:00+01:00,1.35889,1.35896,1.35869,1.35880,275
SQ:USDCAD,2018-12-24T18:13:00+01:00,1.35881,1.35887,1.35856,1.35860,260
SQ:USDCAD,2018-12-24T18:14:00+01:00,1.35860,1.35883,1.35843,1.35855,231
SQ:USDCAD,2018-12-24T18:15:00+01:00,1.35856,1.35885,1.35856,1.35873,271
SQ:USDCAD,2018-12-24T18:16:00+01:00,1.35874,1.35881,1.35865,1.35875,190
SQ:USDCAD,2018-12-24T18:17:00+01:00,1.35873,1.35893,1.35872,1.35892,194
SQ:USDCAD,2018-12-24T18:18:00+01:00,1.35891,1.35898,1.35887,1.35898,169
SQ:USDCAD,2018-12-24T18:19:00+01:00,1.35898,1.35900,1.35888,1.35897,234
SQ:USDCAD,2018-12-24T18:20:00+01:00,1.35897,1.35916,1.35890,1.35916,124
SQ:USDCAD,2018-12-24T18:21:00+01:00,1.35916,1.35965,1.35916,1.35958,205
SQ:USDCAD,2018-12-24T18:22:00+01:00,1.35958,1.35964,1.35948,1.35959,287
SQ:USDCAD,2018-12-24T18:23:00+01:00,1.35960,1.35975,1.35957,1.35973,304
SQ:USDCAD,2018-12-24T18:24:00+01:00,1.35973,1.35978,1.35969,1.35973,239
SQ:USDCAD,2018-12-24T18:25:00+01:00,1.35973,1.35975,1.35929,1.35929,161
SQ:USDCAD,2018-12-24T18:26:00+01:00,1.35930,1.35939,1.35909,1.35920,203
SQ:USDCAD,2018-12-24T18:27:00+01:00,1.35920,1.35943,1.35919,1.35937,280
SQ:USDCAD,2018-12-24T18:28:00+01:00,1.35936,1.35947,1.35926,1.35927,244
SQ:USDCAD,2018-12-24T18:29:00+01:00,1.35928,1.35938,1.35919,1.35926,280
SQ:USDCAD,2018-12-24T18:30:00+01:00,1.35926,1.35934,1.35889,1.35898,206
SQ:USDCAD,2018-12-24T18:31:00+01:00,1.35899,1.35909,1.35897,1.35906,252
SQ:USDCAD,2018-12-24T18:32:00+01:00,1.35907,1.35928,1.35894,1.35896,177
SQ:USDCAD,2018-12-24T18:33:00+01:00,1.35894,1.35928,1.35894,1.35927,197
SQ:USDCAD,2018-12-24T18:34:00+01:00,1.35926,1.35928,1.35910,1.35915,180
SQ:USDCAD,2018-12-24T18:35:00+01:00,1.35915,1.35927,1.35906,1.35916,328
SQ:USDCAD,2018-12-24T18:36:00+01:00,1.35916,1.35930,1.35912,1.35916,286
SQ:USDCAD,2018-12-24T18:37:00+01:00,1.35917,1.35939,1.35914,1.35916,330
SQ:USDCAD,2018-12-24T18:38:00+01:00,1.35915,1.35940,1.35915,1.35936,323
SQ:USDCAD,2018-12-24T18:39:00+01:00,1.35935,1.35937,1.35918,1.35925,165
SQ:USDCAD,2018-12-24T18:40:00+01:00,1.35925,1.35941,1.35917,1.35934,181
SQ:USDCAD,2018-12-24T18:41:00+01:00,1.35934,1.35934,1.35925,1.35925,40
SQ:USDCAD,2018-12-24T18:42:00+01:00,1.35927,1.35927,1.35905,1.35906,99
SQ:USDCAD,2018-12-24T18:43:00+01:00,1.35905,1.35908,1.35888,1.35895,157
SQ:USDCAD,2018-12-24T18:44:00+01:00,1.35892,1.35897,1.35885,1.35888,83
SQ:USDCAD,2018-12-24T18:45:00+01:00,1.35894,1.35897,1.35887,1.35896,75
SQ:USDCAD,2018-12-24T18:46:00+01:00,1.35900,1.35902,1.35892,1.35896,49
SQ:USDCAD,2018-12-24T18:47:00+01:00,1.35892,1.35897,1.35892,1.35896,37
SQ:USDCAD,2018-12-24T18:48:00+01:00,1.35897,1.35902,1.35894,1.35898,58
SQ:USDCAD,2018-12-24T18:49:00+01:00,1.35898,1.35898,1.35887,1.35891,61
SQ:USDCAD,2018-12-24T18:50:00+01:00,1.35894,1.35894,1.35887,1.35889,47
SQ:USDCAD,2018-12-24T18:51:00+01:00,1.35893,1.35896,1.35889,1.35895,50
SQ:USDCAD,2018-12-24T18:52:00+01:00,1.35895,1.35896,1.35886,1.35890,51
SQ:USDCAD,2018-12-24T18:53:00+01:00,1.35890,1.35891,1.35884,1.35886,59
SQ:USDCAD,2018-12-24T18:54:00+01:00,1.35885,1.35894,1.35885,1.35886,61
SQ:USDCAD,2018-12-24T18:55:00+01:00,1.35889,1.35899,1.35889,1.35897,78
SQ:USDCAD,2018-12-24T18:56:00+01:00,1.35899,1.35910,1.35897,1.35905,38
SQ:USDCAD,2018-12-24T18:57:00+01:00,1.35905,1.35995,1.35904,1.35995,131
SQ:USDCAD,2018-12-24T18:58:00+01:00,1.35995,1.36006,1.35994,1.36000,102
SQ:USDCAD,2018-12-24T18:59:00+01:00,1.35999,1.36012,1.35993,1.36010,203
