SQ:USDSEK,2021-01-20T00:00:00+01:00,8.32200,8.32901,8.31802,8.32464,164
SQ:USDSEK,2021-01-20T00:01:00+01:00,8.32374,8.34173,8.32374,8.33649,179
SQ:USDSEK,2021-01-20T00:02:00+01:00,8.33646,8.34048,8.33630,8.34027,91
SQ:USDSEK,2021-01-20T00:03:00+01:00,8.34026,8.34091,8.33971,8.34002,46
SQ:USDSEK,2021-01-20T00:04:00+01:00,8.34003,8.34003,8.33307,8.33572,145
SQ:USDSEK,2021-01-20T00:05:00+01:00,8.33587,8.34560,8.33568,8.34000,592
SQ:USDSEK,2021-01-20T00:06:00+01:00,8.34000,8.34006,8.33313,8.33318,99
SQ:USDSEK,2021-01-20T00:07:00+01:00,8.33317,8.33550,8.33250,8.33300,175
SQ:USDSEK,2021-01-20T00:08:00+01:00,8.33214,8.33914,8.32846,8.32865,131
SQ:USDSEK,2021-01-20T00:09:00+01:00,8.32870,8.33055,8.32847,8.33055,155
SQ:USDSEK,2021-01-20T00:10:00+01:00,8.33055,8.33055,8.32939,8.32944,23
SQ:USDSEK,2021-01-20T00:11:00+01:00,8.32944,8.32993,8.32922,8.32922,5
SQ:USDSEK,2021-01-20T00:12:00+01:00,8.32922,8.32961,8.32884,8.32890,54
SQ:USDSEK,2021-01-20T00:13:00+01:00,8.32890,8.32913,8.32850,8.32905,14
SQ:USDSEK,2021-01-20T00:14:00+01:00,8.32905,8.33012,8.32905,8.32959,146
SQ:USDSEK,2021-01-20T00:15:00+01:00,8.32947,8.32970,8.32908,8.32908,35
SQ:USDSEK,2021-01-20T00:16:00+01:00,8.32908,8.32913,8.32816,8.32816,11
SQ:USDSEK,2021-01-20T00:17:00+01:00,8.32816,8.32873,8.32816,8.32873,7
SQ:USDSEK,2021-01-20T00:18:00+01:00,8.32873,8.32879,8.32844,8.32855,8
SQ:USDSEK,2021-01-20T00:19:00+01:00,8.32855,8.32887,8.32840,8.32840,4
SQ:USDSEK,2021-01-20T00:20:00+01:00,8.32840,8.32840,8.32840,8.32840,1
SQ:USDSEK,2021-01-20T00:21:00+01:00,8.32840,8.32850,8.32840,8.32850,2
SQ:USDSEK,2021-01-20T00:22:00+01:00,8.32850,8.32850,8.32631,8.32631,18
SQ:USDSEK,2021-01-20T00:23:00+01:00,8.32631,8.32660,8.32596,8.32628,16
SQ:USDSEK,2021-01-20T00:24:00+01:00,8.32628,8.32642,8.32568,8.32568,20
SQ:USDSEK,2021-01-20T00:25:00+01:00,8.32568,8.32626,8.32568,8.32614,27
SQ:USDSEK,2021-01-20T00:26:00+01:00,8.32615,8.32638,8.32558,8.32578,29
SQ:USDSEK,2021-01-20T00:27:00+01:00,8.32578,8.32790,8.32578,8.32756,43
SQ:USDSEK,2021-01-20T00:28:00+01:00,8.32751,8.32821,8.32751,8.32781,24
SQ:USDSEK,2021-01-20T00:29:00+01:00,8.32781,8.32781,8.32687,8.32687,10
SQ:USDSEK,2021-01-20T00:30:00+01:00,8.32687,8.32835,8.32687,8.32833,31
SQ:USDSEK,2021-01-20T00:31:00+01:00,8.32849,8.33384,8.32831,8.33011,106
SQ:USDSEK,2021-01-20T00:32:00+01:00,8.33011,8.33039,8.32988,8.33030,41
SQ:USDSEK,2021-01-20T00:33:00+01:00,8.33027,8.33027,8.32943,8.32977,65
SQ:USDSEK,2021-01-20T00:34:00+01:00,8.32977,8.32997,8.32920,8.32956,53
SQ:USDSEK,2021-01-20T00:35:00+01:00,8.32959,8.33034,8.32947,8.32990,83
SQ:USDSEK,2021-01-20T00:36:00+01:00,8.32985,8.33024,8.32954,8.33024,13
SQ:USDSEK,2021-01-20T00:37:00+01:00,8.33024,8.33145,8.32974,8.33113,7
SQ:USDSEK,2021-01-20T00:38:00+01:00,8.33113,8.33265,8.33072,8.33227,110
SQ:USDSEK,2021-01-20T00:39:00+01:00,8.33239,8.33458,8.33207,8.33398,67
SQ:USDSEK,2021-01-20T00:40:00+01:00,8.33396,8.33427,8.33363,8.33427,29
SQ:USDSEK,2021-01-20T00:41:00+01:00,8.33422,8.33463,8.33368,8.33402,50
SQ:USDSEK,2021-01-20T00:42:00+01:00,8.33402,8.33583,8.33360,8.33519,47
SQ:USDSEK,2021-01-20T00:43:00+01:00,8.33519,8.33605,8.33489,8.33592,91
SQ:USDSEK,2021-01-20T00:44:00+01:00,8.33590,8.33631,8.33357,8.33394,143
SQ:USDSEK,2021-01-20T00:45:00+01:00,8.33394,8.33448,8.33270,8.33400,139
SQ:USDSEK,2021-01-20T00:46:00+01:00,8.33391,8.33462,8.33173,8.33243,88
SQ:USDSEK,2021-01-20T00:47:00+01:00,8.33243,8.33366,8.33132,8.33169,136
SQ:USDSEK,2021-01-20T00:48:00+01:00,8.33169,8.33174,8.33062,8.33144,115
SQ:USDSEK,2021-01-20T00:49:00+01:00,8.33151,8.33186,8.33118,8.33150,96
SQ:USDSEK,2021-01-20T00:50:00+01:00,8.33145,8.33178,8.33081,8.33109,45
SQ:USDSEK,2021-01-20T00:51:00+01:00,8.33130,8.33156,8.33060,8.33092,202
SQ:USDSEK,2021-01-20T00:52:00+01:00,8.33105,8.33150,8.33044,8.33056,68
SQ:USDSEK,2021-01-20T00:53:00+01:00,8.33059,8.33096,8.33019,8.33019,92
SQ:USDSEK,2021-01-20T00:54:00+01:00,8.33019,8.33155,8.33002,8.33111,104
SQ:USDSEK,2021-01-20T00:55:00+01:00,8.33111,8.33170,8.33040,8.33142,96
SQ:USDSEK,2021-01-20T00:56:00+01:00,8.33144,8.33198,8.33103,8.33108,155
SQ:USDSEK,2021-01-20T00:57:00+01:00,8.33114,8.33114,8.33034,8.33054,82
SQ:USDSEK,2021-01-20T00:58:00+01:00,8.33054,8.33140,8.33036,8.33066,142
SQ:USDSEK,2021-01-20T00:59:00+01:00,8.33066,8.33111,8.32990,8.32990,123
SQ:USDSEK,2021-01-20T01:00:00+01:00,8.32990,8.33468,8.32990,8.33317,445
SQ:USDSEK,2021-01-20T01:01:00+01:00,8.33317,8.33861,8.33181,8.33820,218
SQ:USDSEK,2021-01-20T01:02:00+01:00,8.33820,8.33820,8.33273,8.33278,95
SQ:USDSEK,2021-01-20T01:03:00+01:00,8.33278,8.33400,8.33161,8.33358,131
SQ:USDSEK,2021-01-20T01:04:00+01:00,8.33358,8.33505,8.33282,8.33454,72
SQ:USDSEK,2021-01-20T01:05:00+01:00,8.33454,8.33476,8.33359,8.33403,73
SQ:USDSEK,2021-01-20T01:06:00+01:00,8.33403,8.33567,8.33267,8.33347,133
SQ:USDSEK,2021-01-20T01:07:00+01:00,8.33347,8.33396,8.33134,8.33146,72
SQ:USDSEK,2021-01-20T01:08:00+01:00,8.33146,8.33189,8.33111,8.33112,27
SQ:USDSEK,2021-01-20T01:09:00+01:00,8.33100,8.33291,8.33096,8.33267,56
SQ:USDSEK,2021-01-20T01:10:00+01:00,8.33266,8.33266,8.33088,8.33090,57
SQ:USDSEK,2021-01-20T01:11:00+01:00,8.33090,8.33106,8.33000,8.33036,88
SQ:USDSEK,2021-01-20T01:12:00+01:00,8.33032,8.33163,8.33032,8.33128,67
SQ:USDSEK,2021-01-20T01:13:00+01:00,8.33130,8.33132,8.33050,8.33051,25
SQ:USDSEK,2021-01-20T01:14:00+01:00,8.33051,8.33051,8.32773,8.32940,102
SQ:USDSEK,2021-01-20T01:15:00+01:00,8.32930,8.33070,8.32930,8.33035,75
SQ:USDSEK,2021-01-20T01:16:00+01:00,8.33035,8.33080,8.32976,8.33080,37
SQ:USDSEK,2021-01-20T01:17:00+01:00,8.33070,8.33090,8.32944,8.32944,24
SQ:USDSEK,2021-01-20T01:18:00+01:00,8.32902,8.32990,8.32786,8.32980,78
SQ:USDSEK,2021-01-20T01:19:00+01:00,8.32990,8.33050,8.32944,8.32950,36
SQ:USDSEK,2021-01-20T01:20:00+01:00,8.32960,8.32990,8.32923,8.32990,34
SQ:USDSEK,2021-01-20T01:21:00+01:00,8.32980,8.33060,8.32980,8.33031,27
SQ:USDSEK,2021-01-20T01:22:00+01:00,8.33031,8.33070,8.33031,8.33031,29
SQ:USDSEK,2021-01-20T01:23:00+01:00,8.33031,8.33090,8.33031,8.33080,14
SQ:USDSEK,2021-01-20T01:24:00+01:00,8.33070,8.33090,8.32865,8.33010,72
SQ:USDSEK,2021-01-20T01:25:00+01:00,8.32990,8.33560,8.32975,8.33400,104
SQ:USDSEK,2021-01-20T01:26:00+01:00,8.33400,8.33400,8.33269,8.33269,18
SQ:USDSEK,2021-01-20T01:27:00+01:00,8.33274,8.33290,8.32824,8.32910,176
SQ:USDSEK,2021-01-20T01:28:00+01:00,8.32910,8.32970,8.32800,8.32850,128
SQ:USDSEK,2021-01-20T01:29:00+01:00,8.32840,8.32880,8.32657,8.32657,44
SQ:USDSEK,2021-01-20T01:30:00+01:00,8.32657,8.32901,8.32620,8.32680,158
SQ:USDSEK,2021-01-20T01:31:00+01:00,8.32690,8.32800,8.32690,8.32793,64
SQ:USDSEK,2021-01-20T01:32:00+01:00,8.32793,8.32811,8.32692,8.32732,63
SQ:USDSEK,2021-01-20T01:33:00+01:00,8.32732,8.32856,8.32710,8.32814,44
SQ:USDSEK,2021-01-20T01:34:00+01:00,8.32812,8.33038,8.32812,8.32972,90
SQ:USDSEK,2021-01-20T01:35:00+01:00,8.32972,8.33075,8.32972,8.33060,44
SQ:USDSEK,2021-01-20T01:36:00+01:00,8.33067,8.33100,8.32972,8.32997,69
SQ:USDSEK,2021-01-20T01:37:00+01:00,8.33006,8.33056,8.32990,8.33047,16
SQ:USDSEK,2021-01-20T01:38:00+01:00,8.33041,8.33122,8.33005,8.33103,143
SQ:USDSEK,2021-01-20T01:39:00+01:00,8.33092,8.33113,8.32939,8.32944,151
SQ:USDSEK,2021-01-20T01:40:00+01:00,8.32955,8.33745,8.32935,8.33590,207
SQ:USDSEK,2021-01-20T01:41:00+01:00,8.33561,8.33620,8.32709,8.33100,110
SQ:USDSEK,2021-01-20T01:42:00+01:00,8.33100,8.33130,8.32772,8.32810,109
SQ:USDSEK,2021-01-20T01:43:00+01:00,8.32820,8.32990,8.32721,8.32890,126
SQ:USDSEK,2021-01-20T01:44:00+01:00,8.32900,8.32980,8.32779,8.32920,86
SQ:USDSEK,2021-01-20T01:45:00+01:00,8.32920,8.33060,8.32906,8.32989,132
SQ:USDSEK,2021-01-20T01:46:00+01:00,8.33020,8.33320,8.33010,8.33300,200
SQ:USDSEK,2021-01-20T01:47:00+01:00,8.33290,8.33640,8.33102,8.33523,125
SQ:USDSEK,2021-01-20T01:48:00+01:00,8.33523,8.33523,8.33371,8.33371,9
SQ:USDSEK,2021-01-20T01:49:00+01:00,8.33371,8.33399,8.33359,8.33399,5
SQ:USDSEK,2021-01-20T01:50:00+01:00,8.33399,8.33410,8.33090,8.33390,80
SQ:USDSEK,2021-01-20T01:51:00+01:00,8.33400,8.33660,8.33400,8.33650,78
SQ:USDSEK,2021-01-20T01:52:00+01:00,8.33660,8.33922,8.33600,8.33710,49
SQ:USDSEK,2021-01-20T01:53:00+01:00,8.33708,8.33896,8.33708,8.33862,27
SQ:USDSEK,2021-01-20T01:54:00+01:00,8.33862,8.33902,8.33761,8.33772,53
SQ:USDSEK,2021-01-20T01:55:00+01:00,8.33762,8.33790,8.33651,8.33730,104
SQ:USDSEK,2021-01-20T01:56:00+01:00,8.33750,8.33857,8.33704,8.33704,68
SQ:USDSEK,2021-01-20T01:57:00+01:00,8.33704,8.33704,8.33186,8.33243,83
SQ:USDSEK,2021-01-20T01:58:00+01:00,8.33243,8.33382,8.33243,8.33382,14
SQ:USDSEK,2021-01-20T01:59:00+01:00,8.33382,8.33398,8.33364,8.33383,33
SQ:USDSEK,2021-01-20T02:00:00+01:00,8.33383,8.33404,8.33292,8.33302,16
SQ:USDSEK,2021-01-20T02:01:00+01:00,8.33314,8.33314,8.33196,8.33249,27
SQ:USDSEK,2021-01-20T02:02:00+01:00,8.33249,8.33293,8.33239,8.33287,31
SQ:USDSEK,2021-01-20T02:03:00+01:00,8.33286,8.33325,8.33247,8.33258,48
SQ:USDSEK,2021-01-20T02:04:00+01:00,8.33263,8.33311,8.32807,8.32920,201
SQ:USDSEK,2021-01-20T02:05:00+01:00,8.32910,8.33050,8.32880,8.33050,180
SQ:USDSEK,2021-01-20T02:06:00+01:00,8.33050,8.33163,8.32970,8.33110,132
SQ:USDSEK,2021-01-20T02:07:00+01:00,8.33110,8.33140,8.33090,8.33120,46
SQ:USDSEK,2021-01-20T02:08:00+01:00,8.33120,8.33351,8.33120,8.33351,60
SQ:USDSEK,2021-01-20T02:09:00+01:00,8.33354,8.33354,8.33280,8.33318,51
SQ:USDSEK,2021-01-20T02:10:00+01:00,8.33327,8.33348,8.33302,8.33338,33
SQ:USDSEK,2021-01-20T02:11:00+01:00,8.33347,8.33504,8.33317,8.33485,54
SQ:USDSEK,2021-01-20T02:12:00+01:00,8.33478,8.33773,8.33471,8.33704,97
SQ:USDSEK,2021-01-20T02:13:00+01:00,8.33707,8.33760,8.33697,8.33746,38
SQ:USDSEK,2021-01-20T02:14:00+01:00,8.33748,8.33826,8.33681,8.33810,56
SQ:USDSEK,2021-01-20T02:15:00+01:00,8.33822,8.33837,8.33745,8.33769,67
SQ:USDSEK,2021-01-20T02:16:00+01:00,8.33772,8.33773,8.33567,8.33605,42
SQ:USDSEK,2021-01-20T02:17:00+01:00,8.33605,8.33666,8.33513,8.33531,91
SQ:USDSEK,2021-01-20T02:18:00+01:00,8.33504,8.33528,8.33427,8.33461,53
SQ:USDSEK,2021-01-20T02:19:00+01:00,8.33461,8.33498,8.33407,8.33407,15
SQ:USDSEK,2021-01-20T02:20:00+01:00,8.33426,8.33462,8.33372,8.33445,37
SQ:USDSEK,2021-01-20T02:21:00+01:00,8.33451,8.33527,8.33437,8.33501,40
SQ:USDSEK,2021-01-20T02:22:00+01:00,8.33508,8.33637,8.33508,8.33609,40
SQ:USDSEK,2021-01-20T02:23:00+01:00,8.33616,8.33770,8.33616,8.33685,74
SQ:USDSEK,2021-01-20T02:24:00+01:00,8.33685,8.33685,8.33643,8.33643,10
SQ:USDSEK,2021-01-20T02:25:00+01:00,8.33655,8.33678,8.33585,8.33619,50
SQ:USDSEK,2021-01-20T02:26:00+01:00,8.33619,8.33619,8.33531,8.33546,31
SQ:USDSEK,2021-01-20T02:27:00+01:00,8.33549,8.33629,8.33541,8.33629,15
SQ:USDSEK,2021-01-20T02:28:00+01:00,8.33629,8.33658,8.33625,8.33658,13
SQ:USDSEK,2021-01-20T02:29:00+01:00,8.33658,8.33732,8.33629,8.33672,106
SQ:USDSEK,2021-01-20T02:30:00+01:00,8.33672,8.33739,8.33644,8.33690,14
SQ:USDSEK,2021-01-20T02:31:00+01:00,8.33704,8.33712,8.33613,8.33687,58
SQ:USDSEK,2021-01-20T02:32:00+01:00,8.33678,8.33678,8.33200,8.33208,62
SQ:USDSEK,2021-01-20T02:33:00+01:00,8.33200,8.33270,8.33147,8.33173,77
SQ:USDSEK,2021-01-20T02:34:00+01:00,8.33173,8.33272,8.33130,8.33245,24
SQ:USDSEK,2021-01-20T02:35:00+01:00,8.33259,8.33265,8.33147,8.33147,15
SQ:USDSEK,2021-01-20T02:36:00+01:00,8.33147,8.33181,8.33099,8.33140,20
SQ:USDSEK,2021-01-20T02:37:00+01:00,8.33139,8.33170,8.33073,8.33093,19
SQ:USDSEK,2021-01-20T02:38:00+01:00,8.33099,8.33130,8.33030,8.33089,20
SQ:USDSEK,2021-01-20T02:39:00+01:00,8.33089,8.33197,8.32944,8.33152,17
SQ:USDSEK,2021-01-20T02:40:00+01:00,8.33152,8.33242,8.33148,8.33183,27
SQ:USDSEK,2021-01-20T02:41:00+01:00,8.33183,8.33225,8.33100,8.33225,23
SQ:USDSEK,2021-01-20T02:42:00+01:00,8.33225,8.33244,8.33175,8.33180,20
SQ:USDSEK,2021-01-20T02:43:00+01:00,8.33231,8.33272,8.33194,8.33202,20
SQ:USDSEK,2021-01-20T02:44:00+01:00,8.33208,8.33275,8.33098,8.33103,35
SQ:USDSEK,2021-01-20T02:45:00+01:00,8.33101,8.33214,8.33099,8.33110,24
SQ:USDSEK,2021-01-20T02:46:00+01:00,8.33110,8.33200,8.33049,8.33072,42
SQ:USDSEK,2021-01-20T02:47:00+01:00,8.33075,8.33095,8.32999,8.33027,37
SQ:USDSEK,2021-01-20T02:48:00+01:00,8.33025,8.33037,8.33000,8.33014,27
SQ:USDSEK,2021-01-20T02:49:00+01:00,8.33015,8.33070,8.32960,8.33046,67
SQ:USDSEK,2021-01-20T02:50:00+01:00,8.33045,8.33150,8.32988,8.33040,44
SQ:USDSEK,2021-01-20T02:51:00+01:00,8.33047,8.33052,8.32956,8.32962,28
SQ:USDSEK,2021-01-20T02:52:00+01:00,8.32963,8.33047,8.32925,8.33008,31
SQ:USDSEK,2021-01-20T02:53:00+01:00,8.33022,8.33198,8.33022,8.33198,48
SQ:USDSEK,2021-01-20T02:54:00+01:00,8.33174,8.33261,8.33145,8.33145,53
SQ:USDSEK,2021-01-20T02:55:00+01:00,8.33144,8.33233,8.33144,8.33162,45
SQ:USDSEK,2021-01-20T02:56:00+01:00,8.33166,8.33166,8.33118,8.33130,21
SQ:USDSEK,2021-01-20T02:57:00+01:00,8.33130,8.33153,8.33101,8.33130,27
SQ:USDSEK,2021-01-20T02:58:00+01:00,8.33130,8.33283,8.33130,8.33269,37
SQ:USDSEK,2021-01-20T02:59:00+01:00,8.33267,8.33280,8.33211,8.33241,35
SQ:USDSEK,2021-01-20T03:00:00+01:00,8.33228,8.33302,8.33228,8.33300,25
SQ:USDSEK,2021-01-20T03:01:00+01:00,8.33305,8.33305,8.33282,8.33284,8
SQ:USDSEK,2021-01-20T03:02:00+01:00,8.33276,8.33288,8.33218,8.33218,28
SQ:USDSEK,2021-01-20T03:03:00+01:00,8.33233,8.33259,8.33162,8.33220,48
SQ:USDSEK,2021-01-20T03:04:00+01:00,8.33220,8.33220,8.33170,8.33210,29
SQ:USDSEK,2021-01-20T03:05:00+01:00,8.33220,8.33289,8.33220,8.33268,24
SQ:USDSEK,2021-01-20T03:06:00+01:00,8.33264,8.33264,8.33102,8.33104,41
SQ:USDSEK,2021-01-20T03:07:00+01:00,8.33100,8.33123,8.33055,8.33068,27
SQ:USDSEK,2021-01-20T03:08:00+01:00,8.33064,8.33089,8.33055,8.33066,17
SQ:USDSEK,2021-01-20T03:09:00+01:00,8.33066,8.33083,8.33053,8.33065,31
SQ:USDSEK,2021-01-20T03:10:00+01:00,8.33065,8.33065,8.32942,8.32995,53
SQ:USDSEK,2021-01-20T03:11:00+01:00,8.32986,8.33010,8.32947,8.32984,48
SQ:USDSEK,2021-01-20T03:12:00+01:00,8.33002,8.33083,8.32989,8.33075,22
SQ:USDSEK,2021-01-20T03:13:00+01:00,8.33090,8.33161,8.33090,8.33119,27
SQ:USDSEK,2021-01-20T03:14:00+01:00,8.33116,8.33129,8.33083,8.33127,22
SQ:USDSEK,2021-01-20T03:15:00+01:00,8.33142,8.33184,8.33096,8.33163,42
SQ:USDSEK,2021-01-20T03:16:00+01:00,8.33170,8.33182,8.33135,8.33180,21
SQ:USDSEK,2021-01-20T03:17:00+01:00,8.33181,8.33203,8.33164,8.33200,22
SQ:USDSEK,2021-01-20T03:18:00+01:00,8.33204,8.33604,8.33179,8.33582,68
SQ:USDSEK,2021-01-20T03:19:00+01:00,8.33580,8.33580,8.33397,8.33428,25
SQ:USDSEK,2021-01-20T03:20:00+01:00,8.33428,8.33428,8.33343,8.33360,15
SQ:USDSEK,2021-01-20T03:21:00+01:00,8.33360,8.33390,8.33318,8.33372,22
SQ:USDSEK,2021-01-20T03:22:00+01:00,8.33361,8.33370,8.33348,8.33369,18
SQ:USDSEK,2021-01-20T03:23:00+01:00,8.33363,8.33372,8.33355,8.33360,12
SQ:USDSEK,2021-01-20T03:24:00+01:00,8.33359,8.33359,8.33226,8.33226,29
SQ:USDSEK,2021-01-20T03:25:00+01:00,8.33225,8.33225,8.33110,8.33150,35
SQ:USDSEK,2021-01-20T03:26:00+01:00,8.33155,8.33160,8.33089,8.33089,25
SQ:USDSEK,2021-01-20T03:27:00+01:00,8.33098,8.33099,8.33001,8.33001,14
SQ:USDSEK,2021-01-20T03:28:00+01:00,8.33001,8.33052,8.32650,8.32688,52
SQ:USDSEK,2021-01-20T03:29:00+01:00,8.32685,8.32716,8.32685,8.32703,39
SQ:USDSEK,2021-01-20T03:30:00+01:00,8.32724,8.32740,8.32663,8.32722,23
SQ:USDSEK,2021-01-20T03:31:00+01:00,8.32722,8.32754,8.32515,8.32543,23
SQ:USDSEK,2021-01-20T03:32:00+01:00,8.32543,8.32596,8.32540,8.32572,14
SQ:USDSEK,2021-01-20T03:33:00+01:00,8.32572,8.32642,8.32572,8.32642,10
SQ:USDSEK,2021-01-20T03:34:00+01:00,8.32642,8.32646,8.32571,8.32602,35
SQ:USDSEK,2021-01-20T03:35:00+01:00,8.32602,8.32608,8.32504,8.32539,20
SQ:USDSEK,2021-01-20T03:36:00+01:00,8.32538,8.32572,8.32532,8.32572,12
SQ:USDSEK,2021-01-20T03:37:00+01:00,8.32572,8.32696,8.32572,8.32696,19
SQ:USDSEK,2021-01-20T03:38:00+01:00,8.32700,8.32739,8.32666,8.32684,24
SQ:USDSEK,2021-01-20T03:39:00+01:00,8.32692,8.32692,8.32557,8.32557,22
SQ:USDSEK,2021-01-20T03:40:00+01:00,8.32557,8.32591,8.32557,8.32591,7
SQ:USDSEK,2021-01-20T03:41:00+01:00,8.32591,8.32591,8.32549,8.32580,10
SQ:USDSEK,2021-01-20T03:42:00+01:00,8.32580,8.32670,8.32580,8.32642,18
SQ:USDSEK,2021-01-20T03:43:00+01:00,8.32631,8.32644,8.32604,8.32624,13
SQ:USDSEK,2021-01-20T03:44:00+01:00,8.32625,8.32709,8.32614,8.32695,31
SQ:USDSEK,2021-01-20T03:45:00+01:00,8.32696,8.32724,8.32669,8.32708,31
SQ:USDSEK,2021-01-20T03:46:00+01:00,8.32703,8.32823,8.32659,8.32822,33
SQ:USDSEK,2021-01-20T03:47:00+01:00,8.32822,8.32848,8.32803,8.32803,24
SQ:USDSEK,2021-01-20T03:48:00+01:00,8.32803,8.32803,8.32680,8.32709,19
SQ:USDSEK,2021-01-20T03:49:00+01:00,8.32711,8.32752,8.32710,8.32740,17
SQ:USDSEK,2021-01-20T03:50:00+01:00,8.32751,8.32819,8.32751,8.32816,20
SQ:USDSEK,2021-01-20T03:51:00+01:00,8.32819,8.32909,8.32790,8.32893,34
SQ:USDSEK,2021-01-20T03:52:00+01:00,8.32892,8.32892,8.32815,8.32815,40
SQ:USDSEK,2021-01-20T03:53:00+01:00,8.32817,8.32837,8.32808,8.32831,22
SQ:USDSEK,2021-01-20T03:54:00+01:00,8.32813,8.32828,8.32760,8.32760,11
SQ:USDSEK,2021-01-20T03:55:00+01:00,8.32760,8.32800,8.32760,8.32800,4
SQ:USDSEK,2021-01-20T03:56:00+01:00,8.32793,8.33068,8.32793,8.33068,44
SQ:USDSEK,2021-01-20T03:57:00+01:00,8.33067,8.33135,8.33018,8.33086,49
SQ:USDSEK,2021-01-20T03:58:00+01:00,8.33079,8.33131,8.33054,8.33113,30
SQ:USDSEK,2021-01-20T03:59:00+01:00,8.33110,8.33111,8.33016,8.33060,58
SQ:USDSEK,2021-01-20T04:00:00+01:00,8.33063,8.33063,8.32921,8.32921,20
SQ:USDSEK,2021-01-20T04:01:00+01:00,8.32921,8.32926,8.32905,8.32916,7
SQ:USDSEK,2021-01-20T04:02:00+01:00,8.32916,8.32922,8.32810,8.32920,33
SQ:USDSEK,2021-01-20T04:03:00+01:00,8.32920,8.33007,8.32920,8.33007,10
SQ:USDSEK,2021-01-20T04:04:00+01:00,8.33007,8.33090,8.33001,8.33060,16
SQ:USDSEK,2021-01-20T04:05:00+01:00,8.33060,8.33126,8.33050,8.33105,23
SQ:USDSEK,2021-01-20T04:06:00+01:00,8.33105,8.33204,8.33085,8.33123,32
SQ:USDSEK,2021-01-20T04:07:00+01:00,8.33123,8.33123,8.33047,8.33089,17
SQ:USDSEK,2021-01-20T04:08:00+01:00,8.33089,8.33093,8.33059,8.33059,5
SQ:USDSEK,2021-01-20T04:09:00+01:00,8.33059,8.33160,8.33047,8.33117,17
SQ:USDSEK,2021-01-20T04:10:00+01:00,8.33117,8.33126,8.32898,8.32923,24
SQ:USDSEK,2021-01-20T04:11:00+01:00,8.32923,8.33001,8.32923,8.33000,49
SQ:USDSEK,2021-01-20T04:12:00+01:00,8.33000,8.33003,8.32905,8.32906,34
SQ:USDSEK,2021-01-20T04:13:00+01:00,8.32901,8.32942,8.32900,8.32933,32
SQ:USDSEK,2021-01-20T04:14:00+01:00,8.32940,8.32948,8.32940,8.32940,11
SQ:USDSEK,2021-01-20T04:15:00+01:00,8.32935,8.32935,8.32870,8.32881,13
SQ:USDSEK,2021-01-20T04:16:00+01:00,8.32870,8.32892,8.32829,8.32871,49
SQ:USDSEK,2021-01-20T04:17:00+01:00,8.32882,8.32940,8.32856,8.32917,28
SQ:USDSEK,2021-01-20T04:18:00+01:00,8.32917,8.32971,8.32917,8.32928,20
SQ:USDSEK,2021-01-20T04:19:00+01:00,8.32928,8.32940,8.32890,8.32912,21
SQ:USDSEK,2021-01-20T04:20:00+01:00,8.32933,8.33003,8.32933,8.32994,22
SQ:USDSEK,2021-01-20T04:21:00+01:00,8.32994,8.33060,8.32978,8.33050,25
SQ:USDSEK,2021-01-20T04:22:00+01:00,8.33050,8.33090,8.33005,8.33042,30
SQ:USDSEK,2021-01-20T04:23:00+01:00,8.33042,8.33060,8.32982,8.33033,25
SQ:USDSEK,2021-01-20T04:24:00+01:00,8.33032,8.33092,8.33015,8.33092,25
SQ:USDSEK,2021-01-20T04:25:00+01:00,8.33092,8.33140,8.33051,8.33090,31
SQ:USDSEK,2021-01-20T04:26:00+01:00,8.33090,8.33100,8.32965,8.33000,40
SQ:USDSEK,2021-01-20T04:27:00+01:00,8.33030,8.33110,8.33030,8.33100,28
SQ:USDSEK,2021-01-20T04:28:00+01:00,8.33100,8.33120,8.33040,8.33070,17
SQ:USDSEK,2021-01-20T04:29:00+01:00,8.33070,8.33163,8.33000,8.33155,26
SQ:USDSEK,2021-01-20T04:30:00+01:00,8.33167,8.33217,8.33150,8.33213,27
SQ:USDSEK,2021-01-20T04:31:00+01:00,8.33230,8.33318,8.33230,8.33288,28
SQ:USDSEK,2021-01-20T04:32:00+01:00,8.33279,8.33330,8.33273,8.33320,34
SQ:USDSEK,2021-01-20T04:33:00+01:00,8.33328,8.33341,8.33310,8.33333,20
SQ:USDSEK,2021-01-20T04:34:00+01:00,8.33332,8.33369,8.33330,8.33337,26
SQ:USDSEK,2021-01-20T04:35:00+01:00,8.33329,8.33347,8.33270,8.33272,25
SQ:USDSEK,2021-01-20T04:36:00+01:00,8.33274,8.33285,8.33248,8.33261,30
SQ:USDSEK,2021-01-20T04:37:00+01:00,8.33261,8.33265,8.33242,8.33253,20
SQ:USDSEK,2021-01-20T04:38:00+01:00,8.33230,8.33250,8.33220,8.33247,28
SQ:USDSEK,2021-01-20T04:39:00+01:00,8.33249,8.33249,8.33229,8.33236,12
SQ:USDSEK,2021-01-20T04:40:00+01:00,8.33235,8.33237,8.33125,8.33156,45
SQ:USDSEK,2021-01-20T04:41:00+01:00,8.33148,8.33159,8.33118,8.33120,27
SQ:USDSEK,2021-01-20T04:42:00+01:00,8.33124,8.33155,8.33111,8.33130,46
SQ:USDSEK,2021-01-20T04:43:00+01:00,8.33119,8.33129,8.33087,8.33098,58
SQ:USDSEK,2021-01-20T04:44:00+01:00,8.33107,8.33139,8.33088,8.33109,83
SQ:USDSEK,2021-01-20T04:45:00+01:00,8.33109,8.33124,8.33082,8.33115,48
SQ:USDSEK,2021-01-20T04:46:00+01:00,8.33105,8.33171,8.33101,8.33152,123
SQ:USDSEK,2021-01-20T04:47:00+01:00,8.33165,8.33174,8.33155,8.33167,118
SQ:USDSEK,2021-01-20T04:48:00+01:00,8.33165,8.33244,8.33153,8.33242,82
SQ:USDSEK,2021-01-20T04:49:00+01:00,8.33233,8.33240,8.33190,8.33190,68
SQ:USDSEK,2021-01-20T04:50:00+01:00,8.33198,8.33235,8.33198,8.33222,43
SQ:USDSEK,2021-01-20T04:51:00+01:00,8.33222,8.33234,8.32859,8.32970,111
SQ:USDSEK,2021-01-20T04:52:00+01:00,8.33010,8.33010,8.32971,8.32971,4
SQ:USDSEK,2021-01-20T04:53:00+01:00,8.32971,8.33207,8.32897,8.33143,69
SQ:USDSEK,2021-01-20T04:54:00+01:00,8.33153,8.33163,8.33106,8.33143,20
SQ:USDSEK,2021-01-20T04:55:00+01:00,8.33134,8.33187,8.33115,8.33115,8
SQ:USDSEK,2021-01-20T04:56:00+01:00,8.33115,8.33132,8.33071,8.33071,26
SQ:USDSEK,2021-01-20T04:57:00+01:00,8.33048,8.33048,8.33001,8.33005,9
SQ:USDSEK,2021-01-20T04:58:00+01:00,8.33003,8.33003,8.32804,8.32992,90
SQ:USDSEK,2021-01-20T04:59:00+01:00,8.32994,8.32994,8.32914,8.32982,30
SQ:USDSEK,2021-01-20T05:00:00+01:00,8.32987,8.33094,8.32987,8.33088,26
SQ:USDSEK,2021-01-20T05:01:00+01:00,8.33084,8.33117,8.33084,8.33117,18
SQ:USDSEK,2021-01-20T05:02:00+01:00,8.33118,8.33150,8.33118,8.33149,10
SQ:USDSEK,2021-01-20T05:03:00+01:00,8.33128,8.33230,8.33120,8.33221,17
SQ:USDSEK,2021-01-20T05:04:00+01:00,8.33221,8.33420,8.33221,8.33340,15
SQ:USDSEK,2021-01-20T05:05:00+01:00,8.33345,8.33412,8.33335,8.33355,52
SQ:USDSEK,2021-01-20T05:06:00+01:00,8.33360,8.33378,8.33305,8.33353,35
SQ:USDSEK,2021-01-20T05:07:00+01:00,8.33339,8.33413,8.33334,8.33392,39
SQ:USDSEK,2021-01-20T05:08:00+01:00,8.33393,8.33410,8.33372,8.33383,20
SQ:USDSEK,2021-01-20T05:09:00+01:00,8.33379,8.33472,8.33362,8.33461,21
SQ:USDSEK,2021-01-20T05:10:00+01:00,8.33471,8.33471,8.33363,8.33393,36
SQ:USDSEK,2021-01-20T05:11:00+01:00,8.33387,8.33387,8.33344,8.33358,15
SQ:USDSEK,2021-01-20T05:12:00+01:00,8.33354,8.33387,8.33316,8.33316,14
SQ:USDSEK,2021-01-20T05:13:00+01:00,8.33316,8.33316,8.33210,8.33228,37
SQ:USDSEK,2021-01-20T05:14:00+01:00,8.33225,8.33234,8.33180,8.33180,9
SQ:USDSEK,2021-01-20T05:15:00+01:00,8.33180,8.33180,8.33138,8.33170,13
SQ:USDSEK,2021-01-20T05:16:00+01:00,8.33170,8.33195,8.33170,8.33195,12
SQ:USDSEK,2021-01-20T05:17:00+01:00,8.33190,8.33216,8.33190,8.33208,11
SQ:USDSEK,2021-01-20T05:18:00+01:00,8.33209,8.33262,8.33204,8.33262,17
SQ:USDSEK,2021-01-20T05:19:00+01:00,8.33269,8.33312,8.33265,8.33304,19
SQ:USDSEK,2021-01-20T05:20:00+01:00,8.33306,8.33325,8.33297,8.33302,23
SQ:USDSEK,2021-01-20T05:21:00+01:00,8.33287,8.33332,8.33284,8.33320,29
SQ:USDSEK,2021-01-20T05:22:00+01:00,8.33316,8.33329,8.33230,8.33261,24
SQ:USDSEK,2021-01-20T05:23:00+01:00,8.33256,8.33270,8.33254,8.33260,10
SQ:USDSEK,2021-01-20T05:24:00+01:00,8.33261,8.33323,8.33255,8.33287,23
SQ:USDSEK,2021-01-20T05:25:00+01:00,8.33287,8.33287,8.33244,8.33245,30
SQ:USDSEK,2021-01-20T05:26:00+01:00,8.33251,8.33352,8.33251,8.33328,28
SQ:USDSEK,2021-01-20T05:27:00+01:00,8.33338,8.33378,8.32700,8.33105,201
SQ:USDSEK,2021-01-20T05:28:00+01:00,8.33100,8.33210,8.33100,8.33210,7
SQ:USDSEK,2021-01-20T05:29:00+01:00,8.33210,8.33280,8.33210,8.33280,3
SQ:USDSEK,2021-01-20T05:30:00+01:00,8.33280,8.33310,8.33270,8.33270,6
SQ:USDSEK,2021-01-20T05:31:00+01:00,8.33270,8.33350,8.33270,8.33330,13
SQ:USDSEK,2021-01-20T05:32:00+01:00,8.33320,8.33400,8.33286,8.33387,19
SQ:USDSEK,2021-01-20T05:33:00+01:00,8.33387,8.33402,8.33387,8.33402,2
SQ:USDSEK,2021-01-20T05:34:00+01:00,8.33402,8.33402,8.33359,8.33359,5
SQ:USDSEK,2021-01-20T05:35:00+01:00,8.33359,8.33390,8.33339,8.33390,14
SQ:USDSEK,2021-01-20T05:36:00+01:00,8.33390,8.33390,8.33378,8.33378,2
SQ:USDSEK,2021-01-20T05:37:00+01:00,8.33378,8.33378,8.33355,8.33355,2
SQ:USDSEK,2021-01-20T05:38:00+01:00,8.33355,8.33355,8.33335,8.33335,5
SQ:USDSEK,2021-01-20T05:39:00+01:00,8.33335,8.33335,8.33294,8.33294,7
SQ:USDSEK,2021-01-20T05:40:00+01:00,8.33294,8.33294,8.33294,8.33294,1
SQ:USDSEK,2021-01-20T05:41:00+01:00,8.33294,8.33294,8.33180,8.33194,21
SQ:USDSEK,2021-01-20T05:42:00+01:00,8.33194,8.33221,8.33194,8.33207,20
SQ:USDSEK,2021-01-20T05:43:00+01:00,8.33211,8.33232,8.33204,8.33214,13
SQ:USDSEK,2021-01-20T05:44:00+01:00,8.33215,8.33240,8.33210,8.33210,15
SQ:USDSEK,2021-01-20T05:45:00+01:00,8.33213,8.33276,8.33210,8.33270,19
SQ:USDSEK,2021-01-20T05:46:00+01:00,8.33270,8.33270,8.33200,8.33200,10
SQ:USDSEK,2021-01-20T05:47:00+01:00,8.33200,8.33292,8.33200,8.33285,19
SQ:USDSEK,2021-01-20T05:48:00+01:00,8.33284,8.33288,8.33263,8.33281,10
SQ:USDSEK,2021-01-20T05:49:00+01:00,8.33289,8.33295,8.32740,8.32865,129
SQ:USDSEK,2021-01-20T05:50:00+01:00,8.32865,8.32882,8.32843,8.32865,10
SQ:USDSEK,2021-01-20T05:51:00+01:00,8.32860,8.33125,8.32860,8.33105,73
SQ:USDSEK,2021-01-20T05:52:00+01:00,8.33113,8.33197,8.33104,8.33174,67
SQ:USDSEK,2021-01-20T05:53:00+01:00,8.33168,8.33225,8.33158,8.33214,23
SQ:USDSEK,2021-01-20T05:54:00+01:00,8.33210,8.33286,8.32910,8.32946,108
SQ:USDSEK,2021-01-20T05:55:00+01:00,8.32946,8.33161,8.32946,8.33148,78
SQ:USDSEK,2021-01-20T05:56:00+01:00,8.33137,8.33210,8.33123,8.33210,5
SQ:USDSEK,2021-01-20T05:57:00+01:00,8.33210,8.33215,8.33210,8.33210,3
SQ:USDSEK,2021-01-20T05:58:00+01:00,8.33210,8.33320,8.33210,8.33300,7
SQ:USDSEK,2021-01-20T05:59:00+01:00,8.33300,8.33300,8.33119,8.33220,18
SQ:USDSEK,2021-01-20T06:00:00+01:00,8.33220,8.33240,8.33149,8.33240,15
SQ:USDSEK,2021-01-20T06:01:00+01:00,8.33240,8.33334,8.33240,8.33334,29
SQ:USDSEK,2021-01-20T06:02:00+01:00,8.33336,8.33337,8.33243,8.33243,20
SQ:USDSEK,2021-01-20T06:03:00+01:00,8.33243,8.33270,8.33243,8.33250,5
SQ:USDSEK,2021-01-20T06:04:00+01:00,8.33250,8.33254,8.33250,8.33250,3
SQ:USDSEK,2021-01-20T06:05:00+01:00,8.33250,8.33252,8.33213,8.33226,9
SQ:USDSEK,2021-01-20T06:06:00+01:00,8.33226,8.33226,8.33211,8.33218,9
SQ:USDSEK,2021-01-20T06:07:00+01:00,8.33226,8.33234,8.33226,8.33229,6
SQ:USDSEK,2021-01-20T06:08:00+01:00,8.33231,8.33239,8.33214,8.33239,15
SQ:USDSEK,2021-01-20T06:09:00+01:00,8.33239,8.33265,8.33210,8.33210,16
SQ:USDSEK,2021-01-20T06:10:00+01:00,8.33216,8.33216,8.33165,8.33206,16
SQ:USDSEK,2021-01-20T06:11:00+01:00,8.33206,8.33207,8.33132,8.33135,23
SQ:USDSEK,2021-01-20T06:12:00+01:00,8.33139,8.33143,8.33061,8.33113,16
SQ:USDSEK,2021-01-20T06:13:00+01:00,8.33113,8.33129,8.33113,8.33114,8
SQ:USDSEK,2021-01-20T06:14:00+01:00,8.33129,8.33143,8.33089,8.33095,10
SQ:USDSEK,2021-01-20T06:15:00+01:00,8.33095,8.33132,8.33076,8.33077,13
SQ:USDSEK,2021-01-20T06:16:00+01:00,8.33072,8.33073,8.33057,8.33067,10
SQ:USDSEK,2021-01-20T06:17:00+01:00,8.33066,8.33089,8.33057,8.33063,10
SQ:USDSEK,2021-01-20T06:18:00+01:00,8.33062,8.33119,8.33062,8.33103,11
SQ:USDSEK,2021-01-20T06:19:00+01:00,8.33103,8.33119,8.33100,8.33119,8
SQ:USDSEK,2021-01-20T06:20:00+01:00,8.33122,8.33146,8.33122,8.33140,10
SQ:USDSEK,2021-01-20T06:21:00+01:00,8.33134,8.33150,8.33130,8.33150,14
SQ:USDSEK,2021-01-20T06:22:00+01:00,8.33143,8.33226,8.33141,8.33226,24
SQ:USDSEK,2021-01-20T06:23:00+01:00,8.33215,8.33227,8.33161,8.33161,30
SQ:USDSEK,2021-01-20T06:24:00+01:00,8.33171,8.33208,8.33155,8.33187,35
SQ:USDSEK,2021-01-20T06:25:00+01:00,8.33199,8.33224,8.33170,8.33212,39
SQ:USDSEK,2021-01-20T06:26:00+01:00,8.33218,8.33254,8.33197,8.33211,32
SQ:USDSEK,2021-01-20T06:27:00+01:00,8.33205,8.33239,8.33189,8.33228,30
SQ:USDSEK,2021-01-20T06:28:00+01:00,8.33237,8.33242,8.33200,8.33208,17
SQ:USDSEK,2021-01-20T06:29:00+01:00,8.33211,8.33317,8.33211,8.33295,44
SQ:USDSEK,2021-01-20T06:30:00+01:00,8.33293,8.33350,8.33293,8.33340,23
SQ:USDSEK,2021-01-20T06:31:00+01:00,8.33340,8.33340,8.33270,8.33270,3
SQ:USDSEK,2021-01-20T06:32:00+01:00,8.33270,8.33270,8.33230,8.33245,9
SQ:USDSEK,2021-01-20T06:33:00+01:00,8.33268,8.33293,8.33232,8.33250,58
SQ:USDSEK,2021-01-20T06:34:00+01:00,8.33250,8.33400,8.33250,8.33380,16
SQ:USDSEK,2021-01-20T06:35:00+01:00,8.33380,8.33400,8.33380,8.33390,4
SQ:USDSEK,2021-01-20T06:36:00+01:00,8.33390,8.33400,8.33350,8.33370,9
SQ:USDSEK,2021-01-20T06:37:00+01:00,8.33370,8.33400,8.33350,8.33370,9
SQ:USDSEK,2021-01-20T06:38:00+01:00,8.33370,8.33400,8.33330,8.33330,7
SQ:USDSEK,2021-01-20T06:39:00+01:00,8.33330,8.33374,8.33330,8.33360,11
SQ:USDSEK,2021-01-20T06:40:00+01:00,8.33360,8.33361,8.33327,8.33329,20
SQ:USDSEK,2021-01-20T06:41:00+01:00,8.33323,8.33430,8.33320,8.33430,6
SQ:USDSEK,2021-01-20T06:42:00+01:00,8.33430,8.33480,8.33430,8.33446,17
SQ:USDSEK,2021-01-20T06:43:00+01:00,8.33447,8.33457,8.33430,8.33430,6
SQ:USDSEK,2021-01-20T06:44:00+01:00,8.33430,8.33430,8.33379,8.33401,11
SQ:USDSEK,2021-01-20T06:45:00+01:00,8.33396,8.33440,8.33380,8.33440,23
SQ:USDSEK,2021-01-20T06:46:00+01:00,8.33440,8.33480,8.33123,8.33130,53
SQ:USDSEK,2021-01-20T06:47:00+01:00,8.33123,8.33280,8.33121,8.33130,57
SQ:USDSEK,2021-01-20T06:48:00+01:00,8.33135,8.33270,8.33103,8.33270,19
SQ:USDSEK,2021-01-20T06:49:00+01:00,8.33270,8.33310,8.33270,8.33310,21
SQ:USDSEK,2021-01-20T06:50:00+01:00,8.33310,8.33310,8.33230,8.33230,3
SQ:USDSEK,2021-01-20T06:51:00+01:00,8.33230,8.33230,8.33121,8.33140,45
SQ:USDSEK,2021-01-20T06:52:00+01:00,8.33142,8.33182,8.33113,8.33165,42
SQ:USDSEK,2021-01-20T06:53:00+01:00,8.33168,8.33218,8.33151,8.33189,37
SQ:USDSEK,2021-01-20T06:54:00+01:00,8.33191,8.33218,8.33147,8.33152,19
SQ:USDSEK,2021-01-20T06:55:00+01:00,8.33135,8.33137,8.33073,8.33088,22
SQ:USDSEK,2021-01-20T06:56:00+01:00,8.33084,8.33119,8.33050,8.33113,26
SQ:USDSEK,2021-01-20T06:57:00+01:00,8.33111,8.33132,8.33099,8.33126,30
SQ:USDSEK,2021-01-20T06:58:00+01:00,8.33110,8.33164,8.33110,8.33157,33
SQ:USDSEK,2021-01-20T06:59:00+01:00,8.33158,8.33174,8.33080,8.33095,36
SQ:USDSEK,2021-01-20T07:00:00+01:00,8.33083,8.33350,8.33030,8.33190,62
SQ:USDSEK,2021-01-20T07:01:00+01:00,8.33190,8.33280,8.33065,8.33280,68
SQ:USDSEK,2021-01-20T07:02:00+01:00,8.33280,8.33320,8.33120,8.33280,84
SQ:USDSEK,2021-01-20T07:03:00+01:00,8.33280,8.33300,8.33060,8.33140,36
SQ:USDSEK,2021-01-20T07:04:00+01:00,8.33140,8.33170,8.33060,8.33090,36
SQ:USDSEK,2021-01-20T07:05:00+01:00,8.33076,8.33210,8.33070,8.33180,41
SQ:USDSEK,2021-01-20T07:06:00+01:00,8.33180,8.33210,8.33050,8.33090,57
SQ:USDSEK,2021-01-20T07:07:00+01:00,8.33090,8.33090,8.33060,8.33070,23
SQ:USDSEK,2021-01-20T07:08:00+01:00,8.33070,8.33130,8.32930,8.33040,57
SQ:USDSEK,2021-01-20T07:09:00+01:00,8.33030,8.33030,8.32877,8.32936,81
SQ:USDSEK,2021-01-20T07:10:00+01:00,8.32923,8.32976,8.32894,8.32913,46
SQ:USDSEK,2021-01-20T07:11:00+01:00,8.32922,8.32947,8.32866,8.32947,63
SQ:USDSEK,2021-01-20T07:12:00+01:00,8.32955,8.33240,8.32953,8.33237,70
SQ:USDSEK,2021-01-20T07:13:00+01:00,8.33234,8.33234,8.33063,8.33086,43
SQ:USDSEK,2021-01-20T07:14:00+01:00,8.33077,8.33124,8.32990,8.32991,37
SQ:USDSEK,2021-01-20T07:15:00+01:00,8.32999,8.33026,8.32988,8.33017,21
SQ:USDSEK,2021-01-20T07:16:00+01:00,8.33017,8.33080,8.33017,8.33073,17
SQ:USDSEK,2021-01-20T07:17:00+01:00,8.33074,8.33109,8.33032,8.33074,28
SQ:USDSEK,2021-01-20T07:18:00+01:00,8.33080,8.33118,8.33067,8.33118,12
SQ:USDSEK,2021-01-20T07:19:00+01:00,8.33107,8.33143,8.33077,8.33143,34
SQ:USDSEK,2021-01-20T07:20:00+01:00,8.33140,8.33182,8.33139,8.33175,21
SQ:USDSEK,2021-01-20T07:21:00+01:00,8.33168,8.33250,8.33168,8.33221,35
SQ:USDSEK,2021-01-20T07:22:00+01:00,8.33221,8.33232,8.33180,8.33191,23
SQ:USDSEK,2021-01-20T07:23:00+01:00,8.33191,8.33197,8.33160,8.33160,4
SQ:USDSEK,2021-01-20T07:24:00+01:00,8.33161,8.33161,8.33111,8.33111,6
SQ:USDSEK,2021-01-20T07:25:00+01:00,8.33111,8.33139,8.33111,8.33139,8
SQ:USDSEK,2021-01-20T07:26:00+01:00,8.33139,8.33173,8.33138,8.33157,21
SQ:USDSEK,2021-01-20T07:27:00+01:00,8.33157,8.33228,8.33157,8.33166,27
SQ:USDSEK,2021-01-20T07:28:00+01:00,8.33166,8.33190,8.33144,8.33144,10
SQ:USDSEK,2021-01-20T07:29:00+01:00,8.33144,8.33170,8.33092,8.33092,8
SQ:USDSEK,2021-01-20T07:30:00+01:00,8.33092,8.33092,8.33047,8.33054,14
SQ:USDSEK,2021-01-20T07:31:00+01:00,8.33051,8.33124,8.33036,8.33040,40
SQ:USDSEK,2021-01-20T07:32:00+01:00,8.33030,8.33060,8.32161,8.32161,47
SQ:USDSEK,2021-01-20T07:33:00+01:00,8.32171,8.32508,8.32021,8.32151,179
SQ:USDSEK,2021-01-20T07:34:00+01:00,8.32151,8.32310,8.32056,8.32238,63
SQ:USDSEK,2021-01-20T07:35:00+01:00,8.32238,8.32238,8.32197,8.32200,18
SQ:USDSEK,2021-01-20T07:36:00+01:00,8.32200,8.32200,8.31924,8.31960,28
SQ:USDSEK,2021-01-20T07:37:00+01:00,8.31960,8.32007,8.31869,8.31933,57
SQ:USDSEK,2021-01-20T07:38:00+01:00,8.31928,8.32032,8.31928,8.32032,28
SQ:USDSEK,2021-01-20T07:39:00+01:00,8.32035,8.32054,8.31925,8.31925,20
SQ:USDSEK,2021-01-20T07:40:00+01:00,8.31925,8.31952,8.31925,8.31952,2
SQ:USDSEK,2021-01-20T07:41:00+01:00,8.31952,8.31952,8.31779,8.31833,15
SQ:USDSEK,2021-01-20T07:42:00+01:00,8.31833,8.31885,8.31640,8.31730,46
SQ:USDSEK,2021-01-20T07:43:00+01:00,8.31730,8.31887,8.31697,8.31887,49
SQ:USDSEK,2021-01-20T07:44:00+01:00,8.31887,8.31887,8.31704,8.31728,38
SQ:USDSEK,2021-01-20T07:45:00+01:00,8.31728,8.31744,8.31693,8.31719,39
SQ:USDSEK,2021-01-20T07:46:00+01:00,8.31726,8.32072,8.31722,8.31987,90
SQ:USDSEK,2021-01-20T07:47:00+01:00,8.31987,8.31987,8.31915,8.31915,42
SQ:USDSEK,2021-01-20T07:48:00+01:00,8.31915,8.31960,8.31878,8.31893,27
SQ:USDSEK,2021-01-20T07:49:00+01:00,8.31893,8.32019,8.31880,8.31973,13
SQ:USDSEK,2021-01-20T07:50:00+01:00,8.31973,8.31992,8.31950,8.31956,5
SQ:USDSEK,2021-01-20T07:51:00+01:00,8.31956,8.32059,8.31956,8.32032,15
SQ:USDSEK,2021-01-20T07:52:00+01:00,8.32032,8.32075,8.32020,8.32075,16
SQ:USDSEK,2021-01-20T07:53:00+01:00,8.32082,8.32148,8.32066,8.32128,32
SQ:USDSEK,2021-01-20T07:54:00+01:00,8.32128,8.32269,8.32114,8.32255,38
SQ:USDSEK,2021-01-20T07:55:00+01:00,8.32243,8.32252,8.32186,8.32194,30
SQ:USDSEK,2021-01-20T07:56:00+01:00,8.32180,8.32180,8.32139,8.32147,26
SQ:USDSEK,2021-01-20T07:57:00+01:00,8.32150,8.32300,8.32134,8.32295,56
SQ:USDSEK,2021-01-20T07:58:00+01:00,8.32295,8.32406,8.32259,8.32319,46
SQ:USDSEK,2021-01-20T07:59:00+01:00,8.32318,8.32455,8.32258,8.32446,65
SQ:USDSEK,2021-01-20T08:00:00+01:00,8.32495,8.32520,8.32401,8.32401,30
SQ:USDSEK,2021-01-20T08:01:00+01:00,8.32401,8.32405,8.32100,8.32311,41
SQ:USDSEK,2021-01-20T08:02:00+01:00,8.32311,8.32387,8.32227,8.32261,22
SQ:USDSEK,2021-01-20T08:03:00+01:00,8.32261,8.32390,8.32232,8.32286,35
SQ:USDSEK,2021-01-20T08:04:00+01:00,8.32286,8.32330,8.32202,8.32290,15
SQ:USDSEK,2021-01-20T08:05:00+01:00,8.32290,8.32430,8.32264,8.32264,31
SQ:USDSEK,2021-01-20T08:06:00+01:00,8.32264,8.32462,8.32264,8.32415,51
SQ:USDSEK,2021-01-20T08:07:00+01:00,8.32423,8.32813,8.32423,8.32765,98
SQ:USDSEK,2021-01-20T08:08:00+01:00,8.32765,8.32853,8.32665,8.32853,83
SQ:USDSEK,2021-01-20T08:09:00+01:00,8.32853,8.32928,8.32639,8.32663,77
SQ:USDSEK,2021-01-20T08:10:00+01:00,8.32617,8.32617,8.32324,8.32471,46
SQ:USDSEK,2021-01-20T08:11:00+01:00,8.32472,8.32780,8.32472,8.32760,42
SQ:USDSEK,2021-01-20T08:12:00+01:00,8.32760,8.32780,8.32340,8.32350,49
SQ:USDSEK,2021-01-20T08:13:00+01:00,8.32350,8.32570,8.32320,8.32550,29
SQ:USDSEK,2021-01-20T08:14:00+01:00,8.32550,8.32600,8.32455,8.32520,24
SQ:USDSEK,2021-01-20T08:15:00+01:00,8.32510,8.32510,8.32140,8.32380,48
SQ:USDSEK,2021-01-20T08:16:00+01:00,8.32400,8.32430,8.32348,8.32400,20
SQ:USDSEK,2021-01-20T08:17:00+01:00,8.32400,8.32460,8.32330,8.32380,13
SQ:USDSEK,2021-01-20T08:18:00+01:00,8.32380,8.32570,8.32365,8.32418,43
SQ:USDSEK,2021-01-20T08:19:00+01:00,8.32441,8.32482,8.32135,8.32186,65
SQ:USDSEK,2021-01-20T08:20:00+01:00,8.32186,8.32535,8.32180,8.32518,46
SQ:USDSEK,2021-01-20T08:21:00+01:00,8.32509,8.32614,8.32393,8.32579,60
SQ:USDSEK,2021-01-20T08:22:00+01:00,8.32579,8.32783,8.32578,8.32778,55
SQ:USDSEK,2021-01-20T08:23:00+01:00,8.32783,8.32806,8.32716,8.32716,28
SQ:USDSEK,2021-01-20T08:24:00+01:00,8.32716,8.32766,8.32653,8.32656,22
SQ:USDSEK,2021-01-20T08:25:00+01:00,8.32646,8.32764,8.32614,8.32670,29
SQ:USDSEK,2021-01-20T08:26:00+01:00,8.32670,8.32691,8.32353,8.32639,58
SQ:USDSEK,2021-01-20T08:27:00+01:00,8.32639,8.32900,8.32639,8.32640,70
SQ:USDSEK,2021-01-20T08:28:00+01:00,8.32660,8.33015,8.32630,8.33015,34
SQ:USDSEK,2021-01-20T08:29:00+01:00,8.33040,8.33116,8.32913,8.32974,34
SQ:USDSEK,2021-01-20T08:30:00+01:00,8.32974,8.32991,8.32623,8.32749,63
SQ:USDSEK,2021-01-20T08:31:00+01:00,8.32731,8.32890,8.32713,8.32856,48
SQ:USDSEK,2021-01-20T08:32:00+01:00,8.32880,8.33190,8.32867,8.33180,59
SQ:USDSEK,2021-01-20T08:33:00+01:00,8.33164,8.33190,8.33062,8.33073,41
SQ:USDSEK,2021-01-20T08:34:00+01:00,8.33073,8.33073,8.32919,8.32919,25
SQ:USDSEK,2021-01-20T08:35:00+01:00,8.32919,8.32935,8.32550,8.32896,62
SQ:USDSEK,2021-01-20T08:36:00+01:00,8.32896,8.32947,8.32720,8.32866,35
SQ:USDSEK,2021-01-20T08:37:00+01:00,8.32848,8.32960,8.32690,8.32759,58
SQ:USDSEK,2021-01-20T08:38:00+01:00,8.32759,8.32940,8.32674,8.32940,40
SQ:USDSEK,2021-01-20T08:39:00+01:00,8.32936,8.33265,8.32930,8.33173,52
SQ:USDSEK,2021-01-20T08:40:00+01:00,8.33173,8.33370,8.33173,8.33370,24
SQ:USDSEK,2021-01-20T08:41:00+01:00,8.33350,8.33470,8.33350,8.33385,36
SQ:USDSEK,2021-01-20T08:42:00+01:00,8.33385,8.33395,8.33273,8.33290,24
SQ:USDSEK,2021-01-20T08:43:00+01:00,8.33290,8.33557,8.33290,8.33557,39
SQ:USDSEK,2021-01-20T08:44:00+01:00,8.33547,8.33560,8.33267,8.33341,57
SQ:USDSEK,2021-01-20T08:45:00+01:00,8.33374,8.33700,8.33370,8.33450,63
SQ:USDSEK,2021-01-20T08:46:00+01:00,8.33450,8.33530,8.33280,8.33400,61
SQ:USDSEK,2021-01-20T08:47:00+01:00,8.33380,8.33560,8.33360,8.33453,36
SQ:USDSEK,2021-01-20T08:48:00+01:00,8.33453,8.33453,8.33220,8.33220,53
SQ:USDSEK,2021-01-20T08:49:00+01:00,8.33250,8.33600,8.33250,8.33507,71
SQ:USDSEK,2021-01-20T08:50:00+01:00,8.33507,8.33640,8.33330,8.33330,104
SQ:USDSEK,2021-01-20T08:51:00+01:00,8.33340,8.33470,8.33289,8.33294,63
SQ:USDSEK,2021-01-20T08:52:00+01:00,8.33279,8.33460,8.33264,8.33460,28
SQ:USDSEK,2021-01-20T08:53:00+01:00,8.33460,8.33460,8.33272,8.33430,53
SQ:USDSEK,2021-01-20T08:54:00+01:00,8.33420,8.33510,8.33400,8.33430,33
SQ:USDSEK,2021-01-20T08:55:00+01:00,8.33430,8.33570,8.33393,8.33545,57
SQ:USDSEK,2021-01-20T08:56:00+01:00,8.33550,8.33850,8.33511,8.33590,79
SQ:USDSEK,2021-01-20T08:57:00+01:00,8.33590,8.33600,8.33318,8.33330,51
SQ:USDSEK,2021-01-20T08:58:00+01:00,8.33312,8.33542,8.33312,8.33480,53
SQ:USDSEK,2021-01-20T08:59:00+01:00,8.33490,8.33769,8.33429,8.33660,73
SQ:USDSEK,2021-01-20T09:00:00+01:00,8.33680,8.33910,8.33680,8.33880,81
SQ:USDSEK,2021-01-20T09:01:00+01:00,8.33880,8.34070,8.33830,8.34050,65
SQ:USDSEK,2021-01-20T09:02:00+01:00,8.34018,8.34101,8.33860,8.34020,69
SQ:USDSEK,2021-01-20T09:03:00+01:00,8.34020,8.34310,8.33940,8.34261,102
SQ:USDSEK,2021-01-20T09:04:00+01:00,8.34260,8.34300,8.34096,8.34200,87
SQ:USDSEK,2021-01-20T09:05:00+01:00,8.34200,8.34242,8.34140,8.34241,66
SQ:USDSEK,2021-01-20T09:06:00+01:00,8.34252,8.34253,8.34012,8.34091,63
SQ:USDSEK,2021-01-20T09:07:00+01:00,8.34101,8.34300,8.33978,8.34136,131
SQ:USDSEK,2021-01-20T09:08:00+01:00,8.34130,8.34170,8.33980,8.34055,95
SQ:USDSEK,2021-01-20T09:09:00+01:00,8.34055,8.34160,8.34019,8.34090,75
SQ:USDSEK,2021-01-20T09:10:00+01:00,8.34080,8.34181,8.34040,8.34080,75
SQ:USDSEK,2021-01-20T09:11:00+01:00,8.34070,8.34070,8.33974,8.34041,58
SQ:USDSEK,2021-01-20T09:12:00+01:00,8.34046,8.34355,8.34004,8.34272,85
SQ:USDSEK,2021-01-20T09:13:00+01:00,8.34272,8.34302,8.34005,8.34172,90
SQ:USDSEK,2021-01-20T09:14:00+01:00,8.34167,8.34340,8.34101,8.34200,127
SQ:USDSEK,2021-01-20T09:15:00+01:00,8.34190,8.34340,8.34171,8.34300,81
SQ:USDSEK,2021-01-20T09:16:00+01:00,8.34320,8.34540,8.34290,8.34530,89
SQ:USDSEK,2021-01-20T09:17:00+01:00,8.34540,8.34570,8.34231,8.34340,92
SQ:USDSEK,2021-01-20T09:18:00+01:00,8.34340,8.34340,8.34140,8.34170,84
SQ:USDSEK,2021-01-20T09:19:00+01:00,8.34180,8.34390,8.34154,8.34310,91
SQ:USDSEK,2021-01-20T09:20:00+01:00,8.34330,8.34340,8.34056,8.34080,51
SQ:USDSEK,2021-01-20T09:21:00+01:00,8.34080,8.34120,8.33940,8.33970,60
SQ:USDSEK,2021-01-20T09:22:00+01:00,8.33940,8.34080,8.33904,8.34060,71
SQ:USDSEK,2021-01-20T09:23:00+01:00,8.34060,8.34130,8.33994,8.34066,56
SQ:USDSEK,2021-01-20T09:24:00+01:00,8.34066,8.34260,8.34037,8.34117,104
SQ:USDSEK,2021-01-20T09:25:00+01:00,8.34150,8.34250,8.34021,8.34090,87
SQ:USDSEK,2021-01-20T09:26:00+01:00,8.34063,8.34150,8.34018,8.34100,81
SQ:USDSEK,2021-01-20T09:27:00+01:00,8.34110,8.34409,8.34110,8.34310,72
SQ:USDSEK,2021-01-20T09:28:00+01:00,8.34313,8.34476,8.34290,8.34311,60
SQ:USDSEK,2021-01-20T09:29:00+01:00,8.34303,8.34483,8.34285,8.34483,58
SQ:USDSEK,2021-01-20T09:30:00+01:00,8.34483,8.34673,8.34275,8.34396,90
SQ:USDSEK,2021-01-20T09:31:00+01:00,8.34367,8.34576,8.34336,8.34521,86
SQ:USDSEK,2021-01-20T09:32:00+01:00,8.34521,8.34922,8.34483,8.34762,137
SQ:USDSEK,2021-01-20T09:33:00+01:00,8.34762,8.34874,8.34732,8.34831,70
SQ:USDSEK,2021-01-20T09:34:00+01:00,8.34831,8.35068,8.34810,8.34993,80
SQ:USDSEK,2021-01-20T09:35:00+01:00,8.35003,8.35021,8.34857,8.34858,53
SQ:USDSEK,2021-01-20T09:36:00+01:00,8.34858,8.34970,8.34735,8.34820,111
SQ:USDSEK,2021-01-20T09:37:00+01:00,8.34820,8.34923,8.34717,8.34782,86
SQ:USDSEK,2021-01-20T09:38:00+01:00,8.34782,8.34820,8.34624,8.34636,65
SQ:USDSEK,2021-01-20T09:39:00+01:00,8.34636,8.34690,8.34495,8.34580,88
SQ:USDSEK,2021-01-20T09:40:00+01:00,8.34544,8.34724,8.34544,8.34663,68
SQ:USDSEK,2021-01-20T09:41:00+01:00,8.34663,8.34886,8.34609,8.34875,58
SQ:USDSEK,2021-01-20T09:42:00+01:00,8.34875,8.34945,8.34741,8.34741,64
SQ:USDSEK,2021-01-20T09:43:00+01:00,8.34756,8.34814,8.34679,8.34743,73
SQ:USDSEK,2021-01-20T09:44:00+01:00,8.34743,8.34765,8.34671,8.34722,53
SQ:USDSEK,2021-01-20T09:45:00+01:00,8.34730,8.34774,8.34612,8.34636,55
SQ:USDSEK,2021-01-20T09:46:00+01:00,8.34636,8.34831,8.34619,8.34821,58
SQ:USDSEK,2021-01-20T09:47:00+01:00,8.34842,8.34993,8.34807,8.34907,70
SQ:USDSEK,2021-01-20T09:48:00+01:00,8.34907,8.34907,8.34669,8.34803,91
SQ:USDSEK,2021-01-20T09:49:00+01:00,8.34803,8.35074,8.34781,8.35063,80
SQ:USDSEK,2021-01-20T09:50:00+01:00,8.35061,8.35305,8.35049,8.35194,79
SQ:USDSEK,2021-01-20T09:51:00+01:00,8.35174,8.35482,8.35113,8.35453,81
SQ:USDSEK,2021-01-20T09:52:00+01:00,8.35455,8.35495,8.35155,8.35191,74
SQ:USDSEK,2021-01-20T09:53:00+01:00,8.35196,8.35603,8.35135,8.35595,88
SQ:USDSEK,2021-01-20T09:54:00+01:00,8.35587,8.35688,8.35406,8.35560,102
SQ:USDSEK,2021-01-20T09:55:00+01:00,8.35560,8.35560,8.35090,8.35120,80
SQ:USDSEK,2021-01-20T09:56:00+01:00,8.35120,8.35290,8.35118,8.35266,60
SQ:USDSEK,2021-01-20T09:57:00+01:00,8.35266,8.35700,8.35247,8.35390,176
SQ:USDSEK,2021-01-20T09:58:00+01:00,8.35380,8.35380,8.35149,8.35188,70
SQ:USDSEK,2021-01-20T09:59:00+01:00,8.35188,8.35463,8.35137,8.35137,103
SQ:USDSEK,2021-01-20T10:00:00+01:00,8.35130,8.35260,8.35054,8.35130,73
SQ:USDSEK,2021-01-20T10:01:00+01:00,8.35130,8.35150,8.35040,8.35050,62
SQ:USDSEK,2021-01-20T10:02:00+01:00,8.35050,8.35640,8.35040,8.35475,143
SQ:USDSEK,2021-01-20T10:03:00+01:00,8.35490,8.35610,8.35410,8.35502,113
SQ:USDSEK,2021-01-20T10:04:00+01:00,8.35502,8.35530,8.35257,8.35360,90
SQ:USDSEK,2021-01-20T10:05:00+01:00,8.35353,8.35740,8.35327,8.35708,120
SQ:USDSEK,2021-01-20T10:06:00+01:00,8.35710,8.35962,8.35555,8.35555,205
SQ:USDSEK,2021-01-20T10:07:00+01:00,8.35550,8.35726,8.35420,8.35690,83
SQ:USDSEK,2021-01-20T10:08:00+01:00,8.35674,8.35674,8.35421,8.35421,60
SQ:USDSEK,2021-01-20T10:09:00+01:00,8.35420,8.35633,8.35412,8.35609,108
SQ:USDSEK,2021-01-20T10:10:00+01:00,8.35609,8.35839,8.35541,8.35618,106
SQ:USDSEK,2021-01-20T10:11:00+01:00,8.35581,8.35678,8.35521,8.35661,47
SQ:USDSEK,2021-01-20T10:12:00+01:00,8.35666,8.35790,8.35597,8.35629,51
SQ:USDSEK,2021-01-20T10:13:00+01:00,8.35636,8.35636,8.35534,8.35552,60
SQ:USDSEK,2021-01-20T10:14:00+01:00,8.35564,8.35812,8.35562,8.35812,92
SQ:USDSEK,2021-01-20T10:15:00+01:00,8.35820,8.36054,8.35820,8.36005,102
SQ:USDSEK,2021-01-20T10:16:00+01:00,8.36005,8.36253,8.35890,8.35900,88
SQ:USDSEK,2021-01-20T10:17:00+01:00,8.35870,8.36030,8.35845,8.35910,66
SQ:USDSEK,2021-01-20T10:18:00+01:00,8.35930,8.35930,8.35640,8.35690,87
SQ:USDSEK,2021-01-20T10:19:00+01:00,8.35690,8.35690,8.35509,8.35680,77
SQ:USDSEK,2021-01-20T10:20:00+01:00,8.35680,8.35760,8.35560,8.35580,101
SQ:USDSEK,2021-01-20T10:21:00+01:00,8.35560,8.35590,8.35499,8.35520,47
SQ:USDSEK,2021-01-20T10:22:00+01:00,8.35520,8.35790,8.35406,8.35730,84
SQ:USDSEK,2021-01-20T10:23:00+01:00,8.35725,8.36144,8.35725,8.35941,91
SQ:USDSEK,2021-01-20T10:24:00+01:00,8.35941,8.35986,8.35857,8.35943,71
SQ:USDSEK,2021-01-20T10:25:00+01:00,8.35956,8.36082,8.35873,8.35873,61
SQ:USDSEK,2021-01-20T10:26:00+01:00,8.35880,8.35966,8.35849,8.35966,60
SQ:USDSEK,2021-01-20T10:27:00+01:00,8.35966,8.36040,8.35900,8.35906,48
SQ:USDSEK,2021-01-20T10:28:00+01:00,8.35907,8.35977,8.35837,8.35953,57
SQ:USDSEK,2021-01-20T10:29:00+01:00,8.35960,8.36255,8.35884,8.36255,74
SQ:USDSEK,2021-01-20T10:30:00+01:00,8.36263,8.36430,8.36252,8.36294,66
SQ:USDSEK,2021-01-20T10:31:00+01:00,8.36294,8.36314,8.36040,8.36303,66
SQ:USDSEK,2021-01-20T10:32:00+01:00,8.36293,8.36317,8.36100,8.36304,68
SQ:USDSEK,2021-01-20T10:33:00+01:00,8.36318,8.36400,8.36270,8.36400,69
SQ:USDSEK,2021-01-20T10:34:00+01:00,8.36400,8.36491,8.36290,8.36340,65
SQ:USDSEK,2021-01-20T10:35:00+01:00,8.36340,8.36520,8.36270,8.36501,70
SQ:USDSEK,2021-01-20T10:36:00+01:00,8.36510,8.36620,8.36400,8.36480,72
SQ:USDSEK,2021-01-20T10:37:00+01:00,8.36490,8.36490,8.36210,8.36290,61
SQ:USDSEK,2021-01-20T10:38:00+01:00,8.36320,8.36596,8.36310,8.36510,67
SQ:USDSEK,2021-01-20T10:39:00+01:00,8.36470,8.36470,8.36229,8.36250,59
SQ:USDSEK,2021-01-20T10:40:00+01:00,8.36250,8.36250,8.36010,8.36010,79
SQ:USDSEK,2021-01-20T10:41:00+01:00,8.36010,8.36160,8.36010,8.36080,68
SQ:USDSEK,2021-01-20T10:42:00+01:00,8.36060,8.36140,8.35944,8.35951,53
SQ:USDSEK,2021-01-20T10:43:00+01:00,8.35939,8.36060,8.35840,8.35960,82
SQ:USDSEK,2021-01-20T10:44:00+01:00,8.35980,8.35980,8.35770,8.35840,132
SQ:USDSEK,2021-01-20T10:45:00+01:00,8.35860,8.35970,8.35803,8.35803,89
SQ:USDSEK,2021-01-20T10:46:00+01:00,8.35806,8.35870,8.35388,8.35504,147
SQ:USDSEK,2021-01-20T10:47:00+01:00,8.35504,8.35560,8.35426,8.35520,111
SQ:USDSEK,2021-01-20T10:48:00+01:00,8.35520,8.35670,8.35430,8.35660,83
SQ:USDSEK,2021-01-20T10:49:00+01:00,8.35660,8.35810,8.35649,8.35800,54
SQ:USDSEK,2021-01-20T10:50:00+01:00,8.35780,8.35890,8.35770,8.35889,54
SQ:USDSEK,2021-01-20T10:51:00+01:00,8.35879,8.36023,8.35825,8.36008,58
SQ:USDSEK,2021-01-20T10:52:00+01:00,8.36008,8.36164,8.35986,8.36105,57
SQ:USDSEK,2021-01-20T10:53:00+01:00,8.36100,8.36100,8.35870,8.35880,57
SQ:USDSEK,2021-01-20T10:54:00+01:00,8.35899,8.36050,8.35853,8.36036,69
SQ:USDSEK,2021-01-20T10:55:00+01:00,8.36067,8.36180,8.35938,8.36125,64
SQ:USDSEK,2021-01-20T10:56:00+01:00,8.36125,8.36125,8.36005,8.36047,68
SQ:USDSEK,2021-01-20T10:57:00+01:00,8.36055,8.36070,8.35710,8.35740,66
SQ:USDSEK,2021-01-20T10:58:00+01:00,8.35750,8.35890,8.35730,8.35802,86
SQ:USDSEK,2021-01-20T10:59:00+01:00,8.35800,8.35910,8.35730,8.35852,88
SQ:USDSEK,2021-01-20T11:00:00+01:00,8.35844,8.36043,8.35800,8.35865,74
SQ:USDSEK,2021-01-20T11:01:00+01:00,8.35867,8.35890,8.35338,8.35528,82
SQ:USDSEK,2021-01-20T11:02:00+01:00,8.35506,8.35809,8.35505,8.35794,93
SQ:USDSEK,2021-01-20T11:03:00+01:00,8.35794,8.35960,8.35737,8.35790,76
SQ:USDSEK,2021-01-20T11:04:00+01:00,8.35801,8.35809,8.35567,8.35760,67
SQ:USDSEK,2021-01-20T11:05:00+01:00,8.35760,8.36060,8.35760,8.35769,65
SQ:USDSEK,2021-01-20T11:06:00+01:00,8.35769,8.36016,8.35769,8.36016,91
SQ:USDSEK,2021-01-20T11:07:00+01:00,8.36016,8.36104,8.35776,8.35956,101
SQ:USDSEK,2021-01-20T11:08:00+01:00,8.35956,8.36000,8.35690,8.35690,65
SQ:USDSEK,2021-01-20T11:09:00+01:00,8.35682,8.35980,8.35583,8.35723,74
SQ:USDSEK,2021-01-20T11:10:00+01:00,8.35727,8.35966,8.35638,8.35893,65
SQ:USDSEK,2021-01-20T11:11:00+01:00,8.35913,8.36020,8.35707,8.35980,79
SQ:USDSEK,2021-01-20T11:12:00+01:00,8.35980,8.36340,8.35940,8.36208,78
SQ:USDSEK,2021-01-20T11:13:00+01:00,8.36217,8.36249,8.36067,8.36075,85
SQ:USDSEK,2021-01-20T11:14:00+01:00,8.36075,8.36388,8.36075,8.36378,89
SQ:USDSEK,2021-01-20T11:15:00+01:00,8.36378,8.36425,8.35875,8.35875,99
SQ:USDSEK,2021-01-20T11:16:00+01:00,8.35875,8.36192,8.35858,8.35977,111
SQ:USDSEK,2021-01-20T11:17:00+01:00,8.35966,8.35999,8.35899,8.35946,56
SQ:USDSEK,2021-01-20T11:18:00+01:00,8.35936,8.35969,8.35866,8.35912,66
SQ:USDSEK,2021-01-20T11:19:00+01:00,8.35912,8.36185,8.35912,8.36138,68
SQ:USDSEK,2021-01-20T11:20:00+01:00,8.36138,8.36496,8.36062,8.36485,86
SQ:USDSEK,2021-01-20T11:21:00+01:00,8.36485,8.36581,8.36361,8.36476,106
SQ:USDSEK,2021-01-20T11:22:00+01:00,8.36478,8.36486,8.36350,8.36461,60
SQ:USDSEK,2021-01-20T11:23:00+01:00,8.36461,8.36500,8.36208,8.36231,74
SQ:USDSEK,2021-01-20T11:24:00+01:00,8.36231,8.36357,8.36221,8.36221,63
SQ:USDSEK,2021-01-20T11:25:00+01:00,8.36221,8.36313,8.36193,8.36234,59
SQ:USDSEK,2021-01-20T11:26:00+01:00,8.36233,8.36331,8.36209,8.36216,69
SQ:USDSEK,2021-01-20T11:27:00+01:00,8.36216,8.36626,8.36165,8.36615,81
SQ:USDSEK,2021-01-20T11:28:00+01:00,8.36615,8.36620,8.36116,8.36139,80
SQ:USDSEK,2021-01-20T11:29:00+01:00,8.36139,8.36497,8.36118,8.36476,87
SQ:USDSEK,2021-01-20T11:30:00+01:00,8.36476,8.36515,8.36372,8.36388,59
SQ:USDSEK,2021-01-20T11:31:00+01:00,8.36383,8.36909,8.36305,8.36809,103
SQ:USDSEK,2021-01-20T11:32:00+01:00,8.36809,8.36892,8.36560,8.36566,58
SQ:USDSEK,2021-01-20T11:33:00+01:00,8.36562,8.36569,8.36340,8.36352,59
SQ:USDSEK,2021-01-20T11:34:00+01:00,8.36352,8.36356,8.36190,8.36202,49
SQ:USDSEK,2021-01-20T11:35:00+01:00,8.36202,8.36265,8.36188,8.36204,35
SQ:USDSEK,2021-01-20T11:36:00+01:00,8.36208,8.36244,8.36138,8.36220,60
SQ:USDSEK,2021-01-20T11:37:00+01:00,8.36220,8.36220,8.36163,8.36171,31
SQ:USDSEK,2021-01-20T11:38:00+01:00,8.36171,8.36437,8.36171,8.36365,50
SQ:USDSEK,2021-01-20T11:39:00+01:00,8.36363,8.36434,8.36257,8.36259,53
SQ:USDSEK,2021-01-20T11:40:00+01:00,8.36259,8.36332,8.36204,8.36328,45
SQ:USDSEK,2021-01-20T11:41:00+01:00,8.36323,8.36346,8.36047,8.36068,58
SQ:USDSEK,2021-01-20T11:42:00+01:00,8.36061,8.36234,8.36052,8.36224,57
SQ:USDSEK,2021-01-20T11:43:00+01:00,8.36212,8.36480,8.36118,8.36460,39
SQ:USDSEK,2021-01-20T11:44:00+01:00,8.36460,8.36560,8.36116,8.36127,68
SQ:USDSEK,2021-01-20T11:45:00+01:00,8.36140,8.36306,8.36037,8.36132,90
SQ:USDSEK,2021-01-20T11:46:00+01:00,8.36132,8.36353,8.36132,8.36197,83
SQ:USDSEK,2021-01-20T11:47:00+01:00,8.36197,8.36303,8.36139,8.36303,69
SQ:USDSEK,2021-01-20T11:48:00+01:00,8.36303,8.36329,8.36215,8.36253,50
SQ:USDSEK,2021-01-20T11:49:00+01:00,8.36253,8.36280,8.36177,8.36262,49
SQ:USDSEK,2021-01-20T11:50:00+01:00,8.36258,8.36334,8.36240,8.36240,35
SQ:USDSEK,2021-01-20T11:51:00+01:00,8.36227,8.36276,8.36091,8.36099,62
SQ:USDSEK,2021-01-20T11:52:00+01:00,8.36099,8.36108,8.35941,8.35964,51
SQ:USDSEK,2021-01-20T11:53:00+01:00,8.35964,8.36060,8.35950,8.36004,36
SQ:USDSEK,2021-01-20T11:54:00+01:00,8.35994,8.36103,8.35970,8.35970,45
SQ:USDSEK,2021-01-20T11:55:00+01:00,8.35970,8.36013,8.35950,8.35991,25
SQ:USDSEK,2021-01-20T11:56:00+01:00,8.35989,8.36022,8.35978,8.35998,33
SQ:USDSEK,2021-01-20T11:57:00+01:00,8.35990,8.36224,8.35963,8.36193,63
SQ:USDSEK,2021-01-20T11:58:00+01:00,8.36198,8.36234,8.36151,8.36211,102
SQ:USDSEK,2021-01-20T11:59:00+01:00,8.36211,8.36411,8.36211,8.36349,48
SQ:USDSEK,2021-01-20T12:00:00+01:00,8.36349,8.36438,8.36349,8.36367,54
SQ:USDSEK,2021-01-20T12:01:00+01:00,8.36365,8.36404,8.36152,8.36152,51
SQ:USDSEK,2021-01-20T12:02:00+01:00,8.36153,8.36192,8.36132,8.36132,25
SQ:USDSEK,2021-01-20T12:03:00+01:00,8.36130,8.36394,8.36119,8.36389,58
SQ:USDSEK,2021-01-20T12:04:00+01:00,8.36389,8.36482,8.36373,8.36411,41
SQ:USDSEK,2021-01-20T12:05:00+01:00,8.36410,8.36519,8.36396,8.36471,59
SQ:USDSEK,2021-01-20T12:06:00+01:00,8.36473,8.36892,8.36384,8.36864,70
SQ:USDSEK,2021-01-20T12:07:00+01:00,8.36852,8.36964,8.36677,8.36881,82
SQ:USDSEK,2021-01-20T12:08:00+01:00,8.36881,8.36881,8.36511,8.36639,86
SQ:USDSEK,2021-01-20T12:09:00+01:00,8.36639,8.36680,8.36596,8.36671,32
SQ:USDSEK,2021-01-20T12:10:00+01:00,8.36684,8.36783,8.36596,8.36603,44
SQ:USDSEK,2021-01-20T12:11:00+01:00,8.36603,8.36712,8.36568,8.36635,49
SQ:USDSEK,2021-01-20T12:12:00+01:00,8.36635,8.36659,8.36624,8.36649,20
SQ:USDSEK,2021-01-20T12:13:00+01:00,8.36653,8.36698,8.36575,8.36647,43
SQ:USDSEK,2021-01-20T12:14:00+01:00,8.36650,8.36680,8.36638,8.36638,26
SQ:USDSEK,2021-01-20T12:15:00+01:00,8.36646,8.36700,8.36646,8.36675,38
SQ:USDSEK,2021-01-20T12:16:00+01:00,8.36680,8.36699,8.36620,8.36639,37
SQ:USDSEK,2021-01-20T12:17:00+01:00,8.36641,8.36689,8.36613,8.36673,30
SQ:USDSEK,2021-01-20T12:18:00+01:00,8.36673,8.36811,8.36653,8.36789,51
SQ:USDSEK,2021-01-20T12:19:00+01:00,8.36790,8.36843,8.36676,8.36774,42
SQ:USDSEK,2021-01-20T12:20:00+01:00,8.36774,8.37069,8.36774,8.36910,61
SQ:USDSEK,2021-01-20T12:21:00+01:00,8.36914,8.37228,8.36914,8.37144,79
SQ:USDSEK,2021-01-20T12:22:00+01:00,8.37144,8.37232,8.37129,8.37191,64
SQ:USDSEK,2021-01-20T12:23:00+01:00,8.37192,8.37242,8.37145,8.37156,53
SQ:USDSEK,2021-01-20T12:24:00+01:00,8.37156,8.37175,8.37113,8.37157,24
SQ:USDSEK,2021-01-20T12:25:00+01:00,8.37160,8.37199,8.37110,8.37146,39
SQ:USDSEK,2021-01-20T12:26:00+01:00,8.37146,8.37146,8.36991,8.37036,39
SQ:USDSEK,2021-01-20T12:27:00+01:00,8.37045,8.37194,8.36931,8.37040,63
SQ:USDSEK,2021-01-20T12:28:00+01:00,8.37040,8.37156,8.37007,8.37042,52
SQ:USDSEK,2021-01-20T12:29:00+01:00,8.37042,8.37139,8.37016,8.37078,46
SQ:USDSEK,2021-01-20T12:30:00+01:00,8.37078,8.37165,8.37078,8.37137,70
SQ:USDSEK,2021-01-20T12:31:00+01:00,8.37118,8.37131,8.37005,8.37038,52
SQ:USDSEK,2021-01-20T12:32:00+01:00,8.37041,8.37330,8.36897,8.37302,79
SQ:USDSEK,2021-01-20T12:33:00+01:00,8.37302,8.37412,8.37274,8.37391,129
SQ:USDSEK,2021-01-20T12:34:00+01:00,8.37374,8.37412,8.37294,8.37324,28
SQ:USDSEK,2021-01-20T12:35:00+01:00,8.37324,8.37357,8.37260,8.37288,26
SQ:USDSEK,2021-01-20T12:36:00+01:00,8.37254,8.37382,8.37203,8.37267,52
SQ:USDSEK,2021-01-20T12:37:00+01:00,8.37271,8.37297,8.37061,8.37296,85
SQ:USDSEK,2021-01-20T12:38:00+01:00,8.37329,8.37349,8.37039,8.37050,47
SQ:USDSEK,2021-01-20T12:39:00+01:00,8.37054,8.37153,8.37008,8.37153,54
SQ:USDSEK,2021-01-20T12:40:00+01:00,8.37148,8.37148,8.36981,8.37145,77
SQ:USDSEK,2021-01-20T12:41:00+01:00,8.37145,8.37157,8.37053,8.37157,40
SQ:USDSEK,2021-01-20T12:42:00+01:00,8.37156,8.37192,8.37071,8.37132,28
SQ:USDSEK,2021-01-20T12:43:00+01:00,8.37132,8.37132,8.36990,8.37004,41
SQ:USDSEK,2021-01-20T12:44:00+01:00,8.37004,8.37004,8.36916,8.36916,26
SQ:USDSEK,2021-01-20T12:45:00+01:00,8.36916,8.36999,8.36813,8.36867,54
SQ:USDSEK,2021-01-20T12:46:00+01:00,8.36867,8.36910,8.36767,8.36905,52
SQ:USDSEK,2021-01-20T12:47:00+01:00,8.36910,8.36990,8.36900,8.36970,39
SQ:USDSEK,2021-01-20T12:48:00+01:00,8.36965,8.36990,8.36798,8.36925,80
SQ:USDSEK,2021-01-20T12:49:00+01:00,8.36927,8.37057,8.36926,8.37025,62
SQ:USDSEK,2021-01-20T12:50:00+01:00,8.37025,8.37141,8.36989,8.37121,58
SQ:USDSEK,2021-01-20T12:51:00+01:00,8.37121,8.37171,8.37082,8.37082,27
SQ:USDSEK,2021-01-20T12:52:00+01:00,8.37082,8.37141,8.37018,8.37018,55
SQ:USDSEK,2021-01-20T12:53:00+01:00,8.37040,8.37070,8.36865,8.36934,74
SQ:USDSEK,2021-01-20T12:54:00+01:00,8.36944,8.37010,8.36842,8.36950,73
SQ:USDSEK,2021-01-20T12:55:00+01:00,8.36980,8.36980,8.36874,8.36950,75
SQ:USDSEK,2021-01-20T12:56:00+01:00,8.36950,8.37015,8.36916,8.36980,68
SQ:USDSEK,2021-01-20T12:57:00+01:00,8.36980,8.37220,8.36980,8.37220,67
SQ:USDSEK,2021-01-20T12:58:00+01:00,8.37209,8.37209,8.37113,8.37120,42
SQ:USDSEK,2021-01-20T12:59:00+01:00,8.37113,8.37173,8.37091,8.37147,62
SQ:USDSEK,2021-01-20T13:00:00+01:00,8.37136,8.37136,8.36908,8.37124,82
SQ:USDSEK,2021-01-20T13:01:00+01:00,8.37124,8.37163,8.37062,8.37081,50
SQ:USDSEK,2021-01-20T13:02:00+01:00,8.37083,8.37630,8.37083,8.37620,85
SQ:USDSEK,2021-01-20T13:03:00+01:00,8.37600,8.37620,8.37422,8.37482,55
SQ:USDSEK,2021-01-20T13:04:00+01:00,8.37482,8.37485,8.37347,8.37437,45
SQ:USDSEK,2021-01-20T13:05:00+01:00,8.37447,8.37546,8.37363,8.37471,41
SQ:USDSEK,2021-01-20T13:06:00+01:00,8.37474,8.37640,8.37474,8.37620,49
SQ:USDSEK,2021-01-20T13:07:00+01:00,8.37620,8.37641,8.37540,8.37549,41
SQ:USDSEK,2021-01-20T13:08:00+01:00,8.37556,8.37708,8.37519,8.37602,67
SQ:USDSEK,2021-01-20T13:09:00+01:00,8.37598,8.37603,8.37534,8.37548,40
SQ:USDSEK,2021-01-20T13:10:00+01:00,8.37551,8.37993,8.37551,8.37972,62
SQ:USDSEK,2021-01-20T13:11:00+01:00,8.37964,8.38026,8.37890,8.37984,51
SQ:USDSEK,2021-01-20T13:12:00+01:00,8.37986,8.38039,8.37979,8.38015,33
SQ:USDSEK,2021-01-20T13:13:00+01:00,8.38018,8.38104,8.37930,8.38000,45
SQ:USDSEK,2021-01-20T13:14:00+01:00,8.37999,8.38038,8.37994,8.38006,26
SQ:USDSEK,2021-01-20T13:15:00+01:00,8.38005,8.38074,8.37895,8.37942,51
SQ:USDSEK,2021-01-20T13:16:00+01:00,8.37950,8.38042,8.37910,8.38001,49
SQ:USDSEK,2021-01-20T13:17:00+01:00,8.37997,8.38103,8.37978,8.38043,39
SQ:USDSEK,2021-01-20T13:18:00+01:00,8.38043,8.38350,8.38043,8.38298,89
SQ:USDSEK,2021-01-20T13:19:00+01:00,8.38268,8.38363,8.38256,8.38337,63
SQ:USDSEK,2021-01-20T13:20:00+01:00,8.38328,8.38376,8.38218,8.38278,67
SQ:USDSEK,2021-01-20T13:21:00+01:00,8.38288,8.38305,8.38067,8.38099,70
SQ:USDSEK,2021-01-20T13:22:00+01:00,8.38094,8.38170,8.38047,8.38051,68
SQ:USDSEK,2021-01-20T13:23:00+01:00,8.38046,8.38176,8.38021,8.38031,44
SQ:USDSEK,2021-01-20T13:24:00+01:00,8.38034,8.38066,8.37836,8.37864,77
SQ:USDSEK,2021-01-20T13:25:00+01:00,8.37848,8.37868,8.37665,8.37696,63
SQ:USDSEK,2021-01-20T13:26:00+01:00,8.37693,8.37934,8.37683,8.37934,55
SQ:USDSEK,2021-01-20T13:27:00+01:00,8.37940,8.37993,8.37940,8.37963,31
SQ:USDSEK,2021-01-20T13:28:00+01:00,8.37964,8.38062,8.37886,8.37977,62
SQ:USDSEK,2021-01-20T13:29:00+01:00,8.37987,8.38090,8.37985,8.38072,47
SQ:USDSEK,2021-01-20T13:30:00+01:00,8.38083,8.38173,8.38030,8.38046,64
SQ:USDSEK,2021-01-20T13:31:00+01:00,8.38035,8.38073,8.37912,8.37937,66
SQ:USDSEK,2021-01-20T13:32:00+01:00,8.37934,8.37970,8.37900,8.37911,41
SQ:USDSEK,2021-01-20T13:33:00+01:00,8.37911,8.37968,8.37888,8.37888,47
SQ:USDSEK,2021-01-20T13:34:00+01:00,8.37888,8.37902,8.37820,8.37830,40
SQ:USDSEK,2021-01-20T13:35:00+01:00,8.37836,8.37986,8.37836,8.37969,34
SQ:USDSEK,2021-01-20T13:36:00+01:00,8.37987,8.38022,8.37858,8.37889,36
SQ:USDSEK,2021-01-20T13:37:00+01:00,8.37893,8.37933,8.37881,8.37909,28
SQ:USDSEK,2021-01-20T13:38:00+01:00,8.37911,8.38056,8.37908,8.38019,26
SQ:USDSEK,2021-01-20T13:39:00+01:00,8.38024,8.38093,8.37987,8.38061,34
SQ:USDSEK,2021-01-20T13:40:00+01:00,8.38064,8.38077,8.37932,8.37932,43
SQ:USDSEK,2021-01-20T13:41:00+01:00,8.37932,8.38019,8.37932,8.38019,19
SQ:USDSEK,2021-01-20T13:42:00+01:00,8.38030,8.38144,8.38030,8.38066,34
SQ:USDSEK,2021-01-20T13:43:00+01:00,8.38066,8.38175,8.37991,8.38154,33
SQ:USDSEK,2021-01-20T13:44:00+01:00,8.38150,8.38202,8.37820,8.37961,80
SQ:USDSEK,2021-01-20T13:45:00+01:00,8.37961,8.37968,8.37570,8.37757,107
SQ:USDSEK,2021-01-20T13:46:00+01:00,8.37757,8.37762,8.37499,8.37499,57
SQ:USDSEK,2021-01-20T13:47:00+01:00,8.37499,8.37553,8.37434,8.37523,49
SQ:USDSEK,2021-01-20T13:48:00+01:00,8.37523,8.37650,8.37328,8.37614,75
SQ:USDSEK,2021-01-20T13:49:00+01:00,8.37605,8.38071,8.37587,8.37870,158
SQ:USDSEK,2021-01-20T13:50:00+01:00,8.37853,8.38077,8.37768,8.38066,112
SQ:USDSEK,2021-01-20T13:51:00+01:00,8.38076,8.38140,8.38034,8.38034,109
SQ:USDSEK,2021-01-20T13:52:00+01:00,8.38034,8.38035,8.37737,8.37777,112
SQ:USDSEK,2021-01-20T13:53:00+01:00,8.37777,8.37864,8.37709,8.37709,70
SQ:USDSEK,2021-01-20T13:54:00+01:00,8.37709,8.37984,8.37681,8.37937,79
SQ:USDSEK,2021-01-20T13:55:00+01:00,8.37947,8.38006,8.37898,8.37941,65
SQ:USDSEK,2021-01-20T13:56:00+01:00,8.37935,8.37945,8.37857,8.37917,49
SQ:USDSEK,2021-01-20T13:57:00+01:00,8.37907,8.37995,8.37853,8.37965,59
SQ:USDSEK,2021-01-20T13:58:00+01:00,8.37956,8.37956,8.37821,8.37825,102
SQ:USDSEK,2021-01-20T13:59:00+01:00,8.37817,8.37867,8.37720,8.37799,76
SQ:USDSEK,2021-01-20T14:00:00+01:00,8.37811,8.38250,8.37784,8.38200,139
SQ:USDSEK,2021-01-20T14:01:00+01:00,8.38179,8.38290,8.38140,8.38276,110
SQ:USDSEK,2021-01-20T14:02:00+01:00,8.38276,8.38279,8.38045,8.38054,88
SQ:USDSEK,2021-01-20T14:03:00+01:00,8.38061,8.38243,8.38051,8.38236,90
SQ:USDSEK,2021-01-20T14:04:00+01:00,8.38238,8.38260,8.38038,8.38040,100
SQ:USDSEK,2021-01-20T14:05:00+01:00,8.38050,8.38190,8.38008,8.38050,76
SQ:USDSEK,2021-01-20T14:06:00+01:00,8.38050,8.38050,8.37720,8.37755,75
SQ:USDSEK,2021-01-20T14:07:00+01:00,8.37758,8.37795,8.37670,8.37766,76
SQ:USDSEK,2021-01-20T14:08:00+01:00,8.37770,8.37850,8.37710,8.37752,59
SQ:USDSEK,2021-01-20T14:09:00+01:00,8.37752,8.37870,8.37685,8.37820,76
SQ:USDSEK,2021-01-20T14:10:00+01:00,8.37812,8.37850,8.37770,8.37770,68
SQ:USDSEK,2021-01-20T14:11:00+01:00,8.37770,8.37830,8.37694,8.37747,80
SQ:USDSEK,2021-01-20T14:12:00+01:00,8.37747,8.37757,8.37670,8.37706,113
SQ:USDSEK,2021-01-20T14:13:00+01:00,8.37693,8.37750,8.37684,8.37728,80
SQ:USDSEK,2021-01-20T14:14:00+01:00,8.37728,8.37809,8.37698,8.37698,78
SQ:USDSEK,2021-01-20T14:15:00+01:00,8.37696,8.37920,8.37681,8.37719,106
SQ:USDSEK,2021-01-20T14:16:00+01:00,8.37715,8.37724,8.37360,8.37360,70
SQ:USDSEK,2021-01-20T14:17:00+01:00,8.37380,8.37410,8.37271,8.37310,75
SQ:USDSEK,2021-01-20T14:18:00+01:00,8.37310,8.37330,8.37214,8.37330,49
SQ:USDSEK,2021-01-20T14:19:00+01:00,8.37330,8.37330,8.37227,8.37270,44
SQ:USDSEK,2021-01-20T14:20:00+01:00,8.37289,8.37432,8.37279,8.37311,55
SQ:USDSEK,2021-01-20T14:21:00+01:00,8.37299,8.37341,8.37252,8.37260,40
SQ:USDSEK,2021-01-20T14:22:00+01:00,8.37264,8.37285,8.37190,8.37207,41
SQ:USDSEK,2021-01-20T14:23:00+01:00,8.37210,8.37230,8.37170,8.37178,50
SQ:USDSEK,2021-01-20T14:24:00+01:00,8.37183,8.37283,8.37040,8.37080,62
SQ:USDSEK,2021-01-20T14:25:00+01:00,8.37070,8.37130,8.36914,8.37080,105
SQ:USDSEK,2021-01-20T14:26:00+01:00,8.37078,8.37162,8.37064,8.37133,43
SQ:USDSEK,2021-01-20T14:27:00+01:00,8.37143,8.37164,8.37086,8.37153,41
SQ:USDSEK,2021-01-20T14:28:00+01:00,8.37149,8.37184,8.37058,8.37081,34
SQ:USDSEK,2021-01-20T14:29:00+01:00,8.37071,8.37092,8.36930,8.36960,39
SQ:USDSEK,2021-01-20T14:30:00+01:00,8.36960,8.37030,8.36950,8.37000,58
SQ:USDSEK,2021-01-20T14:31:00+01:00,8.37000,8.37070,8.36990,8.37050,79
SQ:USDSEK,2021-01-20T14:32:00+01:00,8.37050,8.37337,8.37050,8.37336,62
SQ:USDSEK,2021-01-20T14:33:00+01:00,8.37347,8.37645,8.37337,8.37596,82
SQ:USDSEK,2021-01-20T14:34:00+01:00,8.37596,8.37650,8.37478,8.37591,54
SQ:USDSEK,2021-01-20T14:35:00+01:00,8.37591,8.37895,8.37508,8.37892,65
SQ:USDSEK,2021-01-20T14:36:00+01:00,8.37892,8.38068,8.37818,8.37820,60
SQ:USDSEK,2021-01-20T14:37:00+01:00,8.37818,8.37992,8.37760,8.37836,58
SQ:USDSEK,2021-01-20T14:38:00+01:00,8.37836,8.37839,8.37485,8.37583,49
SQ:USDSEK,2021-01-20T14:39:00+01:00,8.37582,8.37678,8.37376,8.37503,79
SQ:USDSEK,2021-01-20T14:40:00+01:00,8.37495,8.37495,8.37290,8.37330,63
SQ:USDSEK,2021-01-20T14:41:00+01:00,8.37330,8.37350,8.37113,8.37113,63
SQ:USDSEK,2021-01-20T14:42:00+01:00,8.37113,8.37242,8.37102,8.37230,48
SQ:USDSEK,2021-01-20T14:43:00+01:00,8.37220,8.37320,8.37192,8.37251,58
SQ:USDSEK,2021-01-20T14:44:00+01:00,8.37251,8.37337,8.37235,8.37336,52
SQ:USDSEK,2021-01-20T14:45:00+01:00,8.37332,8.37447,8.37324,8.37443,41
SQ:USDSEK,2021-01-20T14:46:00+01:00,8.37443,8.37656,8.37396,8.37463,78
SQ:USDSEK,2021-01-20T14:47:00+01:00,8.37455,8.37608,8.37430,8.37446,53
SQ:USDSEK,2021-01-20T14:48:00+01:00,8.37446,8.37550,8.37429,8.37506,47
SQ:USDSEK,2021-01-20T14:49:00+01:00,8.37506,8.37553,8.37499,8.37552,36
SQ:USDSEK,2021-01-20T14:50:00+01:00,8.37552,8.37686,8.37474,8.37618,53
SQ:USDSEK,2021-01-20T14:51:00+01:00,8.37618,8.37618,8.37458,8.37475,49
SQ:USDSEK,2021-01-20T14:52:00+01:00,8.37485,8.37557,8.37350,8.37521,79
SQ:USDSEK,2021-01-20T14:53:00+01:00,8.37521,8.37580,8.37411,8.37416,41
SQ:USDSEK,2021-01-20T14:54:00+01:00,8.37416,8.37490,8.37282,8.37304,76
SQ:USDSEK,2021-01-20T14:55:00+01:00,8.37310,8.37359,8.37305,8.37329,50
SQ:USDSEK,2021-01-20T14:56:00+01:00,8.37327,8.37343,8.37084,8.37084,39
SQ:USDSEK,2021-01-20T14:57:00+01:00,8.37078,8.37125,8.36749,8.36766,48
SQ:USDSEK,2021-01-20T14:58:00+01:00,8.36752,8.36993,8.36739,8.36944,58
SQ:USDSEK,2021-01-20T14:59:00+01:00,8.36944,8.36954,8.36816,8.36938,60
SQ:USDSEK,2021-01-20T15:00:00+01:00,8.36938,8.36983,8.36739,8.36748,86
SQ:USDSEK,2021-01-20T15:01:00+01:00,8.36748,8.36759,8.36550,8.36604,77
SQ:USDSEK,2021-01-20T15:02:00+01:00,8.36608,8.36673,8.36377,8.36509,81
SQ:USDSEK,2021-01-20T15:03:00+01:00,8.36509,8.36550,8.36355,8.36420,89
SQ:USDSEK,2021-01-20T15:04:00+01:00,8.36400,8.36420,8.36247,8.36250,77
SQ:USDSEK,2021-01-20T15:05:00+01:00,8.36250,8.36464,8.36138,8.36464,61
SQ:USDSEK,2021-01-20T15:06:00+01:00,8.36458,8.36687,8.36429,8.36619,69
SQ:USDSEK,2021-01-20T15:07:00+01:00,8.36619,8.36929,8.36555,8.36923,60
SQ:USDSEK,2021-01-20T15:08:00+01:00,8.36918,8.37099,8.36710,8.36950,96
SQ:USDSEK,2021-01-20T15:09:00+01:00,8.36949,8.36949,8.36610,8.36885,57
SQ:USDSEK,2021-01-20T15:10:00+01:00,8.36885,8.36962,8.36598,8.36810,77
SQ:USDSEK,2021-01-20T15:11:00+01:00,8.36821,8.37129,8.36819,8.37129,70
SQ:USDSEK,2021-01-20T15:12:00+01:00,8.37125,8.37143,8.36787,8.37031,100
SQ:USDSEK,2021-01-20T15:13:00+01:00,8.37031,8.37214,8.36967,8.36974,79
SQ:USDSEK,2021-01-20T15:14:00+01:00,8.36971,8.37050,8.36839,8.36960,63
SQ:USDSEK,2021-01-20T15:15:00+01:00,8.36960,8.37030,8.36908,8.36908,62
SQ:USDSEK,2021-01-20T15:16:00+01:00,8.36908,8.37109,8.36845,8.37061,77
SQ:USDSEK,2021-01-20T15:17:00+01:00,8.37058,8.37344,8.37010,8.37333,43
SQ:USDSEK,2021-01-20T15:18:00+01:00,8.37330,8.37377,8.37270,8.37337,43
SQ:USDSEK,2021-01-20T15:19:00+01:00,8.37337,8.37394,8.37108,8.37108,111
SQ:USDSEK,2021-01-20T15:20:00+01:00,8.37099,8.37340,8.37099,8.37144,118
SQ:USDSEK,2021-01-20T15:21:00+01:00,8.37135,8.37170,8.36900,8.37030,97
SQ:USDSEK,2021-01-20T15:22:00+01:00,8.37050,8.37050,8.36904,8.36920,75
SQ:USDSEK,2021-01-20T15:23:00+01:00,8.36920,8.37070,8.36730,8.37070,100
SQ:USDSEK,2021-01-20T15:24:00+01:00,8.37070,8.37360,8.37020,8.37280,161
SQ:USDSEK,2021-01-20T15:25:00+01:00,8.37260,8.37434,8.37128,8.37280,148
SQ:USDSEK,2021-01-20T15:26:00+01:00,8.37280,8.37450,8.37212,8.37380,75
SQ:USDSEK,2021-01-20T15:27:00+01:00,8.37352,8.37450,8.37280,8.37300,100
SQ:USDSEK,2021-01-20T15:28:00+01:00,8.37300,8.37330,8.37191,8.37320,73
SQ:USDSEK,2021-01-20T15:29:00+01:00,8.37310,8.37410,8.37130,8.37140,96
SQ:USDSEK,2021-01-20T15:30:00+01:00,8.37170,8.37450,8.36980,8.37320,181
SQ:USDSEK,2021-01-20T15:31:00+01:00,8.37320,8.37340,8.36885,8.36909,120
SQ:USDSEK,2021-01-20T15:32:00+01:00,8.36909,8.37110,8.36840,8.37088,116
SQ:USDSEK,2021-01-20T15:33:00+01:00,8.37100,8.37355,8.37072,8.37320,86
SQ:USDSEK,2021-01-20T15:34:00+01:00,8.37320,8.37320,8.36892,8.37000,108
SQ:USDSEK,2021-01-20T15:35:00+01:00,8.36990,8.37000,8.36736,8.36813,108
SQ:USDSEK,2021-01-20T15:36:00+01:00,8.36813,8.36829,8.36405,8.36660,137
SQ:USDSEK,2021-01-20T15:37:00+01:00,8.36660,8.36700,8.36500,8.36590,124
SQ:USDSEK,2021-01-20T15:38:00+01:00,8.36590,8.36624,8.36521,8.36560,72
SQ:USDSEK,2021-01-20T15:39:00+01:00,8.36560,8.36796,8.36532,8.36684,117
SQ:USDSEK,2021-01-20T15:40:00+01:00,8.36668,8.36992,8.36535,8.36964,124
SQ:USDSEK,2021-01-20T15:41:00+01:00,8.36964,8.36982,8.36840,8.36861,97
SQ:USDSEK,2021-01-20T15:42:00+01:00,8.36861,8.36964,8.36755,8.36964,92
SQ:USDSEK,2021-01-20T15:43:00+01:00,8.36967,8.37200,8.36958,8.37197,96
SQ:USDSEK,2021-01-20T15:44:00+01:00,8.37178,8.37180,8.37074,8.37090,56
SQ:USDSEK,2021-01-20T15:45:00+01:00,8.37091,8.37107,8.36819,8.37087,82
SQ:USDSEK,2021-01-20T15:46:00+01:00,8.37087,8.37154,8.37034,8.37048,74
SQ:USDSEK,2021-01-20T15:47:00+01:00,8.37048,8.37110,8.37000,8.37093,51
SQ:USDSEK,2021-01-20T15:48:00+01:00,8.37100,8.37170,8.37033,8.37130,40
SQ:USDSEK,2021-01-20T15:49:00+01:00,8.37130,8.37160,8.37100,8.37120,35
SQ:USDSEK,2021-01-20T15:50:00+01:00,8.37120,8.37200,8.37115,8.37116,46
SQ:USDSEK,2021-01-20T15:51:00+01:00,8.37116,8.37840,8.37114,8.37728,169
SQ:USDSEK,2021-01-20T15:52:00+01:00,8.37770,8.38139,8.37696,8.37868,193
SQ:USDSEK,2021-01-20T15:53:00+01:00,8.37868,8.38083,8.37755,8.37927,229
SQ:USDSEK,2021-01-20T15:54:00+01:00,8.37927,8.38175,8.37862,8.38153,240
SQ:USDSEK,2021-01-20T15:55:00+01:00,8.38153,8.38220,8.37863,8.38082,211
SQ:USDSEK,2021-01-20T15:56:00+01:00,8.38082,8.38213,8.37943,8.38092,105
SQ:USDSEK,2021-01-20T15:57:00+01:00,8.38121,8.38390,8.38098,8.38364,157
SQ:USDSEK,2021-01-20T15:58:00+01:00,8.38367,8.38380,8.38168,8.38274,106
SQ:USDSEK,2021-01-20T15:59:00+01:00,8.38274,8.38410,8.38114,8.38175,122
SQ:USDSEK,2021-01-20T16:00:00+01:00,8.38174,8.38174,8.37861,8.37868,140
SQ:USDSEK,2021-01-20T16:01:00+01:00,8.37873,8.37970,8.37824,8.37940,105
SQ:USDSEK,2021-01-20T16:02:00+01:00,8.37940,8.37964,8.37765,8.37875,121
SQ:USDSEK,2021-01-20T16:03:00+01:00,8.37868,8.37868,8.37463,8.37617,115
SQ:USDSEK,2021-01-20T16:04:00+01:00,8.37617,8.37709,8.37544,8.37580,107
SQ:USDSEK,2021-01-20T16:05:00+01:00,8.37600,8.37690,8.37040,8.37612,169
SQ:USDSEK,2021-01-20T16:06:00+01:00,8.37610,8.37640,8.37281,8.37287,100
SQ:USDSEK,2021-01-20T16:07:00+01:00,8.37308,8.37420,8.36970,8.37174,116
SQ:USDSEK,2021-01-20T16:08:00+01:00,8.37174,8.37302,8.36913,8.37253,182
SQ:USDSEK,2021-01-20T16:09:00+01:00,8.37246,8.37300,8.37030,8.37220,125
SQ:USDSEK,2021-01-20T16:10:00+01:00,8.37220,8.37370,8.36877,8.36931,123
SQ:USDSEK,2021-01-20T16:11:00+01:00,8.36931,8.36931,8.36510,8.36740,127
SQ:USDSEK,2021-01-20T16:12:00+01:00,8.36740,8.36830,8.36518,8.36553,99
SQ:USDSEK,2021-01-20T16:13:00+01:00,8.36553,8.36563,8.36270,8.36270,81
SQ:USDSEK,2021-01-20T16:14:00+01:00,8.36267,8.36380,8.36042,8.36360,154
SQ:USDSEK,2021-01-20T16:15:00+01:00,8.36360,8.36430,8.36040,8.36170,156
SQ:USDSEK,2021-01-20T16:16:00+01:00,8.36180,8.36300,8.35741,8.35780,159
SQ:USDSEK,2021-01-20T16:17:00+01:00,8.35750,8.35990,8.35530,8.35544,156
SQ:USDSEK,2021-01-20T16:18:00+01:00,8.35544,8.35560,8.35273,8.35309,165
SQ:USDSEK,2021-01-20T16:19:00+01:00,8.35293,8.35530,8.35197,8.35480,151
SQ:USDSEK,2021-01-20T16:20:00+01:00,8.35480,8.35715,8.35314,8.35645,182
SQ:USDSEK,2021-01-20T16:21:00+01:00,8.35637,8.35683,8.35372,8.35575,141
SQ:USDSEK,2021-01-20T16:22:00+01:00,8.35590,8.35610,8.35300,8.35423,166
SQ:USDSEK,2021-01-20T16:23:00+01:00,8.35440,8.35570,8.35360,8.35370,118
SQ:USDSEK,2021-01-20T16:24:00+01:00,8.35370,8.35530,8.35300,8.35427,174
SQ:USDSEK,2021-01-20T16:25:00+01:00,8.35427,8.35571,8.35290,8.35340,128
SQ:USDSEK,2021-01-20T16:26:00+01:00,8.35340,8.35475,8.35280,8.35322,132
SQ:USDSEK,2021-01-20T16:27:00+01:00,8.35322,8.35897,8.35303,8.35897,145
SQ:USDSEK,2021-01-20T16:28:00+01:00,8.35878,8.35878,8.35524,8.35651,108
SQ:USDSEK,2021-01-20T16:29:00+01:00,8.35662,8.35755,8.35562,8.35732,115
SQ:USDSEK,2021-01-20T16:30:00+01:00,8.35732,8.36060,8.35604,8.36034,92
SQ:USDSEK,2021-01-20T16:31:00+01:00,8.36031,8.36230,8.35743,8.35750,127
SQ:USDSEK,2021-01-20T16:32:00+01:00,8.35730,8.35730,8.35520,8.35580,75
SQ:USDSEK,2021-01-20T16:33:00+01:00,8.35590,8.35600,8.35410,8.35480,106
SQ:USDSEK,2021-01-20T16:34:00+01:00,8.35470,8.35480,8.35080,8.35080,147
SQ:USDSEK,2021-01-20T16:35:00+01:00,8.35080,8.35110,8.34690,8.35091,137
SQ:USDSEK,2021-01-20T16:36:00+01:00,8.35080,8.35430,8.35080,8.35410,114
SQ:USDSEK,2021-01-20T16:37:00+01:00,8.35390,8.35480,8.35320,8.35420,84
SQ:USDSEK,2021-01-20T16:38:00+01:00,8.35410,8.35410,8.35161,8.35224,87
SQ:USDSEK,2021-01-20T16:39:00+01:00,8.35224,8.35241,8.34670,8.34672,78
SQ:USDSEK,2021-01-20T16:40:00+01:00,8.34673,8.34937,8.34490,8.34903,109
SQ:USDSEK,2021-01-20T16:41:00+01:00,8.34892,8.34895,8.34477,8.34583,91
SQ:USDSEK,2021-01-20T16:42:00+01:00,8.34583,8.34870,8.34583,8.34710,106
SQ:USDSEK,2021-01-20T16:43:00+01:00,8.34710,8.34710,8.34563,8.34670,82
SQ:USDSEK,2021-01-20T16:44:00+01:00,8.34670,8.34910,8.34636,8.34721,89
SQ:USDSEK,2021-01-20T16:45:00+01:00,8.34721,8.34721,8.34600,8.34600,148
SQ:USDSEK,2021-01-20T16:46:00+01:00,8.34594,8.34615,8.34261,8.34476,97
SQ:USDSEK,2021-01-20T16:47:00+01:00,8.34489,8.34560,8.34372,8.34438,84
SQ:USDSEK,2021-01-20T16:48:00+01:00,8.34438,8.34690,8.34438,8.34680,116
SQ:USDSEK,2021-01-20T16:49:00+01:00,8.34680,8.34750,8.34436,8.34710,128
SQ:USDSEK,2021-01-20T16:50:00+01:00,8.34707,8.34852,8.34507,8.34818,93
SQ:USDSEK,2021-01-20T16:51:00+01:00,8.34818,8.34999,8.34803,8.34916,100
SQ:USDSEK,2021-01-20T16:52:00+01:00,8.34916,8.35147,8.34885,8.35143,111
SQ:USDSEK,2021-01-20T16:53:00+01:00,8.35122,8.35130,8.34840,8.34934,89
SQ:USDSEK,2021-01-20T16:54:00+01:00,8.34934,8.35190,8.34925,8.35160,139
SQ:USDSEK,2021-01-20T16:55:00+01:00,8.35170,8.35220,8.34950,8.35050,161
SQ:USDSEK,2021-01-20T16:56:00+01:00,8.35043,8.35210,8.35020,8.35153,119
SQ:USDSEK,2021-01-20T16:57:00+01:00,8.35153,8.35677,8.35153,8.35530,133
SQ:USDSEK,2021-01-20T16:58:00+01:00,8.35530,8.35530,8.34700,8.34700,160
SQ:USDSEK,2021-01-20T16:59:00+01:00,8.34690,8.35074,8.34557,8.34940,175
SQ:USDSEK,2021-01-20T17:00:00+01:00,8.34940,8.35040,8.34811,8.35035,157
SQ:USDSEK,2021-01-20T17:01:00+01:00,8.35047,8.35070,8.34744,8.34810,168
SQ:USDSEK,2021-01-20T17:02:00+01:00,8.34810,8.35242,8.34647,8.35203,171
SQ:USDSEK,2021-01-20T17:03:00+01:00,8.35211,8.35474,8.35164,8.35393,154
SQ:USDSEK,2021-01-20T17:04:00+01:00,8.35393,8.35960,8.35383,8.35931,134
SQ:USDSEK,2021-01-20T17:05:00+01:00,8.35927,8.36050,8.35840,8.36004,108
SQ:USDSEK,2021-01-20T17:06:00+01:00,8.36024,8.36240,8.36000,8.36101,145
SQ:USDSEK,2021-01-20T17:07:00+01:00,8.36101,8.36170,8.36020,8.36150,92
SQ:USDSEK,2021-01-20T17:08:00+01:00,8.36150,8.36160,8.35752,8.35870,132
SQ:USDSEK,2021-01-20T17:09:00+01:00,8.35872,8.36040,8.35760,8.35990,137
SQ:USDSEK,2021-01-20T17:10:00+01:00,8.35990,8.36036,8.35900,8.36020,67
SQ:USDSEK,2021-01-20T17:11:00+01:00,8.36020,8.36254,8.35994,8.35997,96
SQ:USDSEK,2021-01-20T17:12:00+01:00,8.35996,8.36083,8.35750,8.35830,68
SQ:USDSEK,2021-01-20T17:13:00+01:00,8.35809,8.35940,8.35350,8.35390,68
SQ:USDSEK,2021-01-20T17:14:00+01:00,8.35390,8.35490,8.35268,8.35380,74
SQ:USDSEK,2021-01-20T17:15:00+01:00,8.35380,8.35380,8.35123,8.35160,95
SQ:USDSEK,2021-01-20T17:16:00+01:00,8.35182,8.35362,8.35101,8.35353,72
SQ:USDSEK,2021-01-20T17:17:00+01:00,8.35353,8.35353,8.35088,8.35293,90
SQ:USDSEK,2021-01-20T17:18:00+01:00,8.35293,8.35301,8.35090,8.35270,103
SQ:USDSEK,2021-01-20T17:19:00+01:00,8.35260,8.35360,8.35174,8.35292,103
SQ:USDSEK,2021-01-20T17:20:00+01:00,8.35291,8.35300,8.34866,8.34915,113
SQ:USDSEK,2021-01-20T17:21:00+01:00,8.34916,8.35210,8.34680,8.34705,113
SQ:USDSEK,2021-01-20T17:22:00+01:00,8.34706,8.34862,8.34657,8.34713,77
SQ:USDSEK,2021-01-20T17:23:00+01:00,8.34713,8.34872,8.34620,8.34807,87
SQ:USDSEK,2021-01-20T17:24:00+01:00,8.34807,8.34841,8.34713,8.34760,87
SQ:USDSEK,2021-01-20T17:25:00+01:00,8.34760,8.34926,8.34691,8.34731,116
SQ:USDSEK,2021-01-20T17:26:00+01:00,8.34727,8.35098,8.34662,8.35093,78
SQ:USDSEK,2021-01-20T17:27:00+01:00,8.35095,8.35225,8.34989,8.34989,58
SQ:USDSEK,2021-01-20T17:28:00+01:00,8.34989,8.35164,8.34720,8.34850,159
SQ:USDSEK,2021-01-20T17:29:00+01:00,8.34835,8.34947,8.34670,8.34893,107
SQ:USDSEK,2021-01-20T17:30:00+01:00,8.34893,8.34948,8.34638,8.34660,120
SQ:USDSEK,2021-01-20T17:31:00+01:00,8.34669,8.34781,8.34426,8.34648,83
SQ:USDSEK,2021-01-20T17:32:00+01:00,8.34648,8.34662,8.34295,8.34295,92
SQ:USDSEK,2021-01-20T17:33:00+01:00,8.34295,8.34381,8.34217,8.34262,46
SQ:USDSEK,2021-01-20T17:34:00+01:00,8.34262,8.34422,8.34262,8.34287,57
SQ:USDSEK,2021-01-20T17:35:00+01:00,8.34335,8.34831,8.34316,8.34814,72
SQ:USDSEK,2021-01-20T17:36:00+01:00,8.34814,8.34814,8.34390,8.34484,113
SQ:USDSEK,2021-01-20T17:37:00+01:00,8.34480,8.34701,8.34404,8.34678,75
SQ:USDSEK,2021-01-20T17:38:00+01:00,8.34677,8.34758,8.34519,8.34594,49
SQ:USDSEK,2021-01-20T17:39:00+01:00,8.34582,8.34612,8.34460,8.34481,47
SQ:USDSEK,2021-01-20T17:40:00+01:00,8.34481,8.34500,8.34379,8.34392,52
SQ:USDSEK,2021-01-20T17:41:00+01:00,8.34392,8.34432,8.34287,8.34320,77
SQ:USDSEK,2021-01-20T17:42:00+01:00,8.34328,8.34445,8.34309,8.34441,43
SQ:USDSEK,2021-01-20T17:43:00+01:00,8.34441,8.34489,8.34382,8.34399,51
SQ:USDSEK,2021-01-20T17:44:00+01:00,8.34396,8.34427,8.34350,8.34386,37
SQ:USDSEK,2021-01-20T17:45:00+01:00,8.34388,8.34399,8.34302,8.34312,39
SQ:USDSEK,2021-01-20T17:46:00+01:00,8.34317,8.34439,8.34306,8.34416,65
SQ:USDSEK,2021-01-20T17:47:00+01:00,8.34416,8.34472,8.34393,8.34457,33
SQ:USDSEK,2021-01-20T17:48:00+01:00,8.34466,8.34480,8.34387,8.34401,31
SQ:USDSEK,2021-01-20T17:49:00+01:00,8.34394,8.34439,8.34310,8.34354,56
SQ:USDSEK,2021-01-20T17:50:00+01:00,8.34337,8.34403,8.34270,8.34379,67
SQ:USDSEK,2021-01-20T17:51:00+01:00,8.34394,8.34410,8.34331,8.34353,34
SQ:USDSEK,2021-01-20T17:52:00+01:00,8.34358,8.34393,8.34080,8.34080,131
SQ:USDSEK,2021-01-20T17:53:00+01:00,8.34053,8.34210,8.34050,8.34171,75
SQ:USDSEK,2021-01-20T17:54:00+01:00,8.34180,8.34380,8.34180,8.34305,78
SQ:USDSEK,2021-01-20T17:55:00+01:00,8.34306,8.34450,8.34303,8.34415,57
SQ:USDSEK,2021-01-20T17:56:00+01:00,8.34415,8.34415,8.34240,8.34260,51
SQ:USDSEK,2021-01-20T17:57:00+01:00,8.34260,8.34270,8.34100,8.34130,57
SQ:USDSEK,2021-01-20T17:58:00+01:00,8.34130,8.34302,8.34130,8.34265,48
SQ:USDSEK,2021-01-20T17:59:00+01:00,8.34264,8.34320,8.34231,8.34320,46
SQ:USDSEK,2021-01-20T18:00:00+01:00,8.34300,8.34300,8.34133,8.34133,70
SQ:USDSEK,2021-01-20T18:01:00+01:00,8.34133,8.34204,8.34098,8.34195,65
SQ:USDSEK,2021-01-20T18:02:00+01:00,8.34191,8.34247,8.34150,8.34247,44
SQ:USDSEK,2021-01-20T18:03:00+01:00,8.34254,8.34357,8.34195,8.34209,57
SQ:USDSEK,2021-01-20T18:04:00+01:00,8.34205,8.34340,8.34205,8.34310,109
SQ:USDSEK,2021-01-20T18:05:00+01:00,8.34319,8.34390,8.34284,8.34350,105
SQ:USDSEK,2021-01-20T18:06:00+01:00,8.34350,8.34410,8.34243,8.34290,94
SQ:USDSEK,2021-01-20T18:07:00+01:00,8.34290,8.34400,8.34249,8.34310,77
SQ:USDSEK,2021-01-20T18:08:00+01:00,8.34285,8.34503,8.34234,8.34340,158
SQ:USDSEK,2021-01-20T18:09:00+01:00,8.34340,8.34410,8.34204,8.34380,75
SQ:USDSEK,2021-01-20T18:10:00+01:00,8.34380,8.34440,8.34282,8.34290,87
SQ:USDSEK,2021-01-20T18:11:00+01:00,8.34270,8.34560,8.34259,8.34478,52
SQ:USDSEK,2021-01-20T18:12:00+01:00,8.34478,8.34670,8.34397,8.34509,123
SQ:USDSEK,2021-01-20T18:13:00+01:00,8.34514,8.34514,8.34358,8.34410,86
SQ:USDSEK,2021-01-20T18:14:00+01:00,8.34426,8.34469,8.33950,8.34040,119
SQ:USDSEK,2021-01-20T18:15:00+01:00,8.34030,8.34505,8.34030,8.34230,136
SQ:USDSEK,2021-01-20T18:16:00+01:00,8.34220,8.34310,8.34214,8.34290,51
SQ:USDSEK,2021-01-20T18:17:00+01:00,8.34290,8.34332,8.34241,8.34332,44
SQ:USDSEK,2021-01-20T18:18:00+01:00,8.34332,8.34464,8.34330,8.34360,56
SQ:USDSEK,2021-01-20T18:19:00+01:00,8.34367,8.34413,8.34355,8.34389,34
SQ:USDSEK,2021-01-20T18:20:00+01:00,8.34376,8.34732,8.34376,8.34680,61
SQ:USDSEK,2021-01-20T18:21:00+01:00,8.34680,8.34694,8.34434,8.34550,66
SQ:USDSEK,2021-01-20T18:22:00+01:00,8.34550,8.34580,8.34463,8.34568,62
SQ:USDSEK,2021-01-20T18:23:00+01:00,8.34554,8.34860,8.34554,8.34740,68
SQ:USDSEK,2021-01-20T18:24:00+01:00,8.34750,8.35000,8.34670,8.34700,89
SQ:USDSEK,2021-01-20T18:25:00+01:00,8.34690,8.34931,8.34670,8.34925,72
SQ:USDSEK,2021-01-20T18:26:00+01:00,8.34925,8.35080,8.34900,8.34950,83
SQ:USDSEK,2021-01-20T18:27:00+01:00,8.34950,8.34960,8.34651,8.34747,57
SQ:USDSEK,2021-01-20T18:28:00+01:00,8.34740,8.34892,8.34676,8.34870,70
SQ:USDSEK,2021-01-20T18:29:00+01:00,8.34870,8.35000,8.34860,8.34973,46
SQ:USDSEK,2021-01-20T18:30:00+01:00,8.34953,8.34953,8.34845,8.34912,42
SQ:USDSEK,2021-01-20T18:31:00+01:00,8.34910,8.35021,8.34820,8.34902,108
SQ:USDSEK,2021-01-20T18:32:00+01:00,8.34890,8.34937,8.34370,8.34410,140
SQ:USDSEK,2021-01-20T18:33:00+01:00,8.34383,8.34600,8.34330,8.34560,81
SQ:USDSEK,2021-01-20T18:34:00+01:00,8.34550,8.34560,8.34442,8.34500,74
SQ:USDSEK,2021-01-20T18:35:00+01:00,8.34500,8.34540,8.34476,8.34540,39
SQ:USDSEK,2021-01-20T18:36:00+01:00,8.34540,8.34881,8.34538,8.34853,55
SQ:USDSEK,2021-01-20T18:37:00+01:00,8.34853,8.34853,8.34727,8.34734,49
SQ:USDSEK,2021-01-20T18:38:00+01:00,8.34734,8.34850,8.34734,8.34807,45
SQ:USDSEK,2021-01-20T18:39:00+01:00,8.34796,8.34982,8.34689,8.34760,83
SQ:USDSEK,2021-01-20T18:40:00+01:00,8.34760,8.34989,8.34760,8.34838,65
SQ:USDSEK,2021-01-20T18:41:00+01:00,8.34838,8.34873,8.34778,8.34873,41
SQ:USDSEK,2021-01-20T18:42:00+01:00,8.34873,8.34910,8.34860,8.34889,29
SQ:USDSEK,2021-01-20T18:43:00+01:00,8.34889,8.34981,8.34870,8.34981,29
SQ:USDSEK,2021-01-20T18:44:00+01:00,8.34981,8.35155,8.34912,8.35140,60
SQ:USDSEK,2021-01-20T18:45:00+01:00,8.35140,8.35184,8.34821,8.34910,100
SQ:USDSEK,2021-01-20T18:46:00+01:00,8.34910,8.35040,8.34673,8.34770,100
SQ:USDSEK,2021-01-20T18:47:00+01:00,8.34770,8.35233,8.34710,8.35150,119
SQ:USDSEK,2021-01-20T18:48:00+01:00,8.35150,8.35150,8.34806,8.35062,77
SQ:USDSEK,2021-01-20T18:49:00+01:00,8.35062,8.35080,8.35020,8.35030,35
SQ:USDSEK,2021-01-20T18:50:00+01:00,8.35030,8.35033,8.34963,8.34963,23
SQ:USDSEK,2021-01-20T18:51:00+01:00,8.34963,8.35163,8.34941,8.35121,64
SQ:USDSEK,2021-01-20T18:52:00+01:00,8.35121,8.35205,8.35068,8.35130,53
SQ:USDSEK,2021-01-20T18:53:00+01:00,8.35130,8.35218,8.35129,8.35180,59
SQ:USDSEK,2021-01-20T18:54:00+01:00,8.35190,8.35200,8.35017,8.35017,80
SQ:USDSEK,2021-01-20T18:55:00+01:00,8.35000,8.35119,8.34918,8.34952,81
SQ:USDSEK,2021-01-20T18:56:00+01:00,8.34953,8.34953,8.34815,8.34868,54
SQ:USDSEK,2021-01-20T18:57:00+01:00,8.34868,8.34965,8.34853,8.34910,53
SQ:USDSEK,2021-01-20T18:58:00+01:00,8.34925,8.34960,8.34894,8.34949,52
SQ:USDSEK,2021-01-20T18:59:00+01:00,8.34949,8.35034,8.34742,8.34742,140
SQ:USDSEK,2021-01-20T19:00:00+01:00,8.34756,8.34927,8.34371,8.34893,117
SQ:USDSEK,2021-01-20T19:01:00+01:00,8.34893,8.34936,8.34567,8.34876,95
SQ:USDSEK,2021-01-20T19:02:00+01:00,8.34876,8.34980,8.34490,8.34750,180
SQ:USDSEK,2021-01-20T19:03:00+01:00,8.34800,8.34996,8.34694,8.34910,89
SQ:USDSEK,2021-01-20T19:04:00+01:00,8.34910,8.34930,8.34748,8.34870,78
SQ:USDSEK,2021-01-20T19:05:00+01:00,8.34860,8.35070,8.34830,8.35034,84
SQ:USDSEK,2021-01-20T19:06:00+01:00,8.35034,8.35034,8.34669,8.34998,76
SQ:USDSEK,2021-01-20T19:07:00+01:00,8.34998,8.35010,8.34800,8.34930,58
SQ:USDSEK,2021-01-20T19:08:00+01:00,8.34930,8.35135,8.34899,8.35097,69
SQ:USDSEK,2021-01-20T19:09:00+01:00,8.35097,8.35220,8.35038,8.35200,90
SQ:USDSEK,2021-01-20T19:10:00+01:00,8.35174,8.35250,8.35099,8.35140,89
SQ:USDSEK,2021-01-20T19:11:00+01:00,8.35140,8.35180,8.34985,8.35090,102
SQ:USDSEK,2021-01-20T19:12:00+01:00,8.35093,8.35140,8.34991,8.35052,60
SQ:USDSEK,2021-01-20T19:13:00+01:00,8.35040,8.35120,8.34945,8.34945,64
SQ:USDSEK,2021-01-20T19:14:00+01:00,8.34945,8.35080,8.34945,8.35020,80
SQ:USDSEK,2021-01-20T19:15:00+01:00,8.35020,8.35080,8.34982,8.35040,107
SQ:USDSEK,2021-01-20T19:16:00+01:00,8.35040,8.35064,8.35020,8.35040,63
SQ:USDSEK,2021-01-20T19:17:00+01:00,8.35040,8.35080,8.35030,8.35063,35
SQ:USDSEK,2021-01-20T19:18:00+01:00,8.35050,8.35082,8.34988,8.35020,50
SQ:USDSEK,2021-01-20T19:19:00+01:00,8.35020,8.35040,8.34966,8.35030,40
SQ:USDSEK,2021-01-20T19:20:00+01:00,8.35030,8.35030,8.34930,8.34930,35
SQ:USDSEK,2021-01-20T19:21:00+01:00,8.34930,8.34990,8.34860,8.34980,44
SQ:USDSEK,2021-01-20T19:22:00+01:00,8.34980,8.35020,8.34870,8.34990,36
SQ:USDSEK,2021-01-20T19:23:00+01:00,8.35020,8.35090,8.34940,8.35020,117
SQ:USDSEK,2021-01-20T19:24:00+01:00,8.35020,8.35020,8.34850,8.34870,83
SQ:USDSEK,2021-01-20T19:25:00+01:00,8.34870,8.35050,8.34480,8.34714,165
SQ:USDSEK,2021-01-20T19:26:00+01:00,8.34714,8.35000,8.34707,8.34940,88
SQ:USDSEK,2021-01-20T19:27:00+01:00,8.34940,8.34970,8.34650,8.34870,70
SQ:USDSEK,2021-01-20T19:28:00+01:00,8.34880,8.35020,8.34827,8.34910,57
SQ:USDSEK,2021-01-20T19:29:00+01:00,8.34910,8.35040,8.34880,8.34920,84
SQ:USDSEK,2021-01-20T19:30:00+01:00,8.34930,8.35030,8.34700,8.34921,99
SQ:USDSEK,2021-01-20T19:31:00+01:00,8.34935,8.35011,8.34623,8.34975,95
SQ:USDSEK,2021-01-20T19:32:00+01:00,8.34975,8.34992,8.34870,8.34937,43
SQ:USDSEK,2021-01-20T19:33:00+01:00,8.34937,8.34937,8.34650,8.34805,102
SQ:USDSEK,2021-01-20T19:34:00+01:00,8.34805,8.34848,8.34478,8.34746,61
SQ:USDSEK,2021-01-20T19:35:00+01:00,8.34770,8.34870,8.34393,8.34830,155
SQ:USDSEK,2021-01-20T19:36:00+01:00,8.34830,8.34869,8.34470,8.34750,106
SQ:USDSEK,2021-01-20T19:37:00+01:00,8.34750,8.34854,8.34490,8.34730,130
SQ:USDSEK,2021-01-20T19:38:00+01:00,8.34730,8.34850,8.34510,8.34740,92
SQ:USDSEK,2021-01-20T19:39:00+01:00,8.34740,8.34830,8.34400,8.34790,97
SQ:USDSEK,2021-01-20T19:40:00+01:00,8.34790,8.34860,8.34388,8.34510,142
SQ:USDSEK,2021-01-20T19:41:00+01:00,8.34510,8.34810,8.34480,8.34720,108
SQ:USDSEK,2021-01-20T19:42:00+01:00,8.34720,8.34850,8.34550,8.34770,126
SQ:USDSEK,2021-01-20T19:43:00+01:00,8.34780,8.34861,8.34422,8.34820,141
SQ:USDSEK,2021-01-20T19:44:00+01:00,8.34820,8.34885,8.34550,8.34870,116
SQ:USDSEK,2021-01-20T19:45:00+01:00,8.34870,8.34888,8.34550,8.34660,74
SQ:USDSEK,2021-01-20T19:46:00+01:00,8.34660,8.34830,8.34594,8.34750,109
SQ:USDSEK,2021-01-20T19:47:00+01:00,8.34722,8.34840,8.34593,8.34630,75
SQ:USDSEK,2021-01-20T19:48:00+01:00,8.34630,8.34750,8.34435,8.34750,74
SQ:USDSEK,2021-01-20T19:49:00+01:00,8.34740,8.34750,8.34668,8.34720,42
SQ:USDSEK,2021-01-20T19:50:00+01:00,8.34710,8.34773,8.34682,8.34759,37
SQ:USDSEK,2021-01-20T19:51:00+01:00,8.34759,8.34763,8.34503,8.34520,62
SQ:USDSEK,2021-01-20T19:52:00+01:00,8.34530,8.34642,8.34520,8.34642,38
SQ:USDSEK,2021-01-20T19:53:00+01:00,8.34642,8.34723,8.34642,8.34701,26
SQ:USDSEK,2021-01-20T19:54:00+01:00,8.34696,8.34714,8.34675,8.34688,22
SQ:USDSEK,2021-01-20T19:55:00+01:00,8.34688,8.34700,8.34550,8.34673,63
SQ:USDSEK,2021-01-20T19:56:00+01:00,8.34673,8.34673,8.34602,8.34616,34
SQ:USDSEK,2021-01-20T19:57:00+01:00,8.34616,8.34700,8.34330,8.34375,91
SQ:USDSEK,2021-01-20T19:58:00+01:00,8.34362,8.34591,8.34360,8.34591,39
SQ:USDSEK,2021-01-20T19:59:00+01:00,8.34605,8.34670,8.34430,8.34470,94
SQ:USDSEK,2021-01-20T20:00:00+01:00,8.34480,8.34660,8.34385,8.34561,59
SQ:USDSEK,2021-01-20T20:01:00+01:00,8.34561,8.34661,8.34450,8.34636,63
SQ:USDSEK,2021-01-20T20:02:00+01:00,8.34636,8.34783,8.34601,8.34767,27
SQ:USDSEK,2021-01-20T20:03:00+01:00,8.34767,8.34800,8.34696,8.34788,25
SQ:USDSEK,2021-01-20T20:04:00+01:00,8.34788,8.34833,8.34670,8.34720,56
SQ:USDSEK,2021-01-20T20:05:00+01:00,8.34730,8.34730,8.34680,8.34700,9
SQ:USDSEK,2021-01-20T20:06:00+01:00,8.34700,8.34721,8.34700,8.34720,18
SQ:USDSEK,2021-01-20T20:07:00+01:00,8.34720,8.34901,8.34720,8.34887,38
SQ:USDSEK,2021-01-20T20:08:00+01:00,8.34896,8.34950,8.34854,8.34903,48
SQ:USDSEK,2021-01-20T20:09:00+01:00,8.34903,8.34920,8.34846,8.34850,28
SQ:USDSEK,2021-01-20T20:10:00+01:00,8.34840,8.34850,8.34717,8.34730,39
SQ:USDSEK,2021-01-20T20:11:00+01:00,8.34740,8.34900,8.34740,8.34860,58
SQ:USDSEK,2021-01-20T20:12:00+01:00,8.34860,8.34860,8.34710,8.34720,69
SQ:USDSEK,2021-01-20T20:13:00+01:00,8.34710,8.34810,8.34710,8.34780,42
SQ:USDSEK,2021-01-20T20:14:00+01:00,8.34776,8.34880,8.34744,8.34850,73
SQ:USDSEK,2021-01-20T20:15:00+01:00,8.34850,8.34910,8.34832,8.34890,65
SQ:USDSEK,2021-01-20T20:16:00+01:00,8.34890,8.34930,8.34865,8.34920,74
SQ:USDSEK,2021-01-20T20:17:00+01:00,8.34905,8.34950,8.34904,8.34924,37
SQ:USDSEK,2021-01-20T20:18:00+01:00,8.34924,8.35042,8.34655,8.34850,193
SQ:USDSEK,2021-01-20T20:19:00+01:00,8.34850,8.34870,8.34740,8.34750,32
SQ:USDSEK,2021-01-20T20:20:00+01:00,8.34750,8.34770,8.34730,8.34730,30
SQ:USDSEK,2021-01-20T20:21:00+01:00,8.34720,8.35200,8.34710,8.34991,102
SQ:USDSEK,2021-01-20T20:22:00+01:00,8.35006,8.35110,8.35006,8.35086,43
SQ:USDSEK,2021-01-20T20:23:00+01:00,8.35080,8.35086,8.34940,8.34960,40
SQ:USDSEK,2021-01-20T20:24:00+01:00,8.34960,8.35200,8.34880,8.35060,74
SQ:USDSEK,2021-01-20T20:25:00+01:00,8.35060,8.35154,8.35040,8.35154,10
SQ:USDSEK,2021-01-20T20:26:00+01:00,8.35149,8.35166,8.35002,8.35071,74
SQ:USDSEK,2021-01-20T20:27:00+01:00,8.35085,8.35115,8.34940,8.35060,56
SQ:USDSEK,2021-01-20T20:28:00+01:00,8.35020,8.35317,8.34760,8.34820,78
SQ:USDSEK,2021-01-20T20:29:00+01:00,8.34810,8.35020,8.34810,8.34974,83
SQ:USDSEK,2021-01-20T20:30:00+01:00,8.34974,8.35000,8.34660,8.34720,55
SQ:USDSEK,2021-01-20T20:31:00+01:00,8.34730,8.34900,8.34680,8.34710,72
SQ:USDSEK,2021-01-20T20:32:00+01:00,8.34710,8.34950,8.34710,8.34870,61
SQ:USDSEK,2021-01-20T20:33:00+01:00,8.34870,8.34894,8.34580,8.34730,94
SQ:USDSEK,2021-01-20T20:34:00+01:00,8.34720,8.34780,8.34700,8.34740,46
SQ:USDSEK,2021-01-20T20:35:00+01:00,8.34740,8.34790,8.34733,8.34760,39
SQ:USDSEK,2021-01-20T20:36:00+01:00,8.34770,8.34870,8.34750,8.34870,37
SQ:USDSEK,2021-01-20T20:37:00+01:00,8.34850,8.34951,8.34790,8.34950,75
SQ:USDSEK,2021-01-20T20:38:00+01:00,8.34950,8.35062,8.34903,8.35062,31
SQ:USDSEK,2021-01-20T20:39:00+01:00,8.35065,8.35071,8.35001,8.35050,29
SQ:USDSEK,2021-01-20T20:40:00+01:00,8.35050,8.35050,8.34842,8.34842,42
SQ:USDSEK,2021-01-20T20:41:00+01:00,8.34842,8.34920,8.34832,8.34890,22
SQ:USDSEK,2021-01-20T20:42:00+01:00,8.34890,8.34900,8.34850,8.34893,10
SQ:USDSEK,2021-01-20T20:43:00+01:00,8.34893,8.34900,8.34810,8.34870,48
SQ:USDSEK,2021-01-20T20:44:00+01:00,8.34850,8.34900,8.34830,8.34890,44
SQ:USDSEK,2021-01-20T20:45:00+01:00,8.34870,8.34900,8.34837,8.34890,22
SQ:USDSEK,2021-01-20T20:46:00+01:00,8.34890,8.34960,8.34880,8.34900,21
SQ:USDSEK,2021-01-20T20:47:00+01:00,8.34900,8.34920,8.34880,8.34900,7
SQ:USDSEK,2021-01-20T20:48:00+01:00,8.34900,8.34920,8.34880,8.34890,6
SQ:USDSEK,2021-01-20T20:49:00+01:00,8.34890,8.34940,8.34840,8.34910,19
SQ:USDSEK,2021-01-20T20:50:00+01:00,8.34910,8.34930,8.34810,8.34860,35
SQ:USDSEK,2021-01-20T20:51:00+01:00,8.34870,8.34890,8.34820,8.34820,44
SQ:USDSEK,2021-01-20T20:52:00+01:00,8.34820,8.34926,8.34570,8.34925,62
SQ:USDSEK,2021-01-20T20:53:00+01:00,8.34900,8.34900,8.34705,8.34830,27
SQ:USDSEK,2021-01-20T20:54:00+01:00,8.34810,8.34810,8.34670,8.34670,17
SQ:USDSEK,2021-01-20T20:55:00+01:00,8.34670,8.34670,8.34491,8.34590,82
SQ:USDSEK,2021-01-20T20:56:00+01:00,8.34610,8.34730,8.34600,8.34730,25
SQ:USDSEK,2021-01-20T20:57:00+01:00,8.34730,8.34870,8.34704,8.34720,79
SQ:USDSEK,2021-01-20T20:58:00+01:00,8.34690,8.34820,8.34676,8.34750,62
SQ:USDSEK,2021-01-20T20:59:00+01:00,8.34750,8.34811,8.34677,8.34681,98
SQ:USDSEK,2021-01-20T21:00:00+01:00,8.34720,8.34859,8.34686,8.34854,38
SQ:USDSEK,2021-01-20T21:01:00+01:00,8.34864,8.34920,8.34786,8.34899,74
SQ:USDSEK,2021-01-20T21:02:00+01:00,8.34906,8.35030,8.34871,8.34998,58
SQ:USDSEK,2021-01-20T21:03:00+01:00,8.34998,8.35006,8.34862,8.34997,53
SQ:USDSEK,2021-01-20T21:04:00+01:00,8.35022,8.35022,8.34920,8.34933,46
SQ:USDSEK,2021-01-20T21:05:00+01:00,8.34905,8.35095,8.34892,8.35004,54
SQ:USDSEK,2021-01-20T21:06:00+01:00,8.35016,8.35049,8.34870,8.34972,29
SQ:USDSEK,2021-01-20T21:07:00+01:00,8.34979,8.35015,8.34742,8.34955,85
SQ:USDSEK,2021-01-20T21:08:00+01:00,8.34955,8.34990,8.34920,8.34965,23
SQ:USDSEK,2021-01-20T21:09:00+01:00,8.34965,8.35029,8.34918,8.35029,58
SQ:USDSEK,2021-01-20T21:10:00+01:00,8.35029,8.35046,8.34940,8.35008,55
SQ:USDSEK,2021-01-20T21:11:00+01:00,8.35021,8.35200,8.34957,8.35141,71
SQ:USDSEK,2021-01-20T21:12:00+01:00,8.35125,8.35153,8.35030,8.35050,47
SQ:USDSEK,2021-01-20T21:13:00+01:00,8.35042,8.35113,8.35038,8.35070,46
SQ:USDSEK,2021-01-20T21:14:00+01:00,8.35041,8.35235,8.35041,8.35150,40
SQ:USDSEK,2021-01-20T21:15:00+01:00,8.35150,8.35234,8.35010,8.35050,37
SQ:USDSEK,2021-01-20T21:16:00+01:00,8.35040,8.35040,8.34960,8.34980,29
SQ:USDSEK,2021-01-20T21:17:00+01:00,8.34980,8.35010,8.34944,8.35010,35
SQ:USDSEK,2021-01-20T21:18:00+01:00,8.35020,8.35020,8.34940,8.34970,35
SQ:USDSEK,2021-01-20T21:19:00+01:00,8.34970,8.34978,8.34950,8.34967,20
SQ:USDSEK,2021-01-20T21:20:00+01:00,8.34967,8.34967,8.34949,8.34949,5
SQ:USDSEK,2021-01-20T21:21:00+01:00,8.34949,8.35080,8.34949,8.35075,26
SQ:USDSEK,2021-01-20T21:22:00+01:00,8.35081,8.35152,8.35040,8.35070,23
SQ:USDSEK,2021-01-20T21:23:00+01:00,8.35070,8.35070,8.34956,8.34956,31
SQ:USDSEK,2021-01-20T21:24:00+01:00,8.34956,8.34980,8.34938,8.34940,17
SQ:USDSEK,2021-01-20T21:25:00+01:00,8.34940,8.34980,8.34937,8.34942,18
SQ:USDSEK,2021-01-20T21:26:00+01:00,8.34942,8.35040,8.34928,8.35040,31
SQ:USDSEK,2021-01-20T21:27:00+01:00,8.35007,8.35080,8.34990,8.34990,29
SQ:USDSEK,2021-01-20T21:28:00+01:00,8.34990,8.35068,8.34970,8.35063,34
SQ:USDSEK,2021-01-20T21:29:00+01:00,8.35063,8.35070,8.35030,8.35054,37
SQ:USDSEK,2021-01-20T21:30:00+01:00,8.35051,8.35080,8.34932,8.34955,46
SQ:USDSEK,2021-01-20T21:31:00+01:00,8.34955,8.34966,8.34823,8.34880,47
SQ:USDSEK,2021-01-20T21:32:00+01:00,8.34880,8.34943,8.34733,8.34897,120
SQ:USDSEK,2021-01-20T21:33:00+01:00,8.34897,8.34936,8.34750,8.34879,75
SQ:USDSEK,2021-01-20T21:34:00+01:00,8.34874,8.34890,8.34780,8.34799,51
SQ:USDSEK,2021-01-20T21:35:00+01:00,8.34810,8.34918,8.34790,8.34870,74
SQ:USDSEK,2021-01-20T21:36:00+01:00,8.34870,8.34938,8.34800,8.34834,52
SQ:USDSEK,2021-01-20T21:37:00+01:00,8.34834,8.34846,8.34716,8.34760,62
SQ:USDSEK,2021-01-20T21:38:00+01:00,8.34730,8.34750,8.34688,8.34705,34
SQ:USDSEK,2021-01-20T21:39:00+01:00,8.34694,8.34750,8.34694,8.34720,34
SQ:USDSEK,2021-01-20T21:40:00+01:00,8.34710,8.34857,8.34691,8.34821,41
SQ:USDSEK,2021-01-20T21:41:00+01:00,8.34819,8.34931,8.34795,8.34861,47
SQ:USDSEK,2021-01-20T21:42:00+01:00,8.34830,8.34844,8.34794,8.34811,33
SQ:USDSEK,2021-01-20T21:43:00+01:00,8.34808,8.34923,8.34782,8.34850,84
SQ:USDSEK,2021-01-20T21:44:00+01:00,8.34850,8.34880,8.34790,8.34840,16
SQ:USDSEK,2021-01-20T21:45:00+01:00,8.34830,8.34860,8.34730,8.34825,39
SQ:USDSEK,2021-01-20T21:46:00+01:00,8.34833,8.34870,8.34823,8.34850,13
SQ:USDSEK,2021-01-20T21:47:00+01:00,8.34850,8.34870,8.34840,8.34840,10
SQ:USDSEK,2021-01-20T21:48:00+01:00,8.34840,8.34840,8.34820,8.34840,7
SQ:USDSEK,2021-01-20T21:49:00+01:00,8.34840,8.34840,8.34780,8.34800,9
SQ:USDSEK,2021-01-20T21:50:00+01:00,8.34810,8.34840,8.34790,8.34820,24
SQ:USDSEK,2021-01-20T21:51:00+01:00,8.34820,8.34870,8.34770,8.34870,18
SQ:USDSEK,2021-01-20T21:52:00+01:00,8.34870,8.34870,8.34780,8.34830,18
SQ:USDSEK,2021-01-20T21:53:00+01:00,8.34830,8.34830,8.34700,8.34710,37
SQ:USDSEK,2021-01-20T21:54:00+01:00,8.34700,8.34770,8.34690,8.34760,31
SQ:USDSEK,2021-01-20T21:55:00+01:00,8.34760,8.34830,8.34720,8.34766,48
SQ:USDSEK,2021-01-20T21:56:00+01:00,8.34770,8.34770,8.34420,8.34470,100
SQ:USDSEK,2021-01-20T21:57:00+01:00,8.34470,8.34480,8.34217,8.34300,88
SQ:USDSEK,2021-01-20T21:58:00+01:00,8.34310,8.34390,8.34278,8.34350,141
SQ:USDSEK,2021-01-20T21:59:00+01:00,8.34350,8.34400,8.34180,8.34321,148
SQ:USDSEK,2021-01-20T22:00:00+01:00,8.34350,8.34540,8.34170,8.34510,197
SQ:USDSEK,2021-01-20T22:01:00+01:00,8.34460,8.34507,8.34420,8.34430,178
SQ:USDSEK,2021-01-20T22:02:00+01:00,8.34430,8.34490,8.34420,8.34420,17
SQ:USDSEK,2021-01-20T22:03:00+01:00,8.34420,8.34601,8.34122,8.34292,60
SQ:USDSEK,2021-01-20T22:04:00+01:00,8.34296,8.34575,8.34088,8.34224,100
SQ:USDSEK,2021-01-20T22:05:00+01:00,8.34223,8.34525,8.34020,8.34309,100
SQ:USDSEK,2021-01-20T22:06:00+01:00,8.34309,8.34413,8.34250,8.34360,57
SQ:USDSEK,2021-01-20T22:07:00+01:00,8.34360,8.34494,8.34090,8.34450,76
SQ:USDSEK,2021-01-20T22:08:00+01:00,8.34450,8.34620,8.34171,8.34400,101
SQ:USDSEK,2021-01-20T22:09:00+01:00,8.34400,8.34660,8.34194,8.34530,72
SQ:USDSEK,2021-01-20T22:10:00+01:00,8.34526,8.34620,8.34167,8.34420,102
SQ:USDSEK,2021-01-20T22:11:00+01:00,8.34410,8.34459,8.34157,8.34419,67
SQ:USDSEK,2021-01-20T22:12:00+01:00,8.34419,8.34490,8.34179,8.34312,26
SQ:USDSEK,2021-01-20T22:13:00+01:00,8.34219,8.34600,8.34219,8.34477,54
SQ:USDSEK,2021-01-20T22:14:00+01:00,8.34477,8.34550,8.34239,8.34428,80
SQ:USDSEK,2021-01-20T22:15:00+01:00,8.34435,8.34600,8.34224,8.34250,80
SQ:USDSEK,2021-01-20T22:16:00+01:00,8.34250,8.34570,8.34143,8.34475,85
SQ:USDSEK,2021-01-20T22:17:00+01:00,8.34477,8.34605,8.34330,8.34440,51
SQ:USDSEK,2021-01-20T22:18:00+01:00,8.34440,8.34595,8.34112,8.34311,76
SQ:USDSEK,2021-01-20T22:19:00+01:00,8.34311,8.34334,8.34173,8.34220,41
SQ:USDSEK,2021-01-20T22:20:00+01:00,8.34230,8.34410,8.34230,8.34370,53
SQ:USDSEK,2021-01-20T22:21:00+01:00,8.34370,8.34370,8.34180,8.34250,73
SQ:USDSEK,2021-01-20T22:22:00+01:00,8.34250,8.34300,8.34208,8.34290,22
SQ:USDSEK,2021-01-20T22:23:00+01:00,8.34290,8.34290,8.34280,8.34290,3
SQ:USDSEK,2021-01-20T22:24:00+01:00,8.34290,8.34330,8.34272,8.34320,9
SQ:USDSEK,2021-01-20T22:25:00+01:00,8.34290,8.34370,8.34140,8.34240,55
SQ:USDSEK,2021-01-20T22:26:00+01:00,8.34240,8.34310,8.34182,8.34182,59
SQ:USDSEK,2021-01-20T22:27:00+01:00,8.34182,8.34262,8.34182,8.34213,7
SQ:USDSEK,2021-01-20T22:28:00+01:00,8.34213,8.34273,8.34213,8.34253,6
SQ:USDSEK,2021-01-20T22:29:00+01:00,8.34253,8.34253,8.34193,8.34198,12
SQ:USDSEK,2021-01-20T22:30:00+01:00,8.34198,8.34253,8.34120,8.34125,22
SQ:USDSEK,2021-01-20T22:31:00+01:00,8.34125,8.34154,8.34000,8.34072,48
SQ:USDSEK,2021-01-20T22:32:00+01:00,8.34072,8.34220,8.34072,8.34155,27
SQ:USDSEK,2021-01-20T22:33:00+01:00,8.34149,8.34149,8.34040,8.34040,16
SQ:USDSEK,2021-01-20T22:34:00+01:00,8.34040,8.34462,8.34040,8.34273,34
SQ:USDSEK,2021-01-20T22:35:00+01:00,8.34274,8.34300,8.34214,8.34300,26
SQ:USDSEK,2021-01-20T22:36:00+01:00,8.34307,8.34320,8.34227,8.34264,20
SQ:USDSEK,2021-01-20T22:37:00+01:00,8.34264,8.34413,8.34222,8.34259,33
SQ:USDSEK,2021-01-20T22:38:00+01:00,8.34259,8.34509,8.34012,8.34014,38
SQ:USDSEK,2021-01-20T22:39:00+01:00,8.34014,8.34137,8.34014,8.34033,34
SQ:USDSEK,2021-01-20T22:40:00+01:00,8.34033,8.34158,8.34003,8.34080,34
SQ:USDSEK,2021-01-20T22:41:00+01:00,8.34080,8.34094,8.34024,8.34024,13
SQ:USDSEK,2021-01-20T22:42:00+01:00,8.34024,8.34092,8.34019,8.34071,31
SQ:USDSEK,2021-01-20T22:43:00+01:00,8.34071,8.34331,8.34049,8.34155,67
SQ:USDSEK,2021-01-20T22:44:00+01:00,8.34135,8.34220,8.34122,8.34138,49
SQ:USDSEK,2021-01-20T22:45:00+01:00,8.34138,8.34150,8.34118,8.34118,5
SQ:USDSEK,2021-01-20T22:46:00+01:00,8.34118,8.34118,8.34118,8.34118,1
SQ:USDSEK,2021-01-20T22:47:00+01:00,8.34120,8.34140,8.34120,8.34140,7
SQ:USDSEK,2021-01-20T22:48:00+01:00,8.34140,8.34180,8.34066,8.34101,17
SQ:USDSEK,2021-01-20T22:49:00+01:00,8.34084,8.34130,8.34071,8.34094,22
SQ:USDSEK,2021-01-20T22:50:00+01:00,8.34079,8.34253,8.34079,8.34116,23
SQ:USDSEK,2021-01-20T22:51:00+01:00,8.34116,8.34168,8.34112,8.34119,19
SQ:USDSEK,2021-01-20T22:52:00+01:00,8.34119,8.34131,8.34080,8.34116,20
SQ:USDSEK,2021-01-20T22:53:00+01:00,8.34116,8.34256,8.34116,8.34197,19
SQ:USDSEK,2021-01-20T22:54:00+01:00,8.34197,8.34197,8.34046,8.34076,15
SQ:USDSEK,2021-01-20T23:30:00+01:00,8.33973,8.33985,8.33941,8.33980,28
SQ:USDSEK,2021-01-20T23:31:00+01:00,8.33982,8.34013,8.33979,8.33995,12
SQ:USDSEK,2021-01-20T23:32:00+01:00,8.33998,8.34074,8.33996,8.34071,14
SQ:USDSEK,2021-01-20T23:33:00+01:00,8.34038,8.34098,8.34038,8.34050,18
SQ:USDSEK,2021-01-20T23:34:00+01:00,8.34050,8.34061,8.34049,8.34049,9
SQ:USDSEK,2021-01-20T23:35:00+01:00,8.34049,8.34049,8.34049,8.34049,1
SQ:USDSEK,2021-01-20T23:36:00+01:00,8.34049,8.34049,8.33930,8.33930,6
SQ:USDSEK,2021-01-20T23:37:00+01:00,8.33935,8.33964,8.33935,8.33964,10
SQ:USDSEK,2021-01-20T23:38:00+01:00,8.33970,8.34013,8.33922,8.33922,23
SQ:USDSEK,2021-01-20T23:39:00+01:00,8.33912,8.33949,8.33893,8.33893,14
SQ:USDSEK,2021-01-20T23:40:00+01:00,8.33904,8.33955,8.33890,8.33911,17
SQ:USDSEK,2021-01-20T23:41:00+01:00,8.33919,8.33919,8.33889,8.33904,16
SQ:USDSEK,2021-01-20T23:42:00+01:00,8.33899,8.33928,8.33899,8.33922,11
SQ:USDSEK,2021-01-20T23:43:00+01:00,8.33941,8.33964,8.33941,8.33947,8
SQ:USDSEK,2021-01-20T23:44:00+01:00,8.33954,8.33975,8.33954,8.33975,3
SQ:USDSEK,2021-01-20T23:45:00+01:00,8.33965,8.34004,8.33943,8.33955,17
SQ:USDSEK,2021-01-20T23:46:00+01:00,8.33954,8.34000,8.33924,8.33930,14
SQ:USDSEK,2021-01-20T23:47:00+01:00,8.33930,8.34072,8.33930,8.33935,14
SQ:USDSEK,2021-01-20T23:48:00+01:00,8.33891,8.33972,8.33852,8.33972,17
SQ:USDSEK,2021-01-20T23:49:00+01:00,8.33973,8.34003,8.33972,8.33972,13
SQ:USDSEK,2021-01-20T23:50:00+01:00,8.33930,8.33934,8.33917,8.33929,7
SQ:USDSEK,2021-01-20T23:51:00+01:00,8.33935,8.33941,8.33907,8.33907,16
SQ:USDSEK,2021-01-20T23:52:00+01:00,8.33910,8.33932,8.33909,8.33932,9
SQ:USDSEK,2021-01-20T23:53:00+01:00,8.33924,8.33930,8.33886,8.33898,9
SQ:USDSEK,2021-01-20T23:54:00+01:00,8.33917,8.33917,8.33898,8.33902,5
SQ:USDSEK,2021-01-20T23:55:00+01:00,8.33903,8.33910,8.33903,8.33910,3
SQ:USDSEK,2021-01-20T23:56:00+01:00,8.33913,8.33950,8.33912,8.33950,12
SQ:USDSEK,2021-01-20T23:57:00+01:00,8.33956,8.34236,8.33952,8.34144,31
SQ:USDSEK,2021-01-20T23:58:00+01:00,8.34134,8.34172,8.34110,8.34110,24
SQ:USDSEK,2021-01-20T23:59:00+01:00,8.34102,8.34116,8.33945,8.33945,25
