SQ:XAGUSD,2022-08-17T00:01:00+02:00,20.1080,20.1295,20.1080,20.1265,25
SQ:XAGUSD,2022-08-17T00:02:00+02:00,20.1265,20.1265,20.1235,20.1235,7
SQ:XAGUSD,2022-08-17T00:03:00+02:00,20.1235,20.1245,20.1235,20.1245,2
SQ:XAGUSD,2022-08-17T00:04:00+02:00,20.1245,20.1255,20.1235,20.1245,5
SQ:XAGUSD,2022-08-17T00:05:00+02:00,20.1245,20.1385,20.1245,20.1365,5
SQ:XAGUSD,2022-08-17T00:06:00+02:00,20.1365,20.1415,20.1315,20.1315,12
SQ:XAGUSD,2022-08-17T00:07:00+02:00,20.1315,20.1345,20.1255,20.1265,14
SQ:XAGUSD,2022-08-17T00:08:00+02:00,20.1265,20.1275,20.1235,20.1255,11
SQ:XAGUSD,2022-08-17T00:09:00+02:00,20.1235,20.1235,20.1205,20.1205,13
SQ:XAGUSD,2022-08-17T00:10:00+02:00,20.1215,20.1215,20.1165,20.1195,12
SQ:XAGUSD,2022-08-17T00:11:00+02:00,20.1195,20.1215,20.1195,20.1205,10
SQ:XAGUSD,2022-08-17T00:12:00+02:00,20.1205,20.1255,20.1175,20.1255,18
SQ:XAGUSD,2022-08-17T00:13:00+02:00,20.1255,20.1265,20.1245,20.1245,6
SQ:XAGUSD,2022-08-17T00:14:00+02:00,20.1245,20.1245,20.1195,20.1195,5
SQ:XAGUSD,2022-08-17T00:15:00+02:00,20.1185,20.1205,20.1155,20.1165,12
SQ:XAGUSD,2022-08-17T00:16:00+02:00,20.1155,20.1175,20.1135,20.1175,11
SQ:XAGUSD,2022-08-17T00:17:00+02:00,20.1175,20.1175,20.1115,20.1115,8
SQ:XAGUSD,2022-08-17T00:18:00+02:00,20.1115,20.1155,20.1115,20.1155,3
SQ:XAGUSD,2022-08-17T00:19:00+02:00,20.1175,20.1205,20.1115,20.1135,20
SQ:XAGUSD,2022-08-17T00:20:00+02:00,20.1135,20.1175,20.1115,20.1175,14
SQ:XAGUSD,2022-08-17T00:21:00+02:00,20.1155,20.1195,20.1135,20.1195,14
SQ:XAGUSD,2022-08-17T00:22:00+02:00,20.1185,20.1235,20.1185,20.1235,17
SQ:XAGUSD,2022-08-17T00:23:00+02:00,20.1245,20.1245,20.1165,20.1195,35
SQ:XAGUSD,2022-08-17T00:24:00+02:00,20.1195,20.1195,20.1185,20.1195,5
SQ:XAGUSD,2022-08-17T00:25:00+02:00,20.1185,20.1195,20.1175,20.1195,8
SQ:XAGUSD,2022-08-17T00:26:00+02:00,20.1195,20.1245,20.1185,20.1235,11
SQ:XAGUSD,2022-08-17T00:27:00+02:00,20.1235,20.1235,20.1225,20.1225,4
SQ:XAGUSD,2022-08-17T00:28:00+02:00,20.1245,20.1245,20.1235,20.1235,2
SQ:XAGUSD,2022-08-17T00:29:00+02:00,20.1235,20.1235,20.1105,20.1185,5
SQ:XAGUSD,2022-08-17T00:30:00+02:00,20.1185,20.1215,20.1185,20.1215,8
SQ:XAGUSD,2022-08-17T00:31:00+02:00,20.1205,20.1245,20.1165,20.1185,22
SQ:XAGUSD,2022-08-17T00:32:00+02:00,20.1175,20.1185,20.1175,20.1185,4
SQ:XAGUSD,2022-08-17T00:33:00+02:00,20.1175,20.1185,20.1135,20.1135,9
SQ:XAGUSD,2022-08-17T00:34:00+02:00,20.1135,20.1145,20.1125,20.1135,7
SQ:XAGUSD,2022-08-17T00:35:00+02:00,20.1135,20.1185,20.1115,20.1115,16
SQ:XAGUSD,2022-08-17T00:36:00+02:00,20.1135,20.1135,20.1105,20.1105,9
SQ:XAGUSD,2022-08-17T00:37:00+02:00,20.1095,20.1115,20.1085,20.1115,7
SQ:XAGUSD,2022-08-17T00:38:00+02:00,20.1115,20.1135,20.1115,20.1135,5
SQ:XAGUSD,2022-08-17T00:39:00+02:00,20.1135,20.1135,20.1115,20.1125,3
SQ:XAGUSD,2022-08-17T00:40:00+02:00,20.1135,20.1155,20.1135,20.1155,12
SQ:XAGUSD,2022-08-17T00:41:00+02:00,20.1145,20.1155,20.1145,20.1155,6
SQ:XAGUSD,2022-08-17T00:42:00+02:00,20.1155,20.1165,20.1155,20.1165,2
SQ:XAGUSD,2022-08-17T00:43:00+02:00,20.1155,20.1155,20.1135,20.1135,5
SQ:XAGUSD,2022-08-17T00:44:00+02:00,20.1135,20.1135,20.1105,20.1135,4
SQ:XAGUSD,2022-08-17T00:45:00+02:00,20.1115,20.1125,20.1085,20.1095,8
SQ:XAGUSD,2022-08-17T00:46:00+02:00,20.1095,20.1145,20.1085,20.1135,8
SQ:XAGUSD,2022-08-17T00:47:00+02:00,20.1125,20.1135,20.1115,20.1125,9
SQ:XAGUSD,2022-08-17T00:48:00+02:00,20.1115,20.1125,20.1055,20.1065,12
SQ:XAGUSD,2022-08-17T00:49:00+02:00,20.1065,20.1075,20.1065,20.1075,2
SQ:XAGUSD,2022-08-17T00:50:00+02:00,20.1075,20.1085,20.1065,20.1085,6
SQ:XAGUSD,2022-08-17T00:51:00+02:00,20.1075,20.1095,20.1075,20.1085,6
SQ:XAGUSD,2022-08-17T00:52:00+02:00,20.1095,20.1095,20.1085,20.1095,5
SQ:XAGUSD,2022-08-17T00:53:00+02:00,20.1105,20.1105,20.1075,20.1075,5
SQ:XAGUSD,2022-08-17T00:54:00+02:00,20.1075,20.1095,20.1075,20.1095,3
SQ:XAGUSD,2022-08-17T00:55:00+02:00,20.1085,20.1095,20.1085,20.1085,3
SQ:XAGUSD,2022-08-17T00:56:00+02:00,20.1075,20.1075,20.1065,20.1065,2
SQ:XAGUSD,2022-08-17T00:57:00+02:00,20.1055,20.1075,20.1035,20.1055,18
SQ:XAGUSD,2022-08-17T00:58:00+02:00,20.1065,20.1075,20.1045,20.1075,8
SQ:XAGUSD,2022-08-17T00:59:00+02:00,20.1075,20.1095,20.1065,20.1065,8
SQ:XAGUSD,2022-08-17T01:00:00+02:00,20.1085,20.1085,20.1035,20.1065,10
SQ:XAGUSD,2022-08-17T01:01:00+02:00,20.1065,20.1085,20.1065,20.1075,4
SQ:XAGUSD,2022-08-17T01:02:00+02:00,20.1085,20.1105,20.1075,20.1075,13
SQ:XAGUSD,2022-08-17T01:03:00+02:00,20.1085,20.1105,20.1085,20.1095,25
SQ:XAGUSD,2022-08-17T01:04:00+02:00,20.1105,20.1115,20.1095,20.1115,3
SQ:XAGUSD,2022-08-17T01:05:00+02:00,20.1125,20.1125,20.1045,20.1045,11
SQ:XAGUSD,2022-08-17T01:06:00+02:00,20.1045,20.1115,20.1040,20.1105,12
SQ:XAGUSD,2022-08-17T01:07:00+02:00,20.1085,20.1105,20.1085,20.1105,3
SQ:XAGUSD,2022-08-17T01:08:00+02:00,20.1105,20.1105,20.1105,20.1105,1
SQ:XAGUSD,2022-08-17T01:09:00+02:00,20.1115,20.1175,20.1115,20.1175,14
SQ:XAGUSD,2022-08-17T01:10:00+02:00,20.1175,20.1175,20.1165,20.1165,8
SQ:XAGUSD,2022-08-17T01:11:00+02:00,20.1165,20.1165,20.1165,20.1165,1
SQ:XAGUSD,2022-08-17T01:12:00+02:00,20.1165,20.1165,20.1105,20.1125,4
SQ:XAGUSD,2022-08-17T01:13:00+02:00,20.1115,20.1155,20.1095,20.1145,10
SQ:XAGUSD,2022-08-17T01:14:00+02:00,20.1145,20.1145,20.1115,20.1145,8
SQ:XAGUSD,2022-08-17T01:15:00+02:00,20.1115,20.1115,20.1115,20.1115,1
SQ:XAGUSD,2022-08-17T01:16:00+02:00,20.1115,20.1145,20.1115,20.1125,6
SQ:XAGUSD,2022-08-17T01:18:00+02:00,20.1115,20.1115,20.1075,20.1075,4
SQ:XAGUSD,2022-08-17T01:19:00+02:00,20.1095,20.1095,20.1075,20.1095,6
SQ:XAGUSD,2022-08-17T01:20:00+02:00,20.1105,20.1105,20.1095,20.1095,2
SQ:XAGUSD,2022-08-17T01:21:00+02:00,20.1095,20.1095,20.1075,20.1075,5
SQ:XAGUSD,2022-08-17T01:22:00+02:00,20.1075,20.1075,20.1055,20.1075,5
SQ:XAGUSD,2022-08-17T01:23:00+02:00,20.1075,20.1075,20.1065,20.1075,3
SQ:XAGUSD,2022-08-17T01:24:00+02:00,20.1085,20.1085,20.1065,20.1075,6
SQ:XAGUSD,2022-08-17T01:25:00+02:00,20.1075,20.1085,20.1075,20.1075,3
SQ:XAGUSD,2022-08-17T01:26:00+02:00,20.1075,20.1075,20.1045,20.1055,5
SQ:XAGUSD,2022-08-17T01:27:00+02:00,20.1045,20.1075,20.1045,20.1065,9
SQ:XAGUSD,2022-08-17T01:28:00+02:00,20.1055,20.1055,20.1015,20.1025,7
SQ:XAGUSD,2022-08-17T01:29:00+02:00,20.1025,20.1025,20.1025,20.1025,1
SQ:XAGUSD,2022-08-17T01:30:00+02:00,20.1045,20.1045,20.1005,20.1025,6
SQ:XAGUSD,2022-08-17T01:31:00+02:00,20.1025,20.1025,20.1015,20.1025,3
SQ:XAGUSD,2022-08-17T01:32:00+02:00,20.1025,20.1065,20.1025,20.1035,8
SQ:XAGUSD,2022-08-17T01:33:00+02:00,20.1035,20.1045,20.1025,20.1045,4
SQ:XAGUSD,2022-08-17T01:34:00+02:00,20.1065,20.1085,20.1065,20.1085,4
SQ:XAGUSD,2022-08-17T01:35:00+02:00,20.1085,20.1085,20.1045,20.1045,6
SQ:XAGUSD,2022-08-17T01:36:00+02:00,20.1035,20.1045,20.1035,20.1045,4
SQ:XAGUSD,2022-08-17T01:37:00+02:00,20.1055,20.1055,20.1035,20.1055,5
SQ:XAGUSD,2022-08-17T01:38:00+02:00,20.1065,20.1065,20.1045,20.1065,9
SQ:XAGUSD,2022-08-17T01:39:00+02:00,20.1065,20.1085,20.1055,20.1055,14
SQ:XAGUSD,2022-08-17T01:40:00+02:00,20.1065,20.1085,20.1055,20.1085,3
SQ:XAGUSD,2022-08-17T01:41:00+02:00,20.1095,20.1135,20.1095,20.1125,8
SQ:XAGUSD,2022-08-17T01:42:00+02:00,20.1125,20.1145,20.1095,20.1105,7
SQ:XAGUSD,2022-08-17T01:43:00+02:00,20.1095,20.1125,20.1045,20.1125,16
SQ:XAGUSD,2022-08-17T01:44:00+02:00,20.1125,20.1145,20.1105,20.1105,5
SQ:XAGUSD,2022-08-17T01:45:00+02:00,20.1135,20.1135,20.1065,20.1075,12
SQ:XAGUSD,2022-08-17T01:46:00+02:00,20.1075,20.1105,20.1075,20.1095,6
SQ:XAGUSD,2022-08-17T01:47:00+02:00,20.1105,20.1145,20.1105,20.1105,22
SQ:XAGUSD,2022-08-17T01:48:00+02:00,20.1095,20.1105,20.1095,20.1095,5
SQ:XAGUSD,2022-08-17T01:49:00+02:00,20.1095,20.1105,20.1085,20.1095,9
SQ:XAGUSD,2022-08-17T01:50:00+02:00,20.1095,20.1105,20.1085,20.1105,8
SQ:XAGUSD,2022-08-17T01:51:00+02:00,20.1105,20.1115,20.1095,20.1105,6
SQ:XAGUSD,2022-08-17T01:52:00+02:00,20.1095,20.1105,20.1085,20.1095,7
SQ:XAGUSD,2022-08-17T01:53:00+02:00,20.1085,20.1095,20.1045,20.1075,9
SQ:XAGUSD,2022-08-17T01:54:00+02:00,20.1055,20.1105,20.1055,20.1085,13
SQ:XAGUSD,2022-08-17T01:55:00+02:00,20.1085,20.1135,20.1055,20.1115,15
SQ:XAGUSD,2022-08-17T01:56:00+02:00,20.1135,20.1165,20.1135,20.1135,9
SQ:XAGUSD,2022-08-17T01:57:00+02:00,20.1120,20.1125,20.1095,20.1095,23
SQ:XAGUSD,2022-08-17T01:58:00+02:00,20.1095,20.1095,20.1070,20.1095,11
SQ:XAGUSD,2022-08-17T01:59:00+02:00,20.1085,20.1115,20.1070,20.1075,17
SQ:XAGUSD,2022-08-17T02:00:00+02:00,20.1070,20.1095,20.1025,20.1085,29
SQ:XAGUSD,2022-08-17T02:01:00+02:00,20.1085,20.1085,20.0935,20.0955,29
SQ:XAGUSD,2022-08-17T02:02:00+02:00,20.0945,20.0995,20.0935,20.0955,35
SQ:XAGUSD,2022-08-17T02:03:00+02:00,20.0955,20.0955,20.0925,20.0935,8
SQ:XAGUSD,2022-08-17T02:04:00+02:00,20.0945,20.0975,20.0895,20.0965,16
SQ:XAGUSD,2022-08-17T02:05:00+02:00,20.0955,20.0965,20.0845,20.0855,34
SQ:XAGUSD,2022-08-17T02:06:00+02:00,20.0875,20.0955,20.0855,20.0915,43
SQ:XAGUSD,2022-08-17T02:07:00+02:00,20.0905,20.0985,20.0895,20.0955,15
SQ:XAGUSD,2022-08-17T02:08:00+02:00,20.0955,20.0985,20.0915,20.0965,32
SQ:XAGUSD,2022-08-17T02:09:00+02:00,20.0965,20.1015,20.0965,20.1015,26
SQ:XAGUSD,2022-08-17T02:10:00+02:00,20.1015,20.1015,20.0945,20.0985,28
SQ:XAGUSD,2022-08-17T02:11:00+02:00,20.0985,20.1015,20.0935,20.0975,19
SQ:XAGUSD,2022-08-17T02:12:00+02:00,20.0975,20.1075,20.0975,20.1025,28
SQ:XAGUSD,2022-08-17T02:13:00+02:00,20.1025,20.1105,20.1025,20.1065,20
SQ:XAGUSD,2022-08-17T02:14:00+02:00,20.1065,20.1115,20.1055,20.1075,14
SQ:XAGUSD,2022-08-17T02:15:00+02:00,20.1085,20.1095,20.1015,20.1025,31
SQ:XAGUSD,2022-08-17T02:16:00+02:00,20.1025,20.1125,20.1025,20.1115,21
SQ:XAGUSD,2022-08-17T02:17:00+02:00,20.1115,20.1135,20.1075,20.1105,15
SQ:XAGUSD,2022-08-17T02:18:00+02:00,20.1085,20.1135,20.1085,20.1125,16
SQ:XAGUSD,2022-08-17T02:19:00+02:00,20.1125,20.1125,20.1085,20.1125,20
SQ:XAGUSD,2022-08-17T02:20:00+02:00,20.1115,20.1125,20.1075,20.1075,13
SQ:XAGUSD,2022-08-17T02:21:00+02:00,20.1075,20.1075,20.1035,20.1035,20
SQ:XAGUSD,2022-08-17T02:22:00+02:00,20.1045,20.1045,20.1035,20.1035,12
SQ:XAGUSD,2022-08-17T02:23:00+02:00,20.1035,20.1065,20.1025,20.1045,19
SQ:XAGUSD,2022-08-17T02:24:00+02:00,20.1055,20.1075,20.1005,20.1005,19
SQ:XAGUSD,2022-08-17T02:25:00+02:00,20.1015,20.1015,20.0955,20.0965,13
SQ:XAGUSD,2022-08-17T02:26:00+02:00,20.0965,20.0965,20.0915,20.0915,26
SQ:XAGUSD,2022-08-17T02:27:00+02:00,20.0915,20.0925,20.0865,20.0865,35
SQ:XAGUSD,2022-08-17T02:28:00+02:00,20.0865,20.0875,20.0825,20.0855,35
SQ:XAGUSD,2022-08-17T02:29:00+02:00,20.0845,20.0865,20.0825,20.0835,28
SQ:XAGUSD,2022-08-17T02:30:00+02:00,20.0825,20.0825,20.0745,20.0795,24
SQ:XAGUSD,2022-08-17T02:31:00+02:00,20.0805,20.0865,20.0785,20.0835,44
SQ:XAGUSD,2022-08-17T02:32:00+02:00,20.0845,20.0845,20.0765,20.0775,18
SQ:XAGUSD,2022-08-17T02:33:00+02:00,20.0775,20.0795,20.0765,20.0785,18
SQ:XAGUSD,2022-08-17T02:34:00+02:00,20.0785,20.0835,20.0785,20.0815,17
SQ:XAGUSD,2022-08-17T02:35:00+02:00,20.0815,20.0845,20.0775,20.0775,20
SQ:XAGUSD,2022-08-17T02:36:00+02:00,20.0795,20.0825,20.0775,20.0825,16
SQ:XAGUSD,2022-08-17T02:37:00+02:00,20.0815,20.0865,20.0785,20.0835,12
SQ:XAGUSD,2022-08-17T02:38:00+02:00,20.0825,20.0845,20.0785,20.0785,25
SQ:XAGUSD,2022-08-17T02:39:00+02:00,20.0785,20.0805,20.0775,20.0785,17
SQ:XAGUSD,2022-08-17T02:40:00+02:00,20.0785,20.0785,20.0760,20.0760,6
SQ:XAGUSD,2022-08-17T02:41:00+02:00,20.0760,20.0815,20.0725,20.0775,20
SQ:XAGUSD,2022-08-17T02:42:00+02:00,20.0775,20.0795,20.0775,20.0775,20
SQ:XAGUSD,2022-08-17T02:43:00+02:00,20.0765,20.0825,20.0755,20.0825,19
SQ:XAGUSD,2022-08-17T02:44:00+02:00,20.0825,20.0825,20.0755,20.0755,10
SQ:XAGUSD,2022-08-17T02:45:00+02:00,20.0755,20.0765,20.0715,20.0745,18
SQ:XAGUSD,2022-08-17T02:46:00+02:00,20.0735,20.0785,20.0715,20.0725,28
SQ:XAGUSD,2022-08-17T02:47:00+02:00,20.0735,20.0785,20.0725,20.0775,28
SQ:XAGUSD,2022-08-17T02:48:00+02:00,20.0775,20.0835,20.0745,20.0805,23
SQ:XAGUSD,2022-08-17T02:49:00+02:00,20.0815,20.0815,20.0765,20.0775,25
SQ:XAGUSD,2022-08-17T02:50:00+02:00,20.0785,20.0795,20.0755,20.0755,20
SQ:XAGUSD,2022-08-17T02:51:00+02:00,20.0755,20.0795,20.0725,20.0775,30
SQ:XAGUSD,2022-08-17T02:52:00+02:00,20.0775,20.0835,20.0775,20.0795,21
SQ:XAGUSD,2022-08-17T02:53:00+02:00,20.0805,20.0815,20.0775,20.0795,24
SQ:XAGUSD,2022-08-17T02:54:00+02:00,20.0795,20.0795,20.0720,20.0765,50
SQ:XAGUSD,2022-08-17T02:55:00+02:00,20.0745,20.0825,20.0745,20.0795,35
SQ:XAGUSD,2022-08-17T02:56:00+02:00,20.0785,20.0805,20.0745,20.0775,18
SQ:XAGUSD,2022-08-17T02:57:00+02:00,20.0775,20.0845,20.0775,20.0845,29
SQ:XAGUSD,2022-08-17T02:58:00+02:00,20.0835,20.0845,20.0785,20.0815,32
SQ:XAGUSD,2022-08-17T02:59:00+02:00,20.0795,20.0845,20.0785,20.0805,44
SQ:XAGUSD,2022-08-17T03:00:00+02:00,20.0805,20.0865,20.0645,20.0715,152
SQ:XAGUSD,2022-08-17T03:01:00+02:00,20.0725,20.0945,20.0655,20.0935,87
SQ:XAGUSD,2022-08-17T03:02:00+02:00,20.0925,20.0955,20.0875,20.0895,81
SQ:XAGUSD,2022-08-17T03:03:00+02:00,20.0895,20.0985,20.0825,20.0825,95
SQ:XAGUSD,2022-08-17T03:04:00+02:00,20.0825,20.0935,20.0805,20.0925,62
SQ:XAGUSD,2022-08-17T03:05:00+02:00,20.0925,20.0935,20.0845,20.0865,93
SQ:XAGUSD,2022-08-17T03:06:00+02:00,20.0865,20.0865,20.0785,20.0815,63
SQ:XAGUSD,2022-08-17T03:07:00+02:00,20.0815,20.0875,20.0800,20.0825,56
SQ:XAGUSD,2022-08-17T03:08:00+02:00,20.0815,20.0875,20.0785,20.0845,34
SQ:XAGUSD,2022-08-17T03:09:00+02:00,20.0855,20.0875,20.0825,20.0845,42
SQ:XAGUSD,2022-08-17T03:10:00+02:00,20.0835,20.0975,20.0825,20.0885,45
SQ:XAGUSD,2022-08-17T03:11:00+02:00,20.0885,20.0965,20.0885,20.0935,60
SQ:XAGUSD,2022-08-17T03:12:00+02:00,20.0925,20.0935,20.0885,20.0925,34
SQ:XAGUSD,2022-08-17T03:13:00+02:00,20.0915,20.0965,20.0895,20.0955,32
SQ:XAGUSD,2022-08-17T03:14:00+02:00,20.0965,20.1155,20.0965,20.1055,64
SQ:XAGUSD,2022-08-17T03:15:00+02:00,20.1065,20.1365,20.1060,20.1325,67
SQ:XAGUSD,2022-08-17T03:16:00+02:00,20.1305,20.1345,20.1255,20.1325,57
SQ:XAGUSD,2022-08-17T03:17:00+02:00,20.1315,20.1355,20.1175,20.1215,65
SQ:XAGUSD,2022-08-17T03:18:00+02:00,20.1225,20.1255,20.1205,20.1225,45
SQ:XAGUSD,2022-08-17T03:19:00+02:00,20.1225,20.1255,20.1165,20.1225,60
SQ:XAGUSD,2022-08-17T03:20:00+02:00,20.1225,20.1255,20.1115,20.1145,56
SQ:XAGUSD,2022-08-17T03:21:00+02:00,20.1125,20.1175,20.1105,20.1105,47
SQ:XAGUSD,2022-08-17T03:22:00+02:00,20.1115,20.1175,20.1105,20.1135,68
SQ:XAGUSD,2022-08-17T03:23:00+02:00,20.1135,20.1145,20.1085,20.1105,42
SQ:XAGUSD,2022-08-17T03:24:00+02:00,20.1125,20.1165,20.1065,20.1075,52
SQ:XAGUSD,2022-08-17T03:25:00+02:00,20.1065,20.1165,20.1055,20.1085,55
SQ:XAGUSD,2022-08-17T03:26:00+02:00,20.1075,20.1085,20.1015,20.1035,62
SQ:XAGUSD,2022-08-17T03:27:00+02:00,20.1035,20.1115,20.1025,20.1095,45
SQ:XAGUSD,2022-08-17T03:28:00+02:00,20.1105,20.1115,20.1025,20.1095,32
SQ:XAGUSD,2022-08-17T03:29:00+02:00,20.1095,20.1095,20.1065,20.1065,2
SQ:XAGUSD,2022-08-17T03:30:00+02:00,20.1065,20.1065,20.0845,20.0945,151
SQ:XAGUSD,2022-08-17T03:31:00+02:00,20.0935,20.0965,20.0880,20.0955,88
SQ:XAGUSD,2022-08-17T03:32:00+02:00,20.0965,20.0990,20.0890,20.0890,76
SQ:XAGUSD,2022-08-17T03:33:00+02:00,20.0890,20.0895,20.0785,20.0875,69
SQ:XAGUSD,2022-08-17T03:34:00+02:00,20.0885,20.0885,20.0745,20.0790,86
SQ:XAGUSD,2022-08-17T03:35:00+02:00,20.0790,20.0815,20.0655,20.0655,61
SQ:XAGUSD,2022-08-17T03:36:00+02:00,20.0650,20.0650,20.0485,20.0560,57
SQ:XAGUSD,2022-08-17T03:37:00+02:00,20.0560,20.0605,20.0470,20.0480,61
SQ:XAGUSD,2022-08-17T03:38:00+02:00,20.0480,20.0545,20.0480,20.0525,72
SQ:XAGUSD,2022-08-17T03:39:00+02:00,20.0535,20.0615,20.0485,20.0580,66
SQ:XAGUSD,2022-08-17T03:40:00+02:00,20.0580,20.0580,20.0485,20.0535,71
SQ:XAGUSD,2022-08-17T03:41:00+02:00,20.0565,20.0735,20.0535,20.0705,59
SQ:XAGUSD,2022-08-17T03:42:00+02:00,20.0705,20.0715,20.0565,20.0565,62
SQ:XAGUSD,2022-08-17T03:43:00+02:00,20.0575,20.0685,20.0565,20.0635,59
SQ:XAGUSD,2022-08-17T03:44:00+02:00,20.0635,20.0695,20.0620,20.0675,44
SQ:XAGUSD,2022-08-17T03:45:00+02:00,20.0675,20.0725,20.0665,20.0680,41
SQ:XAGUSD,2022-08-17T03:46:00+02:00,20.0685,20.0705,20.0605,20.0625,66
SQ:XAGUSD,2022-08-17T03:47:00+02:00,20.0635,20.0635,20.0575,20.0580,26
SQ:XAGUSD,2022-08-17T03:48:00+02:00,20.0580,20.0625,20.0495,20.0605,76
SQ:XAGUSD,2022-08-17T03:49:00+02:00,20.0595,20.0655,20.0595,20.0615,48
SQ:XAGUSD,2022-08-17T03:50:00+02:00,20.0625,20.0665,20.0595,20.0605,46
SQ:XAGUSD,2022-08-17T03:51:00+02:00,20.0605,20.0675,20.0605,20.0655,61
SQ:XAGUSD,2022-08-17T03:52:00+02:00,20.0665,20.0695,20.0645,20.0660,44
SQ:XAGUSD,2022-08-17T03:53:00+02:00,20.0660,20.0765,20.0660,20.0740,49
SQ:XAGUSD,2022-08-17T03:54:00+02:00,20.0740,20.0745,20.0685,20.0745,51
SQ:XAGUSD,2022-08-17T03:55:00+02:00,20.0745,20.0745,20.0655,20.0665,29
SQ:XAGUSD,2022-08-17T03:56:00+02:00,20.0660,20.0705,20.0660,20.0665,39
SQ:XAGUSD,2022-08-17T03:57:00+02:00,20.0660,20.0715,20.0660,20.0715,28
SQ:XAGUSD,2022-08-17T03:58:00+02:00,20.0705,20.0745,20.0685,20.0745,27
SQ:XAGUSD,2022-08-17T03:59:00+02:00,20.0725,20.0785,20.0680,20.0680,77
SQ:XAGUSD,2022-08-17T04:00:00+02:00,20.0680,20.0895,20.0675,20.0895,121
SQ:XAGUSD,2022-08-17T04:01:00+02:00,20.0895,20.0915,20.0760,20.0795,107
SQ:XAGUSD,2022-08-17T04:02:00+02:00,20.0795,20.0845,20.0760,20.0790,60
SQ:XAGUSD,2022-08-17T04:03:00+02:00,20.0795,20.0875,20.0790,20.0835,79
SQ:XAGUSD,2022-08-17T04:04:00+02:00,20.0845,20.0855,20.0785,20.0820,72
SQ:XAGUSD,2022-08-17T04:05:00+02:00,20.0815,20.0895,20.0815,20.0885,77
SQ:XAGUSD,2022-08-17T04:06:00+02:00,20.0865,20.0895,20.0835,20.0860,64
SQ:XAGUSD,2022-08-17T04:07:00+02:00,20.0865,20.0890,20.0790,20.0855,43
SQ:XAGUSD,2022-08-17T04:08:00+02:00,20.0865,20.0875,20.0785,20.0805,45
SQ:XAGUSD,2022-08-17T04:09:00+02:00,20.0795,20.0885,20.0790,20.0850,48
SQ:XAGUSD,2022-08-17T04:10:00+02:00,20.0850,20.0855,20.0790,20.0825,47
SQ:XAGUSD,2022-08-17T04:11:00+02:00,20.0820,20.0890,20.0820,20.0860,9
SQ:XAGUSD,2022-08-17T04:12:00+02:00,20.0860,20.0895,20.0860,20.0890,32
SQ:XAGUSD,2022-08-17T04:13:00+02:00,20.0880,20.0905,20.0785,20.0895,57
SQ:XAGUSD,2022-08-17T04:14:00+02:00,20.0885,20.0925,20.0880,20.0925,37
SQ:XAGUSD,2022-08-17T04:15:00+02:00,20.0915,20.0995,20.0905,20.0995,43
SQ:XAGUSD,2022-08-17T04:16:00+02:00,20.0990,20.0995,20.0895,20.0925,14
SQ:XAGUSD,2022-08-17T04:17:00+02:00,20.0925,20.0935,20.0880,20.0885,36
SQ:XAGUSD,2022-08-17T04:18:00+02:00,20.0885,20.0935,20.0885,20.0925,28
SQ:XAGUSD,2022-08-17T04:19:00+02:00,20.0935,20.0995,20.0925,20.0990,41
SQ:XAGUSD,2022-08-17T04:20:00+02:00,20.0990,20.0990,20.0925,20.0935,24
SQ:XAGUSD,2022-08-17T04:21:00+02:00,20.0935,20.0935,20.0885,20.0905,23
SQ:XAGUSD,2022-08-17T04:22:00+02:00,20.0895,20.0990,20.0895,20.0960,30
SQ:XAGUSD,2022-08-17T04:23:00+02:00,20.0960,20.0960,20.0890,20.0895,18
SQ:XAGUSD,2022-08-17T04:24:00+02:00,20.0895,20.0945,20.0885,20.0915,29
SQ:XAGUSD,2022-08-17T04:25:00+02:00,20.0935,20.0945,20.0885,20.0885,23
SQ:XAGUSD,2022-08-17T04:26:00+02:00,20.0885,20.0890,20.0860,20.0875,19
SQ:XAGUSD,2022-08-17T04:27:00+02:00,20.0855,20.0885,20.0845,20.0865,23
SQ:XAGUSD,2022-08-17T04:28:00+02:00,20.0865,20.0865,20.0820,20.0835,21
SQ:XAGUSD,2022-08-17T04:29:00+02:00,20.0825,20.0875,20.0805,20.0825,25
SQ:XAGUSD,2022-08-17T04:30:00+02:00,20.0835,20.0905,20.0805,20.0885,65
SQ:XAGUSD,2022-08-17T04:31:00+02:00,20.0895,20.0935,20.0865,20.0915,54
SQ:XAGUSD,2022-08-17T04:32:00+02:00,20.0915,20.0965,20.0895,20.0925,35
SQ:XAGUSD,2022-08-17T04:33:00+02:00,20.0935,20.1045,20.0935,20.1045,31
SQ:XAGUSD,2022-08-17T04:34:00+02:00,20.1045,20.1075,20.1025,20.1035,20
SQ:XAGUSD,2022-08-17T04:35:00+02:00,20.1035,20.1035,20.0965,20.0995,28
SQ:XAGUSD,2022-08-17T04:36:00+02:00,20.1005,20.1075,20.0985,20.1055,37
SQ:XAGUSD,2022-08-17T04:37:00+02:00,20.1075,20.1075,20.0935,20.0935,35
SQ:XAGUSD,2022-08-17T04:38:00+02:00,20.0935,20.0935,20.0865,20.0875,35
SQ:XAGUSD,2022-08-17T04:39:00+02:00,20.0875,20.0885,20.0805,20.0815,42
SQ:XAGUSD,2022-08-17T04:40:00+02:00,20.0815,20.0875,20.0775,20.0835,49
SQ:XAGUSD,2022-08-17T04:41:00+02:00,20.0825,20.0835,20.0785,20.0805,29
SQ:XAGUSD,2022-08-17T04:42:00+02:00,20.0815,20.0875,20.0805,20.0835,44
SQ:XAGUSD,2022-08-17T04:43:00+02:00,20.0845,20.0855,20.0795,20.0815,34
SQ:XAGUSD,2022-08-17T04:44:00+02:00,20.0805,20.0805,20.0735,20.0775,44
SQ:XAGUSD,2022-08-17T04:45:00+02:00,20.0765,20.0805,20.0715,20.0715,41
SQ:XAGUSD,2022-08-17T04:46:00+02:00,20.0705,20.0775,20.0705,20.0725,27
SQ:XAGUSD,2022-08-17T04:47:00+02:00,20.0735,20.0825,20.0735,20.0825,30
SQ:XAGUSD,2022-08-17T04:48:00+02:00,20.0835,20.0835,20.0775,20.0785,33
SQ:XAGUSD,2022-08-17T04:49:00+02:00,20.0795,20.0865,20.0785,20.0865,26
SQ:XAGUSD,2022-08-17T04:50:00+02:00,20.0855,20.0875,20.0785,20.0805,40
SQ:XAGUSD,2022-08-17T04:51:00+02:00,20.0805,20.0875,20.0805,20.0865,33
SQ:XAGUSD,2022-08-17T04:52:00+02:00,20.0865,20.0865,20.0775,20.0815,54
SQ:XAGUSD,2022-08-17T04:53:00+02:00,20.0805,20.0845,20.0785,20.0835,31
SQ:XAGUSD,2022-08-17T04:54:00+02:00,20.0845,20.0925,20.0835,20.0895,45
SQ:XAGUSD,2022-08-17T04:55:00+02:00,20.0895,20.0905,20.0835,20.0835,25
SQ:XAGUSD,2022-08-17T04:56:00+02:00,20.0825,20.0875,20.0825,20.0835,24
SQ:XAGUSD,2022-08-17T04:57:00+02:00,20.0835,20.0855,20.0785,20.0795,24
SQ:XAGUSD,2022-08-17T04:58:00+02:00,20.0785,20.0835,20.0775,20.0795,31
SQ:XAGUSD,2022-08-17T04:59:00+02:00,20.0775,20.0785,20.0675,20.0715,36
SQ:XAGUSD,2022-08-17T05:00:00+02:00,20.0715,20.0725,20.0665,20.0695,27
SQ:XAGUSD,2022-08-17T05:01:00+02:00,20.0695,20.0745,20.0695,20.0695,29
SQ:XAGUSD,2022-08-17T05:02:00+02:00,20.0705,20.0745,20.0675,20.0735,39
SQ:XAGUSD,2022-08-17T05:03:00+02:00,20.0715,20.0745,20.0705,20.0735,24
SQ:XAGUSD,2022-08-17T05:04:00+02:00,20.0725,20.0745,20.0695,20.0745,25
SQ:XAGUSD,2022-08-17T05:05:00+02:00,20.0745,20.0745,20.0675,20.0725,26
SQ:XAGUSD,2022-08-17T05:06:00+02:00,20.0715,20.0775,20.0705,20.0715,27
SQ:XAGUSD,2022-08-17T05:07:00+02:00,20.0705,20.0725,20.0680,20.0680,18
SQ:XAGUSD,2022-08-17T05:08:00+02:00,20.0685,20.0695,20.0655,20.0690,23
SQ:XAGUSD,2022-08-17T05:09:00+02:00,20.0690,20.0715,20.0655,20.0695,30
SQ:XAGUSD,2022-08-17T05:10:00+02:00,20.0695,20.0725,20.0680,20.0695,21
SQ:XAGUSD,2022-08-17T05:11:00+02:00,20.0695,20.0705,20.0665,20.0695,12
SQ:XAGUSD,2022-08-17T05:12:00+02:00,20.0695,20.0705,20.0665,20.0685,23
SQ:XAGUSD,2022-08-17T05:13:00+02:00,20.0685,20.0705,20.0665,20.0665,11
SQ:XAGUSD,2022-08-17T05:14:00+02:00,20.0665,20.0665,20.0565,20.0595,61
SQ:XAGUSD,2022-08-17T05:15:00+02:00,20.0595,20.0655,20.0575,20.0615,41
SQ:XAGUSD,2022-08-17T05:16:00+02:00,20.0605,20.0625,20.0595,20.0595,23
SQ:XAGUSD,2022-08-17T05:17:00+02:00,20.0595,20.0615,20.0565,20.0615,15
SQ:XAGUSD,2022-08-17T05:18:00+02:00,20.0605,20.0605,20.0515,20.0525,50
SQ:XAGUSD,2022-08-17T05:19:00+02:00,20.0535,20.0565,20.0485,20.0495,48
SQ:XAGUSD,2022-08-17T05:20:00+02:00,20.0495,20.0555,20.0495,20.0515,57
SQ:XAGUSD,2022-08-17T05:21:00+02:00,20.0515,20.0585,20.0505,20.0545,39
SQ:XAGUSD,2022-08-17T05:22:00+02:00,20.0555,20.0555,20.0495,20.0505,26
SQ:XAGUSD,2022-08-17T05:23:00+02:00,20.0515,20.0525,20.0455,20.0455,37
SQ:XAGUSD,2022-08-17T05:24:00+02:00,20.0455,20.0465,20.0395,20.0405,44
SQ:XAGUSD,2022-08-17T05:25:00+02:00,20.0415,20.0455,20.0355,20.0455,45
SQ:XAGUSD,2022-08-17T05:26:00+02:00,20.0455,20.0515,20.0435,20.0505,23
SQ:XAGUSD,2022-08-17T05:27:00+02:00,20.0505,20.0505,20.0455,20.0455,33
SQ:XAGUSD,2022-08-17T05:28:00+02:00,20.0455,20.0455,20.0385,20.0405,37
SQ:XAGUSD,2022-08-17T05:29:00+02:00,20.0405,20.0415,20.0365,20.0395,48
SQ:XAGUSD,2022-08-17T05:30:00+02:00,20.0405,20.0445,20.0395,20.0435,16
SQ:XAGUSD,2022-08-17T05:31:00+02:00,20.0405,20.0445,20.0405,20.0415,26
SQ:XAGUSD,2022-08-17T05:32:00+02:00,20.0425,20.0465,20.0415,20.0455,18
SQ:XAGUSD,2022-08-17T05:33:00+02:00,20.0445,20.0505,20.0445,20.0505,21
SQ:XAGUSD,2022-08-17T05:34:00+02:00,20.0495,20.0505,20.0455,20.0455,15
SQ:XAGUSD,2022-08-17T05:35:00+02:00,20.0455,20.0485,20.0445,20.0465,16
SQ:XAGUSD,2022-08-17T05:36:00+02:00,20.0465,20.0465,20.0455,20.0455,14
SQ:XAGUSD,2022-08-17T05:37:00+02:00,20.0455,20.0475,20.0455,20.0465,11
SQ:XAGUSD,2022-08-17T05:38:00+02:00,20.0465,20.0505,20.0455,20.0505,27
SQ:XAGUSD,2022-08-17T05:39:00+02:00,20.0495,20.0515,20.0495,20.0515,9
SQ:XAGUSD,2022-08-17T05:40:00+02:00,20.0525,20.0525,20.0465,20.0485,20
SQ:XAGUSD,2022-08-17T05:41:00+02:00,20.0465,20.0495,20.0465,20.0485,13
SQ:XAGUSD,2022-08-17T05:42:00+02:00,20.0495,20.0515,20.0465,20.0485,19
SQ:XAGUSD,2022-08-17T05:43:00+02:00,20.0485,20.0505,20.0485,20.0505,9
SQ:XAGUSD,2022-08-17T05:44:00+02:00,20.0505,20.0545,20.0495,20.0525,13
SQ:XAGUSD,2022-08-17T05:45:00+02:00,20.0525,20.0535,20.0505,20.0515,8
SQ:XAGUSD,2022-08-17T05:46:00+02:00,20.0525,20.0535,20.0505,20.0535,14
SQ:XAGUSD,2022-08-17T05:47:00+02:00,20.0525,20.0525,20.0495,20.0515,10
SQ:XAGUSD,2022-08-17T05:48:00+02:00,20.0515,20.0525,20.0485,20.0505,13
SQ:XAGUSD,2022-08-17T05:49:00+02:00,20.0505,20.0525,20.0485,20.0505,21
SQ:XAGUSD,2022-08-17T05:50:00+02:00,20.0505,20.0525,20.0505,20.0515,10
SQ:XAGUSD,2022-08-17T05:51:00+02:00,20.0495,20.0565,20.0495,20.0555,15
SQ:XAGUSD,2022-08-17T05:52:00+02:00,20.0555,20.0565,20.0545,20.0545,5
SQ:XAGUSD,2022-08-17T05:53:00+02:00,20.0555,20.0555,20.0545,20.0545,2
SQ:XAGUSD,2022-08-17T05:54:00+02:00,20.0555,20.0605,20.0555,20.0555,10
SQ:XAGUSD,2022-08-17T05:55:00+02:00,20.0585,20.0605,20.0545,20.0545,20
SQ:XAGUSD,2022-08-17T05:56:00+02:00,20.0545,20.0575,20.0525,20.0555,14
SQ:XAGUSD,2022-08-17T05:57:00+02:00,20.0555,20.0595,20.0545,20.0555,19
SQ:XAGUSD,2022-08-17T05:58:00+02:00,20.0555,20.0585,20.0555,20.0565,30
SQ:XAGUSD,2022-08-17T05:59:00+02:00,20.0555,20.0585,20.0555,20.0555,19
SQ:XAGUSD,2022-08-17T06:00:00+02:00,20.0555,20.0595,20.0525,20.0595,30
SQ:XAGUSD,2022-08-17T06:01:00+02:00,20.0585,20.0645,20.0585,20.0635,18
SQ:XAGUSD,2022-08-17T06:02:00+02:00,20.0625,20.0635,20.0575,20.0595,14
SQ:XAGUSD,2022-08-17T06:03:00+02:00,20.0595,20.0635,20.0575,20.0575,18
SQ:XAGUSD,2022-08-17T06:04:00+02:00,20.0575,20.0615,20.0575,20.0615,17
SQ:XAGUSD,2022-08-17T06:05:00+02:00,20.0625,20.0625,20.0545,20.0545,18
SQ:XAGUSD,2022-08-17T06:06:00+02:00,20.0545,20.0625,20.0545,20.0615,20
SQ:XAGUSD,2022-08-17T06:07:00+02:00,20.0625,20.0625,20.0575,20.0575,11
SQ:XAGUSD,2022-08-17T06:08:00+02:00,20.0575,20.0605,20.0575,20.0575,15
SQ:XAGUSD,2022-08-17T06:09:00+02:00,20.0565,20.0625,20.0565,20.0615,11
SQ:XAGUSD,2022-08-17T06:10:00+02:00,20.0625,20.0695,20.0615,20.0665,26
SQ:XAGUSD,2022-08-17T06:11:00+02:00,20.0655,20.0685,20.0645,20.0675,15
SQ:XAGUSD,2022-08-17T06:12:00+02:00,20.0685,20.0685,20.0635,20.0665,6
SQ:XAGUSD,2022-08-17T06:13:00+02:00,20.0645,20.0675,20.0645,20.0665,6
SQ:XAGUSD,2022-08-17T06:14:00+02:00,20.0675,20.0725,20.0675,20.0725,15
SQ:XAGUSD,2022-08-17T06:15:00+02:00,20.0735,20.0735,20.0710,20.0710,16
SQ:XAGUSD,2022-08-17T06:16:00+02:00,20.0710,20.0745,20.0705,20.0745,13
SQ:XAGUSD,2022-08-17T06:17:00+02:00,20.0745,20.0755,20.0735,20.0755,10
SQ:XAGUSD,2022-08-17T06:18:00+02:00,20.0745,20.0785,20.0725,20.0775,13
SQ:XAGUSD,2022-08-17T06:19:00+02:00,20.0785,20.0785,20.0745,20.0775,14
SQ:XAGUSD,2022-08-17T06:20:00+02:00,20.0765,20.0785,20.0765,20.0765,11
SQ:XAGUSD,2022-08-17T06:21:00+02:00,20.0765,20.0765,20.0735,20.0745,13
SQ:XAGUSD,2022-08-17T06:22:00+02:00,20.0745,20.0785,20.0745,20.0785,13
SQ:XAGUSD,2022-08-17T06:23:00+02:00,20.0785,20.0825,20.0785,20.0815,8
SQ:XAGUSD,2022-08-17T06:24:00+02:00,20.0825,20.0885,20.0825,20.0865,26
SQ:XAGUSD,2022-08-17T06:25:00+02:00,20.0865,20.0895,20.0835,20.0875,23
SQ:XAGUSD,2022-08-17T06:26:00+02:00,20.0875,20.0895,20.0860,20.0895,9
SQ:XAGUSD,2022-08-17T06:27:00+02:00,20.0895,20.0975,20.0895,20.0965,33
SQ:XAGUSD,2022-08-17T06:28:00+02:00,20.0975,20.1025,20.0955,20.1005,20
SQ:XAGUSD,2022-08-17T06:29:00+02:00,20.1005,20.1105,20.0995,20.1085,22
SQ:XAGUSD,2022-08-17T06:30:00+02:00,20.1085,20.1115,20.1085,20.1105,19
SQ:XAGUSD,2022-08-17T06:31:00+02:00,20.1105,20.1165,20.1105,20.1165,17
SQ:XAGUSD,2022-08-17T06:32:00+02:00,20.1145,20.1225,20.1145,20.1225,11
SQ:XAGUSD,2022-08-17T06:33:00+02:00,20.1225,20.1325,20.1225,20.1325,24
SQ:XAGUSD,2022-08-17T06:34:00+02:00,20.1325,20.1355,20.1305,20.1335,26
SQ:XAGUSD,2022-08-17T06:35:00+02:00,20.1325,20.1375,20.1290,20.1365,28
SQ:XAGUSD,2022-08-17T06:36:00+02:00,20.1365,20.1395,20.1325,20.1365,23
SQ:XAGUSD,2022-08-17T06:37:00+02:00,20.1375,20.1395,20.1355,20.1395,20
SQ:XAGUSD,2022-08-17T06:38:00+02:00,20.1395,20.1395,20.1365,20.1375,20
SQ:XAGUSD,2022-08-17T06:39:00+02:00,20.1385,20.1435,20.1375,20.1415,27
SQ:XAGUSD,2022-08-17T06:40:00+02:00,20.1415,20.1495,20.1415,20.1475,33
SQ:XAGUSD,2022-08-17T06:41:00+02:00,20.1475,20.1485,20.1475,20.1475,5
SQ:XAGUSD,2022-08-17T06:42:00+02:00,20.1475,20.1545,20.1475,20.1495,16
SQ:XAGUSD,2022-08-17T06:43:00+02:00,20.1505,20.1525,20.1505,20.1515,18
SQ:XAGUSD,2022-08-17T06:44:00+02:00,20.1525,20.1545,20.1505,20.1545,21
SQ:XAGUSD,2022-08-17T06:45:00+02:00,20.1535,20.1570,20.1515,20.1515,20
SQ:XAGUSD,2022-08-17T06:46:00+02:00,20.1515,20.1560,20.1515,20.1535,13
SQ:XAGUSD,2022-08-17T06:47:00+02:00,20.1555,20.1565,20.1505,20.1565,13
SQ:XAGUSD,2022-08-17T06:48:00+02:00,20.1565,20.1575,20.1515,20.1515,9
SQ:XAGUSD,2022-08-17T06:49:00+02:00,20.1545,20.1575,20.1525,20.1555,20
SQ:XAGUSD,2022-08-17T06:50:00+02:00,20.1545,20.1565,20.1535,20.1565,25
SQ:XAGUSD,2022-08-17T06:51:00+02:00,20.1575,20.1605,20.1535,20.1605,10
SQ:XAGUSD,2022-08-17T06:52:00+02:00,20.1615,20.1625,20.1525,20.1600,18
SQ:XAGUSD,2022-08-17T06:53:00+02:00,20.1600,20.1605,20.1600,20.1605,2
SQ:XAGUSD,2022-08-17T06:54:00+02:00,20.1615,20.1675,20.1615,20.1665,16
SQ:XAGUSD,2022-08-17T06:55:00+02:00,20.1675,20.1775,20.1665,20.1725,50
SQ:XAGUSD,2022-08-17T06:56:00+02:00,20.1735,20.1765,20.1675,20.1685,21
SQ:XAGUSD,2022-08-17T06:57:00+02:00,20.1695,20.1725,20.1665,20.1695,25
SQ:XAGUSD,2022-08-17T06:58:00+02:00,20.1695,20.1705,20.1665,20.1675,20
SQ:XAGUSD,2022-08-17T06:59:00+02:00,20.1675,20.1675,20.1625,20.1645,30
SQ:XAGUSD,2022-08-17T07:00:00+02:00,20.1645,20.1695,20.1625,20.1675,30
SQ:XAGUSD,2022-08-17T07:01:00+02:00,20.1675,20.1765,20.1675,20.1715,27
SQ:XAGUSD,2022-08-17T07:02:00+02:00,20.1705,20.1735,20.1685,20.1695,29
SQ:XAGUSD,2022-08-17T07:03:00+02:00,20.1695,20.1755,20.1675,20.1705,28
SQ:XAGUSD,2022-08-17T07:04:00+02:00,20.1705,20.1755,20.1675,20.1755,15
SQ:XAGUSD,2022-08-17T07:05:00+02:00,20.1755,20.1785,20.1715,20.1715,30
SQ:XAGUSD,2022-08-17T07:06:00+02:00,20.1715,20.1755,20.1685,20.1705,22
SQ:XAGUSD,2022-08-17T07:07:00+02:00,20.1705,20.1785,20.1685,20.1755,28
SQ:XAGUSD,2022-08-17T07:08:00+02:00,20.1755,20.1755,20.1685,20.1695,21
SQ:XAGUSD,2022-08-17T07:09:00+02:00,20.1705,20.1705,20.1675,20.1675,13
SQ:XAGUSD,2022-08-17T07:10:00+02:00,20.1675,20.1705,20.1655,20.1705,8
SQ:XAGUSD,2022-08-17T07:11:00+02:00,20.1705,20.1715,20.1665,20.1715,21
SQ:XAGUSD,2022-08-17T07:12:00+02:00,20.1705,20.1715,20.1645,20.1645,19
SQ:XAGUSD,2022-08-17T07:13:00+02:00,20.1645,20.1645,20.1575,20.1635,32
SQ:XAGUSD,2022-08-17T07:14:00+02:00,20.1645,20.1675,20.1625,20.1625,22
SQ:XAGUSD,2022-08-17T07:15:00+02:00,20.1635,20.1645,20.1565,20.1565,22
SQ:XAGUSD,2022-08-17T07:16:00+02:00,20.1575,20.1645,20.1565,20.1645,20
SQ:XAGUSD,2022-08-17T07:17:00+02:00,20.1645,20.1675,20.1625,20.1655,19
SQ:XAGUSD,2022-08-17T07:18:00+02:00,20.1645,20.1665,20.1615,20.1615,16
SQ:XAGUSD,2022-08-17T07:19:00+02:00,20.1615,20.1625,20.1575,20.1585,18
SQ:XAGUSD,2022-08-17T07:20:00+02:00,20.1605,20.1615,20.1560,20.1565,20
SQ:XAGUSD,2022-08-17T07:21:00+02:00,20.1565,20.1605,20.1565,20.1565,12
SQ:XAGUSD,2022-08-17T07:22:00+02:00,20.1565,20.1625,20.1565,20.1615,28
SQ:XAGUSD,2022-08-17T07:23:00+02:00,20.1615,20.1745,20.1615,20.1660,42
SQ:XAGUSD,2022-08-17T07:24:00+02:00,20.1660,20.1745,20.1660,20.1715,21
SQ:XAGUSD,2022-08-17T07:25:00+02:00,20.1715,20.1795,20.1705,20.1785,20
SQ:XAGUSD,2022-08-17T07:26:00+02:00,20.1795,20.1795,20.1755,20.1760,8
SQ:XAGUSD,2022-08-17T07:27:00+02:00,20.1760,20.1760,20.1690,20.1705,13
SQ:XAGUSD,2022-08-17T07:28:00+02:00,20.1695,20.1735,20.1690,20.1715,24
SQ:XAGUSD,2022-08-17T07:29:00+02:00,20.1705,20.1705,20.1660,20.1670,20
SQ:XAGUSD,2022-08-17T07:30:00+02:00,20.1660,20.1785,20.1615,20.1725,148
SQ:XAGUSD,2022-08-17T07:31:00+02:00,20.1735,20.2025,20.1735,20.1790,129
SQ:XAGUSD,2022-08-17T07:32:00+02:00,20.1805,20.1895,20.1795,20.1885,79
SQ:XAGUSD,2022-08-17T07:33:00+02:00,20.1905,20.1925,20.1805,20.1835,65
SQ:XAGUSD,2022-08-17T07:34:00+02:00,20.1825,20.1925,20.1815,20.1915,73
SQ:XAGUSD,2022-08-17T07:35:00+02:00,20.1905,20.2065,20.1885,20.1965,109
SQ:XAGUSD,2022-08-17T07:36:00+02:00,20.1965,20.2155,20.1965,20.2150,58
SQ:XAGUSD,2022-08-17T07:37:00+02:00,20.2150,20.2205,20.2150,20.2185,43
SQ:XAGUSD,2022-08-17T07:38:00+02:00,20.2195,20.2195,20.2165,20.2185,36
SQ:XAGUSD,2022-08-17T07:39:00+02:00,20.2185,20.2205,20.2170,20.2190,49
SQ:XAGUSD,2022-08-17T07:40:00+02:00,20.2190,20.2215,20.2090,20.2105,39
SQ:XAGUSD,2022-08-17T07:41:00+02:00,20.2115,20.2185,20.2105,20.2145,66
SQ:XAGUSD,2022-08-17T07:42:00+02:00,20.2165,20.2205,20.2145,20.2185,55
SQ:XAGUSD,2022-08-17T07:43:00+02:00,20.2175,20.2185,20.2105,20.2165,47
SQ:XAGUSD,2022-08-17T07:44:00+02:00,20.2175,20.2205,20.2095,20.2195,60
SQ:XAGUSD,2022-08-17T07:45:00+02:00,20.2205,20.2265,20.2155,20.2155,60
SQ:XAGUSD,2022-08-17T07:46:00+02:00,20.2145,20.2175,20.2105,20.2115,73
SQ:XAGUSD,2022-08-17T07:47:00+02:00,20.2125,20.2175,20.2055,20.2175,62
SQ:XAGUSD,2022-08-17T07:48:00+02:00,20.2185,20.2185,20.2095,20.2115,36
SQ:XAGUSD,2022-08-17T07:49:00+02:00,20.2115,20.2175,20.2065,20.2155,85
SQ:XAGUSD,2022-08-17T07:50:00+02:00,20.2145,20.2225,20.2135,20.2195,41
SQ:XAGUSD,2022-08-17T07:51:00+02:00,20.2205,20.2285,20.2130,20.2165,58
SQ:XAGUSD,2022-08-17T07:52:00+02:00,20.2145,20.2245,20.2145,20.2215,49
SQ:XAGUSD,2022-08-17T07:53:00+02:00,20.2215,20.2345,20.2215,20.2325,54
SQ:XAGUSD,2022-08-17T07:54:00+02:00,20.2305,20.2325,20.2295,20.2325,20
SQ:XAGUSD,2022-08-17T07:55:00+02:00,20.2315,20.2455,20.2315,20.2410,65
SQ:XAGUSD,2022-08-17T07:56:00+02:00,20.2410,20.2425,20.2345,20.2385,43
SQ:XAGUSD,2022-08-17T07:57:00+02:00,20.2365,20.2375,20.2305,20.2305,28
SQ:XAGUSD,2022-08-17T07:58:00+02:00,20.2305,20.2405,20.2305,20.2405,35
SQ:XAGUSD,2022-08-17T07:59:00+02:00,20.2405,20.2505,20.2400,20.2455,62
SQ:XAGUSD,2022-08-17T08:00:00+02:00,20.2455,20.2515,20.2375,20.2465,89
SQ:XAGUSD,2022-08-17T08:01:00+02:00,20.2465,20.2515,20.2415,20.2470,31
SQ:XAGUSD,2022-08-17T08:02:00+02:00,20.2475,20.2485,20.2440,20.2485,29
SQ:XAGUSD,2022-08-17T08:03:00+02:00,20.2465,20.2485,20.2365,20.2365,38
SQ:XAGUSD,2022-08-17T08:04:00+02:00,20.2370,20.2465,20.2305,20.2305,76
SQ:XAGUSD,2022-08-17T08:05:00+02:00,20.2305,20.2375,20.2305,20.2315,41
SQ:XAGUSD,2022-08-17T08:06:00+02:00,20.2325,20.2345,20.2265,20.2265,42
SQ:XAGUSD,2022-08-17T08:07:00+02:00,20.2265,20.2315,20.2215,20.2215,31
SQ:XAGUSD,2022-08-17T08:08:00+02:00,20.2215,20.2265,20.2215,20.2265,11
SQ:XAGUSD,2022-08-17T08:09:00+02:00,20.2265,20.2315,20.2215,20.2215,11
SQ:XAGUSD,2022-08-17T08:10:00+02:00,20.2215,20.2235,20.1970,20.1975,33
SQ:XAGUSD,2022-08-17T08:11:00+02:00,20.2005,20.2105,20.1960,20.2065,42
SQ:XAGUSD,2022-08-17T08:12:00+02:00,20.2065,20.2105,20.1975,20.2005,51
SQ:XAGUSD,2022-08-17T08:13:00+02:00,20.2005,20.2005,20.1915,20.1920,39
SQ:XAGUSD,2022-08-17T08:14:00+02:00,20.1945,20.1955,20.1895,20.1905,14
SQ:XAGUSD,2022-08-17T08:15:00+02:00,20.1905,20.1905,20.1860,20.1905,27
SQ:XAGUSD,2022-08-17T08:16:00+02:00,20.1905,20.1905,20.1825,20.1855,15
SQ:XAGUSD,2022-08-17T08:17:00+02:00,20.1855,20.1855,20.1755,20.1795,38
SQ:XAGUSD,2022-08-17T08:18:00+02:00,20.1795,20.1805,20.1795,20.1805,10
SQ:XAGUSD,2022-08-17T08:19:00+02:00,20.1805,20.1845,20.1765,20.1785,38
SQ:XAGUSD,2022-08-17T08:20:00+02:00,20.1775,20.1805,20.1770,20.1775,14
SQ:XAGUSD,2022-08-17T08:21:00+02:00,20.1780,20.1795,20.1715,20.1775,50
SQ:XAGUSD,2022-08-17T08:22:00+02:00,20.1785,20.1815,20.1765,20.1770,26
SQ:XAGUSD,2022-08-17T08:23:00+02:00,20.1770,20.1790,20.1755,20.1790,12
SQ:XAGUSD,2022-08-17T08:24:00+02:00,20.1790,20.1790,20.1755,20.1755,18
SQ:XAGUSD,2022-08-17T08:25:00+02:00,20.1755,20.1855,20.1755,20.1820,38
SQ:XAGUSD,2022-08-17T08:26:00+02:00,20.1820,20.1820,20.1780,20.1795,17
SQ:XAGUSD,2022-08-17T08:27:00+02:00,20.1805,20.1825,20.1775,20.1775,37
SQ:XAGUSD,2022-08-17T08:28:00+02:00,20.1775,20.1845,20.1775,20.1835,50
SQ:XAGUSD,2022-08-17T08:29:00+02:00,20.1845,20.1875,20.1770,20.1785,37
SQ:XAGUSD,2022-08-17T08:30:00+02:00,20.1795,20.1805,20.1715,20.1780,26
SQ:XAGUSD,2022-08-17T08:31:00+02:00,20.1780,20.1780,20.1705,20.1725,36
SQ:XAGUSD,2022-08-17T08:32:00+02:00,20.1725,20.1725,20.1585,20.1585,13
SQ:XAGUSD,2022-08-17T08:33:00+02:00,20.1595,20.1675,20.1590,20.1665,23
SQ:XAGUSD,2022-08-17T08:34:00+02:00,20.1655,20.1655,20.1595,20.1615,16
SQ:XAGUSD,2022-08-17T08:35:00+02:00,20.1615,20.1635,20.1575,20.1580,32
SQ:XAGUSD,2022-08-17T08:36:00+02:00,20.1580,20.1685,20.1570,20.1680,26
SQ:XAGUSD,2022-08-17T08:37:00+02:00,20.1680,20.1695,20.1620,20.1635,27
SQ:XAGUSD,2022-08-17T08:38:00+02:00,20.1625,20.1625,20.1580,20.1580,30
SQ:XAGUSD,2022-08-17T08:39:00+02:00,20.1590,20.1590,20.1555,20.1585,26
SQ:XAGUSD,2022-08-17T08:40:00+02:00,20.1585,20.1675,20.1575,20.1665,26
SQ:XAGUSD,2022-08-17T08:41:00+02:00,20.1665,20.1695,20.1605,20.1605,30
SQ:XAGUSD,2022-08-17T08:42:00+02:00,20.1595,20.1635,20.1580,20.1585,17
SQ:XAGUSD,2022-08-17T08:43:00+02:00,20.1585,20.1625,20.1565,20.1605,24
SQ:XAGUSD,2022-08-17T08:44:00+02:00,20.1605,20.1605,20.1580,20.1595,21
SQ:XAGUSD,2022-08-17T08:45:00+02:00,20.1595,20.1605,20.1550,20.1555,20
SQ:XAGUSD,2022-08-17T08:46:00+02:00,20.1555,20.1555,20.1515,20.1515,18
SQ:XAGUSD,2022-08-17T08:47:00+02:00,20.1515,20.1525,20.1405,20.1455,22
SQ:XAGUSD,2022-08-17T08:48:00+02:00,20.1455,20.1475,20.1425,20.1425,21
SQ:XAGUSD,2022-08-17T08:49:00+02:00,20.1435,20.1475,20.1395,20.1435,18
SQ:XAGUSD,2022-08-17T08:50:00+02:00,20.1435,20.1435,20.1315,20.1315,32
SQ:XAGUSD,2022-08-17T08:51:00+02:00,20.1315,20.1405,20.1265,20.1395,46
SQ:XAGUSD,2022-08-17T08:52:00+02:00,20.1385,20.1395,20.1355,20.1365,21
SQ:XAGUSD,2022-08-17T08:53:00+02:00,20.1365,20.1405,20.1335,20.1335,38
SQ:XAGUSD,2022-08-17T08:54:00+02:00,20.1335,20.1375,20.1315,20.1375,31
SQ:XAGUSD,2022-08-17T08:55:00+02:00,20.1385,20.1465,20.1365,20.1445,33
SQ:XAGUSD,2022-08-17T08:56:00+02:00,20.1445,20.1495,20.1375,20.1415,34
SQ:XAGUSD,2022-08-17T08:57:00+02:00,20.1415,20.1465,20.1405,20.1415,23
SQ:XAGUSD,2022-08-17T08:58:00+02:00,20.1415,20.1455,20.1415,20.1425,26
SQ:XAGUSD,2022-08-17T08:59:00+02:00,20.1425,20.1455,20.1355,20.1375,32
SQ:XAGUSD,2022-08-17T09:00:00+02:00,20.1355,20.1485,20.1335,20.1405,57
SQ:XAGUSD,2022-08-17T09:01:00+02:00,20.1405,20.1465,20.1385,20.1385,51
SQ:XAGUSD,2022-08-17T09:02:00+02:00,20.1375,20.1425,20.1275,20.1275,55
SQ:XAGUSD,2022-08-17T09:03:00+02:00,20.1265,20.1285,20.1145,20.1235,60
SQ:XAGUSD,2022-08-17T09:04:00+02:00,20.1235,20.1295,20.1145,20.1185,63
SQ:XAGUSD,2022-08-17T09:05:00+02:00,20.1175,20.1245,20.1175,20.1205,40
SQ:XAGUSD,2022-08-17T09:06:00+02:00,20.1215,20.1265,20.1155,20.1245,68
SQ:XAGUSD,2022-08-17T09:07:00+02:00,20.1245,20.1315,20.1235,20.1235,48
SQ:XAGUSD,2022-08-17T09:08:00+02:00,20.1225,20.1375,20.1205,20.1355,69
SQ:XAGUSD,2022-08-17T09:09:00+02:00,20.1365,20.1415,20.1315,20.1365,46
SQ:XAGUSD,2022-08-17T09:10:00+02:00,20.1355,20.1355,20.1225,20.1235,36
SQ:XAGUSD,2022-08-17T09:11:00+02:00,20.1225,20.1255,20.1145,20.1235,39
SQ:XAGUSD,2022-08-17T09:12:00+02:00,20.1245,20.1285,20.1195,20.1225,53
SQ:XAGUSD,2022-08-17T09:13:00+02:00,20.1225,20.1245,20.1205,20.1225,21
SQ:XAGUSD,2022-08-17T09:14:00+02:00,20.1225,20.1265,20.1175,20.1235,38
SQ:XAGUSD,2022-08-17T09:15:00+02:00,20.1235,20.1265,20.1205,20.1235,50
SQ:XAGUSD,2022-08-17T09:16:00+02:00,20.1245,20.1255,20.0995,20.1035,55
SQ:XAGUSD,2022-08-17T09:17:00+02:00,20.1025,20.1065,20.0975,20.1035,43
SQ:XAGUSD,2022-08-17T09:18:00+02:00,20.1045,20.1090,20.0975,20.0995,66
SQ:XAGUSD,2022-08-17T09:19:00+02:00,20.0990,20.0995,20.0855,20.0885,77
SQ:XAGUSD,2022-08-17T09:20:00+02:00,20.0895,20.0895,20.0755,20.0785,109
SQ:XAGUSD,2022-08-17T09:21:00+02:00,20.0795,20.0925,20.0745,20.0875,81
SQ:XAGUSD,2022-08-17T09:22:00+02:00,20.0875,20.0895,20.0695,20.0715,75
SQ:XAGUSD,2022-08-17T09:23:00+02:00,20.0705,20.0755,20.0625,20.0655,77
SQ:XAGUSD,2022-08-17T09:24:00+02:00,20.0635,20.0685,20.0565,20.0625,80
SQ:XAGUSD,2022-08-17T09:25:00+02:00,20.0615,20.0705,20.0615,20.0675,76
SQ:XAGUSD,2022-08-17T09:26:00+02:00,20.0665,20.0735,20.0555,20.0605,92
SQ:XAGUSD,2022-08-17T09:27:00+02:00,20.0605,20.0695,20.0565,20.0685,86
SQ:XAGUSD,2022-08-17T09:28:00+02:00,20.0675,20.0745,20.0645,20.0675,72
SQ:XAGUSD,2022-08-17T09:29:00+02:00,20.0675,20.0715,20.0635,20.0715,69
SQ:XAGUSD,2022-08-17T09:30:00+02:00,20.0715,20.0745,20.0675,20.0695,80
SQ:XAGUSD,2022-08-17T09:31:00+02:00,20.0695,20.0715,20.0660,20.0665,62
SQ:XAGUSD,2022-08-17T09:32:00+02:00,20.0685,20.0685,20.0605,20.0625,69
SQ:XAGUSD,2022-08-17T09:33:00+02:00,20.0635,20.0655,20.0615,20.0625,41
SQ:XAGUSD,2022-08-17T09:34:00+02:00,20.0625,20.0655,20.0555,20.0565,63
SQ:XAGUSD,2022-08-17T09:35:00+02:00,20.0565,20.0585,20.0465,20.0585,53
SQ:XAGUSD,2022-08-17T09:36:00+02:00,20.0585,20.0605,20.0505,20.0605,44
SQ:XAGUSD,2022-08-17T09:37:00+02:00,20.0595,20.0655,20.0555,20.0575,36
SQ:XAGUSD,2022-08-17T09:38:00+02:00,20.0575,20.0585,20.0455,20.0455,49
SQ:XAGUSD,2022-08-17T09:39:00+02:00,20.0455,20.0475,20.0375,20.0395,65
SQ:XAGUSD,2022-08-17T09:40:00+02:00,20.0385,20.0515,20.0375,20.0455,70
SQ:XAGUSD,2022-08-17T09:41:00+02:00,20.0445,20.0465,20.0355,20.0435,53
SQ:XAGUSD,2022-08-17T09:42:00+02:00,20.0415,20.0465,20.0205,20.0265,65
SQ:XAGUSD,2022-08-17T09:43:00+02:00,20.0255,20.0315,20.0135,20.0175,75
SQ:XAGUSD,2022-08-17T09:44:00+02:00,20.0165,20.0215,20.0135,20.0175,56
SQ:XAGUSD,2022-08-17T09:45:00+02:00,20.0175,20.0205,20.0055,20.0145,63
SQ:XAGUSD,2022-08-17T09:46:00+02:00,20.0145,20.0170,20.0090,20.0130,38
SQ:XAGUSD,2022-08-17T09:47:00+02:00,20.0125,20.0130,19.9930,19.9975,53
SQ:XAGUSD,2022-08-17T09:48:00+02:00,19.9975,20.0135,19.9945,20.0135,59
SQ:XAGUSD,2022-08-17T09:49:00+02:00,20.0125,20.0135,20.0055,20.0075,62
SQ:XAGUSD,2022-08-17T09:50:00+02:00,20.0075,20.0115,19.9980,20.0025,58
SQ:XAGUSD,2022-08-17T09:51:00+02:00,20.0015,20.0095,20.0005,20.0055,52
SQ:XAGUSD,2022-08-17T09:52:00+02:00,20.0045,20.0085,20.0015,20.0035,55
SQ:XAGUSD,2022-08-17T09:53:00+02:00,20.0015,20.0015,19.9925,19.9965,29
SQ:XAGUSD,2022-08-17T09:54:00+02:00,19.9965,20.0015,19.9925,19.9995,48
SQ:XAGUSD,2022-08-17T09:55:00+02:00,19.9985,19.9985,19.9925,19.9965,57
SQ:XAGUSD,2022-08-17T09:56:00+02:00,19.9965,20.0085,19.9965,20.0015,47
SQ:XAGUSD,2022-08-17T09:57:00+02:00,20.0005,20.0005,19.9945,19.9945,58
SQ:XAGUSD,2022-08-17T09:58:00+02:00,19.9925,19.9935,19.9795,19.9905,61
SQ:XAGUSD,2022-08-17T09:59:00+02:00,19.9895,19.9965,19.9845,19.9845,66
SQ:XAGUSD,2022-08-17T10:00:00+02:00,19.9825,19.9835,19.9715,19.9735,87
SQ:XAGUSD,2022-08-17T10:01:00+02:00,19.9735,19.9815,19.9715,19.9755,58
SQ:XAGUSD,2022-08-17T10:02:00+02:00,19.9755,19.9765,19.9675,19.9745,69
SQ:XAGUSD,2022-08-17T10:03:00+02:00,19.9735,19.9835,19.9715,19.9795,57
SQ:XAGUSD,2022-08-17T10:04:00+02:00,19.9775,19.9795,19.9655,19.9675,51
SQ:XAGUSD,2022-08-17T10:05:00+02:00,19.9675,19.9705,19.9585,19.9585,65
SQ:XAGUSD,2022-08-17T10:06:00+02:00,19.9595,19.9645,19.9580,19.9585,63
SQ:XAGUSD,2022-08-17T10:07:00+02:00,19.9585,19.9605,19.9465,19.9465,75
SQ:XAGUSD,2022-08-17T10:08:00+02:00,19.9455,19.9505,19.9425,19.9465,88
SQ:XAGUSD,2022-08-17T10:09:00+02:00,19.9455,19.9485,19.9275,19.9405,81
SQ:XAGUSD,2022-08-17T10:10:00+02:00,19.9415,19.9465,19.9365,19.9445,74
SQ:XAGUSD,2022-08-17T10:11:00+02:00,19.9445,19.9475,19.9275,19.9325,40
SQ:XAGUSD,2022-08-17T10:12:00+02:00,19.9315,19.9335,19.9235,19.9245,66
SQ:XAGUSD,2022-08-17T10:13:00+02:00,19.9255,19.9435,19.9255,19.9435,72
SQ:XAGUSD,2022-08-17T10:14:00+02:00,19.9425,19.9445,19.9355,19.9405,55
SQ:XAGUSD,2022-08-17T10:15:00+02:00,19.9405,19.9435,19.9330,19.9330,61
SQ:XAGUSD,2022-08-17T10:16:00+02:00,19.9355,19.9395,19.9295,19.9385,43
SQ:XAGUSD,2022-08-17T10:17:00+02:00,19.9385,19.9385,19.9260,19.9295,57
SQ:XAGUSD,2022-08-17T10:18:00+02:00,19.9305,19.9435,19.9305,19.9435,43
SQ:XAGUSD,2022-08-17T10:19:00+02:00,19.9445,19.9515,19.9395,19.9495,34
SQ:XAGUSD,2022-08-17T10:20:00+02:00,19.9495,19.9565,19.9495,19.9525,42
SQ:XAGUSD,2022-08-17T10:21:00+02:00,19.9525,19.9575,19.9385,19.9495,89
SQ:XAGUSD,2022-08-17T10:22:00+02:00,19.9495,19.9495,19.9425,19.9455,38
SQ:XAGUSD,2022-08-17T10:23:00+02:00,19.9465,19.9585,19.9455,19.9575,32
SQ:XAGUSD,2022-08-17T10:24:00+02:00,19.9585,19.9625,19.9555,19.9585,52
SQ:XAGUSD,2022-08-17T10:25:00+02:00,19.9595,19.9665,19.9545,19.9625,46
SQ:XAGUSD,2022-08-17T10:26:00+02:00,19.9625,19.9735,19.9625,19.9655,26
SQ:XAGUSD,2022-08-17T10:27:00+02:00,19.9645,19.9735,19.9625,19.9715,48
SQ:XAGUSD,2022-08-17T10:28:00+02:00,19.9715,19.9795,19.9665,19.9755,33
SQ:XAGUSD,2022-08-17T10:29:00+02:00,19.9755,19.9755,19.9655,19.9665,30
SQ:XAGUSD,2022-08-17T10:30:00+02:00,19.9655,19.9765,19.9645,19.9765,23
SQ:XAGUSD,2022-08-17T10:31:00+02:00,19.9765,19.9905,19.9755,19.9875,77
SQ:XAGUSD,2022-08-17T10:32:00+02:00,19.9885,19.9975,19.9875,19.9965,77
SQ:XAGUSD,2022-08-17T10:33:00+02:00,19.9955,20.0005,19.9935,19.9935,50
SQ:XAGUSD,2022-08-17T10:34:00+02:00,19.9945,20.0005,19.9935,19.9965,47
SQ:XAGUSD,2022-08-17T10:35:00+02:00,19.9985,20.0025,19.9955,19.9975,36
SQ:XAGUSD,2022-08-17T10:36:00+02:00,19.9975,19.9985,19.9905,19.9955,34
SQ:XAGUSD,2022-08-17T10:37:00+02:00,19.9955,19.9955,19.9805,19.9865,51
SQ:XAGUSD,2022-08-17T10:38:00+02:00,19.9865,19.9955,19.9845,19.9935,34
SQ:XAGUSD,2022-08-17T10:39:00+02:00,19.9935,20.0005,19.9925,20.0005,26
SQ:XAGUSD,2022-08-17T10:40:00+02:00,20.0005,20.0075,20.0005,20.0035,34
SQ:XAGUSD,2022-08-17T10:41:00+02:00,20.0035,20.0035,19.9955,19.9965,38
SQ:XAGUSD,2022-08-17T10:42:00+02:00,19.9965,19.9965,19.9855,19.9915,28
SQ:XAGUSD,2022-08-17T10:43:00+02:00,19.9915,19.9915,19.9855,19.9875,25
SQ:XAGUSD,2022-08-17T10:44:00+02:00,19.9875,20.0025,19.9875,20.0005,25
SQ:XAGUSD,2022-08-17T10:45:00+02:00,19.9985,19.9985,19.9865,19.9925,37
SQ:XAGUSD,2022-08-17T10:46:00+02:00,19.9925,19.9965,19.9905,19.9915,45
SQ:XAGUSD,2022-08-17T10:47:00+02:00,19.9905,19.9945,19.9865,19.9935,53
SQ:XAGUSD,2022-08-17T10:48:00+02:00,19.9925,19.9925,19.9875,19.9885,29
SQ:XAGUSD,2022-08-17T10:49:00+02:00,19.9885,19.9935,19.9855,19.9865,55
SQ:XAGUSD,2022-08-17T10:50:00+02:00,19.9875,19.9935,19.9855,19.9895,55
SQ:XAGUSD,2022-08-17T10:51:00+02:00,19.9885,19.9885,19.9855,19.9855,32
SQ:XAGUSD,2022-08-17T10:52:00+02:00,19.9855,19.9855,19.9745,19.9765,37
SQ:XAGUSD,2022-08-17T10:53:00+02:00,19.9755,19.9765,19.9695,19.9715,28
SQ:XAGUSD,2022-08-17T10:54:00+02:00,19.9725,19.9745,19.9675,19.9685,41
SQ:XAGUSD,2022-08-17T10:55:00+02:00,19.9675,19.9685,19.9635,19.9655,33
SQ:XAGUSD,2022-08-17T10:56:00+02:00,19.9645,19.9695,19.9625,19.9685,39
SQ:XAGUSD,2022-08-17T10:57:00+02:00,19.9685,19.9695,19.9615,19.9615,34
SQ:XAGUSD,2022-08-17T10:58:00+02:00,19.9625,19.9635,19.9585,19.9615,35
SQ:XAGUSD,2022-08-17T10:59:00+02:00,19.9615,19.9685,19.9615,19.9685,32
SQ:XAGUSD,2022-08-17T11:00:00+02:00,19.9685,19.9685,19.9605,19.9625,37
SQ:XAGUSD,2022-08-17T11:01:00+02:00,19.9625,19.9625,19.9555,19.9570,17
SQ:XAGUSD,2022-08-17T11:02:00+02:00,19.9570,19.9585,19.9505,19.9505,42
SQ:XAGUSD,2022-08-17T11:03:00+02:00,19.9505,19.9615,19.9505,19.9595,23
SQ:XAGUSD,2022-08-17T11:04:00+02:00,19.9595,19.9625,19.9545,19.9545,35
SQ:XAGUSD,2022-08-17T11:05:00+02:00,19.9545,19.9585,19.9525,19.9565,31
SQ:XAGUSD,2022-08-17T11:06:00+02:00,19.9555,19.9555,19.9495,19.9505,22
SQ:XAGUSD,2022-08-17T11:07:00+02:00,19.9505,19.9640,19.9505,19.9595,28
SQ:XAGUSD,2022-08-17T11:08:00+02:00,19.9595,19.9595,19.9495,19.9520,25
SQ:XAGUSD,2022-08-17T11:09:00+02:00,19.9525,19.9555,19.9490,19.9515,22
SQ:XAGUSD,2022-08-17T11:10:00+02:00,19.9500,19.9565,19.9495,19.9565,19
SQ:XAGUSD,2022-08-17T11:11:00+02:00,19.9565,19.9645,19.9540,19.9640,30
SQ:XAGUSD,2022-08-17T11:12:00+02:00,19.9640,19.9665,19.9590,19.9635,45
SQ:XAGUSD,2022-08-17T11:13:00+02:00,19.9635,19.9695,19.9605,19.9685,39
SQ:XAGUSD,2022-08-17T11:14:00+02:00,19.9685,19.9730,19.9685,19.9685,29
SQ:XAGUSD,2022-08-17T11:15:00+02:00,19.9695,19.9735,19.9655,19.9685,34
SQ:XAGUSD,2022-08-17T11:16:00+02:00,19.9680,19.9695,19.9645,19.9675,34
SQ:XAGUSD,2022-08-17T11:17:00+02:00,19.9685,19.9685,19.9635,19.9675,18
SQ:XAGUSD,2022-08-17T11:18:00+02:00,19.9675,19.9705,19.9675,19.9685,19
SQ:XAGUSD,2022-08-17T11:19:00+02:00,19.9695,19.9725,19.9675,19.9675,23
SQ:XAGUSD,2022-08-17T11:20:00+02:00,19.9675,19.9735,19.9675,19.9715,12
SQ:XAGUSD,2022-08-17T11:21:00+02:00,19.9715,19.9725,19.9645,19.9645,26
SQ:XAGUSD,2022-08-17T11:22:00+02:00,19.9655,19.9715,19.9625,19.9625,19
SQ:XAGUSD,2022-08-17T11:23:00+02:00,19.9625,19.9665,19.9595,19.9655,32
SQ:XAGUSD,2022-08-17T11:24:00+02:00,19.9655,19.9655,19.9605,19.9615,22
SQ:XAGUSD,2022-08-17T11:25:00+02:00,19.9625,19.9705,19.9625,19.9645,30
SQ:XAGUSD,2022-08-17T11:26:00+02:00,19.9645,19.9655,19.9365,19.9395,37
SQ:XAGUSD,2022-08-17T11:27:00+02:00,19.9395,19.9405,19.9315,19.9315,20
SQ:XAGUSD,2022-08-17T11:28:00+02:00,19.9325,19.9385,19.9325,19.9345,20
SQ:XAGUSD,2022-08-17T11:29:00+02:00,19.9325,19.9405,19.9325,19.9375,25
SQ:XAGUSD,2022-08-17T11:30:00+02:00,19.9375,19.9375,19.9305,19.9325,43
SQ:XAGUSD,2022-08-17T11:31:00+02:00,19.9325,19.9365,19.9305,19.9355,39
SQ:XAGUSD,2022-08-17T11:32:00+02:00,19.9355,19.9385,19.9285,19.9305,56
SQ:XAGUSD,2022-08-17T11:33:00+02:00,19.9315,19.9325,19.9255,19.9315,44
SQ:XAGUSD,2022-08-17T11:34:00+02:00,19.9325,19.9365,19.9275,19.9355,38
SQ:XAGUSD,2022-08-17T11:35:00+02:00,19.9355,19.9375,19.9295,19.9325,46
SQ:XAGUSD,2022-08-17T11:36:00+02:00,19.9305,19.9315,19.9215,19.9225,48
SQ:XAGUSD,2022-08-17T11:37:00+02:00,19.9235,19.9275,19.9205,19.9225,44
SQ:XAGUSD,2022-08-17T11:38:00+02:00,19.9225,19.9235,19.9195,19.9225,32
SQ:XAGUSD,2022-08-17T11:39:00+02:00,19.9215,19.9245,19.9185,19.9205,26
SQ:XAGUSD,2022-08-17T11:40:00+02:00,19.9205,19.9285,19.9170,19.9275,39
SQ:XAGUSD,2022-08-17T11:41:00+02:00,19.9275,19.9315,19.9260,19.9305,25
SQ:XAGUSD,2022-08-17T11:42:00+02:00,19.9295,19.9325,19.9255,19.9285,27
SQ:XAGUSD,2022-08-17T11:43:00+02:00,19.9295,19.9365,19.9285,19.9355,43
SQ:XAGUSD,2022-08-17T11:44:00+02:00,19.9355,19.9375,19.9335,19.9365,50
SQ:XAGUSD,2022-08-17T11:45:00+02:00,19.9365,19.9375,19.9335,19.9365,53
SQ:XAGUSD,2022-08-17T11:46:00+02:00,19.9355,19.9355,19.9275,19.9275,38
SQ:XAGUSD,2022-08-17T11:47:00+02:00,19.9280,19.9305,19.9255,19.9255,34
SQ:XAGUSD,2022-08-17T11:48:00+02:00,19.9255,19.9255,19.9205,19.9205,27
SQ:XAGUSD,2022-08-17T11:49:00+02:00,19.9195,19.9245,19.9185,19.9205,27
SQ:XAGUSD,2022-08-17T11:50:00+02:00,19.9215,19.9225,19.9155,19.9175,41
SQ:XAGUSD,2022-08-17T11:51:00+02:00,19.9155,19.9195,19.9135,19.9195,30
SQ:XAGUSD,2022-08-17T11:52:00+02:00,19.9195,19.9245,19.9185,19.9235,20
SQ:XAGUSD,2022-08-17T11:53:00+02:00,19.9225,19.9225,19.9145,19.9175,26
SQ:XAGUSD,2022-08-17T11:54:00+02:00,19.9165,19.9195,19.9145,19.9145,21
SQ:XAGUSD,2022-08-17T11:55:00+02:00,19.9135,19.9195,19.9065,19.9155,40
SQ:XAGUSD,2022-08-17T11:56:00+02:00,19.9155,19.9155,19.9095,19.9105,29
SQ:XAGUSD,2022-08-17T11:57:00+02:00,19.9105,19.9195,19.9095,19.9175,38
SQ:XAGUSD,2022-08-17T11:58:00+02:00,19.9175,19.9225,19.9165,19.9225,36
SQ:XAGUSD,2022-08-17T11:59:00+02:00,19.9225,19.9235,19.9155,19.9175,35
SQ:XAGUSD,2022-08-17T12:00:00+02:00,19.9155,19.9205,19.9125,19.9165,48
SQ:XAGUSD,2022-08-17T12:01:00+02:00,19.9175,19.9185,19.9085,19.9095,38
SQ:XAGUSD,2022-08-17T12:02:00+02:00,19.9085,19.9165,19.9085,19.9145,42
SQ:XAGUSD,2022-08-17T12:03:00+02:00,19.9145,19.9165,19.9075,19.9115,36
SQ:XAGUSD,2022-08-17T12:04:00+02:00,19.9115,19.9175,19.9105,19.9165,34
SQ:XAGUSD,2022-08-17T12:05:00+02:00,19.9165,19.9205,19.9165,19.9165,39
SQ:XAGUSD,2022-08-17T12:06:00+02:00,19.9165,19.9215,19.9145,19.9170,30
SQ:XAGUSD,2022-08-17T12:07:00+02:00,19.9160,19.9185,19.9155,19.9185,22
SQ:XAGUSD,2022-08-17T12:08:00+02:00,19.9195,19.9205,19.9160,19.9175,33
SQ:XAGUSD,2022-08-17T12:09:00+02:00,19.9175,19.9175,19.9145,19.9165,16
SQ:XAGUSD,2022-08-17T12:10:00+02:00,19.9165,19.9205,19.9165,19.9180,22
SQ:XAGUSD,2022-08-17T12:11:00+02:00,19.9185,19.9275,19.9185,19.9255,31
SQ:XAGUSD,2022-08-17T12:12:00+02:00,19.9245,19.9305,19.9235,19.9305,30
SQ:XAGUSD,2022-08-17T12:13:00+02:00,19.9305,19.9335,19.9265,19.9285,46
SQ:XAGUSD,2022-08-17T12:14:00+02:00,19.9295,19.9325,19.9265,19.9305,22
SQ:XAGUSD,2022-08-17T12:15:00+02:00,19.9315,19.9315,19.9255,19.9285,25
SQ:XAGUSD,2022-08-17T12:16:00+02:00,19.9270,19.9325,19.9265,19.9315,26
SQ:XAGUSD,2022-08-17T12:17:00+02:00,19.9325,19.9375,19.9315,19.9315,18
SQ:XAGUSD,2022-08-17T12:18:00+02:00,19.9325,19.9335,19.9185,19.9195,36
SQ:XAGUSD,2022-08-17T12:19:00+02:00,19.9195,19.9205,19.9135,19.9135,34
SQ:XAGUSD,2022-08-17T12:20:00+02:00,19.9145,19.9155,19.9080,19.9095,36
SQ:XAGUSD,2022-08-17T12:21:00+02:00,19.9105,19.9145,19.9085,19.9115,27
SQ:XAGUSD,2022-08-17T12:22:00+02:00,19.9125,19.9175,19.9105,19.9105,32
SQ:XAGUSD,2022-08-17T12:23:00+02:00,19.9115,19.9115,19.9045,19.9065,27
SQ:XAGUSD,2022-08-17T12:24:00+02:00,19.9065,19.9105,19.9025,19.9105,34
SQ:XAGUSD,2022-08-17T12:25:00+02:00,19.9105,19.9115,19.9095,19.9105,24
SQ:XAGUSD,2022-08-17T12:26:00+02:00,19.9095,19.9135,19.9075,19.9105,28
SQ:XAGUSD,2022-08-17T12:27:00+02:00,19.9085,19.9085,19.9005,19.9005,29
SQ:XAGUSD,2022-08-17T12:28:00+02:00,19.9015,19.9025,19.8805,19.8895,68
SQ:XAGUSD,2022-08-17T12:29:00+02:00,19.8885,19.8955,19.8865,19.8935,51
SQ:XAGUSD,2022-08-17T12:30:00+02:00,19.8935,19.8985,19.8885,19.8955,69
SQ:XAGUSD,2022-08-17T12:31:00+02:00,19.8955,19.9065,19.8945,19.9035,35
SQ:XAGUSD,2022-08-17T12:32:00+02:00,19.9035,19.9065,19.9025,19.9055,31
SQ:XAGUSD,2022-08-17T12:33:00+02:00,19.9055,19.9085,19.9035,19.9065,29
SQ:XAGUSD,2022-08-17T12:34:00+02:00,19.9065,19.9155,19.9065,19.9125,30
SQ:XAGUSD,2022-08-17T12:35:00+02:00,19.9125,19.9155,19.9045,19.9135,42
SQ:XAGUSD,2022-08-17T12:36:00+02:00,19.9135,19.9155,19.9045,19.9055,38
SQ:XAGUSD,2022-08-17T12:37:00+02:00,19.9045,19.9085,19.9035,19.9085,20
SQ:XAGUSD,2022-08-17T12:38:00+02:00,19.9085,19.9085,19.9005,19.9035,49
SQ:XAGUSD,2022-08-17T12:39:00+02:00,19.9035,19.9115,19.9035,19.9105,42
SQ:XAGUSD,2022-08-17T12:40:00+02:00,19.9095,19.9095,19.8945,19.8985,43
SQ:XAGUSD,2022-08-17T12:41:00+02:00,19.8985,19.8995,19.8885,19.8955,40
SQ:XAGUSD,2022-08-17T12:42:00+02:00,19.8955,19.8965,19.8895,19.8945,39
SQ:XAGUSD,2022-08-17T12:43:00+02:00,19.8945,19.8945,19.8875,19.8895,36
SQ:XAGUSD,2022-08-17T12:44:00+02:00,19.8895,19.8895,19.8865,19.8885,19
SQ:XAGUSD,2022-08-17T12:45:00+02:00,19.8885,19.8915,19.8840,19.8895,29
SQ:XAGUSD,2022-08-17T12:46:00+02:00,19.8895,19.8915,19.8875,19.8895,21
SQ:XAGUSD,2022-08-17T12:47:00+02:00,19.8885,19.8945,19.8855,19.8895,34
SQ:XAGUSD,2022-08-17T12:48:00+02:00,19.8895,19.8895,19.8845,19.8855,35
SQ:XAGUSD,2022-08-17T12:49:00+02:00,19.8865,19.8905,19.8865,19.8885,12
SQ:XAGUSD,2022-08-17T12:50:00+02:00,19.8885,19.8905,19.8855,19.8875,33
SQ:XAGUSD,2022-08-17T12:51:00+02:00,19.8865,19.8905,19.8855,19.8905,28
SQ:XAGUSD,2022-08-17T12:52:00+02:00,19.8905,19.8925,19.8875,19.8895,15
SQ:XAGUSD,2022-08-17T12:53:00+02:00,19.8875,19.8925,19.8855,19.8855,37
SQ:XAGUSD,2022-08-17T12:54:00+02:00,19.8885,19.8935,19.8885,19.8925,7
SQ:XAGUSD,2022-08-17T12:55:00+02:00,19.8925,19.8935,19.8895,19.8935,25
SQ:XAGUSD,2022-08-17T12:56:00+02:00,19.8945,19.8945,19.8865,19.8915,24
SQ:XAGUSD,2022-08-17T12:57:00+02:00,19.8905,19.8915,19.8775,19.8825,23
SQ:XAGUSD,2022-08-17T12:58:00+02:00,19.8825,19.8885,19.8775,19.8795,35
SQ:XAGUSD,2022-08-17T12:59:00+02:00,19.8785,19.8835,19.8745,19.8795,44
SQ:XAGUSD,2022-08-17T13:00:00+02:00,19.8795,19.8855,19.8755,19.8805,34
SQ:XAGUSD,2022-08-17T13:01:00+02:00,19.8805,19.8825,19.8765,19.8765,31
SQ:XAGUSD,2022-08-17T13:02:00+02:00,19.8765,19.8865,19.8725,19.8785,46
SQ:XAGUSD,2022-08-17T13:03:00+02:00,19.8785,19.8835,19.8760,19.8815,41
SQ:XAGUSD,2022-08-17T13:04:00+02:00,19.8825,19.8825,19.8765,19.8805,40
SQ:XAGUSD,2022-08-17T13:05:00+02:00,19.8795,19.8805,19.8695,19.8710,37
SQ:XAGUSD,2022-08-17T13:06:00+02:00,19.8710,19.8725,19.8620,19.8665,33
SQ:XAGUSD,2022-08-17T13:07:00+02:00,19.8665,19.8715,19.8645,19.8665,25
SQ:XAGUSD,2022-08-17T13:08:00+02:00,19.8685,19.8685,19.8615,19.8645,25
SQ:XAGUSD,2022-08-17T13:09:00+02:00,19.8645,19.8685,19.8595,19.8605,27
SQ:XAGUSD,2022-08-17T13:10:00+02:00,19.8605,19.8615,19.8505,19.8525,27
SQ:XAGUSD,2022-08-17T13:11:00+02:00,19.8535,19.8535,19.8475,19.8495,26
SQ:XAGUSD,2022-08-17T13:12:00+02:00,19.8495,19.8495,19.8415,19.8415,17
SQ:XAGUSD,2022-08-17T13:13:00+02:00,19.8415,19.8445,19.8355,19.8365,18
SQ:XAGUSD,2022-08-17T13:14:00+02:00,19.8365,19.8385,19.8315,19.8335,16
SQ:XAGUSD,2022-08-17T13:15:00+02:00,19.8335,19.8335,19.8205,19.8215,46
SQ:XAGUSD,2022-08-17T13:16:00+02:00,19.8215,19.8295,19.8165,19.8185,30
SQ:XAGUSD,2022-08-17T13:17:00+02:00,19.8185,19.8215,19.8095,19.8115,47
SQ:XAGUSD,2022-08-17T13:18:00+02:00,19.8105,19.8115,19.7875,19.7885,60
SQ:XAGUSD,2022-08-17T13:19:00+02:00,19.7885,19.7945,19.7785,19.7885,58
SQ:XAGUSD,2022-08-17T13:20:00+02:00,19.7885,19.8105,19.7835,19.8085,57
SQ:XAGUSD,2022-08-17T13:21:00+02:00,19.8075,19.8125,19.7905,19.7955,52
SQ:XAGUSD,2022-08-17T13:22:00+02:00,19.7955,19.8045,19.7915,19.7995,44
SQ:XAGUSD,2022-08-17T13:23:00+02:00,19.7995,19.8045,19.7925,19.7985,44
SQ:XAGUSD,2022-08-17T13:24:00+02:00,19.7985,19.8065,19.7925,19.8035,37
SQ:XAGUSD,2022-08-17T13:25:00+02:00,19.8025,19.8030,19.7925,19.7985,76
SQ:XAGUSD,2022-08-17T13:26:00+02:00,19.7985,19.8025,19.7950,19.8025,42
SQ:XAGUSD,2022-08-17T13:27:00+02:00,19.8025,19.8095,19.7955,19.8095,30
SQ:XAGUSD,2022-08-17T13:28:00+02:00,19.8085,19.8115,19.8025,19.8075,35
SQ:XAGUSD,2022-08-17T13:29:00+02:00,19.8065,19.8085,19.8015,19.8055,47
SQ:XAGUSD,2022-08-17T13:30:00+02:00,19.8055,19.8075,19.7955,19.8015,68
SQ:XAGUSD,2022-08-17T13:31:00+02:00,19.8015,19.8175,19.7985,19.8155,49
SQ:XAGUSD,2022-08-17T13:32:00+02:00,19.8155,19.8315,19.8135,19.8315,48
SQ:XAGUSD,2022-08-17T13:33:00+02:00,19.8315,19.8325,19.8275,19.8275,47
SQ:XAGUSD,2022-08-17T13:34:00+02:00,19.8275,19.8290,19.8205,19.8205,46
SQ:XAGUSD,2022-08-17T13:35:00+02:00,19.8205,19.8205,19.8115,19.8165,36
SQ:XAGUSD,2022-08-17T13:36:00+02:00,19.8165,19.8165,19.8015,19.8075,35
SQ:XAGUSD,2022-08-17T13:37:00+02:00,19.8075,19.8075,19.8005,19.8055,27
SQ:XAGUSD,2022-08-17T13:38:00+02:00,19.8065,19.8065,19.7955,19.7955,42
SQ:XAGUSD,2022-08-17T13:39:00+02:00,19.7955,19.8045,19.7895,19.8005,33
SQ:XAGUSD,2022-08-17T13:40:00+02:00,19.8015,19.8065,19.7985,19.8005,37
SQ:XAGUSD,2022-08-17T13:41:00+02:00,19.7995,19.8065,19.7975,19.8025,34
SQ:XAGUSD,2022-08-17T13:42:00+02:00,19.8025,19.8065,19.7975,19.8005,38
SQ:XAGUSD,2022-08-17T13:43:00+02:00,19.7995,19.8005,19.7895,19.7895,32
SQ:XAGUSD,2022-08-17T13:44:00+02:00,19.7895,19.7915,19.7835,19.7845,37
SQ:XAGUSD,2022-08-17T13:45:00+02:00,19.7875,19.7875,19.7775,19.7805,46
SQ:XAGUSD,2022-08-17T13:46:00+02:00,19.7805,19.7845,19.7785,19.7835,19
SQ:XAGUSD,2022-08-17T13:47:00+02:00,19.7835,19.7845,19.7835,19.7835,13
SQ:XAGUSD,2022-08-17T13:48:00+02:00,19.7835,19.7975,19.7835,19.7835,40
SQ:XAGUSD,2022-08-17T13:49:00+02:00,19.7845,19.7925,19.7770,19.7885,50
SQ:XAGUSD,2022-08-17T13:50:00+02:00,19.7885,19.8075,19.7835,19.8025,69
SQ:XAGUSD,2022-08-17T13:51:00+02:00,19.8025,19.8185,19.8005,19.8095,70
SQ:XAGUSD,2022-08-17T13:52:00+02:00,19.8085,19.8225,19.8085,19.8155,51
SQ:XAGUSD,2022-08-17T13:53:00+02:00,19.8145,19.8235,19.8125,19.8175,58
SQ:XAGUSD,2022-08-17T13:54:00+02:00,19.8185,19.8225,19.8185,19.8185,49
SQ:XAGUSD,2022-08-17T13:55:00+02:00,19.8185,19.8245,19.8145,19.8175,35
SQ:XAGUSD,2022-08-17T13:56:00+02:00,19.8175,19.8195,19.8085,19.8165,42
SQ:XAGUSD,2022-08-17T13:57:00+02:00,19.8165,19.8255,19.8145,19.8245,43
SQ:XAGUSD,2022-08-17T13:58:00+02:00,19.8245,19.8285,19.8195,19.8235,68
SQ:XAGUSD,2022-08-17T13:59:00+02:00,19.8245,19.8265,19.8195,19.8245,35
SQ:XAGUSD,2022-08-17T14:00:00+02:00,19.8245,19.8495,19.8245,19.8415,70
SQ:XAGUSD,2022-08-17T14:01:00+02:00,19.8415,19.8415,19.8275,19.8315,61
SQ:XAGUSD,2022-08-17T14:02:00+02:00,19.8305,19.8375,19.8225,19.8265,57
SQ:XAGUSD,2022-08-17T14:03:00+02:00,19.8265,19.8325,19.8245,19.8255,56
SQ:XAGUSD,2022-08-17T14:04:00+02:00,19.8245,19.8305,19.8205,19.8215,46
SQ:XAGUSD,2022-08-17T14:05:00+02:00,19.8205,19.8225,19.8065,19.8095,102
SQ:XAGUSD,2022-08-17T14:06:00+02:00,19.8095,19.8325,19.8055,19.8295,75
SQ:XAGUSD,2022-08-17T14:07:00+02:00,19.8295,19.8355,19.8265,19.8315,57
SQ:XAGUSD,2022-08-17T14:08:00+02:00,19.8315,19.8435,19.8315,19.8365,63
SQ:XAGUSD,2022-08-17T14:09:00+02:00,19.8365,19.8425,19.8365,19.8425,33
SQ:XAGUSD,2022-08-17T14:10:00+02:00,19.8425,19.8505,19.8365,19.8495,68
SQ:XAGUSD,2022-08-17T14:11:00+02:00,19.8495,19.8605,19.8495,19.8535,63
SQ:XAGUSD,2022-08-17T14:12:00+02:00,19.8545,19.8615,19.8435,19.8475,42
SQ:XAGUSD,2022-08-17T14:13:00+02:00,19.8455,19.8475,19.8345,19.8345,49
SQ:XAGUSD,2022-08-17T14:14:00+02:00,19.8355,19.8375,19.8255,19.8255,48
SQ:XAGUSD,2022-08-17T14:15:00+02:00,19.8255,19.8345,19.8205,19.8265,74
SQ:XAGUSD,2022-08-17T14:16:00+02:00,19.8265,19.8355,19.8225,19.8355,51
SQ:XAGUSD,2022-08-17T14:17:00+02:00,19.8355,19.8355,19.8110,19.8145,81
SQ:XAGUSD,2022-08-17T14:18:00+02:00,19.8155,19.8165,19.8085,19.8165,85
SQ:XAGUSD,2022-08-17T14:19:00+02:00,19.8155,19.8155,19.8040,19.8055,88
SQ:XAGUSD,2022-08-17T14:20:00+02:00,19.8075,19.8125,19.7895,19.7955,173
SQ:XAGUSD,2022-08-17T14:21:00+02:00,19.7945,19.7975,19.7755,19.7770,137
SQ:XAGUSD,2022-08-17T14:22:00+02:00,19.7770,19.7805,19.7675,19.7730,123
SQ:XAGUSD,2022-08-17T14:23:00+02:00,19.7730,19.7890,19.7730,19.7890,39
SQ:XAGUSD,2022-08-17T14:24:00+02:00,19.7890,19.7935,19.7840,19.7925,33
SQ:XAGUSD,2022-08-17T14:25:00+02:00,19.7935,19.8065,19.7925,19.7965,97
SQ:XAGUSD,2022-08-17T14:26:00+02:00,19.7955,19.8065,19.7895,19.7895,81
SQ:XAGUSD,2022-08-17T14:27:00+02:00,19.7895,19.8065,19.7845,19.7945,88
SQ:XAGUSD,2022-08-17T14:28:00+02:00,19.7945,19.8285,19.7945,19.8285,86
SQ:XAGUSD,2022-08-17T14:29:00+02:00,19.8285,19.8585,19.8285,19.8425,116
SQ:XAGUSD,2022-08-17T14:30:00+02:00,19.8385,19.9715,19.8155,19.8890,370
SQ:XAGUSD,2022-08-17T14:31:00+02:00,19.8890,19.9225,19.8720,19.9070,241
SQ:XAGUSD,2022-08-17T14:32:00+02:00,19.9070,19.9105,19.8370,19.8540,223
SQ:XAGUSD,2022-08-17T14:33:00+02:00,19.8555,19.8615,19.8365,19.8415,147
SQ:XAGUSD,2022-08-17T14:34:00+02:00,19.8410,19.8425,19.8070,19.8080,184
SQ:XAGUSD,2022-08-17T14:35:00+02:00,19.8085,19.8490,19.8050,19.8480,192
SQ:XAGUSD,2022-08-17T14:36:00+02:00,19.8475,19.8685,19.8385,19.8685,81
SQ:XAGUSD,2022-08-17T14:37:00+02:00,19.8685,19.8880,19.8630,19.8780,109
SQ:XAGUSD,2022-08-17T14:38:00+02:00,19.8770,19.8910,19.8675,19.8895,69
SQ:XAGUSD,2022-08-17T14:39:00+02:00,19.8895,19.9260,19.8880,19.9205,138
SQ:XAGUSD,2022-08-17T14:40:00+02:00,19.9205,19.9315,19.9105,19.9165,115
SQ:XAGUSD,2022-08-17T14:41:00+02:00,19.9165,19.9420,19.9065,19.9295,101
SQ:XAGUSD,2022-08-17T14:42:00+02:00,19.9295,19.9570,19.9195,19.9470,128
SQ:XAGUSD,2022-08-17T14:43:00+02:00,19.9470,19.9510,19.9390,19.9405,105
SQ:XAGUSD,2022-08-17T14:44:00+02:00,19.9405,19.9410,19.9215,19.9305,94
SQ:XAGUSD,2022-08-17T14:45:00+02:00,19.9305,19.9535,19.9295,19.9375,110
SQ:XAGUSD,2022-08-17T14:46:00+02:00,19.9370,19.9405,19.9225,19.9335,133
SQ:XAGUSD,2022-08-17T14:47:00+02:00,19.9335,19.9490,19.9310,19.9405,80
SQ:XAGUSD,2022-08-17T14:48:00+02:00,19.9400,19.9420,19.9245,19.9335,93
SQ:XAGUSD,2022-08-17T14:49:00+02:00,19.9335,19.9480,19.9335,19.9415,109
SQ:XAGUSD,2022-08-17T14:50:00+02:00,19.9425,19.9515,19.9400,19.9500,71
SQ:XAGUSD,2022-08-17T14:51:00+02:00,19.9485,19.9500,19.9290,19.9340,93
SQ:XAGUSD,2022-08-17T14:52:00+02:00,19.9340,19.9470,19.9225,19.9225,91
SQ:XAGUSD,2022-08-17T14:53:00+02:00,19.9235,19.9295,19.9075,19.9190,92
SQ:XAGUSD,2022-08-17T14:54:00+02:00,19.9190,19.9195,19.9085,19.9085,80
SQ:XAGUSD,2022-08-17T14:55:00+02:00,19.9075,19.9260,19.9035,19.9220,100
SQ:XAGUSD,2022-08-17T14:56:00+02:00,19.9225,19.9295,19.9125,19.9125,94
SQ:XAGUSD,2022-08-17T14:57:00+02:00,19.9125,19.9185,19.9085,19.9155,77
SQ:XAGUSD,2022-08-17T14:58:00+02:00,19.9165,19.9385,19.9135,19.9155,154
SQ:XAGUSD,2022-08-17T14:59:00+02:00,19.9155,19.9285,19.8995,19.8995,136
SQ:XAGUSD,2022-08-17T15:00:00+02:00,19.8995,19.9545,19.8995,19.9345,277
SQ:XAGUSD,2022-08-17T15:01:00+02:00,19.9355,19.9405,19.9135,19.9205,239
SQ:XAGUSD,2022-08-17T15:02:00+02:00,19.9205,19.9265,19.9035,19.9035,134
SQ:XAGUSD,2022-08-17T15:03:00+02:00,19.9035,19.9035,19.8585,19.8695,166
SQ:XAGUSD,2022-08-17T15:04:00+02:00,19.8685,19.8745,19.8595,19.8725,146
SQ:XAGUSD,2022-08-17T15:05:00+02:00,19.8725,19.8765,19.8575,19.8585,125
SQ:XAGUSD,2022-08-17T15:06:00+02:00,19.8585,19.8955,19.8585,19.8770,167
SQ:XAGUSD,2022-08-17T15:07:00+02:00,19.8770,19.8770,19.8505,19.8505,164
SQ:XAGUSD,2022-08-17T15:08:00+02:00,19.8495,19.8815,19.8465,19.8815,172
SQ:XAGUSD,2022-08-17T15:09:00+02:00,19.8825,19.8825,19.8560,19.8595,158
SQ:XAGUSD,2022-08-17T15:10:00+02:00,19.8595,19.8595,19.8390,19.8425,131
SQ:XAGUSD,2022-08-17T15:11:00+02:00,19.8420,19.8495,19.8225,19.8225,123
SQ:XAGUSD,2022-08-17T15:12:00+02:00,19.8245,19.8345,19.8165,19.8295,164
SQ:XAGUSD,2022-08-17T15:13:00+02:00,19.8305,19.8485,19.8305,19.8465,136
SQ:XAGUSD,2022-08-17T15:14:00+02:00,19.8465,19.8615,19.8315,19.8325,126
SQ:XAGUSD,2022-08-17T15:15:00+02:00,19.8335,19.8395,19.8200,19.8225,157
SQ:XAGUSD,2022-08-17T15:16:00+02:00,19.8225,19.8365,19.8160,19.8275,128
SQ:XAGUSD,2022-08-17T15:17:00+02:00,19.8275,19.8375,19.8175,19.8345,109
SQ:XAGUSD,2022-08-17T15:18:00+02:00,19.8335,19.8395,19.8260,19.8375,94
SQ:XAGUSD,2022-08-17T15:19:00+02:00,19.8385,19.8435,19.8275,19.8425,70
SQ:XAGUSD,2022-08-17T15:20:00+02:00,19.8415,19.8545,19.8365,19.8475,71
SQ:XAGUSD,2022-08-17T15:21:00+02:00,19.8475,19.8555,19.8365,19.8385,83
SQ:XAGUSD,2022-08-17T15:22:00+02:00,19.8385,19.8545,19.8375,19.8515,49
SQ:XAGUSD,2022-08-17T15:23:00+02:00,19.8515,19.8695,19.8505,19.8675,72
SQ:XAGUSD,2022-08-17T15:24:00+02:00,19.8675,19.8815,19.8660,19.8785,67
SQ:XAGUSD,2022-08-17T15:25:00+02:00,19.8785,19.8855,19.8665,19.8855,111
SQ:XAGUSD,2022-08-17T15:26:00+02:00,19.8865,19.8985,19.8805,19.8965,85
SQ:XAGUSD,2022-08-17T15:27:00+02:00,19.8965,19.8965,19.8815,19.8895,56
SQ:XAGUSD,2022-08-17T15:28:00+02:00,19.8895,19.9025,19.8885,19.8905,76
SQ:XAGUSD,2022-08-17T15:29:00+02:00,19.8915,19.9005,19.8905,19.8980,63
SQ:XAGUSD,2022-08-17T15:30:00+02:00,19.8995,19.8995,19.8665,19.8695,141
SQ:XAGUSD,2022-08-17T15:31:00+02:00,19.8695,19.8695,19.8375,19.8405,169
SQ:XAGUSD,2022-08-17T15:32:00+02:00,19.8395,19.8515,19.8355,19.8435,196
SQ:XAGUSD,2022-08-17T15:33:00+02:00,19.8435,19.8435,19.8025,19.8075,226
SQ:XAGUSD,2022-08-17T15:34:00+02:00,19.8075,19.8085,19.7865,19.7915,205
SQ:XAGUSD,2022-08-17T15:35:00+02:00,19.7915,19.8005,19.7855,19.7975,220
SQ:XAGUSD,2022-08-17T15:36:00+02:00,19.7975,19.7985,19.7650,19.7685,201
SQ:XAGUSD,2022-08-17T15:37:00+02:00,19.7685,19.7765,19.7540,19.7550,103
SQ:XAGUSD,2022-08-17T15:38:00+02:00,19.7550,19.7615,19.7445,19.7555,93
SQ:XAGUSD,2022-08-17T15:39:00+02:00,19.7555,19.7555,19.7250,19.7250,100
SQ:XAGUSD,2022-08-17T15:40:00+02:00,19.7255,19.7260,19.6820,19.6935,177
SQ:XAGUSD,2022-08-17T15:41:00+02:00,19.6935,19.7465,19.6855,19.7465,160
SQ:XAGUSD,2022-08-17T15:42:00+02:00,19.7465,19.7565,19.7345,19.7435,120
SQ:XAGUSD,2022-08-17T15:43:00+02:00,19.7435,19.7605,19.7365,19.7545,200
SQ:XAGUSD,2022-08-17T15:44:00+02:00,19.7535,19.7715,19.7495,19.7605,203
SQ:XAGUSD,2022-08-17T15:45:00+02:00,19.7625,19.7625,19.7355,19.7475,216
SQ:XAGUSD,2022-08-17T15:46:00+02:00,19.7475,19.7525,19.7285,19.7395,176
SQ:XAGUSD,2022-08-17T15:47:00+02:00,19.7435,19.7435,19.7235,19.7425,173
SQ:XAGUSD,2022-08-17T15:48:00+02:00,19.7405,19.7465,19.7225,19.7365,149
SQ:XAGUSD,2022-08-17T15:49:00+02:00,19.7365,19.7375,19.7195,19.7235,148
SQ:XAGUSD,2022-08-17T15:50:00+02:00,19.7235,19.7245,19.7015,19.7145,189
SQ:XAGUSD,2022-08-17T15:51:00+02:00,19.7135,19.7265,19.7120,19.7185,161
SQ:XAGUSD,2022-08-17T15:52:00+02:00,19.7175,19.7215,19.7045,19.7095,125
SQ:XAGUSD,2022-08-17T15:53:00+02:00,19.7105,19.7445,19.7075,19.7395,167
SQ:XAGUSD,2022-08-17T15:54:00+02:00,19.7395,19.7415,19.7235,19.7265,150
SQ:XAGUSD,2022-08-17T15:55:00+02:00,19.7275,19.7385,19.7195,19.7365,179
SQ:XAGUSD,2022-08-17T15:56:00+02:00,19.7355,19.7415,19.7275,19.7345,119
SQ:XAGUSD,2022-08-17T15:57:00+02:00,19.7355,19.7705,19.7345,19.7585,136
SQ:XAGUSD,2022-08-17T15:58:00+02:00,19.7585,19.7785,19.7555,19.7685,131
SQ:XAGUSD,2022-08-17T15:59:00+02:00,19.7675,19.7725,19.7565,19.7585,126
SQ:XAGUSD,2022-08-17T16:00:00+02:00,19.7570,19.7605,19.7415,19.7535,174
SQ:XAGUSD,2022-08-17T16:01:00+02:00,19.7535,19.7795,19.7525,19.7715,145
SQ:XAGUSD,2022-08-17T16:02:00+02:00,19.7715,19.7865,19.7665,19.7855,124
SQ:XAGUSD,2022-08-17T16:03:00+02:00,19.7845,19.8195,19.7825,19.8055,122
SQ:XAGUSD,2022-08-17T16:04:00+02:00,19.8055,19.8290,19.8025,19.8275,119
SQ:XAGUSD,2022-08-17T16:05:00+02:00,19.8285,19.8495,19.8225,19.8475,129
SQ:XAGUSD,2022-08-17T16:06:00+02:00,19.8450,19.8715,19.8375,19.8565,155
SQ:XAGUSD,2022-08-17T16:07:00+02:00,19.8565,19.8635,19.8470,19.8545,147
SQ:XAGUSD,2022-08-17T16:08:00+02:00,19.8545,19.8625,19.8445,19.8595,153
SQ:XAGUSD,2022-08-17T16:09:00+02:00,19.8595,19.8675,19.8445,19.8445,145
SQ:XAGUSD,2022-08-17T16:10:00+02:00,19.8465,19.8505,19.8275,19.8275,171
SQ:XAGUSD,2022-08-17T16:11:00+02:00,19.8285,19.8335,19.8215,19.8235,165
SQ:XAGUSD,2022-08-17T16:12:00+02:00,19.8235,19.8265,19.7985,19.7995,143
SQ:XAGUSD,2022-08-17T16:13:00+02:00,19.7985,19.8115,19.7975,19.8085,89
SQ:XAGUSD,2022-08-17T16:14:00+02:00,19.8085,19.8185,19.8065,19.8135,78
SQ:XAGUSD,2022-08-17T16:15:00+02:00,19.8145,19.8145,19.7855,19.7885,95
SQ:XAGUSD,2022-08-17T16:16:00+02:00,19.7885,19.8075,19.7885,19.8005,119
SQ:XAGUSD,2022-08-17T16:17:00+02:00,19.8005,19.8145,19.8005,19.8105,102
SQ:XAGUSD,2022-08-17T16:18:00+02:00,19.8135,19.8345,19.8115,19.8205,129
SQ:XAGUSD,2022-08-17T16:19:00+02:00,19.8225,19.8405,19.8225,19.8375,89
SQ:XAGUSD,2022-08-17T16:20:00+02:00,19.8375,19.8415,19.8305,19.8355,74
SQ:XAGUSD,2022-08-17T16:21:00+02:00,19.8355,19.8385,19.8185,19.8385,51
SQ:XAGUSD,2022-08-17T16:22:00+02:00,19.8385,19.8525,19.8345,19.8505,66
SQ:XAGUSD,2022-08-17T16:23:00+02:00,19.8495,19.8595,19.8495,19.8575,59
SQ:XAGUSD,2022-08-17T16:24:00+02:00,19.8585,19.8685,19.8550,19.8550,51
SQ:XAGUSD,2022-08-17T16:25:00+02:00,19.8550,19.8615,19.8375,19.8385,84
SQ:XAGUSD,2022-08-17T16:26:00+02:00,19.8385,19.8465,19.8375,19.8385,96
SQ:XAGUSD,2022-08-17T16:27:00+02:00,19.8385,19.8435,19.8305,19.8325,125
SQ:XAGUSD,2022-08-17T16:28:00+02:00,19.8325,19.8405,19.8235,19.8375,110
SQ:XAGUSD,2022-08-17T16:29:00+02:00,19.8365,19.8385,19.8305,19.8355,108
SQ:XAGUSD,2022-08-17T16:30:00+02:00,19.8325,19.8575,19.8325,19.8515,195
SQ:XAGUSD,2022-08-17T16:31:00+02:00,19.8505,19.8685,19.8395,19.8435,140
SQ:XAGUSD,2022-08-17T16:32:00+02:00,19.8455,19.8535,19.8315,19.8325,131
SQ:XAGUSD,2022-08-17T16:33:00+02:00,19.8315,19.8395,19.8275,19.8345,128
SQ:XAGUSD,2022-08-17T16:34:00+02:00,19.8335,19.8355,19.8205,19.8225,133
SQ:XAGUSD,2022-08-17T16:35:00+02:00,19.8225,19.8325,19.8185,19.8235,98
SQ:XAGUSD,2022-08-17T16:36:00+02:00,19.8245,19.8285,19.8085,19.8135,110
SQ:XAGUSD,2022-08-17T16:37:00+02:00,19.8135,19.8175,19.8070,19.8105,122
SQ:XAGUSD,2022-08-17T16:38:00+02:00,19.8095,19.8145,19.8035,19.8065,110
SQ:XAGUSD,2022-08-17T16:39:00+02:00,19.8055,19.8135,19.7975,19.8085,106
SQ:XAGUSD,2022-08-17T16:40:00+02:00,19.8095,19.8195,19.7985,19.8105,131
SQ:XAGUSD,2022-08-17T16:41:00+02:00,19.8115,19.8165,19.8025,19.8025,131
SQ:XAGUSD,2022-08-17T16:42:00+02:00,19.8035,19.8045,19.7955,19.8035,89
SQ:XAGUSD,2022-08-17T16:43:00+02:00,19.8045,19.8145,19.8005,19.8135,126
SQ:XAGUSD,2022-08-17T16:44:00+02:00,19.8155,19.8205,19.8035,19.8105,112
SQ:XAGUSD,2022-08-17T16:45:00+02:00,19.8115,19.8145,19.8075,19.8085,94
SQ:XAGUSD,2022-08-17T16:46:00+02:00,19.8085,19.8085,19.7965,19.8055,113
SQ:XAGUSD,2022-08-17T16:47:00+02:00,19.8065,19.8235,19.8015,19.8105,69
SQ:XAGUSD,2022-08-17T16:48:00+02:00,19.8105,19.8165,19.8045,19.8125,94
SQ:XAGUSD,2022-08-17T16:49:00+02:00,19.8125,19.8215,19.8085,19.8165,106
SQ:XAGUSD,2022-08-17T16:50:00+02:00,19.8175,19.8215,19.8105,19.8135,96
SQ:XAGUSD,2022-08-17T16:51:00+02:00,19.8130,19.8175,19.7965,19.8045,118
SQ:XAGUSD,2022-08-17T16:52:00+02:00,19.8045,19.8045,19.7885,19.7935,107
SQ:XAGUSD,2022-08-17T16:53:00+02:00,19.7935,19.7965,19.7865,19.7895,93
SQ:XAGUSD,2022-08-17T16:54:00+02:00,19.7885,19.7895,19.7715,19.7805,137
SQ:XAGUSD,2022-08-17T16:55:00+02:00,19.7795,19.7795,19.7665,19.7735,112
SQ:XAGUSD,2022-08-17T16:56:00+02:00,19.7735,19.7765,19.7615,19.7655,89
SQ:XAGUSD,2022-08-17T16:57:00+02:00,19.7675,19.7795,19.7665,19.7695,93
SQ:XAGUSD,2022-08-17T16:58:00+02:00,19.7705,19.7755,19.7635,19.7675,109
SQ:XAGUSD,2022-08-17T16:59:00+02:00,19.7685,19.7735,19.7625,19.7675,119
SQ:XAGUSD,2022-08-17T17:00:00+02:00,19.7665,19.7755,19.7615,19.7685,59
SQ:XAGUSD,2022-08-17T17:01:00+02:00,19.7685,19.7775,19.7615,19.7745,91
SQ:XAGUSD,2022-08-17T17:02:00+02:00,19.7755,19.7795,19.7635,19.7695,87
SQ:XAGUSD,2022-08-17T17:03:00+02:00,19.7695,19.7735,19.7545,19.7565,92
SQ:XAGUSD,2022-08-17T17:04:00+02:00,19.7585,19.7585,19.7475,19.7495,106
SQ:XAGUSD,2022-08-17T17:05:00+02:00,19.7485,19.7565,19.7445,19.7465,119
SQ:XAGUSD,2022-08-17T17:06:00+02:00,19.7455,19.7495,19.7275,19.7305,131
SQ:XAGUSD,2022-08-17T17:07:00+02:00,19.7315,19.7435,19.7245,19.7385,144
SQ:XAGUSD,2022-08-17T17:08:00+02:00,19.7395,19.7475,19.7365,19.7415,111
SQ:XAGUSD,2022-08-17T17:09:00+02:00,19.7425,19.7425,19.7305,19.7355,101
SQ:XAGUSD,2022-08-17T17:10:00+02:00,19.7365,19.7365,19.7285,19.7345,98
SQ:XAGUSD,2022-08-17T17:11:00+02:00,19.7335,19.7355,19.7245,19.7285,103
SQ:XAGUSD,2022-08-17T17:12:00+02:00,19.7295,19.7295,19.7185,19.7275,92
SQ:XAGUSD,2022-08-17T17:13:00+02:00,19.7275,19.7275,19.7110,19.7145,102
SQ:XAGUSD,2022-08-17T17:14:00+02:00,19.7155,19.7155,19.7025,19.7035,81
SQ:XAGUSD,2022-08-17T17:15:00+02:00,19.7045,19.7095,19.6990,19.7075,133
SQ:XAGUSD,2022-08-17T17:16:00+02:00,19.7065,19.7125,19.7055,19.7115,79
SQ:XAGUSD,2022-08-17T17:17:00+02:00,19.7125,19.7195,19.7055,19.7135,75
SQ:XAGUSD,2022-08-17T17:18:00+02:00,19.7135,19.7175,19.7095,19.7175,36
SQ:XAGUSD,2022-08-17T17:19:00+02:00,19.7175,19.7285,19.7135,19.7275,47
SQ:XAGUSD,2022-08-17T17:20:00+02:00,19.7285,19.7325,19.7095,19.7105,71
SQ:XAGUSD,2022-08-17T17:21:00+02:00,19.7115,19.7155,19.7055,19.7095,53
SQ:XAGUSD,2022-08-17T17:22:00+02:00,19.7095,19.7095,19.6965,19.6995,78
SQ:XAGUSD,2022-08-17T17:23:00+02:00,19.7005,19.7065,19.6985,19.7045,48
SQ:XAGUSD,2022-08-17T17:24:00+02:00,19.7045,19.7075,19.7035,19.7055,18
SQ:XAGUSD,2022-08-17T17:25:00+02:00,19.7055,19.7105,19.7055,19.7065,42
SQ:XAGUSD,2022-08-17T17:26:00+02:00,19.7065,19.7065,19.6835,19.6945,71
SQ:XAGUSD,2022-08-17T17:27:00+02:00,19.6945,19.7140,19.6945,19.7075,83
SQ:XAGUSD,2022-08-17T17:28:00+02:00,19.7075,19.7155,19.7045,19.7155,46
SQ:XAGUSD,2022-08-17T17:29:00+02:00,19.7165,19.7195,19.7095,19.7105,45
SQ:XAGUSD,2022-08-17T17:30:00+02:00,19.7105,19.7225,19.7045,19.7215,66
SQ:XAGUSD,2022-08-17T17:31:00+02:00,19.7205,19.7405,19.7205,19.7375,36
SQ:XAGUSD,2022-08-17T17:32:00+02:00,19.7375,19.7385,19.7285,19.7345,58
SQ:XAGUSD,2022-08-17T17:33:00+02:00,19.7335,19.7345,19.7235,19.7235,50
SQ:XAGUSD,2022-08-17T17:34:00+02:00,19.7235,19.7285,19.7185,19.7245,55
SQ:XAGUSD,2022-08-17T17:35:00+02:00,19.7255,19.7295,19.7195,19.7245,65
SQ:XAGUSD,2022-08-17T17:36:00+02:00,19.7225,19.7245,19.7095,19.7135,63
SQ:XAGUSD,2022-08-17T17:37:00+02:00,19.7145,19.7195,19.7095,19.7195,56
SQ:XAGUSD,2022-08-17T17:38:00+02:00,19.7195,19.7205,19.7105,19.7105,71
SQ:XAGUSD,2022-08-17T17:39:00+02:00,19.7105,19.7185,19.7085,19.7095,54
SQ:XAGUSD,2022-08-17T17:40:00+02:00,19.7095,19.7145,19.7015,19.7075,61
SQ:XAGUSD,2022-08-17T17:41:00+02:00,19.7075,19.7115,19.6995,19.7035,90
SQ:XAGUSD,2022-08-17T17:42:00+02:00,19.7045,19.7085,19.6985,19.7005,74
SQ:XAGUSD,2022-08-17T17:43:00+02:00,19.7015,19.7025,19.6895,19.6935,84
SQ:XAGUSD,2022-08-17T17:44:00+02:00,19.6925,19.6995,19.6885,19.6960,46
SQ:XAGUSD,2022-08-17T17:45:00+02:00,19.6955,19.7105,19.6955,19.7075,45
SQ:XAGUSD,2022-08-17T17:46:00+02:00,19.7075,19.7135,19.7020,19.7025,67
SQ:XAGUSD,2022-08-17T17:47:00+02:00,19.7025,19.7045,19.6985,19.6995,40
SQ:XAGUSD,2022-08-17T17:48:00+02:00,19.7005,19.7020,19.6905,19.6905,45
SQ:XAGUSD,2022-08-17T17:49:00+02:00,19.6905,19.6945,19.6865,19.6885,63
SQ:XAGUSD,2022-08-17T17:50:00+02:00,19.6885,19.6975,19.6795,19.6955,84
SQ:XAGUSD,2022-08-17T17:51:00+02:00,19.6965,19.7085,19.6945,19.7075,85
SQ:XAGUSD,2022-08-17T17:52:00+02:00,19.7095,19.7105,19.6975,19.7025,76
SQ:XAGUSD,2022-08-17T17:53:00+02:00,19.7015,19.7065,19.6995,19.7025,56
SQ:XAGUSD,2022-08-17T17:54:00+02:00,19.7025,19.7085,19.7025,19.7055,55
SQ:XAGUSD,2022-08-17T17:55:00+02:00,19.7055,19.7085,19.6945,19.7065,36
SQ:XAGUSD,2022-08-17T17:56:00+02:00,19.7055,19.7095,19.7010,19.7095,62
SQ:XAGUSD,2022-08-17T17:57:00+02:00,19.7095,19.7105,19.7025,19.7075,44
SQ:XAGUSD,2022-08-17T17:58:00+02:00,19.7085,19.7175,19.7085,19.7135,56
SQ:XAGUSD,2022-08-17T17:59:00+02:00,19.7135,19.7155,19.6985,19.6995,41
SQ:XAGUSD,2022-08-17T18:00:00+02:00,19.7015,19.7085,19.6965,19.7045,81
SQ:XAGUSD,2022-08-17T18:01:00+02:00,19.7035,19.7075,19.6995,19.6995,78
SQ:XAGUSD,2022-08-17T18:02:00+02:00,19.7005,19.7045,19.6965,19.7045,47
SQ:XAGUSD,2022-08-17T18:03:00+02:00,19.7045,19.7105,19.7015,19.7095,64
SQ:XAGUSD,2022-08-17T18:04:00+02:00,19.7095,19.7095,19.6955,19.6955,53
SQ:XAGUSD,2022-08-17T18:05:00+02:00,19.6955,19.6955,19.6755,19.6755,117
SQ:XAGUSD,2022-08-17T18:06:00+02:00,19.6745,19.6995,19.6745,19.6975,81
SQ:XAGUSD,2022-08-17T18:07:00+02:00,19.6965,19.7155,19.6955,19.7105,64
SQ:XAGUSD,2022-08-17T18:08:00+02:00,19.7105,19.7115,19.7045,19.7065,47
SQ:XAGUSD,2022-08-17T18:09:00+02:00,19.7065,19.7065,19.7005,19.7045,34
SQ:XAGUSD,2022-08-17T18:10:00+02:00,19.7045,19.7075,19.6975,19.6975,35
SQ:XAGUSD,2022-08-17T18:11:00+02:00,19.6975,19.7145,19.6975,19.7145,59
SQ:XAGUSD,2022-08-17T18:12:00+02:00,19.7145,19.7165,19.7085,19.7135,48
SQ:XAGUSD,2022-08-17T18:13:00+02:00,19.7135,19.7135,19.7035,19.7045,47
SQ:XAGUSD,2022-08-17T18:14:00+02:00,19.7045,19.7135,19.6975,19.7015,89
SQ:XAGUSD,2022-08-17T18:15:00+02:00,19.7005,19.7065,19.7005,19.7035,42
SQ:XAGUSD,2022-08-17T18:16:00+02:00,19.7035,19.7045,19.6975,19.7005,51
SQ:XAGUSD,2022-08-17T18:17:00+02:00,19.7005,19.7015,19.6935,19.7015,31
SQ:XAGUSD,2022-08-17T18:18:00+02:00,19.7025,19.7135,19.7025,19.7125,40
SQ:XAGUSD,2022-08-17T18:19:00+02:00,19.7115,19.7135,19.7065,19.7065,39
SQ:XAGUSD,2022-08-17T18:20:00+02:00,19.7085,19.7165,19.7075,19.7155,67
SQ:XAGUSD,2022-08-17T18:21:00+02:00,19.7155,19.7225,19.7125,19.7225,48
SQ:XAGUSD,2022-08-17T18:22:00+02:00,19.7225,19.7235,19.7135,19.7155,49
SQ:XAGUSD,2022-08-17T18:23:00+02:00,19.7165,19.7175,19.7105,19.7115,45
SQ:XAGUSD,2022-08-17T18:24:00+02:00,19.7115,19.7135,19.7065,19.7085,62
SQ:XAGUSD,2022-08-17T18:25:00+02:00,19.7095,19.7125,19.7075,19.7105,41
SQ:XAGUSD,2022-08-17T18:26:00+02:00,19.7105,19.7125,19.7055,19.7075,48
SQ:XAGUSD,2022-08-17T18:27:00+02:00,19.7075,19.7105,19.7055,19.7075,29
SQ:XAGUSD,2022-08-17T18:28:00+02:00,19.7075,19.7205,19.7075,19.7185,47
SQ:XAGUSD,2022-08-17T18:29:00+02:00,19.7195,19.7275,19.7185,19.7275,37
SQ:XAGUSD,2022-08-17T18:30:00+02:00,19.7245,19.7305,19.7225,19.7305,28
SQ:XAGUSD,2022-08-17T18:31:00+02:00,19.7305,19.7315,19.7225,19.7245,24
SQ:XAGUSD,2022-08-17T18:32:00+02:00,19.7255,19.7315,19.7235,19.7285,38
SQ:XAGUSD,2022-08-17T18:33:00+02:00,19.7275,19.7345,19.7265,19.7265,28
SQ:XAGUSD,2022-08-17T18:34:00+02:00,19.7265,19.7275,19.7225,19.7235,34
SQ:XAGUSD,2022-08-17T18:35:00+02:00,19.7235,19.7395,19.7235,19.7345,61
SQ:XAGUSD,2022-08-17T18:36:00+02:00,19.7345,19.7395,19.7315,19.7345,44
SQ:XAGUSD,2022-08-17T18:37:00+02:00,19.7355,19.7355,19.7285,19.7285,38
SQ:XAGUSD,2022-08-17T18:38:00+02:00,19.7285,19.7305,19.7245,19.7285,62
SQ:XAGUSD,2022-08-17T18:39:00+02:00,19.7285,19.7475,19.7275,19.7465,64
SQ:XAGUSD,2022-08-17T18:40:00+02:00,19.7465,19.7555,19.7445,19.7535,27
SQ:XAGUSD,2022-08-17T18:41:00+02:00,19.7535,19.7715,19.7535,19.7715,40
SQ:XAGUSD,2022-08-17T18:42:00+02:00,19.7715,19.7725,19.7655,19.7705,60
SQ:XAGUSD,2022-08-17T18:43:00+02:00,19.7715,19.7725,19.7665,19.7685,47
SQ:XAGUSD,2022-08-17T18:44:00+02:00,19.7675,19.7735,19.7665,19.7715,38
SQ:XAGUSD,2022-08-17T18:45:00+02:00,19.7715,19.7865,19.7715,19.7805,24
SQ:XAGUSD,2022-08-17T18:46:00+02:00,19.7815,19.7835,19.7735,19.7755,28
SQ:XAGUSD,2022-08-17T18:47:00+02:00,19.7755,19.7845,19.7745,19.7765,36
SQ:XAGUSD,2022-08-17T18:48:00+02:00,19.7770,19.7795,19.7755,19.7775,28
SQ:XAGUSD,2022-08-17T18:49:00+02:00,19.7785,19.7815,19.7755,19.7765,43
SQ:XAGUSD,2022-08-17T18:50:00+02:00,19.7765,19.7825,19.7735,19.7805,28
SQ:XAGUSD,2022-08-17T18:51:00+02:00,19.7805,19.7865,19.7805,19.7855,40
SQ:XAGUSD,2022-08-17T18:52:00+02:00,19.7855,19.7885,19.7825,19.7825,28
SQ:XAGUSD,2022-08-17T18:53:00+02:00,19.7825,19.7915,19.7805,19.7885,29
SQ:XAGUSD,2022-08-17T18:54:00+02:00,19.7885,19.7915,19.7835,19.7835,53
SQ:XAGUSD,2022-08-17T18:55:00+02:00,19.7845,19.7885,19.7835,19.7875,47
SQ:XAGUSD,2022-08-17T18:56:00+02:00,19.7885,19.7895,19.7810,19.7815,35
SQ:XAGUSD,2022-08-17T18:57:00+02:00,19.7815,19.7825,19.7815,19.7815,7
SQ:XAGUSD,2022-08-17T18:58:00+02:00,19.7815,19.7845,19.7740,19.7765,33
SQ:XAGUSD,2022-08-17T18:59:00+02:00,19.7775,19.7825,19.7715,19.7755,56
SQ:XAGUSD,2022-08-17T19:00:00+02:00,19.7775,19.7855,19.7765,19.7825,55
SQ:XAGUSD,2022-08-17T19:01:00+02:00,19.7815,19.7915,19.7815,19.7915,52
SQ:XAGUSD,2022-08-17T19:02:00+02:00,19.7915,19.7925,19.7675,19.7785,142
SQ:XAGUSD,2022-08-17T19:03:00+02:00,19.7775,19.7935,19.7765,19.7935,85
SQ:XAGUSD,2022-08-17T19:04:00+02:00,19.7925,19.7935,19.7865,19.7915,61
SQ:XAGUSD,2022-08-17T19:05:00+02:00,19.7895,19.7925,19.7855,19.7905,55
SQ:XAGUSD,2022-08-17T19:06:00+02:00,19.7905,19.7945,19.7815,19.7815,56
SQ:XAGUSD,2022-08-17T19:07:00+02:00,19.7805,19.7815,19.7695,19.7705,65
SQ:XAGUSD,2022-08-17T19:08:00+02:00,19.7705,19.7755,19.7650,19.7655,69
SQ:XAGUSD,2022-08-17T19:09:00+02:00,19.7665,19.7685,19.7605,19.7635,54
SQ:XAGUSD,2022-08-17T19:10:00+02:00,19.7645,19.7645,19.7605,19.7615,34
SQ:XAGUSD,2022-08-17T19:11:00+02:00,19.7625,19.7675,19.7545,19.7655,50
SQ:XAGUSD,2022-08-17T19:12:00+02:00,19.7655,19.7675,19.7445,19.7465,60
SQ:XAGUSD,2022-08-17T19:13:00+02:00,19.7455,19.7585,19.7455,19.7515,54
SQ:XAGUSD,2022-08-17T19:14:00+02:00,19.7515,19.7595,19.7465,19.7575,53
SQ:XAGUSD,2022-08-17T19:15:00+02:00,19.7575,19.7595,19.7495,19.7495,62
SQ:XAGUSD,2022-08-17T19:16:00+02:00,19.7495,19.7615,19.7495,19.7595,43
SQ:XAGUSD,2022-08-17T19:17:00+02:00,19.7605,19.7645,19.7565,19.7605,50
SQ:XAGUSD,2022-08-17T19:18:00+02:00,19.7625,19.7625,19.7565,19.7595,44
SQ:XAGUSD,2022-08-17T19:19:00+02:00,19.7605,19.7655,19.7605,19.7635,36
SQ:XAGUSD,2022-08-17T19:20:00+02:00,19.7635,19.7705,19.7635,19.7655,45
SQ:XAGUSD,2022-08-17T19:21:00+02:00,19.7655,19.7745,19.7655,19.7705,53
SQ:XAGUSD,2022-08-17T19:22:00+02:00,19.7695,19.7755,19.7685,19.7745,37
SQ:XAGUSD,2022-08-17T19:23:00+02:00,19.7735,19.7755,19.7695,19.7725,43
SQ:XAGUSD,2022-08-17T19:24:00+02:00,19.7735,19.7785,19.7695,19.7755,59
SQ:XAGUSD,2022-08-17T19:25:00+02:00,19.7755,19.7815,19.7735,19.7735,29
SQ:XAGUSD,2022-08-17T19:26:00+02:00,19.7735,19.7785,19.7705,19.7745,50
SQ:XAGUSD,2022-08-17T19:27:00+02:00,19.7755,19.7855,19.7745,19.7835,40
SQ:XAGUSD,2022-08-17T19:28:00+02:00,19.7845,19.7875,19.7805,19.7845,37
SQ:XAGUSD,2022-08-17T19:29:00+02:00,19.7835,19.7845,19.7695,19.7775,81
SQ:XAGUSD,2022-08-17T19:30:00+02:00,19.7775,19.7965,19.7775,19.7875,82
SQ:XAGUSD,2022-08-17T19:31:00+02:00,19.7885,19.7965,19.7885,19.7925,43
SQ:XAGUSD,2022-08-17T19:32:00+02:00,19.7925,19.7935,19.7775,19.7775,60
SQ:XAGUSD,2022-08-17T19:33:00+02:00,19.7765,19.7815,19.7725,19.7765,54
SQ:XAGUSD,2022-08-17T19:34:00+02:00,19.7765,19.7795,19.7725,19.7785,60
SQ:XAGUSD,2022-08-17T19:35:00+02:00,19.7785,19.7795,19.7725,19.7725,40
SQ:XAGUSD,2022-08-17T19:36:00+02:00,19.7715,19.7815,19.7715,19.7815,38
SQ:XAGUSD,2022-08-17T19:37:00+02:00,19.7815,19.7845,19.7785,19.7825,39
SQ:XAGUSD,2022-08-17T19:38:00+02:00,19.7825,19.7835,19.7725,19.7835,46
SQ:XAGUSD,2022-08-17T19:39:00+02:00,19.7825,19.7885,19.7805,19.7865,39
SQ:XAGUSD,2022-08-17T19:40:00+02:00,19.7865,19.7925,19.7825,19.7925,26
SQ:XAGUSD,2022-08-17T19:41:00+02:00,19.7915,19.7945,19.7875,19.7915,31
SQ:XAGUSD,2022-08-17T19:42:00+02:00,19.7905,19.7915,19.7865,19.7865,32
SQ:XAGUSD,2022-08-17T19:43:00+02:00,19.7865,19.7915,19.7865,19.7895,26
SQ:XAGUSD,2022-08-17T19:44:00+02:00,19.7885,19.7885,19.7825,19.7855,41
SQ:XAGUSD,2022-08-17T19:45:00+02:00,19.7855,19.7855,19.7805,19.7825,30
SQ:XAGUSD,2022-08-17T19:46:00+02:00,19.7835,19.7835,19.7795,19.7795,29
SQ:XAGUSD,2022-08-17T19:47:00+02:00,19.7775,19.7795,19.7725,19.7735,49
SQ:XAGUSD,2022-08-17T19:48:00+02:00,19.7725,19.7785,19.7725,19.7765,43
SQ:XAGUSD,2022-08-17T19:49:00+02:00,19.7745,19.7795,19.7725,19.7745,35
SQ:XAGUSD,2022-08-17T19:50:00+02:00,19.7745,19.7755,19.7725,19.7745,22
SQ:XAGUSD,2022-08-17T19:51:00+02:00,19.7755,19.7865,19.7745,19.7835,32
SQ:XAGUSD,2022-08-17T19:52:00+02:00,19.7835,19.7885,19.7815,19.7875,29
SQ:XAGUSD,2022-08-17T19:53:00+02:00,19.7875,19.7905,19.7825,19.7875,34
SQ:XAGUSD,2022-08-17T19:54:00+02:00,19.7865,19.7875,19.7805,19.7815,50
SQ:XAGUSD,2022-08-17T19:55:00+02:00,19.7815,19.7835,19.7805,19.7805,18
SQ:XAGUSD,2022-08-17T19:56:00+02:00,19.7815,19.7825,19.7745,19.7745,39
SQ:XAGUSD,2022-08-17T19:57:00+02:00,19.7745,19.7785,19.7735,19.7765,20
SQ:XAGUSD,2022-08-17T19:58:00+02:00,19.7765,19.7805,19.7755,19.7775,23
SQ:XAGUSD,2022-08-17T19:59:00+02:00,19.7765,19.7815,19.7675,19.7675,37
SQ:XAGUSD,2022-08-17T20:00:00+02:00,19.7675,19.8485,19.7675,19.8015,302
SQ:XAGUSD,2022-08-17T20:01:00+02:00,19.8065,19.8675,19.8065,19.8355,348
SQ:XAGUSD,2022-08-17T20:02:00+02:00,19.8345,19.8785,19.8335,19.8675,249
SQ:XAGUSD,2022-08-17T20:03:00+02:00,19.8695,19.9015,19.8670,19.8795,239
SQ:XAGUSD,2022-08-17T20:04:00+02:00,19.8765,19.8995,19.8515,19.8595,260
SQ:XAGUSD,2022-08-17T20:05:00+02:00,19.8585,19.8715,19.8245,19.8385,297
SQ:XAGUSD,2022-08-17T20:06:00+02:00,19.8375,19.8525,19.8305,19.8375,218
SQ:XAGUSD,2022-08-17T20:07:00+02:00,19.8375,19.8385,19.8165,19.8305,270
SQ:XAGUSD,2022-08-17T20:08:00+02:00,19.8295,19.8555,19.8255,19.8525,242
SQ:XAGUSD,2022-08-17T20:09:00+02:00,19.8505,19.8705,19.8355,19.8515,239
SQ:XAGUSD,2022-08-17T20:10:00+02:00,19.8515,19.8515,19.8355,19.8405,201
SQ:XAGUSD,2022-08-17T20:11:00+02:00,19.8405,19.8635,19.8405,19.8520,189
SQ:XAGUSD,2022-08-17T20:12:00+02:00,19.8515,19.8780,19.8505,19.8765,186
SQ:XAGUSD,2022-08-17T20:13:00+02:00,19.8760,19.8875,19.8705,19.8735,171
SQ:XAGUSD,2022-08-17T20:14:00+02:00,19.8735,19.8960,19.8660,19.8960,143
SQ:XAGUSD,2022-08-17T20:15:00+02:00,19.8970,19.9105,19.8970,19.9065,105
SQ:XAGUSD,2022-08-17T20:16:00+02:00,19.9065,19.9065,19.8705,19.8765,92
SQ:XAGUSD,2022-08-17T20:17:00+02:00,19.8785,19.8885,19.8765,19.8765,75
SQ:XAGUSD,2022-08-17T20:18:00+02:00,19.8765,19.8845,19.8675,19.8755,102
SQ:XAGUSD,2022-08-17T20:19:00+02:00,19.8755,19.8885,19.8725,19.8785,98
SQ:XAGUSD,2022-08-17T20:20:00+02:00,19.8795,19.8905,19.8760,19.8795,95
SQ:XAGUSD,2022-08-17T20:21:00+02:00,19.8795,19.8825,19.8640,19.8655,129
SQ:XAGUSD,2022-08-17T20:22:00+02:00,19.8675,19.8725,19.8565,19.8575,98
SQ:XAGUSD,2022-08-17T20:23:00+02:00,19.8575,19.8605,19.8445,19.8465,102
SQ:XAGUSD,2022-08-17T20:24:00+02:00,19.8485,19.8675,19.8475,19.8675,96
SQ:XAGUSD,2022-08-17T20:25:00+02:00,19.8675,19.8755,19.8615,19.8725,104
SQ:XAGUSD,2022-08-17T20:26:00+02:00,19.8735,19.8845,19.8705,19.8795,94
SQ:XAGUSD,2022-08-17T20:27:00+02:00,19.8785,19.8845,19.8725,19.8845,80
SQ:XAGUSD,2022-08-17T20:28:00+02:00,19.8845,19.8925,19.8785,19.8855,87
SQ:XAGUSD,2022-08-17T20:29:00+02:00,19.8875,19.8935,19.8845,19.8885,69
SQ:XAGUSD,2022-08-17T20:30:00+02:00,19.8885,19.9005,19.8885,19.8895,65
SQ:XAGUSD,2022-08-17T20:31:00+02:00,19.8890,19.9025,19.8835,19.8985,60
SQ:XAGUSD,2022-08-17T20:32:00+02:00,19.8985,19.9125,19.8945,19.9085,59
SQ:XAGUSD,2022-08-17T20:33:00+02:00,19.9105,19.9200,19.9065,19.9175,61
SQ:XAGUSD,2022-08-17T20:34:00+02:00,19.9175,19.9275,19.9065,19.9085,105
SQ:XAGUSD,2022-08-17T20:35:00+02:00,19.9095,19.9330,19.9085,19.9230,94
SQ:XAGUSD,2022-08-17T20:36:00+02:00,19.9235,19.9325,19.9215,19.9305,80
SQ:XAGUSD,2022-08-17T20:37:00+02:00,19.9295,19.9465,19.9295,19.9385,74
SQ:XAGUSD,2022-08-17T20:38:00+02:00,19.9385,19.9535,19.9365,19.9515,57
SQ:XAGUSD,2022-08-17T20:39:00+02:00,19.9505,19.9525,19.9425,19.9505,59
SQ:XAGUSD,2022-08-17T20:40:00+02:00,19.9505,19.9520,19.9260,19.9295,89
SQ:XAGUSD,2022-08-17T20:41:00+02:00,19.9305,19.9345,19.9165,19.9185,77
SQ:XAGUSD,2022-08-17T20:42:00+02:00,19.9185,19.9385,19.9165,19.9385,53
SQ:XAGUSD,2022-08-17T20:43:00+02:00,19.9385,19.9385,19.9285,19.9325,55
SQ:XAGUSD,2022-08-17T20:44:00+02:00,19.9325,19.9335,19.9230,19.9235,70
SQ:XAGUSD,2022-08-17T20:45:00+02:00,19.9255,19.9395,19.9230,19.9325,53
SQ:XAGUSD,2022-08-17T20:46:00+02:00,19.9315,19.9395,19.9285,19.9285,41
SQ:XAGUSD,2022-08-17T20:47:00+02:00,19.9285,19.9335,19.9185,19.9205,53
SQ:XAGUSD,2022-08-17T20:48:00+02:00,19.9225,19.9265,19.9165,19.9255,43
SQ:XAGUSD,2022-08-17T20:49:00+02:00,19.9255,19.9255,19.9175,19.9225,32
SQ:XAGUSD,2022-08-17T20:50:00+02:00,19.9215,19.9235,19.9025,19.9035,52
SQ:XAGUSD,2022-08-17T20:51:00+02:00,19.9035,19.9095,19.8885,19.8885,60
SQ:XAGUSD,2022-08-17T20:52:00+02:00,19.8885,19.8995,19.8885,19.8955,49
SQ:XAGUSD,2022-08-17T20:53:00+02:00,19.8965,19.9005,19.8915,19.8995,28
SQ:XAGUSD,2022-08-17T20:54:00+02:00,19.9005,19.9005,19.8955,19.8975,15
SQ:XAGUSD,2022-08-17T20:55:00+02:00,19.8975,19.9015,19.8885,19.9000,32
SQ:XAGUSD,2022-08-17T20:56:00+02:00,19.9015,19.9105,19.8965,19.9085,59
SQ:XAGUSD,2022-08-17T20:57:00+02:00,19.9085,19.9095,19.8935,19.8945,47
SQ:XAGUSD,2022-08-17T20:58:00+02:00,19.8945,19.8965,19.8835,19.8880,73
SQ:XAGUSD,2022-08-17T20:59:00+02:00,19.8885,19.8885,19.8760,19.8770,68
SQ:XAGUSD,2022-08-17T21:00:00+02:00,19.8760,19.8760,19.8635,19.8705,84
SQ:XAGUSD,2022-08-17T21:01:00+02:00,19.8715,19.8905,19.8685,19.8765,99
SQ:XAGUSD,2022-08-17T21:02:00+02:00,19.8775,19.8845,19.8735,19.8775,77
SQ:XAGUSD,2022-08-17T21:03:00+02:00,19.8785,19.8815,19.8735,19.8745,50
SQ:XAGUSD,2022-08-17T21:04:00+02:00,19.8765,19.8825,19.8735,19.8795,65
SQ:XAGUSD,2022-08-17T21:05:00+02:00,19.8795,19.8885,19.8785,19.8845,79
SQ:XAGUSD,2022-08-17T21:06:00+02:00,19.8845,19.8865,19.8745,19.8795,59
SQ:XAGUSD,2022-08-17T21:07:00+02:00,19.8795,19.8795,19.8685,19.8685,55
SQ:XAGUSD,2022-08-17T21:08:00+02:00,19.8695,19.8785,19.8695,19.8775,55
SQ:XAGUSD,2022-08-17T21:09:00+02:00,19.8775,19.8775,19.8605,19.8675,51
SQ:XAGUSD,2022-08-17T21:10:00+02:00,19.8685,19.8725,19.8555,19.8575,71
SQ:XAGUSD,2022-08-17T21:11:00+02:00,19.8575,19.8605,19.8465,19.8465,77
SQ:XAGUSD,2022-08-17T21:12:00+02:00,19.8455,19.8535,19.8435,19.8475,79
SQ:XAGUSD,2022-08-17T21:13:00+02:00,19.8475,19.8475,19.8275,19.8285,99
SQ:XAGUSD,2022-08-17T21:14:00+02:00,19.8275,19.8375,19.8265,19.8365,76
SQ:XAGUSD,2022-08-17T21:15:00+02:00,19.8365,19.8425,19.8285,19.8285,81
SQ:XAGUSD,2022-08-17T21:16:00+02:00,19.8275,19.8385,19.8255,19.8335,59
SQ:XAGUSD,2022-08-17T21:17:00+02:00,19.8335,19.8345,19.8275,19.8325,51
SQ:XAGUSD,2022-08-17T21:18:00+02:00,19.8335,19.8345,19.8265,19.8325,45
SQ:XAGUSD,2022-08-17T21:19:00+02:00,19.8335,19.8335,19.8175,19.8175,48
SQ:XAGUSD,2022-08-17T21:20:00+02:00,19.8165,19.8305,19.8165,19.8265,62
SQ:XAGUSD,2022-08-17T21:21:00+02:00,19.8265,19.8285,19.8165,19.8265,59
SQ:XAGUSD,2022-08-17T21:22:00+02:00,19.8245,19.8255,19.8185,19.8225,53
SQ:XAGUSD,2022-08-17T21:23:00+02:00,19.8235,19.8285,19.8215,19.8245,47
SQ:XAGUSD,2022-08-17T21:24:00+02:00,19.8255,19.8335,19.8215,19.8315,38
SQ:XAGUSD,2022-08-17T21:25:00+02:00,19.8315,19.8385,19.8275,19.8315,54
SQ:XAGUSD,2022-08-17T21:26:00+02:00,19.8315,19.8385,19.8245,19.8245,53
SQ:XAGUSD,2022-08-17T21:27:00+02:00,19.8255,19.8285,19.8215,19.8235,56
SQ:XAGUSD,2022-08-17T21:28:00+02:00,19.8235,19.8335,19.8205,19.8325,31
SQ:XAGUSD,2022-08-17T21:29:00+02:00,19.8325,19.8345,19.8285,19.8345,30
SQ:XAGUSD,2022-08-17T21:30:00+02:00,19.8345,19.8385,19.8295,19.8375,40
SQ:XAGUSD,2022-08-17T21:31:00+02:00,19.8375,19.8425,19.8345,19.8355,34
SQ:XAGUSD,2022-08-17T21:32:00+02:00,19.8345,19.8375,19.8285,19.8335,46
SQ:XAGUSD,2022-08-17T21:33:00+02:00,19.8345,19.8395,19.8335,19.8365,25
SQ:XAGUSD,2022-08-17T21:34:00+02:00,19.8345,19.8395,19.8315,19.8325,46
SQ:XAGUSD,2022-08-17T21:35:00+02:00,19.8335,19.8415,19.8315,19.8395,39
SQ:XAGUSD,2022-08-17T21:36:00+02:00,19.8395,19.8435,19.8355,19.8385,41
SQ:XAGUSD,2022-08-17T21:37:00+02:00,19.8395,19.8515,19.8395,19.8445,30
SQ:XAGUSD,2022-08-17T21:38:00+02:00,19.8455,19.8495,19.8385,19.8395,54
SQ:XAGUSD,2022-08-17T21:39:00+02:00,19.8395,19.8395,19.8285,19.8315,45
SQ:XAGUSD,2022-08-17T21:40:00+02:00,19.8305,19.8395,19.8305,19.8385,39
SQ:XAGUSD,2022-08-17T21:41:00+02:00,19.8365,19.8395,19.8335,19.8355,26
SQ:XAGUSD,2022-08-17T21:42:00+02:00,19.8375,19.8395,19.8325,19.8385,40
SQ:XAGUSD,2022-08-17T21:43:00+02:00,19.8375,19.8415,19.8335,19.8415,38
SQ:XAGUSD,2022-08-17T21:44:00+02:00,19.8405,19.8405,19.8335,19.8345,28
SQ:XAGUSD,2022-08-17T21:45:00+02:00,19.8335,19.8355,19.8285,19.8325,35
SQ:XAGUSD,2022-08-17T21:46:00+02:00,19.8325,19.8325,19.8255,19.8255,44
SQ:XAGUSD,2022-08-17T21:47:00+02:00,19.8245,19.8255,19.8185,19.8195,35
SQ:XAGUSD,2022-08-17T21:48:00+02:00,19.8185,19.8185,19.8095,19.8155,44
SQ:XAGUSD,2022-08-17T21:49:00+02:00,19.8145,19.8155,19.8095,19.8095,18
SQ:XAGUSD,2022-08-17T21:50:00+02:00,19.8105,19.8225,19.8105,19.8195,52
SQ:XAGUSD,2022-08-17T21:51:00+02:00,19.8195,19.8205,19.8125,19.8135,46
SQ:XAGUSD,2022-08-17T21:52:00+02:00,19.8135,19.8195,19.8135,19.8175,36
SQ:XAGUSD,2022-08-17T21:53:00+02:00,19.8185,19.8205,19.8155,19.8155,27
SQ:XAGUSD,2022-08-17T21:54:00+02:00,19.8165,19.8215,19.8135,19.8165,37
SQ:XAGUSD,2022-08-17T21:55:00+02:00,19.8165,19.8175,19.8115,19.8135,54
SQ:XAGUSD,2022-08-17T21:56:00+02:00,19.8135,19.8155,19.8045,19.8055,32
SQ:XAGUSD,2022-08-17T21:57:00+02:00,19.8065,19.8075,19.7995,19.8005,42
SQ:XAGUSD,2022-08-17T21:58:00+02:00,19.8005,19.8025,19.7975,19.7985,28
SQ:XAGUSD,2022-08-17T21:59:00+02:00,19.7985,19.8035,19.7965,19.7985,59
SQ:XAGUSD,2022-08-17T22:00:00+02:00,19.7955,19.8025,19.7955,19.8005,53
SQ:XAGUSD,2022-08-17T22:01:00+02:00,19.8015,19.8045,19.7985,19.8025,31
SQ:XAGUSD,2022-08-17T22:02:00+02:00,19.8035,19.8045,19.7995,19.8025,19
SQ:XAGUSD,2022-08-17T22:03:00+02:00,19.8015,19.8015,19.7985,19.8005,18
SQ:XAGUSD,2022-08-17T22:04:00+02:00,19.8005,19.8015,19.7965,19.8015,18
SQ:XAGUSD,2022-08-17T22:05:00+02:00,19.8005,19.8055,19.8005,19.8015,18
SQ:XAGUSD,2022-08-17T22:06:00+02:00,19.8025,19.8035,19.8015,19.8015,7
SQ:XAGUSD,2022-08-17T22:07:00+02:00,19.8035,19.8035,19.8015,19.8035,5
SQ:XAGUSD,2022-08-17T22:08:00+02:00,19.8025,19.8035,19.8015,19.8035,8
SQ:XAGUSD,2022-08-17T22:09:00+02:00,19.8035,19.8075,19.8035,19.8075,4
SQ:XAGUSD,2022-08-17T22:10:00+02:00,19.8065,19.8075,19.8035,19.8055,18
SQ:XAGUSD,2022-08-17T22:11:00+02:00,19.8055,19.8075,19.8045,19.8065,11
SQ:XAGUSD,2022-08-17T22:12:00+02:00,19.8095,19.8095,19.8045,19.8045,12
SQ:XAGUSD,2022-08-17T22:13:00+02:00,19.8045,19.8085,19.8045,19.8055,5
SQ:XAGUSD,2022-08-17T22:14:00+02:00,19.8055,19.8075,19.8055,19.8055,11
SQ:XAGUSD,2022-08-17T22:15:00+02:00,19.8055,19.8065,19.8055,19.8065,8
SQ:XAGUSD,2022-08-17T22:16:00+02:00,19.8065,19.8095,19.8055,19.8055,19
SQ:XAGUSD,2022-08-17T22:17:00+02:00,19.8055,19.8075,19.8015,19.8015,6
SQ:XAGUSD,2022-08-17T22:18:00+02:00,19.8015,19.8015,19.8005,19.8005,2
SQ:XAGUSD,2022-08-17T22:19:00+02:00,19.8005,19.8015,19.8005,19.8005,5
SQ:XAGUSD,2022-08-17T22:20:00+02:00,19.8005,19.8005,19.7995,19.7995,3
SQ:XAGUSD,2022-08-17T22:21:00+02:00,19.7995,19.8005,19.7925,19.7935,13
SQ:XAGUSD,2022-08-17T22:22:00+02:00,19.7925,19.7925,19.7895,19.7895,5
SQ:XAGUSD,2022-08-17T22:23:00+02:00,19.7895,19.7925,19.7885,19.7905,9
SQ:XAGUSD,2022-08-17T22:24:00+02:00,19.7905,19.7905,19.7875,19.7895,19
SQ:XAGUSD,2022-08-17T22:25:00+02:00,19.7885,19.7905,19.7885,19.7885,12
SQ:XAGUSD,2022-08-17T22:26:00+02:00,19.7885,19.7885,19.7825,19.7855,9
SQ:XAGUSD,2022-08-17T22:27:00+02:00,19.7865,19.7915,19.7855,19.7865,9
SQ:XAGUSD,2022-08-17T22:28:00+02:00,19.7855,19.7865,19.7835,19.7855,8
SQ:XAGUSD,2022-08-17T22:29:00+02:00,19.7855,19.7885,19.7825,19.7845,21
SQ:XAGUSD,2022-08-17T22:30:00+02:00,19.7845,19.7885,19.7835,19.7865,17
SQ:XAGUSD,2022-08-17T22:31:00+02:00,19.7865,19.7925,19.7865,19.7915,12
SQ:XAGUSD,2022-08-17T22:32:00+02:00,19.7915,19.7965,19.7915,19.7965,6
SQ:XAGUSD,2022-08-17T22:33:00+02:00,19.7965,19.7965,19.7955,19.7965,5
SQ:XAGUSD,2022-08-17T22:34:00+02:00,19.7965,19.7965,19.7955,19.7965,5
SQ:XAGUSD,2022-08-17T22:35:00+02:00,19.7965,19.7965,19.7895,19.7905,9
SQ:XAGUSD,2022-08-17T22:36:00+02:00,19.7905,19.7905,19.7865,19.7875,13
SQ:XAGUSD,2022-08-17T22:37:00+02:00,19.7865,19.7865,19.7725,19.7825,19
SQ:XAGUSD,2022-08-17T22:38:00+02:00,19.7825,19.7875,19.7825,19.7865,12
SQ:XAGUSD,2022-08-17T22:39:00+02:00,19.7875,19.7875,19.7845,19.7875,9
SQ:XAGUSD,2022-08-17T22:40:00+02:00,19.7865,19.7885,19.7835,19.7835,12
SQ:XAGUSD,2022-08-17T22:41:00+02:00,19.7855,19.7885,19.7825,19.7885,16
SQ:XAGUSD,2022-08-17T22:42:00+02:00,19.7885,19.7885,19.7855,19.7865,15
SQ:XAGUSD,2022-08-17T22:43:00+02:00,19.7865,19.7875,19.7835,19.7875,14
SQ:XAGUSD,2022-08-17T22:44:00+02:00,19.7875,19.7875,19.7815,19.7815,20
SQ:XAGUSD,2022-08-17T22:45:00+02:00,19.7815,19.7815,19.7745,19.7785,16
SQ:XAGUSD,2022-08-17T22:46:00+02:00,19.7815,19.7815,19.7785,19.7805,10
SQ:XAGUSD,2022-08-17T22:47:00+02:00,19.7805,19.7815,19.7775,19.7785,15
SQ:XAGUSD,2022-08-17T22:48:00+02:00,19.7775,19.7805,19.7755,19.7755,12
SQ:XAGUSD,2022-08-17T22:49:00+02:00,19.7755,19.7755,19.7725,19.7745,11
SQ:XAGUSD,2022-08-17T22:50:00+02:00,19.7735,19.7805,19.7735,19.7795,20
SQ:XAGUSD,2022-08-17T22:51:00+02:00,19.7785,19.7795,19.7775,19.7785,13
SQ:XAGUSD,2022-08-17T22:52:00+02:00,19.7775,19.7795,19.7745,19.7765,10
SQ:XAGUSD,2022-08-17T22:53:00+02:00,19.7775,19.7825,19.7775,19.7775,21
SQ:XAGUSD,2022-08-17T22:54:00+02:00,19.7785,19.7795,19.7755,19.7775,11
