SQ:GBPUSD,2023-08-18T00:00:00+02:00,1.27433,1.27434,1.27419,1.27432,59
SQ:GBPUSD,2023-08-18T00:01:00+02:00,1.27433,1.27438,1.27432,1.27434,22
SQ:GBPUSD,2023-08-18T00:02:00+02:00,1.27434,1.27436,1.27432,1.27435,16
SQ:GBPUSD,2023-08-18T00:03:00+02:00,1.27430,1.27433,1.27412,1.27412,25
SQ:GBPUSD,2023-08-18T00:04:00+02:00,1.27412,1.27412,1.27403,1.27411,17
SQ:GBPUSD,2023-08-18T00:05:00+02:00,1.27410,1.27419,1.27409,1.27415,37
SQ:GBPUSD,2023-08-18T00:06:00+02:00,1.27415,1.27417,1.27397,1.27403,26
SQ:GBPUSD,2023-08-18T00:07:00+02:00,1.27402,1.27402,1.27395,1.27395,8
SQ:GBPUSD,2023-08-18T00:08:00+02:00,1.27395,1.27395,1.27390,1.27395,3
SQ:GBPUSD,2023-08-18T00:09:00+02:00,1.27395,1.27410,1.27388,1.27395,10
SQ:GBPUSD,2023-08-18T00:10:00+02:00,1.27395,1.27396,1.27391,1.27391,10
SQ:GBPUSD,2023-08-18T00:11:00+02:00,1.27391,1.27393,1.27391,1.27393,2
SQ:GBPUSD,2023-08-18T00:12:00+02:00,1.27393,1.27394,1.27393,1.27394,2
SQ:GBPUSD,2023-08-18T00:13:00+02:00,1.27394,1.27394,1.27393,1.27393,2
SQ:GBPUSD,2023-08-18T00:14:00+02:00,1.27393,1.27393,1.27390,1.27390,2
SQ:GBPUSD,2023-08-18T00:15:00+02:00,1.27407,1.27433,1.27407,1.27430,174
SQ:GBPUSD,2023-08-18T00:16:00+02:00,1.27428,1.27436,1.27418,1.27432,94
SQ:GBPUSD,2023-08-18T00:17:00+02:00,1.27435,1.27450,1.27434,1.27450,25
SQ:GBPUSD,2023-08-18T00:18:00+02:00,1.27448,1.27459,1.27445,1.27455,69
SQ:GBPUSD,2023-08-18T00:19:00+02:00,1.27456,1.27461,1.27454,1.27460,32
SQ:GBPUSD,2023-08-18T00:20:00+02:00,1.27461,1.27463,1.27450,1.27452,43
SQ:GBPUSD,2023-08-18T00:21:00+02:00,1.27451,1.27461,1.27449,1.27461,66
SQ:GBPUSD,2023-08-18T00:22:00+02:00,1.27461,1.27466,1.27460,1.27466,13
SQ:GBPUSD,2023-08-18T00:23:00+02:00,1.27466,1.27467,1.27463,1.27466,14
SQ:GBPUSD,2023-08-18T00:24:00+02:00,1.27466,1.27468,1.27464,1.27466,17
SQ:GBPUSD,2023-08-18T00:25:00+02:00,1.27465,1.27469,1.27450,1.27455,42
SQ:GBPUSD,2023-08-18T00:26:00+02:00,1.27454,1.27460,1.27452,1.27460,24
SQ:GBPUSD,2023-08-18T00:27:00+02:00,1.27460,1.27466,1.27447,1.27447,29
SQ:GBPUSD,2023-08-18T00:28:00+02:00,1.27447,1.27451,1.27446,1.27450,12
SQ:GBPUSD,2023-08-18T00:29:00+02:00,1.27450,1.27452,1.27437,1.27440,16
SQ:GBPUSD,2023-08-18T00:30:00+02:00,1.27441,1.27452,1.27436,1.27452,16
SQ:GBPUSD,2023-08-18T00:31:00+02:00,1.27451,1.27457,1.27446,1.27457,16
SQ:GBPUSD,2023-08-18T00:32:00+02:00,1.27456,1.27462,1.27456,1.27459,16
SQ:GBPUSD,2023-08-18T00:33:00+02:00,1.27459,1.27460,1.27457,1.27458,25
SQ:GBPUSD,2023-08-18T00:34:00+02:00,1.27457,1.27459,1.27453,1.27453,16
SQ:GBPUSD,2023-08-18T00:35:00+02:00,1.27452,1.27453,1.27447,1.27450,20
SQ:GBPUSD,2023-08-18T00:36:00+02:00,1.27450,1.27450,1.27446,1.27449,8
SQ:GBPUSD,2023-08-18T00:37:00+02:00,1.27449,1.27449,1.27433,1.27434,13
SQ:GBPUSD,2023-08-18T00:38:00+02:00,1.27434,1.27437,1.27434,1.27435,12
SQ:GBPUSD,2023-08-18T00:39:00+02:00,1.27436,1.27436,1.27433,1.27433,8
SQ:GBPUSD,2023-08-18T00:40:00+02:00,1.27432,1.27433,1.27431,1.27431,6
SQ:GBPUSD,2023-08-18T00:41:00+02:00,1.27431,1.27439,1.27431,1.27437,13
SQ:GBPUSD,2023-08-18T00:42:00+02:00,1.27438,1.27438,1.27432,1.27437,7
SQ:GBPUSD,2023-08-18T00:43:00+02:00,1.27438,1.27439,1.27437,1.27438,11
SQ:GBPUSD,2023-08-18T00:44:00+02:00,1.27438,1.27443,1.27438,1.27442,9
SQ:GBPUSD,2023-08-18T00:45:00+02:00,1.27443,1.27449,1.27442,1.27448,20
SQ:GBPUSD,2023-08-18T00:46:00+02:00,1.27448,1.27450,1.27446,1.27447,14
SQ:GBPUSD,2023-08-18T00:47:00+02:00,1.27447,1.27449,1.27445,1.27449,4
SQ:GBPUSD,2023-08-18T00:48:00+02:00,1.27448,1.27449,1.27441,1.27441,14
SQ:GBPUSD,2023-08-18T00:49:00+02:00,1.27441,1.27443,1.27440,1.27441,12
SQ:GBPUSD,2023-08-18T00:50:00+02:00,1.27442,1.27442,1.27439,1.27439,8
SQ:GBPUSD,2023-08-18T00:51:00+02:00,1.27440,1.27440,1.27439,1.27440,3
SQ:GBPUSD,2023-08-18T00:52:00+02:00,1.27440,1.27440,1.27440,1.27440,1
SQ:GBPUSD,2023-08-18T00:53:00+02:00,1.27440,1.27442,1.27440,1.27442,5
SQ:GBPUSD,2023-08-18T00:54:00+02:00,1.27441,1.27443,1.27439,1.27440,10
SQ:GBPUSD,2023-08-18T00:55:00+02:00,1.27439,1.27442,1.27439,1.27442,3
SQ:GBPUSD,2023-08-18T00:56:00+02:00,1.27442,1.27444,1.27441,1.27441,8
SQ:GBPUSD,2023-08-18T00:57:00+02:00,1.27442,1.27449,1.27435,1.27437,21
SQ:GBPUSD,2023-08-18T00:58:00+02:00,1.27436,1.27436,1.27433,1.27436,7
SQ:GBPUSD,2023-08-18T00:59:00+02:00,1.27436,1.27437,1.27434,1.27435,8
SQ:GBPUSD,2023-08-18T01:00:00+02:00,1.27435,1.27448,1.27432,1.27448,29
SQ:GBPUSD,2023-08-18T01:01:00+02:00,1.27448,1.27452,1.27448,1.27451,6
SQ:GBPUSD,2023-08-18T01:02:00+02:00,1.27451,1.27452,1.27443,1.27443,18
SQ:GBPUSD,2023-08-18T01:03:00+02:00,1.27443,1.27443,1.27441,1.27441,5
SQ:GBPUSD,2023-08-18T01:04:00+02:00,1.27441,1.27445,1.27436,1.27441,27
SQ:GBPUSD,2023-08-18T01:05:00+02:00,1.27441,1.27441,1.27440,1.27441,3
SQ:GBPUSD,2023-08-18T01:06:00+02:00,1.27441,1.27444,1.27434,1.27444,12
SQ:GBPUSD,2023-08-18T01:07:00+02:00,1.27442,1.27442,1.27441,1.27441,4
SQ:GBPUSD,2023-08-18T01:08:00+02:00,1.27441,1.27443,1.27434,1.27442,17
SQ:GBPUSD,2023-08-18T01:09:00+02:00,1.27443,1.27443,1.27437,1.27439,16
SQ:GBPUSD,2023-08-18T01:10:00+02:00,1.27438,1.27444,1.27434,1.27442,14
SQ:GBPUSD,2023-08-18T01:11:00+02:00,1.27443,1.27465,1.27442,1.27463,16
SQ:GBPUSD,2023-08-18T01:12:00+02:00,1.27463,1.27465,1.27461,1.27463,8
SQ:GBPUSD,2023-08-18T01:13:00+02:00,1.27463,1.27463,1.27461,1.27463,5
SQ:GBPUSD,2023-08-18T01:14:00+02:00,1.27462,1.27464,1.27461,1.27461,13
SQ:GBPUSD,2023-08-18T01:15:00+02:00,1.27461,1.27477,1.27461,1.27473,19
SQ:GBPUSD,2023-08-18T01:16:00+02:00,1.27472,1.27473,1.27469,1.27472,16
SQ:GBPUSD,2023-08-18T01:17:00+02:00,1.27472,1.27473,1.27464,1.27473,23
SQ:GBPUSD,2023-08-18T01:18:00+02:00,1.27473,1.27475,1.27470,1.27474,19
SQ:GBPUSD,2023-08-18T01:19:00+02:00,1.27474,1.27474,1.27468,1.27472,20
SQ:GBPUSD,2023-08-18T01:20:00+02:00,1.27472,1.27475,1.27467,1.27474,20
SQ:GBPUSD,2023-08-18T01:21:00+02:00,1.27475,1.27482,1.27472,1.27482,13
SQ:GBPUSD,2023-08-18T01:22:00+02:00,1.27482,1.27483,1.27480,1.27483,5
SQ:GBPUSD,2023-08-18T01:23:00+02:00,1.27483,1.27483,1.27472,1.27472,18
SQ:GBPUSD,2023-08-18T01:24:00+02:00,1.27471,1.27472,1.27464,1.27464,7
SQ:GBPUSD,2023-08-18T01:25:00+02:00,1.27464,1.27484,1.27463,1.27483,20
SQ:GBPUSD,2023-08-18T01:26:00+02:00,1.27483,1.27483,1.27475,1.27476,13
SQ:GBPUSD,2023-08-18T01:27:00+02:00,1.27474,1.27476,1.27463,1.27463,8
SQ:GBPUSD,2023-08-18T01:28:00+02:00,1.27464,1.27464,1.27462,1.27462,7
SQ:GBPUSD,2023-08-18T01:29:00+02:00,1.27462,1.27462,1.27453,1.27453,10
SQ:GBPUSD,2023-08-18T01:30:00+02:00,1.27453,1.27454,1.27452,1.27452,9
SQ:GBPUSD,2023-08-18T01:31:00+02:00,1.27453,1.27453,1.27452,1.27453,7
SQ:GBPUSD,2023-08-18T01:32:00+02:00,1.27452,1.27453,1.27452,1.27452,3
SQ:GBPUSD,2023-08-18T01:33:00+02:00,1.27452,1.27455,1.27452,1.27455,3
SQ:GBPUSD,2023-08-18T01:34:00+02:00,1.27453,1.27454,1.27453,1.27453,5
SQ:GBPUSD,2023-08-18T01:35:00+02:00,1.27453,1.27465,1.27453,1.27464,11
SQ:GBPUSD,2023-08-18T01:36:00+02:00,1.27468,1.27468,1.27460,1.27463,14
SQ:GBPUSD,2023-08-18T01:37:00+02:00,1.27462,1.27465,1.27460,1.27462,22
SQ:GBPUSD,2023-08-18T01:38:00+02:00,1.27462,1.27465,1.27461,1.27465,25
SQ:GBPUSD,2023-08-18T01:39:00+02:00,1.27465,1.27477,1.27464,1.27474,17
SQ:GBPUSD,2023-08-18T01:40:00+02:00,1.27473,1.27475,1.27472,1.27473,8
SQ:GBPUSD,2023-08-18T01:41:00+02:00,1.27473,1.27477,1.27473,1.27477,8
SQ:GBPUSD,2023-08-18T01:42:00+02:00,1.27477,1.27477,1.27473,1.27474,7
SQ:GBPUSD,2023-08-18T01:43:00+02:00,1.27475,1.27475,1.27473,1.27474,9
SQ:GBPUSD,2023-08-18T01:44:00+02:00,1.27474,1.27474,1.27473,1.27473,2
SQ:GBPUSD,2023-08-18T01:45:00+02:00,1.27473,1.27476,1.27467,1.27473,13
SQ:GBPUSD,2023-08-18T01:46:00+02:00,1.27473,1.27474,1.27466,1.27470,15
SQ:GBPUSD,2023-08-18T01:47:00+02:00,1.27470,1.27471,1.27463,1.27463,9
SQ:GBPUSD,2023-08-18T01:48:00+02:00,1.27463,1.27465,1.27455,1.27455,7
SQ:GBPUSD,2023-08-18T01:49:00+02:00,1.27455,1.27464,1.27455,1.27464,11
SQ:GBPUSD,2023-08-18T01:50:00+02:00,1.27463,1.27465,1.27463,1.27464,4
SQ:GBPUSD,2023-08-18T01:51:00+02:00,1.27463,1.27464,1.27463,1.27464,2
SQ:GBPUSD,2023-08-18T01:52:00+02:00,1.27464,1.27466,1.27464,1.27464,7
SQ:GBPUSD,2023-08-18T01:53:00+02:00,1.27464,1.27466,1.27463,1.27463,12
SQ:GBPUSD,2023-08-18T01:54:00+02:00,1.27465,1.27466,1.27465,1.27465,3
SQ:GBPUSD,2023-08-18T01:55:00+02:00,1.27465,1.27465,1.27462,1.27462,23
SQ:GBPUSD,2023-08-18T01:56:00+02:00,1.27462,1.27464,1.27460,1.27462,15
SQ:GBPUSD,2023-08-18T01:57:00+02:00,1.27462,1.27464,1.27459,1.27463,12
SQ:GBPUSD,2023-08-18T01:58:00+02:00,1.27463,1.27464,1.27455,1.27464,19
SQ:GBPUSD,2023-08-18T01:59:00+02:00,1.27464,1.27464,1.27456,1.27457,10
SQ:GBPUSD,2023-08-18T02:00:00+02:00,1.27456,1.27467,1.27447,1.27464,56
SQ:GBPUSD,2023-08-18T02:01:00+02:00,1.27462,1.27473,1.27454,1.27459,45
SQ:GBPUSD,2023-08-18T02:02:00+02:00,1.27459,1.27459,1.27441,1.27455,48
SQ:GBPUSD,2023-08-18T02:03:00+02:00,1.27455,1.27470,1.27455,1.27458,43
SQ:GBPUSD,2023-08-18T02:04:00+02:00,1.27457,1.27459,1.27451,1.27459,24
SQ:GBPUSD,2023-08-18T02:05:00+02:00,1.27460,1.27469,1.27456,1.27469,38
SQ:GBPUSD,2023-08-18T02:06:00+02:00,1.27469,1.27489,1.27469,1.27487,43
SQ:GBPUSD,2023-08-18T02:07:00+02:00,1.27487,1.27487,1.27472,1.27472,37
SQ:GBPUSD,2023-08-18T02:08:00+02:00,1.27472,1.27478,1.27468,1.27470,28
SQ:GBPUSD,2023-08-18T02:09:00+02:00,1.27470,1.27480,1.27467,1.27472,34
SQ:GBPUSD,2023-08-18T02:10:00+02:00,1.27472,1.27474,1.27463,1.27466,31
SQ:GBPUSD,2023-08-18T02:11:00+02:00,1.27466,1.27474,1.27462,1.27470,34
SQ:GBPUSD,2023-08-18T02:12:00+02:00,1.27470,1.27472,1.27458,1.27465,29
SQ:GBPUSD,2023-08-18T02:13:00+02:00,1.27467,1.27471,1.27455,1.27461,36
SQ:GBPUSD,2023-08-18T02:14:00+02:00,1.27461,1.27477,1.27461,1.27472,36
SQ:GBPUSD,2023-08-18T02:15:00+02:00,1.27472,1.27481,1.27466,1.27477,44
SQ:GBPUSD,2023-08-18T02:16:00+02:00,1.27477,1.27486,1.27472,1.27485,26
SQ:GBPUSD,2023-08-18T02:17:00+02:00,1.27484,1.27491,1.27474,1.27489,37
SQ:GBPUSD,2023-08-18T02:18:00+02:00,1.27488,1.27497,1.27486,1.27493,15
SQ:GBPUSD,2023-08-18T02:19:00+02:00,1.27493,1.27500,1.27493,1.27498,30
SQ:GBPUSD,2023-08-18T02:20:00+02:00,1.27498,1.27501,1.27498,1.27501,11
SQ:GBPUSD,2023-08-18T02:21:00+02:00,1.27496,1.27499,1.27488,1.27492,23
SQ:GBPUSD,2023-08-18T02:22:00+02:00,1.27492,1.27499,1.27488,1.27491,22
SQ:GBPUSD,2023-08-18T02:23:00+02:00,1.27491,1.27500,1.27491,1.27499,16
SQ:GBPUSD,2023-08-18T02:24:00+02:00,1.27499,1.27506,1.27497,1.27505,25
SQ:GBPUSD,2023-08-18T02:25:00+02:00,1.27505,1.27510,1.27500,1.27509,15
SQ:GBPUSD,2023-08-18T02:26:00+02:00,1.27509,1.27511,1.27506,1.27509,8
SQ:GBPUSD,2023-08-18T02:27:00+02:00,1.27509,1.27510,1.27503,1.27509,29
SQ:GBPUSD,2023-08-18T02:28:00+02:00,1.27510,1.27512,1.27507,1.27512,10
SQ:GBPUSD,2023-08-18T02:29:00+02:00,1.27512,1.27512,1.27505,1.27505,12
SQ:GBPUSD,2023-08-18T02:30:00+02:00,1.27505,1.27506,1.27493,1.27494,23
SQ:GBPUSD,2023-08-18T02:31:00+02:00,1.27494,1.27500,1.27494,1.27497,19
SQ:GBPUSD,2023-08-18T02:32:00+02:00,1.27497,1.27500,1.27494,1.27498,13
SQ:GBPUSD,2023-08-18T02:33:00+02:00,1.27499,1.27500,1.27493,1.27496,21
SQ:GBPUSD,2023-08-18T02:34:00+02:00,1.27496,1.27501,1.27494,1.27494,25
SQ:GBPUSD,2023-08-18T02:35:00+02:00,1.27494,1.27498,1.27494,1.27498,9
SQ:GBPUSD,2023-08-18T02:36:00+02:00,1.27498,1.27505,1.27496,1.27504,18
SQ:GBPUSD,2023-08-18T02:37:00+02:00,1.27504,1.27507,1.27504,1.27507,6
SQ:GBPUSD,2023-08-18T02:38:00+02:00,1.27507,1.27507,1.27498,1.27501,34
SQ:GBPUSD,2023-08-18T02:39:00+02:00,1.27501,1.27515,1.27496,1.27507,46
SQ:GBPUSD,2023-08-18T02:40:00+02:00,1.27507,1.27519,1.27507,1.27518,21
SQ:GBPUSD,2023-08-18T02:41:00+02:00,1.27518,1.27521,1.27515,1.27518,23
SQ:GBPUSD,2023-08-18T02:42:00+02:00,1.27517,1.27533,1.27517,1.27531,25
SQ:GBPUSD,2023-08-18T02:43:00+02:00,1.27531,1.27541,1.27527,1.27540,33
SQ:GBPUSD,2023-08-18T02:44:00+02:00,1.27542,1.27546,1.27507,1.27507,39
SQ:GBPUSD,2023-08-18T02:45:00+02:00,1.27507,1.27538,1.27507,1.27536,30
SQ:GBPUSD,2023-08-18T02:46:00+02:00,1.27536,1.27540,1.27532,1.27538,21
SQ:GBPUSD,2023-08-18T02:47:00+02:00,1.27538,1.27549,1.27535,1.27547,26
SQ:GBPUSD,2023-08-18T02:48:00+02:00,1.27547,1.27558,1.27547,1.27550,33
SQ:GBPUSD,2023-08-18T02:49:00+02:00,1.27550,1.27566,1.27549,1.27563,46
SQ:GBPUSD,2023-08-18T02:50:00+02:00,1.27564,1.27566,1.27550,1.27558,44
SQ:GBPUSD,2023-08-18T02:51:00+02:00,1.27557,1.27567,1.27553,1.27563,51
SQ:GBPUSD,2023-08-18T02:52:00+02:00,1.27563,1.27570,1.27544,1.27551,60
SQ:GBPUSD,2023-08-18T02:53:00+02:00,1.27551,1.27563,1.27547,1.27557,67
SQ:GBPUSD,2023-08-18T02:54:00+02:00,1.27557,1.27576,1.27556,1.27563,119
SQ:GBPUSD,2023-08-18T02:55:00+02:00,1.27563,1.27567,1.27519,1.27521,93
SQ:GBPUSD,2023-08-18T02:56:00+02:00,1.27521,1.27521,1.27506,1.27509,64
SQ:GBPUSD,2023-08-18T02:57:00+02:00,1.27510,1.27524,1.27500,1.27523,69
SQ:GBPUSD,2023-08-18T02:58:00+02:00,1.27523,1.27536,1.27514,1.27534,88
SQ:GBPUSD,2023-08-18T02:59:00+02:00,1.27533,1.27533,1.27503,1.27504,71
SQ:GBPUSD,2023-08-18T03:00:00+02:00,1.27504,1.27526,1.27504,1.27513,99
SQ:GBPUSD,2023-08-18T03:01:00+02:00,1.27513,1.27533,1.27512,1.27532,70
SQ:GBPUSD,2023-08-18T03:02:00+02:00,1.27532,1.27539,1.27523,1.27523,67
SQ:GBPUSD,2023-08-18T03:03:00+02:00,1.27522,1.27525,1.27513,1.27521,35
SQ:GBPUSD,2023-08-18T03:04:00+02:00,1.27521,1.27527,1.27517,1.27517,27
SQ:GBPUSD,2023-08-18T03:05:00+02:00,1.27517,1.27529,1.27509,1.27510,50
SQ:GBPUSD,2023-08-18T03:06:00+02:00,1.27510,1.27521,1.27504,1.27505,50
SQ:GBPUSD,2023-08-18T03:07:00+02:00,1.27505,1.27512,1.27500,1.27512,37
SQ:GBPUSD,2023-08-18T03:08:00+02:00,1.27512,1.27542,1.27512,1.27531,62
SQ:GBPUSD,2023-08-18T03:09:00+02:00,1.27531,1.27536,1.27523,1.27532,53
SQ:GBPUSD,2023-08-18T03:10:00+02:00,1.27528,1.27533,1.27524,1.27532,39
SQ:GBPUSD,2023-08-18T03:11:00+02:00,1.27531,1.27532,1.27518,1.27525,53
SQ:GBPUSD,2023-08-18T03:12:00+02:00,1.27526,1.27545,1.27526,1.27544,37
SQ:GBPUSD,2023-08-18T03:13:00+02:00,1.27544,1.27549,1.27524,1.27524,55
SQ:GBPUSD,2023-08-18T03:14:00+02:00,1.27523,1.27539,1.27522,1.27534,64
SQ:GBPUSD,2023-08-18T03:15:00+02:00,1.27533,1.27552,1.27511,1.27541,145
SQ:GBPUSD,2023-08-18T03:16:00+02:00,1.27544,1.27565,1.27539,1.27550,85
SQ:GBPUSD,2023-08-18T03:17:00+02:00,1.27550,1.27570,1.27550,1.27567,81
SQ:GBPUSD,2023-08-18T03:18:00+02:00,1.27567,1.27575,1.27560,1.27566,66
SQ:GBPUSD,2023-08-18T03:19:00+02:00,1.27567,1.27572,1.27556,1.27557,71
SQ:GBPUSD,2023-08-18T03:20:00+02:00,1.27557,1.27558,1.27538,1.27553,76
SQ:GBPUSD,2023-08-18T03:21:00+02:00,1.27553,1.27563,1.27551,1.27551,45
SQ:GBPUSD,2023-08-18T03:22:00+02:00,1.27552,1.27557,1.27544,1.27546,54
SQ:GBPUSD,2023-08-18T03:23:00+02:00,1.27545,1.27545,1.27534,1.27535,40
SQ:GBPUSD,2023-08-18T03:24:00+02:00,1.27535,1.27558,1.27529,1.27555,65
SQ:GBPUSD,2023-08-18T03:25:00+02:00,1.27556,1.27572,1.27552,1.27569,60
SQ:GBPUSD,2023-08-18T03:26:00+02:00,1.27570,1.27570,1.27556,1.27560,38
SQ:GBPUSD,2023-08-18T03:27:00+02:00,1.27561,1.27571,1.27559,1.27569,59
SQ:GBPUSD,2023-08-18T03:28:00+02:00,1.27567,1.27568,1.27560,1.27561,46
SQ:GBPUSD,2023-08-18T03:29:00+02:00,1.27562,1.27567,1.27559,1.27564,22
SQ:GBPUSD,2023-08-18T03:30:00+02:00,1.27564,1.27578,1.27562,1.27563,73
SQ:GBPUSD,2023-08-18T03:31:00+02:00,1.27565,1.27597,1.27565,1.27597,84
SQ:GBPUSD,2023-08-18T03:32:00+02:00,1.27597,1.27623,1.27596,1.27618,79
SQ:GBPUSD,2023-08-18T03:33:00+02:00,1.27618,1.27618,1.27591,1.27598,86
SQ:GBPUSD,2023-08-18T03:34:00+02:00,1.27598,1.27598,1.27571,1.27577,79
SQ:GBPUSD,2023-08-18T03:35:00+02:00,1.27578,1.27586,1.27570,1.27570,73
SQ:GBPUSD,2023-08-18T03:36:00+02:00,1.27571,1.27579,1.27562,1.27575,71
SQ:GBPUSD,2023-08-18T03:37:00+02:00,1.27577,1.27605,1.27573,1.27605,91
SQ:GBPUSD,2023-08-18T03:38:00+02:00,1.27604,1.27614,1.27597,1.27612,62
SQ:GBPUSD,2023-08-18T03:39:00+02:00,1.27612,1.27624,1.27608,1.27615,94
SQ:GBPUSD,2023-08-18T03:40:00+02:00,1.27613,1.27614,1.27596,1.27605,58
SQ:GBPUSD,2023-08-18T03:41:00+02:00,1.27604,1.27629,1.27602,1.27627,55
SQ:GBPUSD,2023-08-18T03:42:00+02:00,1.27627,1.27627,1.27603,1.27606,65
SQ:GBPUSD,2023-08-18T03:43:00+02:00,1.27606,1.27627,1.27606,1.27622,53
SQ:GBPUSD,2023-08-18T03:44:00+02:00,1.27621,1.27636,1.27615,1.27626,66
SQ:GBPUSD,2023-08-18T03:45:00+02:00,1.27627,1.27638,1.27620,1.27620,68
SQ:GBPUSD,2023-08-18T03:46:00+02:00,1.27622,1.27625,1.27606,1.27614,60
SQ:GBPUSD,2023-08-18T03:47:00+02:00,1.27613,1.27613,1.27604,1.27604,49
SQ:GBPUSD,2023-08-18T03:48:00+02:00,1.27605,1.27606,1.27574,1.27588,94
SQ:GBPUSD,2023-08-18T03:49:00+02:00,1.27588,1.27588,1.27574,1.27584,52
SQ:GBPUSD,2023-08-18T03:50:00+02:00,1.27584,1.27586,1.27576,1.27577,52
SQ:GBPUSD,2023-08-18T03:51:00+02:00,1.27577,1.27583,1.27570,1.27577,44
SQ:GBPUSD,2023-08-18T03:52:00+02:00,1.27576,1.27599,1.27574,1.27592,74
SQ:GBPUSD,2023-08-18T03:53:00+02:00,1.27594,1.27599,1.27588,1.27599,61
SQ:GBPUSD,2023-08-18T03:54:00+02:00,1.27599,1.27607,1.27597,1.27605,67
SQ:GBPUSD,2023-08-18T03:55:00+02:00,1.27605,1.27617,1.27595,1.27617,65
SQ:GBPUSD,2023-08-18T03:56:00+02:00,1.27616,1.27627,1.27606,1.27606,67
SQ:GBPUSD,2023-08-18T03:57:00+02:00,1.27606,1.27610,1.27599,1.27609,54
SQ:GBPUSD,2023-08-18T03:58:00+02:00,1.27608,1.27627,1.27608,1.27618,67
SQ:GBPUSD,2023-08-18T03:59:00+02:00,1.27619,1.27626,1.27612,1.27619,54
SQ:GBPUSD,2023-08-18T04:00:00+02:00,1.27620,1.27622,1.27612,1.27616,36
SQ:GBPUSD,2023-08-18T04:01:00+02:00,1.27616,1.27630,1.27616,1.27619,47
SQ:GBPUSD,2023-08-18T04:02:00+02:00,1.27619,1.27629,1.27615,1.27617,57
SQ:GBPUSD,2023-08-18T04:03:00+02:00,1.27618,1.27625,1.27615,1.27618,59
SQ:GBPUSD,2023-08-18T04:04:00+02:00,1.27617,1.27631,1.27617,1.27629,59
SQ:GBPUSD,2023-08-18T04:05:00+02:00,1.27629,1.27630,1.27615,1.27620,42
SQ:GBPUSD,2023-08-18T04:06:00+02:00,1.27619,1.27637,1.27619,1.27637,50
SQ:GBPUSD,2023-08-18T04:07:00+02:00,1.27637,1.27648,1.27633,1.27637,57
SQ:GBPUSD,2023-08-18T04:08:00+02:00,1.27637,1.27637,1.27623,1.27631,48
SQ:GBPUSD,2023-08-18T04:09:00+02:00,1.27631,1.27640,1.27627,1.27639,57
SQ:GBPUSD,2023-08-18T04:10:00+02:00,1.27639,1.27640,1.27610,1.27611,34
SQ:GBPUSD,2023-08-18T04:11:00+02:00,1.27611,1.27624,1.27610,1.27617,26
SQ:GBPUSD,2023-08-18T04:12:00+02:00,1.27616,1.27632,1.27614,1.27626,44
SQ:GBPUSD,2023-08-18T04:13:00+02:00,1.27627,1.27630,1.27620,1.27625,65
SQ:GBPUSD,2023-08-18T04:14:00+02:00,1.27625,1.27633,1.27621,1.27630,46
SQ:GBPUSD,2023-08-18T04:15:00+02:00,1.27631,1.27641,1.27625,1.27627,63
SQ:GBPUSD,2023-08-18T04:16:00+02:00,1.27627,1.27630,1.27622,1.27622,33
SQ:GBPUSD,2023-08-18T04:17:00+02:00,1.27622,1.27629,1.27622,1.27624,33
SQ:GBPUSD,2023-08-18T04:18:00+02:00,1.27624,1.27626,1.27614,1.27617,61
SQ:GBPUSD,2023-08-18T04:19:00+02:00,1.27617,1.27623,1.27615,1.27617,42
SQ:GBPUSD,2023-08-18T04:20:00+02:00,1.27617,1.27618,1.27614,1.27618,32
SQ:GBPUSD,2023-08-18T04:21:00+02:00,1.27618,1.27623,1.27612,1.27622,38
SQ:GBPUSD,2023-08-18T04:22:00+02:00,1.27622,1.27626,1.27617,1.27622,38
SQ:GBPUSD,2023-08-18T04:23:00+02:00,1.27621,1.27621,1.27607,1.27609,37
SQ:GBPUSD,2023-08-18T04:24:00+02:00,1.27612,1.27612,1.27597,1.27598,60
SQ:GBPUSD,2023-08-18T04:25:00+02:00,1.27599,1.27607,1.27594,1.27594,49
SQ:GBPUSD,2023-08-18T04:26:00+02:00,1.27597,1.27609,1.27597,1.27609,22
SQ:GBPUSD,2023-08-18T04:27:00+02:00,1.27609,1.27609,1.27593,1.27595,29
SQ:GBPUSD,2023-08-18T04:28:00+02:00,1.27594,1.27605,1.27593,1.27601,40
SQ:GBPUSD,2023-08-18T04:29:00+02:00,1.27601,1.27602,1.27595,1.27596,30
SQ:GBPUSD,2023-08-18T04:30:00+02:00,1.27597,1.27600,1.27577,1.27583,41
SQ:GBPUSD,2023-08-18T04:31:00+02:00,1.27583,1.27585,1.27555,1.27556,69
SQ:GBPUSD,2023-08-18T04:32:00+02:00,1.27557,1.27561,1.27549,1.27556,51
SQ:GBPUSD,2023-08-18T04:33:00+02:00,1.27556,1.27556,1.27543,1.27551,53
SQ:GBPUSD,2023-08-18T04:34:00+02:00,1.27551,1.27553,1.27542,1.27545,47
SQ:GBPUSD,2023-08-18T04:35:00+02:00,1.27547,1.27548,1.27536,1.27536,43
SQ:GBPUSD,2023-08-18T04:36:00+02:00,1.27536,1.27548,1.27529,1.27545,29
SQ:GBPUSD,2023-08-18T04:37:00+02:00,1.27544,1.27548,1.27540,1.27547,38
SQ:GBPUSD,2023-08-18T04:38:00+02:00,1.27548,1.27549,1.27538,1.27545,61
SQ:GBPUSD,2023-08-18T04:39:00+02:00,1.27545,1.27567,1.27544,1.27564,52
SQ:GBPUSD,2023-08-18T04:40:00+02:00,1.27564,1.27564,1.27556,1.27563,35
SQ:GBPUSD,2023-08-18T04:41:00+02:00,1.27563,1.27583,1.27561,1.27580,36
SQ:GBPUSD,2023-08-18T04:42:00+02:00,1.27580,1.27587,1.27574,1.27581,40
SQ:GBPUSD,2023-08-18T04:43:00+02:00,1.27581,1.27588,1.27581,1.27586,20
SQ:GBPUSD,2023-08-18T04:44:00+02:00,1.27585,1.27588,1.27575,1.27576,24
SQ:GBPUSD,2023-08-18T04:45:00+02:00,1.27576,1.27585,1.27576,1.27583,19
SQ:GBPUSD,2023-08-18T04:46:00+02:00,1.27583,1.27589,1.27557,1.27559,31
SQ:GBPUSD,2023-08-18T04:47:00+02:00,1.27559,1.27559,1.27543,1.27544,73
SQ:GBPUSD,2023-08-18T04:48:00+02:00,1.27545,1.27547,1.27539,1.27546,43
SQ:GBPUSD,2023-08-18T04:49:00+02:00,1.27546,1.27559,1.27545,1.27554,46
SQ:GBPUSD,2023-08-18T04:50:00+02:00,1.27555,1.27559,1.27544,1.27549,52
SQ:GBPUSD,2023-08-18T04:51:00+02:00,1.27549,1.27557,1.27543,1.27547,47
SQ:GBPUSD,2023-08-18T04:52:00+02:00,1.27546,1.27550,1.27538,1.27539,44
SQ:GBPUSD,2023-08-18T04:53:00+02:00,1.27539,1.27541,1.27534,1.27536,31
SQ:GBPUSD,2023-08-18T04:54:00+02:00,1.27537,1.27537,1.27528,1.27531,20
SQ:GBPUSD,2023-08-18T04:55:00+02:00,1.27531,1.27535,1.27524,1.27532,51
SQ:GBPUSD,2023-08-18T04:56:00+02:00,1.27534,1.27539,1.27532,1.27535,25
SQ:GBPUSD,2023-08-18T04:57:00+02:00,1.27535,1.27548,1.27535,1.27548,36
SQ:GBPUSD,2023-08-18T04:58:00+02:00,1.27552,1.27552,1.27538,1.27541,49
SQ:GBPUSD,2023-08-18T04:59:00+02:00,1.27544,1.27544,1.27539,1.27541,23
SQ:GBPUSD,2023-08-18T05:00:00+02:00,1.27541,1.27541,1.27512,1.27517,70
SQ:GBPUSD,2023-08-18T05:01:00+02:00,1.27517,1.27519,1.27508,1.27518,57
SQ:GBPUSD,2023-08-18T05:02:00+02:00,1.27515,1.27523,1.27505,1.27506,42
SQ:GBPUSD,2023-08-18T05:03:00+02:00,1.27505,1.27516,1.27501,1.27511,33
SQ:GBPUSD,2023-08-18T05:04:00+02:00,1.27511,1.27522,1.27511,1.27514,36
SQ:GBPUSD,2023-08-18T05:05:00+02:00,1.27514,1.27514,1.27497,1.27497,33
SQ:GBPUSD,2023-08-18T05:06:00+02:00,1.27496,1.27498,1.27492,1.27493,20
SQ:GBPUSD,2023-08-18T05:07:00+02:00,1.27493,1.27493,1.27476,1.27487,48
SQ:GBPUSD,2023-08-18T05:08:00+02:00,1.27486,1.27489,1.27484,1.27484,23
SQ:GBPUSD,2023-08-18T05:09:00+02:00,1.27483,1.27487,1.27474,1.27478,55
SQ:GBPUSD,2023-08-18T05:10:00+02:00,1.27478,1.27479,1.27464,1.27477,50
SQ:GBPUSD,2023-08-18T05:11:00+02:00,1.27477,1.27482,1.27464,1.27467,49
SQ:GBPUSD,2023-08-18T05:12:00+02:00,1.27465,1.27482,1.27464,1.27482,57
SQ:GBPUSD,2023-08-18T05:13:00+02:00,1.27482,1.27488,1.27482,1.27486,34
SQ:GBPUSD,2023-08-18T05:14:00+02:00,1.27486,1.27489,1.27477,1.27480,38
SQ:GBPUSD,2023-08-18T05:15:00+02:00,1.27480,1.27499,1.27480,1.27497,33
SQ:GBPUSD,2023-08-18T05:16:00+02:00,1.27496,1.27500,1.27488,1.27493,41
SQ:GBPUSD,2023-08-18T05:17:00+02:00,1.27493,1.27497,1.27492,1.27495,27
SQ:GBPUSD,2023-08-18T05:18:00+02:00,1.27495,1.27496,1.27482,1.27486,35
SQ:GBPUSD,2023-08-18T05:19:00+02:00,1.27486,1.27487,1.27483,1.27486,38
SQ:GBPUSD,2023-08-18T05:20:00+02:00,1.27486,1.27489,1.27475,1.27488,36
SQ:GBPUSD,2023-08-18T05:21:00+02:00,1.27488,1.27488,1.27481,1.27486,24
SQ:GBPUSD,2023-08-18T05:22:00+02:00,1.27486,1.27488,1.27479,1.27486,28
SQ:GBPUSD,2023-08-18T05:23:00+02:00,1.27486,1.27488,1.27474,1.27479,32
SQ:GBPUSD,2023-08-18T05:24:00+02:00,1.27479,1.27494,1.27476,1.27492,29
SQ:GBPUSD,2023-08-18T05:25:00+02:00,1.27492,1.27495,1.27484,1.27488,33
SQ:GBPUSD,2023-08-18T05:26:00+02:00,1.27488,1.27490,1.27473,1.27488,31
SQ:GBPUSD,2023-08-18T05:27:00+02:00,1.27488,1.27493,1.27485,1.27493,16
SQ:GBPUSD,2023-08-18T05:28:00+02:00,1.27493,1.27506,1.27493,1.27502,44
SQ:GBPUSD,2023-08-18T05:29:00+02:00,1.27502,1.27506,1.27495,1.27501,51
SQ:GBPUSD,2023-08-18T05:30:00+02:00,1.27501,1.27505,1.27496,1.27502,29
SQ:GBPUSD,2023-08-18T05:31:00+02:00,1.27502,1.27517,1.27491,1.27517,37
SQ:GBPUSD,2023-08-18T05:32:00+02:00,1.27517,1.27529,1.27517,1.27523,54
SQ:GBPUSD,2023-08-18T05:33:00+02:00,1.27523,1.27527,1.27516,1.27527,43
SQ:GBPUSD,2023-08-18T05:34:00+02:00,1.27527,1.27529,1.27516,1.27520,32
SQ:GBPUSD,2023-08-18T05:35:00+02:00,1.27520,1.27528,1.27518,1.27525,31
SQ:GBPUSD,2023-08-18T05:36:00+02:00,1.27525,1.27530,1.27517,1.27529,31
SQ:GBPUSD,2023-08-18T05:37:00+02:00,1.27530,1.27546,1.27530,1.27545,51
SQ:GBPUSD,2023-08-18T05:38:00+02:00,1.27544,1.27546,1.27529,1.27529,33
SQ:GBPUSD,2023-08-18T05:39:00+02:00,1.27529,1.27537,1.27528,1.27530,16
SQ:GBPUSD,2023-08-18T05:40:00+02:00,1.27530,1.27544,1.27530,1.27544,24
SQ:GBPUSD,2023-08-18T05:41:00+02:00,1.27545,1.27551,1.27541,1.27544,44
SQ:GBPUSD,2023-08-18T05:42:00+02:00,1.27544,1.27544,1.27534,1.27539,31
SQ:GBPUSD,2023-08-18T05:43:00+02:00,1.27539,1.27546,1.27535,1.27535,26
SQ:GBPUSD,2023-08-18T05:44:00+02:00,1.27537,1.27545,1.27537,1.27541,22
SQ:GBPUSD,2023-08-18T05:45:00+02:00,1.27541,1.27541,1.27525,1.27536,49
SQ:GBPUSD,2023-08-18T05:46:00+02:00,1.27536,1.27536,1.27514,1.27516,55
SQ:GBPUSD,2023-08-18T05:47:00+02:00,1.27515,1.27515,1.27486,1.27488,46
SQ:GBPUSD,2023-08-18T05:48:00+02:00,1.27486,1.27491,1.27476,1.27486,48
SQ:GBPUSD,2023-08-18T05:49:00+02:00,1.27486,1.27494,1.27480,1.27480,36
SQ:GBPUSD,2023-08-18T05:50:00+02:00,1.27480,1.27492,1.27480,1.27485,37
SQ:GBPUSD,2023-08-18T05:51:00+02:00,1.27484,1.27489,1.27477,1.27477,45
SQ:GBPUSD,2023-08-18T05:52:00+02:00,1.27478,1.27481,1.27473,1.27481,33
SQ:GBPUSD,2023-08-18T05:53:00+02:00,1.27481,1.27491,1.27478,1.27481,38
SQ:GBPUSD,2023-08-18T05:54:00+02:00,1.27482,1.27487,1.27478,1.27479,39
SQ:GBPUSD,2023-08-18T05:55:00+02:00,1.27479,1.27483,1.27469,1.27481,32
SQ:GBPUSD,2023-08-18T05:56:00+02:00,1.27481,1.27492,1.27479,1.27492,28
SQ:GBPUSD,2023-08-18T05:57:00+02:00,1.27492,1.27493,1.27486,1.27488,35
SQ:GBPUSD,2023-08-18T05:58:00+02:00,1.27486,1.27498,1.27486,1.27498,24
SQ:GBPUSD,2023-08-18T05:59:00+02:00,1.27498,1.27502,1.27494,1.27498,37
SQ:GBPUSD,2023-08-18T06:00:00+02:00,1.27501,1.27518,1.27501,1.27517,52
SQ:GBPUSD,2023-08-18T06:01:00+02:00,1.27517,1.27527,1.27514,1.27517,44
SQ:GBPUSD,2023-08-18T06:02:00+02:00,1.27517,1.27528,1.27516,1.27523,36
SQ:GBPUSD,2023-08-18T06:03:00+02:00,1.27523,1.27529,1.27522,1.27527,27
SQ:GBPUSD,2023-08-18T06:04:00+02:00,1.27526,1.27529,1.27523,1.27525,23
SQ:GBPUSD,2023-08-18T06:05:00+02:00,1.27525,1.27529,1.27517,1.27518,27
SQ:GBPUSD,2023-08-18T06:06:00+02:00,1.27518,1.27531,1.27518,1.27529,22
SQ:GBPUSD,2023-08-18T06:07:00+02:00,1.27529,1.27533,1.27523,1.27525,28
SQ:GBPUSD,2023-08-18T06:08:00+02:00,1.27524,1.27525,1.27508,1.27515,60
SQ:GBPUSD,2023-08-18T06:09:00+02:00,1.27515,1.27525,1.27514,1.27525,34
SQ:GBPUSD,2023-08-18T06:10:00+02:00,1.27524,1.27524,1.27514,1.27516,23
SQ:GBPUSD,2023-08-18T06:11:00+02:00,1.27516,1.27519,1.27513,1.27514,21
SQ:GBPUSD,2023-08-18T06:12:00+02:00,1.27514,1.27515,1.27507,1.27508,17
SQ:GBPUSD,2023-08-18T06:13:00+02:00,1.27509,1.27512,1.27505,1.27505,23
SQ:GBPUSD,2023-08-18T06:14:00+02:00,1.27506,1.27507,1.27494,1.27494,29
SQ:GBPUSD,2023-08-18T06:15:00+02:00,1.27494,1.27501,1.27494,1.27501,27
SQ:GBPUSD,2023-08-18T06:16:00+02:00,1.27501,1.27508,1.27479,1.27479,37
SQ:GBPUSD,2023-08-18T06:17:00+02:00,1.27478,1.27478,1.27462,1.27466,43
SQ:GBPUSD,2023-08-18T06:18:00+02:00,1.27466,1.27470,1.27458,1.27458,48
SQ:GBPUSD,2023-08-18T06:19:00+02:00,1.27459,1.27459,1.27452,1.27456,34
SQ:GBPUSD,2023-08-18T06:20:00+02:00,1.27456,1.27465,1.27455,1.27457,48
SQ:GBPUSD,2023-08-18T06:21:00+02:00,1.27458,1.27463,1.27454,1.27458,54
SQ:GBPUSD,2023-08-18T06:22:00+02:00,1.27461,1.27469,1.27461,1.27469,31
SQ:GBPUSD,2023-08-18T06:23:00+02:00,1.27468,1.27471,1.27464,1.27466,17
SQ:GBPUSD,2023-08-18T06:24:00+02:00,1.27467,1.27472,1.27459,1.27463,43
SQ:GBPUSD,2023-08-18T06:25:00+02:00,1.27462,1.27464,1.27455,1.27458,15
SQ:GBPUSD,2023-08-18T06:26:00+02:00,1.27458,1.27458,1.27448,1.27449,37
SQ:GBPUSD,2023-08-18T06:27:00+02:00,1.27448,1.27455,1.27447,1.27452,22
SQ:GBPUSD,2023-08-18T06:28:00+02:00,1.27452,1.27460,1.27451,1.27451,28
SQ:GBPUSD,2023-08-18T06:29:00+02:00,1.27453,1.27454,1.27446,1.27449,29
SQ:GBPUSD,2023-08-18T06:30:00+02:00,1.27452,1.27457,1.27448,1.27457,28
SQ:GBPUSD,2023-08-18T06:31:00+02:00,1.27456,1.27463,1.27456,1.27460,36
SQ:GBPUSD,2023-08-18T06:32:00+02:00,1.27460,1.27472,1.27460,1.27469,49
SQ:GBPUSD,2023-08-18T06:33:00+02:00,1.27469,1.27473,1.27468,1.27471,24
SQ:GBPUSD,2023-08-18T06:34:00+02:00,1.27472,1.27472,1.27459,1.27463,47
SQ:GBPUSD,2023-08-18T06:35:00+02:00,1.27462,1.27462,1.27453,1.27454,30
SQ:GBPUSD,2023-08-18T06:36:00+02:00,1.27453,1.27454,1.27441,1.27443,48
SQ:GBPUSD,2023-08-18T06:37:00+02:00,1.27443,1.27455,1.27442,1.27453,36
SQ:GBPUSD,2023-08-18T06:38:00+02:00,1.27452,1.27465,1.27452,1.27461,38
SQ:GBPUSD,2023-08-18T06:39:00+02:00,1.27461,1.27465,1.27454,1.27455,35
SQ:GBPUSD,2023-08-18T06:40:00+02:00,1.27457,1.27465,1.27457,1.27464,28
SQ:GBPUSD,2023-08-18T06:41:00+02:00,1.27466,1.27466,1.27446,1.27452,38
SQ:GBPUSD,2023-08-18T06:42:00+02:00,1.27451,1.27452,1.27438,1.27441,25
SQ:GBPUSD,2023-08-18T06:43:00+02:00,1.27441,1.27448,1.27440,1.27446,31
SQ:GBPUSD,2023-08-18T06:44:00+02:00,1.27446,1.27449,1.27440,1.27449,26
SQ:GBPUSD,2023-08-18T06:45:00+02:00,1.27449,1.27452,1.27433,1.27436,47
SQ:GBPUSD,2023-08-18T06:46:00+02:00,1.27438,1.27438,1.27431,1.27436,41
SQ:GBPUSD,2023-08-18T06:47:00+02:00,1.27435,1.27444,1.27435,1.27441,43
SQ:GBPUSD,2023-08-18T06:48:00+02:00,1.27441,1.27442,1.27432,1.27441,42
SQ:GBPUSD,2023-08-18T06:49:00+02:00,1.27440,1.27446,1.27430,1.27437,49
SQ:GBPUSD,2023-08-18T06:50:00+02:00,1.27437,1.27444,1.27435,1.27441,36
SQ:GBPUSD,2023-08-18T06:51:00+02:00,1.27441,1.27441,1.27435,1.27437,15
SQ:GBPUSD,2023-08-18T06:52:00+02:00,1.27437,1.27438,1.27425,1.27425,25
SQ:GBPUSD,2023-08-18T06:53:00+02:00,1.27425,1.27425,1.27414,1.27418,20
SQ:GBPUSD,2023-08-18T06:54:00+02:00,1.27418,1.27426,1.27418,1.27419,22
SQ:GBPUSD,2023-08-18T06:55:00+02:00,1.27419,1.27433,1.27419,1.27429,32
SQ:GBPUSD,2023-08-18T06:56:00+02:00,1.27429,1.27440,1.27428,1.27440,24
SQ:GBPUSD,2023-08-18T06:57:00+02:00,1.27440,1.27449,1.27439,1.27447,38
SQ:GBPUSD,2023-08-18T06:58:00+02:00,1.27445,1.27445,1.27429,1.27429,38
SQ:GBPUSD,2023-08-18T06:59:00+02:00,1.27429,1.27440,1.27429,1.27436,25
SQ:GBPUSD,2023-08-18T07:00:00+02:00,1.27436,1.27440,1.27428,1.27437,50
SQ:GBPUSD,2023-08-18T07:01:00+02:00,1.27437,1.27438,1.27432,1.27434,27
SQ:GBPUSD,2023-08-18T07:02:00+02:00,1.27434,1.27437,1.27426,1.27426,33
SQ:GBPUSD,2023-08-18T07:03:00+02:00,1.27426,1.27426,1.27414,1.27423,46
SQ:GBPUSD,2023-08-18T07:04:00+02:00,1.27423,1.27434,1.27421,1.27428,32
SQ:GBPUSD,2023-08-18T07:05:00+02:00,1.27427,1.27428,1.27422,1.27424,44
SQ:GBPUSD,2023-08-18T07:06:00+02:00,1.27424,1.27441,1.27424,1.27435,45
SQ:GBPUSD,2023-08-18T07:07:00+02:00,1.27435,1.27436,1.27427,1.27429,46
SQ:GBPUSD,2023-08-18T07:08:00+02:00,1.27429,1.27434,1.27428,1.27429,41
SQ:GBPUSD,2023-08-18T07:09:00+02:00,1.27428,1.27431,1.27424,1.27426,24
SQ:GBPUSD,2023-08-18T07:10:00+02:00,1.27426,1.27427,1.27414,1.27418,36
SQ:GBPUSD,2023-08-18T07:11:00+02:00,1.27418,1.27420,1.27405,1.27405,33
SQ:GBPUSD,2023-08-18T07:12:00+02:00,1.27405,1.27405,1.27397,1.27400,41
SQ:GBPUSD,2023-08-18T07:13:00+02:00,1.27400,1.27410,1.27397,1.27406,32
SQ:GBPUSD,2023-08-18T07:14:00+02:00,1.27406,1.27411,1.27402,1.27405,34
SQ:GBPUSD,2023-08-18T07:15:00+02:00,1.27407,1.27412,1.27406,1.27406,43
SQ:GBPUSD,2023-08-18T07:16:00+02:00,1.27406,1.27407,1.27388,1.27397,46
SQ:GBPUSD,2023-08-18T07:17:00+02:00,1.27397,1.27401,1.27393,1.27394,32
SQ:GBPUSD,2023-08-18T07:18:00+02:00,1.27396,1.27396,1.27375,1.27382,34
SQ:GBPUSD,2023-08-18T07:19:00+02:00,1.27383,1.27401,1.27379,1.27398,50
SQ:GBPUSD,2023-08-18T07:20:00+02:00,1.27398,1.27403,1.27395,1.27395,36
SQ:GBPUSD,2023-08-18T07:21:00+02:00,1.27395,1.27398,1.27384,1.27384,45
SQ:GBPUSD,2023-08-18T07:22:00+02:00,1.27384,1.27391,1.27358,1.27358,52
SQ:GBPUSD,2023-08-18T07:23:00+02:00,1.27359,1.27372,1.27359,1.27365,59
SQ:GBPUSD,2023-08-18T07:24:00+02:00,1.27364,1.27384,1.27364,1.27380,66
SQ:GBPUSD,2023-08-18T07:25:00+02:00,1.27380,1.27384,1.27365,1.27370,53
SQ:GBPUSD,2023-08-18T07:26:00+02:00,1.27371,1.27388,1.27369,1.27384,36
SQ:GBPUSD,2023-08-18T07:27:00+02:00,1.27385,1.27387,1.27375,1.27387,33
SQ:GBPUSD,2023-08-18T07:28:00+02:00,1.27387,1.27394,1.27383,1.27383,34
SQ:GBPUSD,2023-08-18T07:29:00+02:00,1.27383,1.27384,1.27376,1.27381,40
SQ:GBPUSD,2023-08-18T07:30:00+02:00,1.27382,1.27382,1.27361,1.27370,53
SQ:GBPUSD,2023-08-18T07:31:00+02:00,1.27369,1.27385,1.27367,1.27370,51
SQ:GBPUSD,2023-08-18T07:32:00+02:00,1.27370,1.27381,1.27358,1.27364,61
SQ:GBPUSD,2023-08-18T07:33:00+02:00,1.27364,1.27365,1.27354,1.27354,37
SQ:GBPUSD,2023-08-18T07:34:00+02:00,1.27354,1.27372,1.27352,1.27372,53
SQ:GBPUSD,2023-08-18T07:35:00+02:00,1.27371,1.27373,1.27360,1.27368,48
SQ:GBPUSD,2023-08-18T07:36:00+02:00,1.27369,1.27398,1.27369,1.27397,56
SQ:GBPUSD,2023-08-18T07:37:00+02:00,1.27397,1.27410,1.27394,1.27409,80
SQ:GBPUSD,2023-08-18T07:38:00+02:00,1.27409,1.27409,1.27384,1.27386,40
SQ:GBPUSD,2023-08-18T07:39:00+02:00,1.27385,1.27388,1.27372,1.27378,30
SQ:GBPUSD,2023-08-18T07:40:00+02:00,1.27377,1.27377,1.27364,1.27371,30
SQ:GBPUSD,2023-08-18T07:41:00+02:00,1.27371,1.27377,1.27370,1.27373,28
SQ:GBPUSD,2023-08-18T07:42:00+02:00,1.27373,1.27387,1.27371,1.27386,35
SQ:GBPUSD,2023-08-18T07:43:00+02:00,1.27385,1.27398,1.27383,1.27397,39
SQ:GBPUSD,2023-08-18T07:44:00+02:00,1.27397,1.27405,1.27392,1.27394,53
SQ:GBPUSD,2023-08-18T07:45:00+02:00,1.27393,1.27415,1.27385,1.27412,52
SQ:GBPUSD,2023-08-18T07:46:00+02:00,1.27411,1.27418,1.27406,1.27407,44
SQ:GBPUSD,2023-08-18T07:47:00+02:00,1.27406,1.27417,1.27404,1.27417,30
SQ:GBPUSD,2023-08-18T07:48:00+02:00,1.27417,1.27427,1.27411,1.27417,45
SQ:GBPUSD,2023-08-18T07:49:00+02:00,1.27417,1.27420,1.27408,1.27416,34
SQ:GBPUSD,2023-08-18T07:50:00+02:00,1.27416,1.27416,1.27393,1.27393,27
SQ:GBPUSD,2023-08-18T07:51:00+02:00,1.27394,1.27394,1.27382,1.27386,28
SQ:GBPUSD,2023-08-18T07:52:00+02:00,1.27387,1.27397,1.27386,1.27396,28
SQ:GBPUSD,2023-08-18T07:53:00+02:00,1.27397,1.27419,1.27397,1.27409,66
SQ:GBPUSD,2023-08-18T07:54:00+02:00,1.27408,1.27410,1.27403,1.27406,46
SQ:GBPUSD,2023-08-18T07:55:00+02:00,1.27406,1.27411,1.27389,1.27397,57
SQ:GBPUSD,2023-08-18T07:56:00+02:00,1.27396,1.27399,1.27386,1.27397,55
SQ:GBPUSD,2023-08-18T07:57:00+02:00,1.27397,1.27416,1.27397,1.27416,60
SQ:GBPUSD,2023-08-18T07:58:00+02:00,1.27417,1.27443,1.27413,1.27438,178
SQ:GBPUSD,2023-08-18T07:59:00+02:00,1.27437,1.27474,1.27428,1.27457,127
SQ:GBPUSD,2023-08-18T08:00:00+02:00,1.27467,1.27504,1.27299,1.27322,333
SQ:GBPUSD,2023-08-18T08:01:00+02:00,1.27323,1.27385,1.27302,1.27382,119
SQ:GBPUSD,2023-08-18T08:02:00+02:00,1.27382,1.27383,1.27354,1.27375,115
SQ:GBPUSD,2023-08-18T08:03:00+02:00,1.27374,1.27377,1.27332,1.27343,97
SQ:GBPUSD,2023-08-18T08:04:00+02:00,1.27343,1.27351,1.27328,1.27329,102
SQ:GBPUSD,2023-08-18T08:05:00+02:00,1.27328,1.27328,1.27245,1.27260,144
SQ:GBPUSD,2023-08-18T08:06:00+02:00,1.27257,1.27309,1.27254,1.27304,70
SQ:GBPUSD,2023-08-18T08:07:00+02:00,1.27304,1.27327,1.27293,1.27313,70
SQ:GBPUSD,2023-08-18T08:08:00+02:00,1.27313,1.27313,1.27258,1.27273,102
SQ:GBPUSD,2023-08-18T08:09:00+02:00,1.27273,1.27290,1.27261,1.27285,72
SQ:GBPUSD,2023-08-18T08:10:00+02:00,1.27285,1.27309,1.27273,1.27299,91
SQ:GBPUSD,2023-08-18T08:11:00+02:00,1.27298,1.27333,1.27281,1.27333,83
SQ:GBPUSD,2023-08-18T08:12:00+02:00,1.27332,1.27359,1.27325,1.27345,82
SQ:GBPUSD,2023-08-18T08:13:00+02:00,1.27346,1.27348,1.27319,1.27325,64
SQ:GBPUSD,2023-08-18T08:14:00+02:00,1.27325,1.27358,1.27325,1.27358,55
SQ:GBPUSD,2023-08-18T08:15:00+02:00,1.27356,1.27382,1.27354,1.27367,82
SQ:GBPUSD,2023-08-18T08:16:00+02:00,1.27364,1.27367,1.27342,1.27348,67
SQ:GBPUSD,2023-08-18T08:17:00+02:00,1.27347,1.27354,1.27315,1.27324,40
SQ:GBPUSD,2023-08-18T08:18:00+02:00,1.27324,1.27325,1.27307,1.27312,60
SQ:GBPUSD,2023-08-18T08:19:00+02:00,1.27308,1.27310,1.27285,1.27286,65
SQ:GBPUSD,2023-08-18T08:20:00+02:00,1.27281,1.27301,1.27279,1.27296,57
SQ:GBPUSD,2023-08-18T08:21:00+02:00,1.27296,1.27309,1.27295,1.27304,34
SQ:GBPUSD,2023-08-18T08:22:00+02:00,1.27304,1.27337,1.27304,1.27305,86
SQ:GBPUSD,2023-08-18T08:23:00+02:00,1.27305,1.27327,1.27305,1.27327,42
SQ:GBPUSD,2023-08-18T08:24:00+02:00,1.27325,1.27330,1.27317,1.27328,53
SQ:GBPUSD,2023-08-18T08:25:00+02:00,1.27330,1.27338,1.27307,1.27312,73
SQ:GBPUSD,2023-08-18T08:26:00+02:00,1.27312,1.27347,1.27301,1.27333,55
SQ:GBPUSD,2023-08-18T08:27:00+02:00,1.27333,1.27333,1.27293,1.27316,66
SQ:GBPUSD,2023-08-18T08:28:00+02:00,1.27317,1.27319,1.27285,1.27286,49
SQ:GBPUSD,2023-08-18T08:29:00+02:00,1.27287,1.27299,1.27254,1.27254,95
SQ:GBPUSD,2023-08-18T08:30:00+02:00,1.27252,1.27265,1.27226,1.27235,87
SQ:GBPUSD,2023-08-18T08:31:00+02:00,1.27235,1.27245,1.27199,1.27205,146
SQ:GBPUSD,2023-08-18T08:32:00+02:00,1.27206,1.27210,1.27193,1.27201,77
SQ:GBPUSD,2023-08-18T08:33:00+02:00,1.27203,1.27206,1.27182,1.27194,107
SQ:GBPUSD,2023-08-18T08:34:00+02:00,1.27194,1.27213,1.27185,1.27203,56
SQ:GBPUSD,2023-08-18T08:35:00+02:00,1.27203,1.27213,1.27193,1.27213,45
SQ:GBPUSD,2023-08-18T08:36:00+02:00,1.27213,1.27246,1.27213,1.27226,80
SQ:GBPUSD,2023-08-18T08:37:00+02:00,1.27227,1.27239,1.27227,1.27237,48
SQ:GBPUSD,2023-08-18T08:38:00+02:00,1.27237,1.27247,1.27207,1.27213,76
SQ:GBPUSD,2023-08-18T08:39:00+02:00,1.27214,1.27225,1.27202,1.27209,81
SQ:GBPUSD,2023-08-18T08:40:00+02:00,1.27209,1.27210,1.27163,1.27175,80
SQ:GBPUSD,2023-08-18T08:41:00+02:00,1.27175,1.27178,1.27137,1.27145,63
SQ:GBPUSD,2023-08-18T08:42:00+02:00,1.27146,1.27167,1.27140,1.27145,103
SQ:GBPUSD,2023-08-18T08:43:00+02:00,1.27145,1.27147,1.27124,1.27131,76
SQ:GBPUSD,2023-08-18T08:44:00+02:00,1.27130,1.27146,1.27123,1.27123,52
SQ:GBPUSD,2023-08-18T08:45:00+02:00,1.27124,1.27145,1.27109,1.27123,84
SQ:GBPUSD,2023-08-18T08:46:00+02:00,1.27123,1.27147,1.27117,1.27147,58
SQ:GBPUSD,2023-08-18T08:47:00+02:00,1.27146,1.27159,1.27129,1.27136,81
SQ:GBPUSD,2023-08-18T08:48:00+02:00,1.27136,1.27154,1.27119,1.27151,78
SQ:GBPUSD,2023-08-18T08:49:00+02:00,1.27151,1.27153,1.27109,1.27119,101
SQ:GBPUSD,2023-08-18T08:50:00+02:00,1.27119,1.27130,1.27107,1.27108,59
SQ:GBPUSD,2023-08-18T08:51:00+02:00,1.27107,1.27118,1.27089,1.27089,77
SQ:GBPUSD,2023-08-18T08:52:00+02:00,1.27089,1.27106,1.27088,1.27095,67
SQ:GBPUSD,2023-08-18T08:53:00+02:00,1.27095,1.27125,1.27094,1.27117,73
SQ:GBPUSD,2023-08-18T08:54:00+02:00,1.27117,1.27126,1.27092,1.27094,71
SQ:GBPUSD,2023-08-18T08:55:00+02:00,1.27094,1.27111,1.27058,1.27060,83
SQ:GBPUSD,2023-08-18T08:56:00+02:00,1.27061,1.27086,1.27061,1.27077,75
SQ:GBPUSD,2023-08-18T08:57:00+02:00,1.27079,1.27114,1.27078,1.27108,85
SQ:GBPUSD,2023-08-18T08:58:00+02:00,1.27109,1.27120,1.27092,1.27098,65
SQ:GBPUSD,2023-08-18T08:59:00+02:00,1.27099,1.27110,1.27089,1.27109,79
SQ:GBPUSD,2023-08-18T09:00:00+02:00,1.27107,1.27127,1.27097,1.27099,146
SQ:GBPUSD,2023-08-18T09:01:00+02:00,1.27104,1.27154,1.27104,1.27108,159
SQ:GBPUSD,2023-08-18T09:02:00+02:00,1.27108,1.27137,1.27105,1.27134,123
SQ:GBPUSD,2023-08-18T09:03:00+02:00,1.27134,1.27134,1.27107,1.27114,127
SQ:GBPUSD,2023-08-18T09:04:00+02:00,1.27115,1.27127,1.27113,1.27118,81
SQ:GBPUSD,2023-08-18T09:05:00+02:00,1.27117,1.27145,1.27112,1.27138,122
SQ:GBPUSD,2023-08-18T09:06:00+02:00,1.27140,1.27184,1.27140,1.27168,185
SQ:GBPUSD,2023-08-18T09:07:00+02:00,1.27167,1.27193,1.27158,1.27182,124
SQ:GBPUSD,2023-08-18T09:08:00+02:00,1.27184,1.27197,1.27157,1.27157,84
SQ:GBPUSD,2023-08-18T09:09:00+02:00,1.27157,1.27161,1.27139,1.27140,124
SQ:GBPUSD,2023-08-18T09:10:00+02:00,1.27139,1.27166,1.27137,1.27159,87
SQ:GBPUSD,2023-08-18T09:11:00+02:00,1.27159,1.27173,1.27149,1.27159,119
SQ:GBPUSD,2023-08-18T09:12:00+02:00,1.27158,1.27173,1.27150,1.27160,102
SQ:GBPUSD,2023-08-18T09:13:00+02:00,1.27161,1.27162,1.27137,1.27148,113
SQ:GBPUSD,2023-08-18T09:14:00+02:00,1.27149,1.27166,1.27140,1.27166,94
SQ:GBPUSD,2023-08-18T09:15:00+02:00,1.27168,1.27189,1.27166,1.27185,76
SQ:GBPUSD,2023-08-18T09:16:00+02:00,1.27185,1.27187,1.27169,1.27177,71
SQ:GBPUSD,2023-08-18T09:17:00+02:00,1.27175,1.27193,1.27169,1.27191,85
SQ:GBPUSD,2023-08-18T09:18:00+02:00,1.27191,1.27225,1.27184,1.27225,90
SQ:GBPUSD,2023-08-18T09:19:00+02:00,1.27225,1.27225,1.27190,1.27209,62
SQ:GBPUSD,2023-08-18T09:20:00+02:00,1.27209,1.27235,1.27209,1.27225,88
SQ:GBPUSD,2023-08-18T09:21:00+02:00,1.27225,1.27240,1.27217,1.27223,133
SQ:GBPUSD,2023-08-18T09:22:00+02:00,1.27223,1.27229,1.27197,1.27199,128
SQ:GBPUSD,2023-08-18T09:23:00+02:00,1.27201,1.27212,1.27198,1.27209,88
SQ:GBPUSD,2023-08-18T09:24:00+02:00,1.27209,1.27217,1.27198,1.27209,96
SQ:GBPUSD,2023-08-18T09:25:00+02:00,1.27209,1.27236,1.27202,1.27235,98
SQ:GBPUSD,2023-08-18T09:26:00+02:00,1.27234,1.27238,1.27209,1.27209,83
SQ:GBPUSD,2023-08-18T09:27:00+02:00,1.27208,1.27255,1.27208,1.27249,77
SQ:GBPUSD,2023-08-18T09:28:00+02:00,1.27249,1.27249,1.27205,1.27207,105
SQ:GBPUSD,2023-08-18T09:29:00+02:00,1.27208,1.27212,1.27186,1.27199,81
SQ:GBPUSD,2023-08-18T09:30:00+02:00,1.27199,1.27221,1.27186,1.27217,96
SQ:GBPUSD,2023-08-18T09:31:00+02:00,1.27217,1.27222,1.27199,1.27199,73
SQ:GBPUSD,2023-08-18T09:32:00+02:00,1.27200,1.27208,1.27196,1.27208,62
SQ:GBPUSD,2023-08-18T09:33:00+02:00,1.27207,1.27213,1.27192,1.27198,62
SQ:GBPUSD,2023-08-18T09:34:00+02:00,1.27196,1.27213,1.27179,1.27179,97
SQ:GBPUSD,2023-08-18T09:35:00+02:00,1.27179,1.27198,1.27174,1.27190,117
SQ:GBPUSD,2023-08-18T09:36:00+02:00,1.27191,1.27206,1.27184,1.27199,86
SQ:GBPUSD,2023-08-18T09:37:00+02:00,1.27199,1.27202,1.27181,1.27192,73
SQ:GBPUSD,2023-08-18T09:38:00+02:00,1.27194,1.27197,1.27168,1.27197,84
SQ:GBPUSD,2023-08-18T09:39:00+02:00,1.27196,1.27197,1.27157,1.27159,77
SQ:GBPUSD,2023-08-18T09:40:00+02:00,1.27157,1.27163,1.27124,1.27126,68
SQ:GBPUSD,2023-08-18T09:41:00+02:00,1.27126,1.27147,1.27119,1.27146,75
SQ:GBPUSD,2023-08-18T09:42:00+02:00,1.27147,1.27148,1.27116,1.27123,91
SQ:GBPUSD,2023-08-18T09:43:00+02:00,1.27123,1.27143,1.27118,1.27142,89
SQ:GBPUSD,2023-08-18T09:44:00+02:00,1.27142,1.27166,1.27136,1.27162,78
SQ:GBPUSD,2023-08-18T09:45:00+02:00,1.27162,1.27188,1.27159,1.27185,86
SQ:GBPUSD,2023-08-18T09:46:00+02:00,1.27185,1.27194,1.27176,1.27178,79
SQ:GBPUSD,2023-08-18T09:47:00+02:00,1.27178,1.27211,1.27178,1.27205,75
SQ:GBPUSD,2023-08-18T09:48:00+02:00,1.27205,1.27208,1.27188,1.27208,58
SQ:GBPUSD,2023-08-18T09:49:00+02:00,1.27208,1.27225,1.27208,1.27217,66
SQ:GBPUSD,2023-08-18T09:50:00+02:00,1.27217,1.27224,1.27209,1.27213,64
SQ:GBPUSD,2023-08-18T09:51:00+02:00,1.27213,1.27213,1.27179,1.27210,94
SQ:GBPUSD,2023-08-18T09:52:00+02:00,1.27210,1.27221,1.27195,1.27199,89
SQ:GBPUSD,2023-08-18T09:53:00+02:00,1.27198,1.27199,1.27180,1.27197,80
SQ:GBPUSD,2023-08-18T09:54:00+02:00,1.27197,1.27217,1.27193,1.27210,73
SQ:GBPUSD,2023-08-18T09:55:00+02:00,1.27209,1.27220,1.27188,1.27188,70
SQ:GBPUSD,2023-08-18T09:56:00+02:00,1.27186,1.27188,1.27156,1.27158,48
SQ:GBPUSD,2023-08-18T09:57:00+02:00,1.27154,1.27165,1.27149,1.27151,79
SQ:GBPUSD,2023-08-18T09:58:00+02:00,1.27152,1.27153,1.27120,1.27127,55
SQ:GBPUSD,2023-08-18T09:59:00+02:00,1.27128,1.27135,1.27122,1.27125,94
SQ:GBPUSD,2023-08-18T10:00:00+02:00,1.27125,1.27165,1.27124,1.27151,114
SQ:GBPUSD,2023-08-18T10:01:00+02:00,1.27151,1.27169,1.27146,1.27159,94
SQ:GBPUSD,2023-08-18T10:02:00+02:00,1.27158,1.27205,1.27158,1.27188,107
SQ:GBPUSD,2023-08-18T10:03:00+02:00,1.27190,1.27229,1.27189,1.27229,97
SQ:GBPUSD,2023-08-18T10:04:00+02:00,1.27229,1.27233,1.27178,1.27180,95
SQ:GBPUSD,2023-08-18T10:05:00+02:00,1.27180,1.27198,1.27166,1.27184,72
SQ:GBPUSD,2023-08-18T10:06:00+02:00,1.27184,1.27190,1.27165,1.27190,66
SQ:GBPUSD,2023-08-18T10:07:00+02:00,1.27191,1.27199,1.27180,1.27198,58
SQ:GBPUSD,2023-08-18T10:08:00+02:00,1.27198,1.27209,1.27179,1.27180,51
SQ:GBPUSD,2023-08-18T10:09:00+02:00,1.27179,1.27179,1.27156,1.27158,55
SQ:GBPUSD,2023-08-18T10:10:00+02:00,1.27158,1.27171,1.27142,1.27168,53
SQ:GBPUSD,2023-08-18T10:11:00+02:00,1.27168,1.27173,1.27159,1.27169,54
SQ:GBPUSD,2023-08-18T10:12:00+02:00,1.27169,1.27184,1.27168,1.27182,79
SQ:GBPUSD,2023-08-18T10:13:00+02:00,1.27182,1.27190,1.27176,1.27185,37
SQ:GBPUSD,2023-08-18T10:14:00+02:00,1.27186,1.27190,1.27179,1.27182,27
SQ:GBPUSD,2023-08-18T10:15:00+02:00,1.27183,1.27217,1.27180,1.27208,43
SQ:GBPUSD,2023-08-18T10:16:00+02:00,1.27208,1.27230,1.27208,1.27215,61
SQ:GBPUSD,2023-08-18T10:17:00+02:00,1.27215,1.27237,1.27198,1.27233,93
SQ:GBPUSD,2023-08-18T10:18:00+02:00,1.27237,1.27238,1.27204,1.27213,71
SQ:GBPUSD,2023-08-18T10:19:00+02:00,1.27214,1.27219,1.27199,1.27199,50
SQ:GBPUSD,2023-08-18T10:20:00+02:00,1.27199,1.27221,1.27199,1.27211,57
SQ:GBPUSD,2023-08-18T10:21:00+02:00,1.27210,1.27240,1.27207,1.27232,77
SQ:GBPUSD,2023-08-18T10:22:00+02:00,1.27232,1.27239,1.27222,1.27229,48
SQ:GBPUSD,2023-08-18T10:23:00+02:00,1.27229,1.27231,1.27199,1.27199,44
SQ:GBPUSD,2023-08-18T10:24:00+02:00,1.27199,1.27201,1.27182,1.27190,64
SQ:GBPUSD,2023-08-18T10:25:00+02:00,1.27190,1.27192,1.27167,1.27171,82
SQ:GBPUSD,2023-08-18T10:26:00+02:00,1.27181,1.27195,1.27175,1.27182,93
SQ:GBPUSD,2023-08-18T10:27:00+02:00,1.27182,1.27201,1.27179,1.27186,107
SQ:GBPUSD,2023-08-18T10:28:00+02:00,1.27186,1.27189,1.27176,1.27179,61
SQ:GBPUSD,2023-08-18T10:29:00+02:00,1.27180,1.27208,1.27178,1.27201,49
SQ:GBPUSD,2023-08-18T10:30:00+02:00,1.27201,1.27214,1.27201,1.27210,46
SQ:GBPUSD,2023-08-18T10:31:00+02:00,1.27209,1.27245,1.27209,1.27244,69
SQ:GBPUSD,2023-08-18T10:32:00+02:00,1.27244,1.27251,1.27229,1.27230,67
SQ:GBPUSD,2023-08-18T10:33:00+02:00,1.27230,1.27258,1.27227,1.27257,67
SQ:GBPUSD,2023-08-18T10:34:00+02:00,1.27257,1.27293,1.27257,1.27290,74
SQ:GBPUSD,2023-08-18T10:35:00+02:00,1.27290,1.27291,1.27252,1.27259,53
SQ:GBPUSD,2023-08-18T10:36:00+02:00,1.27259,1.27261,1.27235,1.27241,83
SQ:GBPUSD,2023-08-18T10:37:00+02:00,1.27241,1.27258,1.27231,1.27257,77
SQ:GBPUSD,2023-08-18T10:38:00+02:00,1.27256,1.27257,1.27245,1.27253,74
SQ:GBPUSD,2023-08-18T10:39:00+02:00,1.27254,1.27268,1.27240,1.27250,94
SQ:GBPUSD,2023-08-18T10:40:00+02:00,1.27251,1.27251,1.27228,1.27240,76
SQ:GBPUSD,2023-08-18T10:41:00+02:00,1.27240,1.27289,1.27239,1.27269,75
SQ:GBPUSD,2023-08-18T10:42:00+02:00,1.27270,1.27271,1.27259,1.27262,34
SQ:GBPUSD,2023-08-18T10:43:00+02:00,1.27262,1.27270,1.27249,1.27259,61
SQ:GBPUSD,2023-08-18T10:44:00+02:00,1.27259,1.27260,1.27216,1.27221,74
SQ:GBPUSD,2023-08-18T10:45:00+02:00,1.27220,1.27222,1.27207,1.27207,78
SQ:GBPUSD,2023-08-18T10:46:00+02:00,1.27207,1.27209,1.27192,1.27197,59
SQ:GBPUSD,2023-08-18T10:47:00+02:00,1.27199,1.27220,1.27194,1.27218,76
SQ:GBPUSD,2023-08-18T10:48:00+02:00,1.27218,1.27220,1.27211,1.27217,62
SQ:GBPUSD,2023-08-18T10:49:00+02:00,1.27217,1.27248,1.27217,1.27239,61
SQ:GBPUSD,2023-08-18T10:50:00+02:00,1.27237,1.27241,1.27227,1.27233,43
SQ:GBPUSD,2023-08-18T10:51:00+02:00,1.27232,1.27233,1.27219,1.27231,44
SQ:GBPUSD,2023-08-18T10:52:00+02:00,1.27231,1.27234,1.27200,1.27218,58
SQ:GBPUSD,2023-08-18T10:53:00+02:00,1.27218,1.27225,1.27180,1.27182,82
SQ:GBPUSD,2023-08-18T10:54:00+02:00,1.27182,1.27191,1.27180,1.27190,42
SQ:GBPUSD,2023-08-18T10:55:00+02:00,1.27189,1.27213,1.27180,1.27211,65
SQ:GBPUSD,2023-08-18T10:56:00+02:00,1.27211,1.27213,1.27202,1.27210,45
SQ:GBPUSD,2023-08-18T10:57:00+02:00,1.27211,1.27213,1.27169,1.27169,41
SQ:GBPUSD,2023-08-18T10:58:00+02:00,1.27168,1.27169,1.27131,1.27169,68
SQ:GBPUSD,2023-08-18T10:59:00+02:00,1.27168,1.27190,1.27158,1.27179,67
SQ:GBPUSD,2023-08-18T11:00:00+02:00,1.27179,1.27181,1.27164,1.27179,87
SQ:GBPUSD,2023-08-18T11:01:00+02:00,1.27177,1.27199,1.27177,1.27187,51
SQ:GBPUSD,2023-08-18T11:02:00+02:00,1.27187,1.27201,1.27179,1.27201,45
SQ:GBPUSD,2023-08-18T11:03:00+02:00,1.27200,1.27229,1.27196,1.27200,89
SQ:GBPUSD,2023-08-18T11:04:00+02:00,1.27200,1.27203,1.27188,1.27200,50
SQ:GBPUSD,2023-08-18T11:05:00+02:00,1.27200,1.27231,1.27200,1.27218,46
SQ:GBPUSD,2023-08-18T11:06:00+02:00,1.27218,1.27219,1.27191,1.27191,32
SQ:GBPUSD,2023-08-18T11:07:00+02:00,1.27192,1.27209,1.27189,1.27205,57
SQ:GBPUSD,2023-08-18T11:08:00+02:00,1.27205,1.27208,1.27181,1.27183,72
SQ:GBPUSD,2023-08-18T11:09:00+02:00,1.27183,1.27200,1.27180,1.27180,60
SQ:GBPUSD,2023-08-18T11:10:00+02:00,1.27180,1.27201,1.27178,1.27199,49
SQ:GBPUSD,2023-08-18T11:11:00+02:00,1.27200,1.27201,1.27191,1.27198,43
SQ:GBPUSD,2023-08-18T11:12:00+02:00,1.27197,1.27199,1.27150,1.27153,46
SQ:GBPUSD,2023-08-18T11:13:00+02:00,1.27152,1.27165,1.27151,1.27158,32
SQ:GBPUSD,2023-08-18T11:14:00+02:00,1.27158,1.27161,1.27126,1.27127,69
SQ:GBPUSD,2023-08-18T11:15:00+02:00,1.27126,1.27140,1.27112,1.27130,94
SQ:GBPUSD,2023-08-18T11:16:00+02:00,1.27130,1.27134,1.27107,1.27116,69
SQ:GBPUSD,2023-08-18T11:17:00+02:00,1.27116,1.27129,1.27106,1.27113,77
SQ:GBPUSD,2023-08-18T11:18:00+02:00,1.27113,1.27113,1.27081,1.27087,58
SQ:GBPUSD,2023-08-18T11:19:00+02:00,1.27088,1.27100,1.27080,1.27081,72
SQ:GBPUSD,2023-08-18T11:20:00+02:00,1.27081,1.27081,1.27059,1.27060,32
SQ:GBPUSD,2023-08-18T11:21:00+02:00,1.27060,1.27074,1.27059,1.27060,19
SQ:GBPUSD,2023-08-18T11:22:00+02:00,1.27061,1.27091,1.27052,1.27090,51
SQ:GBPUSD,2023-08-18T11:23:00+02:00,1.27089,1.27117,1.27089,1.27117,67
SQ:GBPUSD,2023-08-18T11:24:00+02:00,1.27116,1.27121,1.27088,1.27099,83
SQ:GBPUSD,2023-08-18T11:25:00+02:00,1.27099,1.27104,1.27081,1.27081,45
SQ:GBPUSD,2023-08-18T11:26:00+02:00,1.27081,1.27097,1.27081,1.27083,41
SQ:GBPUSD,2023-08-18T11:27:00+02:00,1.27083,1.27087,1.27058,1.27062,45
SQ:GBPUSD,2023-08-18T11:28:00+02:00,1.27062,1.27072,1.27059,1.27061,68
SQ:GBPUSD,2023-08-18T11:29:00+02:00,1.27061,1.27087,1.27059,1.27083,57
SQ:GBPUSD,2023-08-18T11:30:00+02:00,1.27083,1.27083,1.27051,1.27058,91
SQ:GBPUSD,2023-08-18T11:31:00+02:00,1.27058,1.27072,1.27058,1.27066,74
SQ:GBPUSD,2023-08-18T11:32:00+02:00,1.27066,1.27082,1.27066,1.27081,34
SQ:GBPUSD,2023-08-18T11:33:00+02:00,1.27081,1.27104,1.27081,1.27103,32
SQ:GBPUSD,2023-08-18T11:34:00+02:00,1.27111,1.27128,1.27064,1.27100,194
SQ:GBPUSD,2023-08-18T11:35:00+02:00,1.27100,1.27107,1.27093,1.27104,63
SQ:GBPUSD,2023-08-18T11:36:00+02:00,1.27104,1.27113,1.27097,1.27112,52
SQ:GBPUSD,2023-08-18T11:37:00+02:00,1.27111,1.27132,1.27105,1.27130,71
SQ:GBPUSD,2023-08-18T11:38:00+02:00,1.27130,1.27152,1.27127,1.27152,60
SQ:GBPUSD,2023-08-18T11:39:00+02:00,1.27154,1.27190,1.27149,1.27173,66
SQ:GBPUSD,2023-08-18T11:40:00+02:00,1.27172,1.27173,1.27152,1.27160,53
SQ:GBPUSD,2023-08-18T11:41:00+02:00,1.27160,1.27177,1.27159,1.27168,51
SQ:GBPUSD,2023-08-18T11:42:00+02:00,1.27169,1.27180,1.27168,1.27173,47
SQ:GBPUSD,2023-08-18T11:43:00+02:00,1.27174,1.27190,1.27171,1.27179,43
SQ:GBPUSD,2023-08-18T11:44:00+02:00,1.27180,1.27197,1.27173,1.27181,47
SQ:GBPUSD,2023-08-18T11:45:00+02:00,1.27181,1.27192,1.27178,1.27182,34
SQ:GBPUSD,2023-08-18T11:46:00+02:00,1.27181,1.27183,1.27169,1.27171,35
SQ:GBPUSD,2023-08-18T11:47:00+02:00,1.27171,1.27174,1.27162,1.27172,51
SQ:GBPUSD,2023-08-18T11:48:00+02:00,1.27171,1.27171,1.27152,1.27157,57
SQ:GBPUSD,2023-08-18T11:49:00+02:00,1.27157,1.27170,1.27152,1.27170,42
SQ:GBPUSD,2023-08-18T11:50:00+02:00,1.27171,1.27194,1.27169,1.27189,47
SQ:GBPUSD,2023-08-18T11:51:00+02:00,1.27189,1.27193,1.27188,1.27191,44
SQ:GBPUSD,2023-08-18T11:52:00+02:00,1.27191,1.27201,1.27189,1.27200,35
SQ:GBPUSD,2023-08-18T11:53:00+02:00,1.27200,1.27211,1.27198,1.27203,41
SQ:GBPUSD,2023-08-18T11:54:00+02:00,1.27202,1.27211,1.27198,1.27209,31
SQ:GBPUSD,2023-08-18T11:55:00+02:00,1.27210,1.27212,1.27181,1.27181,37
SQ:GBPUSD,2023-08-18T11:56:00+02:00,1.27181,1.27210,1.27181,1.27203,43
SQ:GBPUSD,2023-08-18T11:57:00+02:00,1.27201,1.27219,1.27196,1.27219,43
SQ:GBPUSD,2023-08-18T11:58:00+02:00,1.27219,1.27231,1.27210,1.27230,51
SQ:GBPUSD,2023-08-18T11:59:00+02:00,1.27230,1.27243,1.27228,1.27243,26
SQ:GBPUSD,2023-08-18T12:00:00+02:00,1.27241,1.27253,1.27234,1.27239,54
SQ:GBPUSD,2023-08-18T12:01:00+02:00,1.27239,1.27259,1.27226,1.27257,57
SQ:GBPUSD,2023-08-18T12:02:00+02:00,1.27257,1.27269,1.27252,1.27252,49
SQ:GBPUSD,2023-08-18T12:03:00+02:00,1.27252,1.27260,1.27247,1.27258,68
SQ:GBPUSD,2023-08-18T12:04:00+02:00,1.27258,1.27269,1.27254,1.27256,43
SQ:GBPUSD,2023-08-18T12:05:00+02:00,1.27256,1.27290,1.27256,1.27286,56
SQ:GBPUSD,2023-08-18T12:06:00+02:00,1.27286,1.27308,1.27285,1.27289,80
SQ:GBPUSD,2023-08-18T12:07:00+02:00,1.27291,1.27315,1.27281,1.27308,86
SQ:GBPUSD,2023-08-18T12:08:00+02:00,1.27308,1.27327,1.27304,1.27325,59
SQ:GBPUSD,2023-08-18T12:09:00+02:00,1.27325,1.27346,1.27318,1.27344,61
SQ:GBPUSD,2023-08-18T12:10:00+02:00,1.27344,1.27364,1.27337,1.27356,93
SQ:GBPUSD,2023-08-18T12:11:00+02:00,1.27356,1.27366,1.27336,1.27338,87
SQ:GBPUSD,2023-08-18T12:12:00+02:00,1.27337,1.27342,1.27323,1.27336,51
SQ:GBPUSD,2023-08-18T12:13:00+02:00,1.27336,1.27367,1.27336,1.27357,75
SQ:GBPUSD,2023-08-18T12:14:00+02:00,1.27356,1.27369,1.27340,1.27363,77
SQ:GBPUSD,2023-08-18T12:15:00+02:00,1.27363,1.27377,1.27362,1.27369,53
SQ:GBPUSD,2023-08-18T12:16:00+02:00,1.27368,1.27402,1.27368,1.27396,52
SQ:GBPUSD,2023-08-18T12:17:00+02:00,1.27397,1.27405,1.27386,1.27386,53
SQ:GBPUSD,2023-08-18T12:18:00+02:00,1.27386,1.27387,1.27364,1.27367,43
SQ:GBPUSD,2023-08-18T12:19:00+02:00,1.27367,1.27369,1.27354,1.27356,49
SQ:GBPUSD,2023-08-18T12:20:00+02:00,1.27349,1.27369,1.27335,1.27367,46
SQ:GBPUSD,2023-08-18T12:21:00+02:00,1.27367,1.27383,1.27358,1.27375,68
SQ:GBPUSD,2023-08-18T12:22:00+02:00,1.27375,1.27383,1.27358,1.27369,52
SQ:GBPUSD,2023-08-18T12:23:00+02:00,1.27368,1.27400,1.27368,1.27399,63
SQ:GBPUSD,2023-08-18T12:24:00+02:00,1.27399,1.27407,1.27386,1.27386,51
SQ:GBPUSD,2023-08-18T12:25:00+02:00,1.27387,1.27390,1.27384,1.27385,38
SQ:GBPUSD,2023-08-18T12:26:00+02:00,1.27385,1.27390,1.27383,1.27386,19
SQ:GBPUSD,2023-08-18T12:27:00+02:00,1.27386,1.27399,1.27386,1.27388,67
SQ:GBPUSD,2023-08-18T12:28:00+02:00,1.27388,1.27408,1.27373,1.27377,57
SQ:GBPUSD,2023-08-18T12:29:00+02:00,1.27377,1.27386,1.27359,1.27368,103
SQ:GBPUSD,2023-08-18T12:30:00+02:00,1.27368,1.27389,1.27335,1.27337,104
SQ:GBPUSD,2023-08-18T12:31:00+02:00,1.27337,1.27355,1.27331,1.27345,78
SQ:GBPUSD,2023-08-18T12:32:00+02:00,1.27344,1.27349,1.27337,1.27346,71
SQ:GBPUSD,2023-08-18T12:33:00+02:00,1.27346,1.27356,1.27327,1.27338,65
SQ:GBPUSD,2023-08-18T12:34:00+02:00,1.27338,1.27353,1.27325,1.27325,72
SQ:GBPUSD,2023-08-18T12:35:00+02:00,1.27325,1.27329,1.27305,1.27319,57
SQ:GBPUSD,2023-08-18T12:36:00+02:00,1.27318,1.27336,1.27315,1.27333,60
SQ:GBPUSD,2023-08-18T12:37:00+02:00,1.27335,1.27338,1.27297,1.27305,96
SQ:GBPUSD,2023-08-18T12:38:00+02:00,1.27305,1.27327,1.27305,1.27323,49
SQ:GBPUSD,2023-08-18T12:39:00+02:00,1.27323,1.27327,1.27309,1.27314,55
SQ:GBPUSD,2023-08-18T12:40:00+02:00,1.27314,1.27323,1.27292,1.27296,71
SQ:GBPUSD,2023-08-18T12:41:00+02:00,1.27296,1.27303,1.27283,1.27286,64
SQ:GBPUSD,2023-08-18T12:42:00+02:00,1.27286,1.27290,1.27271,1.27276,80
SQ:GBPUSD,2023-08-18T12:43:00+02:00,1.27276,1.27276,1.27262,1.27263,49
SQ:GBPUSD,2023-08-18T12:44:00+02:00,1.27259,1.27263,1.27254,1.27255,50
SQ:GBPUSD,2023-08-18T12:45:00+02:00,1.27255,1.27275,1.27254,1.27264,49
SQ:GBPUSD,2023-08-18T12:46:00+02:00,1.27264,1.27277,1.27253,1.27254,40
SQ:GBPUSD,2023-08-18T12:47:00+02:00,1.27254,1.27259,1.27243,1.27249,44
SQ:GBPUSD,2023-08-18T12:48:00+02:00,1.27249,1.27256,1.27237,1.27251,38
SQ:GBPUSD,2023-08-18T12:49:00+02:00,1.27251,1.27258,1.27245,1.27256,37
SQ:GBPUSD,2023-08-18T12:50:00+02:00,1.27256,1.27262,1.27228,1.27228,66
SQ:GBPUSD,2023-08-18T12:51:00+02:00,1.27228,1.27233,1.27225,1.27228,26
SQ:GBPUSD,2023-08-18T12:52:00+02:00,1.27228,1.27249,1.27228,1.27229,68
SQ:GBPUSD,2023-08-18T12:53:00+02:00,1.27229,1.27239,1.27229,1.27238,32
SQ:GBPUSD,2023-08-18T12:54:00+02:00,1.27238,1.27243,1.27215,1.27216,70
SQ:GBPUSD,2023-08-18T12:55:00+02:00,1.27216,1.27226,1.27205,1.27225,47
SQ:GBPUSD,2023-08-18T12:56:00+02:00,1.27225,1.27230,1.27207,1.27207,78
SQ:GBPUSD,2023-08-18T12:57:00+02:00,1.27206,1.27214,1.27185,1.27189,91
SQ:GBPUSD,2023-08-18T12:58:00+02:00,1.27188,1.27192,1.27153,1.27157,100
SQ:GBPUSD,2023-08-18T12:59:00+02:00,1.27157,1.27189,1.27146,1.27178,119
SQ:GBPUSD,2023-08-18T13:00:00+02:00,1.27177,1.27182,1.27144,1.27145,137
SQ:GBPUSD,2023-08-18T13:01:00+02:00,1.27144,1.27146,1.27125,1.27127,75
SQ:GBPUSD,2023-08-18T13:02:00+02:00,1.27135,1.27136,1.27116,1.27119,50
SQ:GBPUSD,2023-08-18T13:03:00+02:00,1.27120,1.27144,1.27116,1.27128,55
SQ:GBPUSD,2023-08-18T13:04:00+02:00,1.27128,1.27137,1.27114,1.27114,46
SQ:GBPUSD,2023-08-18T13:05:00+02:00,1.27115,1.27119,1.27097,1.27117,78
SQ:GBPUSD,2023-08-18T13:06:00+02:00,1.27113,1.27121,1.27087,1.27089,60
SQ:GBPUSD,2023-08-18T13:07:00+02:00,1.27089,1.27095,1.27058,1.27059,83
SQ:GBPUSD,2023-08-18T13:08:00+02:00,1.27061,1.27102,1.27058,1.27099,86
SQ:GBPUSD,2023-08-18T13:09:00+02:00,1.27099,1.27100,1.27053,1.27056,83
SQ:GBPUSD,2023-08-18T13:10:00+02:00,1.27056,1.27057,1.27024,1.27032,111
SQ:GBPUSD,2023-08-18T13:11:00+02:00,1.27031,1.27060,1.27031,1.27057,129
SQ:GBPUSD,2023-08-18T13:12:00+02:00,1.27058,1.27090,1.27057,1.27078,79
SQ:GBPUSD,2023-08-18T13:13:00+02:00,1.27078,1.27086,1.27060,1.27065,99
SQ:GBPUSD,2023-08-18T13:14:00+02:00,1.27065,1.27092,1.27065,1.27088,88
SQ:GBPUSD,2023-08-18T13:15:00+02:00,1.27088,1.27090,1.27064,1.27084,77
SQ:GBPUSD,2023-08-18T13:16:00+02:00,1.27084,1.27089,1.27066,1.27066,65
SQ:GBPUSD,2023-08-18T13:17:00+02:00,1.27064,1.27066,1.27040,1.27040,84
SQ:GBPUSD,2023-08-18T13:18:00+02:00,1.27040,1.27068,1.27040,1.27058,77
SQ:GBPUSD,2023-08-18T13:19:00+02:00,1.27058,1.27079,1.27057,1.27069,50
SQ:GBPUSD,2023-08-18T13:20:00+02:00,1.27069,1.27086,1.27060,1.27078,65
SQ:GBPUSD,2023-08-18T13:21:00+02:00,1.27077,1.27086,1.27054,1.27054,55
SQ:GBPUSD,2023-08-18T13:22:00+02:00,1.27051,1.27051,1.27028,1.27029,84
SQ:GBPUSD,2023-08-18T13:23:00+02:00,1.27029,1.27033,1.27005,1.27011,70
SQ:GBPUSD,2023-08-18T13:24:00+02:00,1.27011,1.27023,1.26999,1.27023,78
SQ:GBPUSD,2023-08-18T13:25:00+02:00,1.27023,1.27028,1.27007,1.27021,105
SQ:GBPUSD,2023-08-18T13:26:00+02:00,1.27021,1.27034,1.27020,1.27022,60
SQ:GBPUSD,2023-08-18T13:27:00+02:00,1.27022,1.27026,1.27011,1.27011,71
SQ:GBPUSD,2023-08-18T13:28:00+02:00,1.27011,1.27021,1.27007,1.27017,63
SQ:GBPUSD,2023-08-18T13:29:00+02:00,1.27018,1.27019,1.27007,1.27009,61
SQ:GBPUSD,2023-08-18T13:30:00+02:00,1.27007,1.27038,1.27000,1.27037,93
SQ:GBPUSD,2023-08-18T13:31:00+02:00,1.27037,1.27045,1.27032,1.27034,81
SQ:GBPUSD,2023-08-18T13:32:00+02:00,1.27034,1.27043,1.27017,1.27041,86
SQ:GBPUSD,2023-08-18T13:33:00+02:00,1.27040,1.27042,1.27029,1.27037,73
SQ:GBPUSD,2023-08-18T13:34:00+02:00,1.27037,1.27053,1.27037,1.27051,49
SQ:GBPUSD,2023-08-18T13:35:00+02:00,1.27052,1.27064,1.27047,1.27048,77
SQ:GBPUSD,2023-08-18T13:36:00+02:00,1.27047,1.27071,1.27044,1.27061,90
SQ:GBPUSD,2023-08-18T13:37:00+02:00,1.27059,1.27061,1.27047,1.27055,100
SQ:GBPUSD,2023-08-18T13:38:00+02:00,1.27057,1.27074,1.27048,1.27064,89
SQ:GBPUSD,2023-08-18T13:39:00+02:00,1.27064,1.27093,1.27061,1.27081,103
SQ:GBPUSD,2023-08-18T13:40:00+02:00,1.27082,1.27135,1.27082,1.27135,69
SQ:GBPUSD,2023-08-18T13:41:00+02:00,1.27134,1.27149,1.27112,1.27149,100
SQ:GBPUSD,2023-08-18T13:42:00+02:00,1.27149,1.27156,1.27135,1.27153,92
SQ:GBPUSD,2023-08-18T13:43:00+02:00,1.27153,1.27161,1.27140,1.27143,88
SQ:GBPUSD,2023-08-18T13:44:00+02:00,1.27143,1.27171,1.27139,1.27169,57
SQ:GBPUSD,2023-08-18T13:45:00+02:00,1.27169,1.27194,1.27160,1.27191,77
SQ:GBPUSD,2023-08-18T13:46:00+02:00,1.27190,1.27209,1.27187,1.27189,60
SQ:GBPUSD,2023-08-18T13:47:00+02:00,1.27188,1.27200,1.27169,1.27169,66
SQ:GBPUSD,2023-08-18T13:48:00+02:00,1.27169,1.27171,1.27127,1.27127,71
SQ:GBPUSD,2023-08-18T13:49:00+02:00,1.27125,1.27128,1.27097,1.27098,51
SQ:GBPUSD,2023-08-18T13:50:00+02:00,1.27099,1.27099,1.27067,1.27083,73
SQ:GBPUSD,2023-08-18T13:51:00+02:00,1.27081,1.27081,1.27055,1.27069,58
SQ:GBPUSD,2023-08-18T13:52:00+02:00,1.27070,1.27071,1.27049,1.27059,67
SQ:GBPUSD,2023-08-18T13:53:00+02:00,1.27058,1.27063,1.27038,1.27039,49
SQ:GBPUSD,2023-08-18T13:54:00+02:00,1.27042,1.27042,1.27031,1.27038,28
SQ:GBPUSD,2023-08-18T13:55:00+02:00,1.27037,1.27039,1.27021,1.27028,54
SQ:GBPUSD,2023-08-18T13:56:00+02:00,1.27028,1.27041,1.27027,1.27036,30
SQ:GBPUSD,2023-08-18T13:57:00+02:00,1.27036,1.27061,1.27026,1.27041,54
SQ:GBPUSD,2023-08-18T13:58:00+02:00,1.27039,1.27040,1.27016,1.27018,43
SQ:GBPUSD,2023-08-18T13:59:00+02:00,1.27018,1.27026,1.27003,1.27005,43
SQ:GBPUSD,2023-08-18T14:00:00+02:00,1.27004,1.27023,1.26975,1.26986,89
SQ:GBPUSD,2023-08-18T14:01:00+02:00,1.26986,1.27015,1.26974,1.27007,78
SQ:GBPUSD,2023-08-18T14:02:00+02:00,1.27006,1.27026,1.27006,1.27019,103
SQ:GBPUSD,2023-08-18T14:03:00+02:00,1.27020,1.27020,1.26988,1.26988,57
SQ:GBPUSD,2023-08-18T14:04:00+02:00,1.26988,1.27049,1.26988,1.27037,86
SQ:GBPUSD,2023-08-18T14:05:00+02:00,1.27037,1.27066,1.27036,1.27045,85
SQ:GBPUSD,2023-08-18T14:06:00+02:00,1.27046,1.27055,1.27035,1.27049,40
SQ:GBPUSD,2023-08-18T14:07:00+02:00,1.27049,1.27065,1.27028,1.27049,124
SQ:GBPUSD,2023-08-18T14:08:00+02:00,1.27048,1.27080,1.27048,1.27077,123
SQ:GBPUSD,2023-08-18T14:09:00+02:00,1.27077,1.27106,1.27077,1.27098,125
SQ:GBPUSD,2023-08-18T14:10:00+02:00,1.27098,1.27112,1.27077,1.27100,106
SQ:GBPUSD,2023-08-18T14:11:00+02:00,1.27099,1.27110,1.27099,1.27108,38
SQ:GBPUSD,2023-08-18T14:12:00+02:00,1.27108,1.27110,1.27066,1.27079,53
SQ:GBPUSD,2023-08-18T14:13:00+02:00,1.27079,1.27089,1.27069,1.27082,101
SQ:GBPUSD,2023-08-18T14:14:00+02:00,1.27082,1.27082,1.27048,1.27059,101
SQ:GBPUSD,2023-08-18T14:15:00+02:00,1.27059,1.27069,1.27056,1.27066,60
SQ:GBPUSD,2023-08-18T14:16:00+02:00,1.27066,1.27085,1.27062,1.27072,74
SQ:GBPUSD,2023-08-18T14:17:00+02:00,1.27071,1.27072,1.27061,1.27067,73
SQ:GBPUSD,2023-08-18T14:18:00+02:00,1.27068,1.27084,1.27063,1.27080,95
SQ:GBPUSD,2023-08-18T14:19:00+02:00,1.27079,1.27079,1.27037,1.27044,121
SQ:GBPUSD,2023-08-18T14:20:00+02:00,1.27039,1.27048,1.26987,1.27009,117
SQ:GBPUSD,2023-08-18T14:21:00+02:00,1.27009,1.27059,1.27009,1.27046,150
SQ:GBPUSD,2023-08-18T14:22:00+02:00,1.27046,1.27049,1.27015,1.27028,114
SQ:GBPUSD,2023-08-18T14:23:00+02:00,1.27029,1.27035,1.26985,1.26985,110
SQ:GBPUSD,2023-08-18T14:24:00+02:00,1.26986,1.26999,1.26921,1.26925,134
SQ:GBPUSD,2023-08-18T14:25:00+02:00,1.26925,1.26949,1.26917,1.26925,126
SQ:GBPUSD,2023-08-18T14:26:00+02:00,1.26927,1.26935,1.26913,1.26929,105
SQ:GBPUSD,2023-08-18T14:27:00+02:00,1.26928,1.26946,1.26914,1.26920,91
SQ:GBPUSD,2023-08-18T14:28:00+02:00,1.26920,1.26921,1.26892,1.26897,92
SQ:GBPUSD,2023-08-18T14:29:00+02:00,1.26897,1.26917,1.26893,1.26898,100
SQ:GBPUSD,2023-08-18T14:30:00+02:00,1.26898,1.26909,1.26876,1.26887,115
SQ:GBPUSD,2023-08-18T14:31:00+02:00,1.26887,1.26906,1.26880,1.26900,108
SQ:GBPUSD,2023-08-18T14:32:00+02:00,1.26900,1.26912,1.26888,1.26899,86
SQ:GBPUSD,2023-08-18T14:33:00+02:00,1.26899,1.26942,1.26889,1.26942,75
SQ:GBPUSD,2023-08-18T14:34:00+02:00,1.26944,1.26948,1.26910,1.26942,138
SQ:GBPUSD,2023-08-18T14:35:00+02:00,1.26942,1.26958,1.26925,1.26927,190
SQ:GBPUSD,2023-08-18T14:36:00+02:00,1.26927,1.26952,1.26904,1.26905,199
SQ:GBPUSD,2023-08-18T14:37:00+02:00,1.26907,1.26921,1.26890,1.26902,220
SQ:GBPUSD,2023-08-18T14:38:00+02:00,1.26904,1.26920,1.26891,1.26909,153
SQ:GBPUSD,2023-08-18T14:39:00+02:00,1.26908,1.26943,1.26899,1.26943,166
SQ:GBPUSD,2023-08-18T14:40:00+02:00,1.26943,1.26944,1.26919,1.26930,110
SQ:GBPUSD,2023-08-18T14:41:00+02:00,1.26930,1.26935,1.26888,1.26907,111
SQ:GBPUSD,2023-08-18T14:42:00+02:00,1.26905,1.26913,1.26898,1.26909,70
SQ:GBPUSD,2023-08-18T14:43:00+02:00,1.26908,1.26910,1.26890,1.26909,72
SQ:GBPUSD,2023-08-18T14:44:00+02:00,1.26909,1.26961,1.26900,1.26959,100
SQ:GBPUSD,2023-08-18T14:45:00+02:00,1.26959,1.26974,1.26939,1.26963,122
SQ:GBPUSD,2023-08-18T14:46:00+02:00,1.26961,1.26997,1.26959,1.26990,130
SQ:GBPUSD,2023-08-18T14:47:00+02:00,1.26985,1.27000,1.26953,1.26963,101
SQ:GBPUSD,2023-08-18T14:48:00+02:00,1.26963,1.27005,1.26950,1.27005,73
SQ:GBPUSD,2023-08-18T14:49:00+02:00,1.27002,1.27009,1.26985,1.27009,108
SQ:GBPUSD,2023-08-18T14:50:00+02:00,1.27009,1.27025,1.27003,1.27015,111
SQ:GBPUSD,2023-08-18T14:51:00+02:00,1.27014,1.27061,1.27008,1.27061,135
SQ:GBPUSD,2023-08-18T14:52:00+02:00,1.27062,1.27092,1.27052,1.27089,115
SQ:GBPUSD,2023-08-18T14:53:00+02:00,1.27088,1.27092,1.27061,1.27068,87
SQ:GBPUSD,2023-08-18T14:54:00+02:00,1.27068,1.27090,1.27012,1.27013,137
SQ:GBPUSD,2023-08-18T14:55:00+02:00,1.27013,1.27079,1.27011,1.27064,118
SQ:GBPUSD,2023-08-18T14:56:00+02:00,1.27069,1.27076,1.27054,1.27069,111
SQ:GBPUSD,2023-08-18T14:57:00+02:00,1.27070,1.27091,1.27069,1.27080,97
SQ:GBPUSD,2023-08-18T14:58:00+02:00,1.27080,1.27083,1.27065,1.27076,103
SQ:GBPUSD,2023-08-18T14:59:00+02:00,1.27077,1.27098,1.27070,1.27094,104
SQ:GBPUSD,2023-08-18T15:00:00+02:00,1.27096,1.27128,1.27091,1.27122,140
SQ:GBPUSD,2023-08-18T15:01:00+02:00,1.27122,1.27133,1.27099,1.27110,93
SQ:GBPUSD,2023-08-18T15:02:00+02:00,1.27111,1.27123,1.27074,1.27078,104
SQ:GBPUSD,2023-08-18T15:03:00+02:00,1.27078,1.27099,1.27065,1.27084,83
SQ:GBPUSD,2023-08-18T15:04:00+02:00,1.27083,1.27093,1.27078,1.27089,69
SQ:GBPUSD,2023-08-18T15:05:00+02:00,1.27090,1.27128,1.27087,1.27121,78
SQ:GBPUSD,2023-08-18T15:06:00+02:00,1.27121,1.27205,1.27121,1.27197,115
SQ:GBPUSD,2023-08-18T15:07:00+02:00,1.27197,1.27207,1.27180,1.27198,103
SQ:GBPUSD,2023-08-18T15:08:00+02:00,1.27198,1.27239,1.27198,1.27220,161
SQ:GBPUSD,2023-08-18T15:09:00+02:00,1.27220,1.27233,1.27206,1.27208,120
SQ:GBPUSD,2023-08-18T15:10:00+02:00,1.27208,1.27231,1.27200,1.27220,112
SQ:GBPUSD,2023-08-18T15:11:00+02:00,1.27220,1.27224,1.27198,1.27210,69
SQ:GBPUSD,2023-08-18T15:12:00+02:00,1.27210,1.27249,1.27198,1.27244,98
SQ:GBPUSD,2023-08-18T15:13:00+02:00,1.27244,1.27251,1.27226,1.27241,83
SQ:GBPUSD,2023-08-18T15:14:00+02:00,1.27241,1.27270,1.27231,1.27257,125
SQ:GBPUSD,2023-08-18T15:15:00+02:00,1.27259,1.27289,1.27253,1.27274,107
SQ:GBPUSD,2023-08-18T15:16:00+02:00,1.27274,1.27286,1.27262,1.27281,83
SQ:GBPUSD,2023-08-18T15:17:00+02:00,1.27280,1.27304,1.27276,1.27298,90
SQ:GBPUSD,2023-08-18T15:18:00+02:00,1.27298,1.27315,1.27297,1.27309,91
SQ:GBPUSD,2023-08-18T15:19:00+02:00,1.27308,1.27313,1.27289,1.27313,89
SQ:GBPUSD,2023-08-18T15:20:00+02:00,1.27313,1.27313,1.27292,1.27296,62
SQ:GBPUSD,2023-08-18T15:21:00+02:00,1.27296,1.27300,1.27259,1.27277,87
SQ:GBPUSD,2023-08-18T15:22:00+02:00,1.27278,1.27307,1.27274,1.27299,64
SQ:GBPUSD,2023-08-18T15:23:00+02:00,1.27299,1.27306,1.27258,1.27268,97
SQ:GBPUSD,2023-08-18T15:24:00+02:00,1.27268,1.27277,1.27236,1.27260,143
SQ:GBPUSD,2023-08-18T15:25:00+02:00,1.27259,1.27268,1.27239,1.27256,111
SQ:GBPUSD,2023-08-18T15:26:00+02:00,1.27256,1.27269,1.27242,1.27246,118
SQ:GBPUSD,2023-08-18T15:27:00+02:00,1.27246,1.27257,1.27215,1.27237,119
SQ:GBPUSD,2023-08-18T15:28:00+02:00,1.27237,1.27274,1.27234,1.27250,112
SQ:GBPUSD,2023-08-18T15:29:00+02:00,1.27250,1.27257,1.27229,1.27229,119
SQ:GBPUSD,2023-08-18T15:30:00+02:00,1.27229,1.27242,1.27208,1.27239,160
SQ:GBPUSD,2023-08-18T15:31:00+02:00,1.27242,1.27279,1.27223,1.27276,164
SQ:GBPUSD,2023-08-18T15:32:00+02:00,1.27273,1.27276,1.27228,1.27245,147
SQ:GBPUSD,2023-08-18T15:33:00+02:00,1.27245,1.27272,1.27233,1.27270,175
SQ:GBPUSD,2023-08-18T15:34:00+02:00,1.27268,1.27310,1.27248,1.27282,153
SQ:GBPUSD,2023-08-18T15:35:00+02:00,1.27280,1.27286,1.27230,1.27238,129
SQ:GBPUSD,2023-08-18T15:36:00+02:00,1.27237,1.27278,1.27232,1.27259,131
SQ:GBPUSD,2023-08-18T15:37:00+02:00,1.27257,1.27269,1.27246,1.27254,147
SQ:GBPUSD,2023-08-18T15:38:00+02:00,1.27254,1.27281,1.27248,1.27265,167
SQ:GBPUSD,2023-08-18T15:39:00+02:00,1.27261,1.27338,1.27261,1.27336,180
SQ:GBPUSD,2023-08-18T15:40:00+02:00,1.27334,1.27338,1.27286,1.27287,143
SQ:GBPUSD,2023-08-18T15:41:00+02:00,1.27286,1.27289,1.27258,1.27259,113
SQ:GBPUSD,2023-08-18T15:42:00+02:00,1.27258,1.27310,1.27242,1.27307,139
SQ:GBPUSD,2023-08-18T15:43:00+02:00,1.27307,1.27359,1.27307,1.27356,169
SQ:GBPUSD,2023-08-18T15:44:00+02:00,1.27355,1.27378,1.27336,1.27372,191
SQ:GBPUSD,2023-08-18T15:45:00+02:00,1.27371,1.27377,1.27318,1.27324,176
SQ:GBPUSD,2023-08-18T15:46:00+02:00,1.27324,1.27347,1.27315,1.27347,180
SQ:GBPUSD,2023-08-18T15:47:00+02:00,1.27347,1.27367,1.27338,1.27339,154
SQ:GBPUSD,2023-08-18T15:48:00+02:00,1.27339,1.27402,1.27337,1.27399,170
SQ:GBPUSD,2023-08-18T15:49:00+02:00,1.27399,1.27441,1.27399,1.27432,187
SQ:GBPUSD,2023-08-18T15:50:00+02:00,1.27436,1.27479,1.27430,1.27436,183
SQ:GBPUSD,2023-08-18T15:51:00+02:00,1.27436,1.27465,1.27425,1.27428,191
SQ:GBPUSD,2023-08-18T15:52:00+02:00,1.27427,1.27481,1.27426,1.27446,159
SQ:GBPUSD,2023-08-18T15:53:00+02:00,1.27445,1.27457,1.27426,1.27445,137
SQ:GBPUSD,2023-08-18T15:54:00+02:00,1.27445,1.27457,1.27417,1.27427,120
SQ:GBPUSD,2023-08-18T15:55:00+02:00,1.27427,1.27464,1.27426,1.27457,165
SQ:GBPUSD,2023-08-18T15:56:00+02:00,1.27457,1.27457,1.27426,1.27446,160
SQ:GBPUSD,2023-08-18T15:57:00+02:00,1.27446,1.27453,1.27418,1.27436,118
SQ:GBPUSD,2023-08-18T15:58:00+02:00,1.27436,1.27455,1.27418,1.27436,159
SQ:GBPUSD,2023-08-18T15:59:00+02:00,1.27436,1.27452,1.27420,1.27424,159
SQ:GBPUSD,2023-08-18T16:00:00+02:00,1.27422,1.27432,1.27398,1.27419,164
SQ:GBPUSD,2023-08-18T16:01:00+02:00,1.27419,1.27419,1.27390,1.27396,147
SQ:GBPUSD,2023-08-18T16:02:00+02:00,1.27396,1.27400,1.27377,1.27388,139
SQ:GBPUSD,2023-08-18T16:03:00+02:00,1.27388,1.27399,1.27346,1.27369,143
SQ:GBPUSD,2023-08-18T16:04:00+02:00,1.27370,1.27384,1.27341,1.27358,138
SQ:GBPUSD,2023-08-18T16:05:00+02:00,1.27358,1.27371,1.27333,1.27340,130
SQ:GBPUSD,2023-08-18T16:06:00+02:00,1.27341,1.27367,1.27324,1.27353,154
SQ:GBPUSD,2023-08-18T16:07:00+02:00,1.27353,1.27375,1.27353,1.27357,159
SQ:GBPUSD,2023-08-18T16:08:00+02:00,1.27357,1.27378,1.27351,1.27361,145
SQ:GBPUSD,2023-08-18T16:09:00+02:00,1.27362,1.27377,1.27362,1.27365,118
SQ:GBPUSD,2023-08-18T16:10:00+02:00,1.27362,1.27368,1.27323,1.27326,126
SQ:GBPUSD,2023-08-18T16:11:00+02:00,1.27326,1.27331,1.27306,1.27329,107
SQ:GBPUSD,2023-08-18T16:12:00+02:00,1.27329,1.27349,1.27322,1.27335,89
SQ:GBPUSD,2023-08-18T16:13:00+02:00,1.27336,1.27355,1.27334,1.27346,109
SQ:GBPUSD,2023-08-18T16:14:00+02:00,1.27345,1.27357,1.27342,1.27349,98
SQ:GBPUSD,2023-08-18T16:15:00+02:00,1.27349,1.27381,1.27348,1.27364,111
SQ:GBPUSD,2023-08-18T16:16:00+02:00,1.27364,1.27373,1.27343,1.27344,97
SQ:GBPUSD,2023-08-18T16:17:00+02:00,1.27343,1.27344,1.27322,1.27332,106
SQ:GBPUSD,2023-08-18T16:18:00+02:00,1.27331,1.27337,1.27274,1.27307,134
SQ:GBPUSD,2023-08-18T16:19:00+02:00,1.27307,1.27330,1.27300,1.27317,104
SQ:GBPUSD,2023-08-18T16:20:00+02:00,1.27317,1.27349,1.27315,1.27345,98
SQ:GBPUSD,2023-08-18T16:21:00+02:00,1.27345,1.27354,1.27339,1.27353,64
SQ:GBPUSD,2023-08-18T16:22:00+02:00,1.27351,1.27354,1.27328,1.27344,82
SQ:GBPUSD,2023-08-18T16:23:00+02:00,1.27345,1.27374,1.27345,1.27369,82
SQ:GBPUSD,2023-08-18T16:24:00+02:00,1.27370,1.27378,1.27360,1.27375,68
SQ:GBPUSD,2023-08-18T16:25:00+02:00,1.27375,1.27393,1.27370,1.27374,122
SQ:GBPUSD,2023-08-18T16:26:00+02:00,1.27375,1.27406,1.27366,1.27390,117
SQ:GBPUSD,2023-08-18T16:27:00+02:00,1.27390,1.27416,1.27382,1.27410,86
SQ:GBPUSD,2023-08-18T16:28:00+02:00,1.27410,1.27410,1.27369,1.27385,98
SQ:GBPUSD,2023-08-18T16:29:00+02:00,1.27382,1.27390,1.27359,1.27385,67
SQ:GBPUSD,2023-08-18T16:30:00+02:00,1.27384,1.27397,1.27376,1.27391,133
SQ:GBPUSD,2023-08-18T16:31:00+02:00,1.27392,1.27394,1.27352,1.27357,131
SQ:GBPUSD,2023-08-18T16:32:00+02:00,1.27357,1.27364,1.27327,1.27335,109
SQ:GBPUSD,2023-08-18T16:33:00+02:00,1.27334,1.27351,1.27322,1.27341,97
SQ:GBPUSD,2023-08-18T16:34:00+02:00,1.27341,1.27370,1.27341,1.27370,109
SQ:GBPUSD,2023-08-18T16:35:00+02:00,1.27369,1.27380,1.27349,1.27380,76
SQ:GBPUSD,2023-08-18T16:36:00+02:00,1.27379,1.27380,1.27336,1.27336,89
SQ:GBPUSD,2023-08-18T16:37:00+02:00,1.27336,1.27337,1.27324,1.27335,102
SQ:GBPUSD,2023-08-18T16:38:00+02:00,1.27336,1.27342,1.27320,1.27322,72
SQ:GBPUSD,2023-08-18T16:39:00+02:00,1.27322,1.27330,1.27315,1.27324,86
SQ:GBPUSD,2023-08-18T16:40:00+02:00,1.27324,1.27327,1.27293,1.27297,84
SQ:GBPUSD,2023-08-18T16:41:00+02:00,1.27295,1.27296,1.27275,1.27279,76
SQ:GBPUSD,2023-08-18T16:42:00+02:00,1.27278,1.27315,1.27275,1.27314,89
SQ:GBPUSD,2023-08-18T16:43:00+02:00,1.27314,1.27315,1.27302,1.27307,52
SQ:GBPUSD,2023-08-18T16:44:00+02:00,1.27307,1.27326,1.27301,1.27321,67
SQ:GBPUSD,2023-08-18T16:45:00+02:00,1.27323,1.27325,1.27294,1.27294,92
SQ:GBPUSD,2023-08-18T16:46:00+02:00,1.27295,1.27317,1.27282,1.27317,78
SQ:GBPUSD,2023-08-18T16:47:00+02:00,1.27317,1.27332,1.27314,1.27317,88
SQ:GBPUSD,2023-08-18T16:48:00+02:00,1.27317,1.27367,1.27315,1.27344,128
SQ:GBPUSD,2023-08-18T16:49:00+02:00,1.27339,1.27347,1.27304,1.27323,120
SQ:GBPUSD,2023-08-18T16:50:00+02:00,1.27323,1.27378,1.27315,1.27320,163
SQ:GBPUSD,2023-08-18T16:51:00+02:00,1.27320,1.27331,1.27295,1.27319,113
SQ:GBPUSD,2023-08-18T16:52:00+02:00,1.27320,1.27329,1.27307,1.27317,91
SQ:GBPUSD,2023-08-18T16:53:00+02:00,1.27320,1.27326,1.27283,1.27290,104
SQ:GBPUSD,2023-08-18T16:54:00+02:00,1.27290,1.27301,1.27282,1.27299,110
SQ:GBPUSD,2023-08-18T16:55:00+02:00,1.27296,1.27309,1.27290,1.27307,83
SQ:GBPUSD,2023-08-18T16:56:00+02:00,1.27307,1.27307,1.27271,1.27273,129
SQ:GBPUSD,2023-08-18T16:57:00+02:00,1.27274,1.27287,1.27261,1.27265,152
SQ:GBPUSD,2023-08-18T16:58:00+02:00,1.27265,1.27288,1.27259,1.27262,187
SQ:GBPUSD,2023-08-18T16:59:00+02:00,1.27263,1.27283,1.27255,1.27257,172
SQ:GBPUSD,2023-08-18T17:00:00+02:00,1.27257,1.27286,1.27253,1.27266,220
SQ:GBPUSD,2023-08-18T17:01:00+02:00,1.27268,1.27272,1.27242,1.27247,194
SQ:GBPUSD,2023-08-18T17:02:00+02:00,1.27247,1.27273,1.27221,1.27236,178
SQ:GBPUSD,2023-08-18T17:03:00+02:00,1.27237,1.27248,1.27223,1.27225,126
SQ:GBPUSD,2023-08-18T17:04:00+02:00,1.27225,1.27240,1.27219,1.27235,90
SQ:GBPUSD,2023-08-18T17:05:00+02:00,1.27235,1.27237,1.27218,1.27225,93
SQ:GBPUSD,2023-08-18T17:06:00+02:00,1.27225,1.27226,1.27196,1.27205,87
SQ:GBPUSD,2023-08-18T17:07:00+02:00,1.27207,1.27249,1.27203,1.27237,99
SQ:GBPUSD,2023-08-18T17:08:00+02:00,1.27239,1.27251,1.27231,1.27242,72
SQ:GBPUSD,2023-08-18T17:09:00+02:00,1.27242,1.27242,1.27225,1.27235,62
SQ:GBPUSD,2023-08-18T17:10:00+02:00,1.27236,1.27287,1.27229,1.27285,91
SQ:GBPUSD,2023-08-18T17:11:00+02:00,1.27288,1.27302,1.27283,1.27296,83
SQ:GBPUSD,2023-08-18T17:12:00+02:00,1.27296,1.27310,1.27296,1.27309,32
SQ:GBPUSD,2023-08-18T17:13:00+02:00,1.27310,1.27348,1.27297,1.27319,96
SQ:GBPUSD,2023-08-18T17:14:00+02:00,1.27317,1.27338,1.27316,1.27337,70
SQ:GBPUSD,2023-08-18T17:15:00+02:00,1.27337,1.27366,1.27337,1.27358,62
SQ:GBPUSD,2023-08-18T17:16:00+02:00,1.27358,1.27378,1.27355,1.27356,72
SQ:GBPUSD,2023-08-18T17:17:00+02:00,1.27356,1.27356,1.27327,1.27336,57
SQ:GBPUSD,2023-08-18T17:18:00+02:00,1.27336,1.27340,1.27323,1.27328,64
SQ:GBPUSD,2023-08-18T17:19:00+02:00,1.27328,1.27347,1.27328,1.27335,59
SQ:GBPUSD,2023-08-18T17:20:00+02:00,1.27335,1.27352,1.27334,1.27351,50
SQ:GBPUSD,2023-08-18T17:21:00+02:00,1.27351,1.27365,1.27335,1.27335,89
SQ:GBPUSD,2023-08-18T17:22:00+02:00,1.27336,1.27346,1.27334,1.27345,35
SQ:GBPUSD,2023-08-18T17:23:00+02:00,1.27343,1.27355,1.27337,1.27340,71
SQ:GBPUSD,2023-08-18T17:24:00+02:00,1.27340,1.27356,1.27335,1.27355,63
SQ:GBPUSD,2023-08-18T17:25:00+02:00,1.27354,1.27354,1.27338,1.27346,61
SQ:GBPUSD,2023-08-18T17:26:00+02:00,1.27345,1.27360,1.27341,1.27357,101
SQ:GBPUSD,2023-08-18T17:27:00+02:00,1.27356,1.27357,1.27329,1.27337,85
SQ:GBPUSD,2023-08-18T17:28:00+02:00,1.27337,1.27338,1.27326,1.27336,42
SQ:GBPUSD,2023-08-18T17:29:00+02:00,1.27336,1.27349,1.27323,1.27324,75
SQ:GBPUSD,2023-08-18T17:30:00+02:00,1.27324,1.27338,1.27323,1.27324,49
SQ:GBPUSD,2023-08-18T17:31:00+02:00,1.27323,1.27348,1.27322,1.27348,64
SQ:GBPUSD,2023-08-18T17:32:00+02:00,1.27348,1.27378,1.27347,1.27378,78
SQ:GBPUSD,2023-08-18T17:33:00+02:00,1.27377,1.27384,1.27366,1.27374,59
SQ:GBPUSD,2023-08-18T17:34:00+02:00,1.27374,1.27374,1.27346,1.27347,70
SQ:GBPUSD,2023-08-18T17:35:00+02:00,1.27348,1.27365,1.27343,1.27354,82
SQ:GBPUSD,2023-08-18T17:36:00+02:00,1.27354,1.27377,1.27348,1.27377,60
SQ:GBPUSD,2023-08-18T17:37:00+02:00,1.27379,1.27388,1.27366,1.27367,51
SQ:GBPUSD,2023-08-18T17:38:00+02:00,1.27368,1.27389,1.27359,1.27378,58
SQ:GBPUSD,2023-08-18T17:39:00+02:00,1.27379,1.27382,1.27318,1.27320,80
SQ:GBPUSD,2023-08-18T17:40:00+02:00,1.27321,1.27338,1.27319,1.27326,82
SQ:GBPUSD,2023-08-18T17:41:00+02:00,1.27326,1.27328,1.27305,1.27309,48
SQ:GBPUSD,2023-08-18T17:42:00+02:00,1.27309,1.27338,1.27309,1.27333,80
SQ:GBPUSD,2023-08-18T17:43:00+02:00,1.27331,1.27345,1.27320,1.27341,80
SQ:GBPUSD,2023-08-18T17:44:00+02:00,1.27341,1.27345,1.27316,1.27316,72
SQ:GBPUSD,2023-08-18T17:45:00+02:00,1.27317,1.27358,1.27317,1.27354,47
SQ:GBPUSD,2023-08-18T17:46:00+02:00,1.27354,1.27367,1.27348,1.27367,63
SQ:GBPUSD,2023-08-18T17:47:00+02:00,1.27367,1.27379,1.27364,1.27377,52
SQ:GBPUSD,2023-08-18T17:48:00+02:00,1.27379,1.27399,1.27376,1.27394,66
SQ:GBPUSD,2023-08-18T17:49:00+02:00,1.27394,1.27408,1.27389,1.27408,72
SQ:GBPUSD,2023-08-18T17:50:00+02:00,1.27412,1.27427,1.27412,1.27418,79
SQ:GBPUSD,2023-08-18T17:51:00+02:00,1.27418,1.27420,1.27406,1.27417,69
SQ:GBPUSD,2023-08-18T17:52:00+02:00,1.27418,1.27433,1.27414,1.27423,68
SQ:GBPUSD,2023-08-18T17:53:00+02:00,1.27424,1.27424,1.27405,1.27409,67
SQ:GBPUSD,2023-08-18T17:54:00+02:00,1.27409,1.27417,1.27405,1.27406,50
SQ:GBPUSD,2023-08-18T17:55:00+02:00,1.27406,1.27427,1.27399,1.27423,82
SQ:GBPUSD,2023-08-18T17:56:00+02:00,1.27423,1.27427,1.27397,1.27397,58
SQ:GBPUSD,2023-08-18T17:57:00+02:00,1.27394,1.27396,1.27383,1.27384,44
SQ:GBPUSD,2023-08-18T17:58:00+02:00,1.27384,1.27390,1.27381,1.27381,38
SQ:GBPUSD,2023-08-18T17:59:00+02:00,1.27377,1.27377,1.27352,1.27353,50
SQ:GBPUSD,2023-08-18T18:00:00+02:00,1.27353,1.27365,1.27348,1.27356,56
SQ:GBPUSD,2023-08-18T18:01:00+02:00,1.27357,1.27357,1.27332,1.27342,72
SQ:GBPUSD,2023-08-18T18:02:00+02:00,1.27344,1.27353,1.27338,1.27353,69
SQ:GBPUSD,2023-08-18T18:03:00+02:00,1.27353,1.27362,1.27352,1.27352,35
SQ:GBPUSD,2023-08-18T18:04:00+02:00,1.27352,1.27369,1.27351,1.27365,57
SQ:GBPUSD,2023-08-18T18:05:00+02:00,1.27365,1.27374,1.27355,1.27363,53
SQ:GBPUSD,2023-08-18T18:06:00+02:00,1.27363,1.27364,1.27354,1.27355,43
SQ:GBPUSD,2023-08-18T18:07:00+02:00,1.27355,1.27372,1.27354,1.27356,51
SQ:GBPUSD,2023-08-18T18:08:00+02:00,1.27356,1.27357,1.27348,1.27354,30
SQ:GBPUSD,2023-08-18T18:09:00+02:00,1.27354,1.27368,1.27354,1.27362,36
SQ:GBPUSD,2023-08-18T18:10:00+02:00,1.27362,1.27364,1.27354,1.27357,37
SQ:GBPUSD,2023-08-18T18:11:00+02:00,1.27357,1.27369,1.27357,1.27369,30
SQ:GBPUSD,2023-08-18T18:12:00+02:00,1.27369,1.27377,1.27365,1.27365,34
SQ:GBPUSD,2023-08-18T18:13:00+02:00,1.27366,1.27386,1.27365,1.27386,57
SQ:GBPUSD,2023-08-18T18:14:00+02:00,1.27385,1.27386,1.27375,1.27382,39
SQ:GBPUSD,2023-08-18T18:15:00+02:00,1.27382,1.27387,1.27375,1.27376,26
SQ:GBPUSD,2023-08-18T18:16:00+02:00,1.27376,1.27385,1.27374,1.27383,27
SQ:GBPUSD,2023-08-18T18:17:00+02:00,1.27383,1.27399,1.27376,1.27396,48
SQ:GBPUSD,2023-08-18T18:18:00+02:00,1.27396,1.27399,1.27389,1.27390,36
SQ:GBPUSD,2023-08-18T18:19:00+02:00,1.27390,1.27391,1.27374,1.27378,47
SQ:GBPUSD,2023-08-18T18:20:00+02:00,1.27378,1.27400,1.27378,1.27395,37
SQ:GBPUSD,2023-08-18T18:21:00+02:00,1.27395,1.27395,1.27383,1.27385,30
SQ:GBPUSD,2023-08-18T18:22:00+02:00,1.27385,1.27398,1.27385,1.27395,30
SQ:GBPUSD,2023-08-18T18:23:00+02:00,1.27395,1.27404,1.27391,1.27393,32
SQ:GBPUSD,2023-08-18T18:24:00+02:00,1.27395,1.27398,1.27389,1.27397,26
SQ:GBPUSD,2023-08-18T18:25:00+02:00,1.27397,1.27402,1.27395,1.27395,17
SQ:GBPUSD,2023-08-18T18:26:00+02:00,1.27395,1.27408,1.27395,1.27406,36
SQ:GBPUSD,2023-08-18T18:27:00+02:00,1.27406,1.27417,1.27404,1.27415,35
SQ:GBPUSD,2023-08-18T18:28:00+02:00,1.27415,1.27415,1.27404,1.27406,15
SQ:GBPUSD,2023-08-18T18:29:00+02:00,1.27406,1.27409,1.27392,1.27394,24
SQ:GBPUSD,2023-08-18T18:30:00+02:00,1.27394,1.27397,1.27388,1.27397,38
SQ:GBPUSD,2023-08-18T18:31:00+02:00,1.27397,1.27397,1.27385,1.27386,45
SQ:GBPUSD,2023-08-18T18:32:00+02:00,1.27387,1.27414,1.27387,1.27414,39
SQ:GBPUSD,2023-08-18T18:33:00+02:00,1.27414,1.27415,1.27403,1.27408,25
SQ:GBPUSD,2023-08-18T18:34:00+02:00,1.27408,1.27408,1.27366,1.27366,33
SQ:GBPUSD,2023-08-18T18:35:00+02:00,1.27366,1.27389,1.27366,1.27374,45
SQ:GBPUSD,2023-08-18T18:36:00+02:00,1.27374,1.27375,1.27358,1.27358,38
SQ:GBPUSD,2023-08-18T18:37:00+02:00,1.27358,1.27369,1.27346,1.27369,53
SQ:GBPUSD,2023-08-18T18:38:00+02:00,1.27369,1.27383,1.27369,1.27381,41
SQ:GBPUSD,2023-08-18T18:39:00+02:00,1.27381,1.27396,1.27379,1.27387,46
SQ:GBPUSD,2023-08-18T18:40:00+02:00,1.27387,1.27398,1.27384,1.27398,20
SQ:GBPUSD,2023-08-18T18:41:00+02:00,1.27398,1.27398,1.27389,1.27395,27
SQ:GBPUSD,2023-08-18T18:42:00+02:00,1.27395,1.27399,1.27384,1.27386,33
SQ:GBPUSD,2023-08-18T18:43:00+02:00,1.27385,1.27403,1.27385,1.27397,40
SQ:GBPUSD,2023-08-18T18:44:00+02:00,1.27397,1.27399,1.27387,1.27389,39
SQ:GBPUSD,2023-08-18T18:45:00+02:00,1.27389,1.27396,1.27365,1.27367,34
SQ:GBPUSD,2023-08-18T18:46:00+02:00,1.27367,1.27369,1.27356,1.27369,34
SQ:GBPUSD,2023-08-18T18:47:00+02:00,1.27370,1.27419,1.27370,1.27418,63
SQ:GBPUSD,2023-08-18T18:48:00+02:00,1.27420,1.27445,1.27417,1.27431,70
SQ:GBPUSD,2023-08-18T18:49:00+02:00,1.27431,1.27431,1.27416,1.27419,47
SQ:GBPUSD,2023-08-18T18:50:00+02:00,1.27419,1.27419,1.27399,1.27399,53
SQ:GBPUSD,2023-08-18T18:51:00+02:00,1.27398,1.27404,1.27384,1.27388,53
SQ:GBPUSD,2023-08-18T18:52:00+02:00,1.27388,1.27394,1.27384,1.27387,27
SQ:GBPUSD,2023-08-18T18:53:00+02:00,1.27389,1.27397,1.27386,1.27387,25
SQ:GBPUSD,2023-08-18T18:54:00+02:00,1.27387,1.27388,1.27377,1.27378,38
SQ:GBPUSD,2023-08-18T18:55:00+02:00,1.27378,1.27393,1.27373,1.27389,32
SQ:GBPUSD,2023-08-18T18:56:00+02:00,1.27389,1.27399,1.27388,1.27393,60
SQ:GBPUSD,2023-08-18T18:57:00+02:00,1.27393,1.27410,1.27391,1.27410,63
SQ:GBPUSD,2023-08-18T18:58:00+02:00,1.27410,1.27431,1.27407,1.27429,75
SQ:GBPUSD,2023-08-18T18:59:00+02:00,1.27429,1.27436,1.27426,1.27433,54
SQ:GBPUSD,2023-08-18T19:00:00+02:00,1.27433,1.27469,1.27433,1.27459,76
SQ:GBPUSD,2023-08-18T19:01:00+02:00,1.27459,1.27481,1.27458,1.27476,69
SQ:GBPUSD,2023-08-18T19:02:00+02:00,1.27477,1.27494,1.27475,1.27477,84
SQ:GBPUSD,2023-08-18T19:03:00+02:00,1.27477,1.27479,1.27460,1.27473,55
SQ:GBPUSD,2023-08-18T19:04:00+02:00,1.27473,1.27483,1.27467,1.27483,39
SQ:GBPUSD,2023-08-18T19:05:00+02:00,1.27483,1.27490,1.27477,1.27490,44
SQ:GBPUSD,2023-08-18T19:06:00+02:00,1.27490,1.27499,1.27488,1.27498,63
SQ:GBPUSD,2023-08-18T19:07:00+02:00,1.27497,1.27535,1.27497,1.27516,87
SQ:GBPUSD,2023-08-18T19:08:00+02:00,1.27516,1.27516,1.27488,1.27490,64
SQ:GBPUSD,2023-08-18T19:09:00+02:00,1.27491,1.27500,1.27486,1.27497,26
SQ:GBPUSD,2023-08-18T19:10:00+02:00,1.27497,1.27498,1.27478,1.27491,27
SQ:GBPUSD,2023-08-18T19:11:00+02:00,1.27491,1.27501,1.27489,1.27501,24
SQ:GBPUSD,2023-08-18T19:12:00+02:00,1.27502,1.27518,1.27497,1.27508,61
SQ:GBPUSD,2023-08-18T19:13:00+02:00,1.27506,1.27507,1.27494,1.27498,38
SQ:GBPUSD,2023-08-18T19:14:00+02:00,1.27499,1.27510,1.27495,1.27498,37
SQ:GBPUSD,2023-08-18T19:15:00+02:00,1.27499,1.27505,1.27488,1.27489,44
SQ:GBPUSD,2023-08-18T19:16:00+02:00,1.27489,1.27493,1.27476,1.27476,57
SQ:GBPUSD,2023-08-18T19:17:00+02:00,1.27476,1.27483,1.27476,1.27478,25
SQ:GBPUSD,2023-08-18T19:18:00+02:00,1.27478,1.27487,1.27458,1.27458,45
SQ:GBPUSD,2023-08-18T19:19:00+02:00,1.27458,1.27459,1.27454,1.27458,25
SQ:GBPUSD,2023-08-18T19:20:00+02:00,1.27458,1.27458,1.27449,1.27455,28
SQ:GBPUSD,2023-08-18T19:21:00+02:00,1.27455,1.27469,1.27454,1.27457,34
SQ:GBPUSD,2023-08-18T19:22:00+02:00,1.27457,1.27458,1.27447,1.27450,49
SQ:GBPUSD,2023-08-18T19:23:00+02:00,1.27450,1.27450,1.27418,1.27423,63
SQ:GBPUSD,2023-08-18T19:24:00+02:00,1.27424,1.27431,1.27416,1.27416,49
SQ:GBPUSD,2023-08-18T19:25:00+02:00,1.27416,1.27416,1.27398,1.27409,72
SQ:GBPUSD,2023-08-18T19:26:00+02:00,1.27409,1.27426,1.27409,1.27416,26
SQ:GBPUSD,2023-08-18T19:27:00+02:00,1.27416,1.27425,1.27412,1.27418,32
SQ:GBPUSD,2023-08-18T19:28:00+02:00,1.27418,1.27429,1.27417,1.27428,27
SQ:GBPUSD,2023-08-18T19:29:00+02:00,1.27428,1.27429,1.27423,1.27426,26
SQ:GBPUSD,2023-08-18T19:30:00+02:00,1.27426,1.27447,1.27426,1.27439,41
SQ:GBPUSD,2023-08-18T19:31:00+02:00,1.27439,1.27450,1.27438,1.27442,34
SQ:GBPUSD,2023-08-18T19:32:00+02:00,1.27442,1.27448,1.27424,1.27424,35
SQ:GBPUSD,2023-08-18T19:33:00+02:00,1.27422,1.27443,1.27419,1.27436,62
SQ:GBPUSD,2023-08-18T19:34:00+02:00,1.27436,1.27448,1.27428,1.27447,37
SQ:GBPUSD,2023-08-18T19:35:00+02:00,1.27447,1.27458,1.27447,1.27456,30
SQ:GBPUSD,2023-08-18T19:36:00+02:00,1.27456,1.27467,1.27456,1.27459,46
SQ:GBPUSD,2023-08-18T19:37:00+02:00,1.27459,1.27464,1.27453,1.27455,48
SQ:GBPUSD,2023-08-18T19:38:00+02:00,1.27451,1.27451,1.27430,1.27445,61
SQ:GBPUSD,2023-08-18T19:39:00+02:00,1.27445,1.27454,1.27413,1.27416,54
SQ:GBPUSD,2023-08-18T19:40:00+02:00,1.27414,1.27466,1.27414,1.27466,60
SQ:GBPUSD,2023-08-18T19:41:00+02:00,1.27466,1.27466,1.27439,1.27459,53
SQ:GBPUSD,2023-08-18T19:42:00+02:00,1.27462,1.27490,1.27456,1.27480,62
SQ:GBPUSD,2023-08-18T19:43:00+02:00,1.27480,1.27491,1.27475,1.27490,26
SQ:GBPUSD,2023-08-18T19:44:00+02:00,1.27490,1.27498,1.27487,1.27498,53
SQ:GBPUSD,2023-08-18T19:45:00+02:00,1.27499,1.27505,1.27489,1.27493,34
SQ:GBPUSD,2023-08-18T19:46:00+02:00,1.27492,1.27517,1.27492,1.27506,56
SQ:GBPUSD,2023-08-18T19:47:00+02:00,1.27506,1.27525,1.27498,1.27520,23
SQ:GBPUSD,2023-08-18T19:48:00+02:00,1.27520,1.27528,1.27486,1.27487,47
SQ:GBPUSD,2023-08-18T19:49:00+02:00,1.27486,1.27514,1.27486,1.27514,38
SQ:GBPUSD,2023-08-18T19:50:00+02:00,1.27514,1.27519,1.27509,1.27514,50
SQ:GBPUSD,2023-08-18T19:51:00+02:00,1.27515,1.27526,1.27514,1.27526,27
SQ:GBPUSD,2023-08-18T19:52:00+02:00,1.27527,1.27537,1.27527,1.27537,37
SQ:GBPUSD,2023-08-18T19:53:00+02:00,1.27537,1.27546,1.27537,1.27546,34
SQ:GBPUSD,2023-08-18T19:54:00+02:00,1.27546,1.27547,1.27546,1.27547,4
SQ:GBPUSD,2023-08-18T19:55:00+02:00,1.27546,1.27546,1.27528,1.27538,23
SQ:GBPUSD,2023-08-18T19:56:00+02:00,1.27537,1.27537,1.27527,1.27528,25
SQ:GBPUSD,2023-08-18T19:57:00+02:00,1.27525,1.27528,1.27509,1.27512,47
SQ:GBPUSD,2023-08-18T19:58:00+02:00,1.27511,1.27511,1.27488,1.27488,40
SQ:GBPUSD,2023-08-18T19:59:00+02:00,1.27489,1.27499,1.27485,1.27496,35
SQ:GBPUSD,2023-08-18T20:00:00+02:00,1.27498,1.27514,1.27485,1.27490,51
SQ:GBPUSD,2023-08-18T20:01:00+02:00,1.27491,1.27493,1.27484,1.27485,25
SQ:GBPUSD,2023-08-18T20:02:00+02:00,1.27478,1.27483,1.27461,1.27469,45
SQ:GBPUSD,2023-08-18T20:03:00+02:00,1.27469,1.27469,1.27458,1.27460,20
SQ:GBPUSD,2023-08-18T20:04:00+02:00,1.27460,1.27474,1.27459,1.27469,22
SQ:GBPUSD,2023-08-18T20:05:00+02:00,1.27469,1.27479,1.27459,1.27475,30
SQ:GBPUSD,2023-08-18T20:06:00+02:00,1.27475,1.27486,1.27475,1.27478,35
SQ:GBPUSD,2023-08-18T20:07:00+02:00,1.27478,1.27480,1.27469,1.27479,44
SQ:GBPUSD,2023-08-18T20:08:00+02:00,1.27477,1.27479,1.27470,1.27472,25
SQ:GBPUSD,2023-08-18T20:09:00+02:00,1.27471,1.27473,1.27461,1.27466,31
SQ:GBPUSD,2023-08-18T20:10:00+02:00,1.27467,1.27467,1.27448,1.27448,33
SQ:GBPUSD,2023-08-18T20:11:00+02:00,1.27448,1.27449,1.27443,1.27445,27
SQ:GBPUSD,2023-08-18T20:12:00+02:00,1.27445,1.27446,1.27433,1.27438,33
SQ:GBPUSD,2023-08-18T20:13:00+02:00,1.27438,1.27453,1.27438,1.27447,33
SQ:GBPUSD,2023-08-18T20:14:00+02:00,1.27447,1.27449,1.27446,1.27448,16
SQ:GBPUSD,2023-08-18T20:15:00+02:00,1.27446,1.27460,1.27446,1.27458,38
SQ:GBPUSD,2023-08-18T20:16:00+02:00,1.27460,1.27468,1.27456,1.27466,25
SQ:GBPUSD,2023-08-18T20:17:00+02:00,1.27465,1.27476,1.27465,1.27466,22
SQ:GBPUSD,2023-08-18T20:18:00+02:00,1.27467,1.27475,1.27455,1.27459,33
SQ:GBPUSD,2023-08-18T20:19:00+02:00,1.27459,1.27469,1.27457,1.27468,23
SQ:GBPUSD,2023-08-18T20:20:00+02:00,1.27468,1.27476,1.27461,1.27474,33
SQ:GBPUSD,2023-08-18T20:21:00+02:00,1.27476,1.27486,1.27476,1.27476,16
SQ:GBPUSD,2023-08-18T20:22:00+02:00,1.27476,1.27476,1.27466,1.27468,15
SQ:GBPUSD,2023-08-18T20:23:00+02:00,1.27466,1.27466,1.27443,1.27449,29
SQ:GBPUSD,2023-08-18T20:24:00+02:00,1.27450,1.27462,1.27449,1.27459,25
SQ:GBPUSD,2023-08-18T20:25:00+02:00,1.27460,1.27470,1.27454,1.27454,26
SQ:GBPUSD,2023-08-18T20:26:00+02:00,1.27454,1.27456,1.27439,1.27450,39
SQ:GBPUSD,2023-08-18T20:27:00+02:00,1.27450,1.27458,1.27449,1.27458,20
SQ:GBPUSD,2023-08-18T20:28:00+02:00,1.27458,1.27461,1.27457,1.27460,18
SQ:GBPUSD,2023-08-18T20:29:00+02:00,1.27460,1.27464,1.27458,1.27459,33
SQ:GBPUSD,2023-08-18T20:30:00+02:00,1.27459,1.27472,1.27459,1.27468,20
SQ:GBPUSD,2023-08-18T20:31:00+02:00,1.27468,1.27480,1.27464,1.27480,31
SQ:GBPUSD,2023-08-18T20:32:00+02:00,1.27480,1.27498,1.27480,1.27492,27
SQ:GBPUSD,2023-08-18T20:33:00+02:00,1.27492,1.27492,1.27479,1.27486,21
SQ:GBPUSD,2023-08-18T20:34:00+02:00,1.27487,1.27489,1.27472,1.27476,24
SQ:GBPUSD,2023-08-18T20:35:00+02:00,1.27476,1.27483,1.27471,1.27479,21
SQ:GBPUSD,2023-08-18T20:36:00+02:00,1.27479,1.27480,1.27472,1.27479,19
SQ:GBPUSD,2023-08-18T20:37:00+02:00,1.27479,1.27480,1.27478,1.27479,5
SQ:GBPUSD,2023-08-18T20:38:00+02:00,1.27479,1.27493,1.27478,1.27493,11
SQ:GBPUSD,2023-08-18T20:39:00+02:00,1.27491,1.27494,1.27485,1.27489,19
SQ:GBPUSD,2023-08-18T20:40:00+02:00,1.27489,1.27509,1.27488,1.27501,26
SQ:GBPUSD,2023-08-18T20:41:00+02:00,1.27500,1.27500,1.27486,1.27487,43
SQ:GBPUSD,2023-08-18T20:42:00+02:00,1.27487,1.27495,1.27485,1.27495,41
SQ:GBPUSD,2023-08-18T20:43:00+02:00,1.27495,1.27505,1.27495,1.27497,20
SQ:GBPUSD,2023-08-18T20:44:00+02:00,1.27497,1.27497,1.27463,1.27464,60
SQ:GBPUSD,2023-08-18T20:45:00+02:00,1.27465,1.27469,1.27462,1.27467,22
SQ:GBPUSD,2023-08-18T20:46:00+02:00,1.27467,1.27476,1.27466,1.27469,34
SQ:GBPUSD,2023-08-18T20:47:00+02:00,1.27469,1.27480,1.27465,1.27476,27
SQ:GBPUSD,2023-08-18T20:48:00+02:00,1.27470,1.27474,1.27466,1.27469,14
SQ:GBPUSD,2023-08-18T20:49:00+02:00,1.27469,1.27470,1.27455,1.27459,22
SQ:GBPUSD,2023-08-18T20:50:00+02:00,1.27459,1.27459,1.27445,1.27446,41
SQ:GBPUSD,2023-08-18T20:51:00+02:00,1.27446,1.27449,1.27438,1.27438,34
SQ:GBPUSD,2023-08-18T20:52:00+02:00,1.27438,1.27449,1.27434,1.27435,29
SQ:GBPUSD,2023-08-18T20:53:00+02:00,1.27435,1.27449,1.27430,1.27446,48
SQ:GBPUSD,2023-08-18T20:54:00+02:00,1.27446,1.27457,1.27445,1.27457,21
SQ:GBPUSD,2023-08-18T20:55:00+02:00,1.27457,1.27457,1.27435,1.27443,59
SQ:GBPUSD,2023-08-18T20:56:00+02:00,1.27443,1.27448,1.27436,1.27442,31
SQ:GBPUSD,2023-08-18T20:57:00+02:00,1.27442,1.27443,1.27428,1.27428,35
SQ:GBPUSD,2023-08-18T20:58:00+02:00,1.27423,1.27426,1.27408,1.27413,53
SQ:GBPUSD,2023-08-18T20:59:00+02:00,1.27413,1.27421,1.27408,1.27411,70
SQ:GBPUSD,2023-08-18T21:00:00+02:00,1.27411,1.27411,1.27391,1.27394,51
SQ:GBPUSD,2023-08-18T21:01:00+02:00,1.27392,1.27395,1.27370,1.27371,65
SQ:GBPUSD,2023-08-18T21:02:00+02:00,1.27371,1.27390,1.27370,1.27385,61
SQ:GBPUSD,2023-08-18T21:03:00+02:00,1.27384,1.27388,1.27379,1.27385,57
SQ:GBPUSD,2023-08-18T21:04:00+02:00,1.27385,1.27385,1.27366,1.27366,34
SQ:GBPUSD,2023-08-18T21:05:00+02:00,1.27366,1.27366,1.27355,1.27358,21
SQ:GBPUSD,2023-08-18T21:06:00+02:00,1.27358,1.27368,1.27356,1.27367,15
SQ:GBPUSD,2023-08-18T21:07:00+02:00,1.27367,1.27379,1.27365,1.27373,34
SQ:GBPUSD,2023-08-18T21:08:00+02:00,1.27373,1.27377,1.27371,1.27375,26
SQ:GBPUSD,2023-08-18T21:09:00+02:00,1.27374,1.27377,1.27365,1.27369,35
SQ:GBPUSD,2023-08-18T21:10:00+02:00,1.27369,1.27371,1.27356,1.27365,31
SQ:GBPUSD,2023-08-18T21:11:00+02:00,1.27365,1.27365,1.27342,1.27347,39
SQ:GBPUSD,2023-08-18T21:12:00+02:00,1.27348,1.27356,1.27337,1.27339,54
SQ:GBPUSD,2023-08-18T21:13:00+02:00,1.27339,1.27347,1.27337,1.27347,28
SQ:GBPUSD,2023-08-18T21:14:00+02:00,1.27347,1.27355,1.27332,1.27334,42
SQ:GBPUSD,2023-08-18T21:15:00+02:00,1.27332,1.27338,1.27327,1.27334,40
SQ:GBPUSD,2023-08-18T21:16:00+02:00,1.27334,1.27334,1.27326,1.27327,26
SQ:GBPUSD,2023-08-18T21:17:00+02:00,1.27327,1.27338,1.27325,1.27330,30
SQ:GBPUSD,2023-08-18T21:18:00+02:00,1.27330,1.27335,1.27324,1.27335,21
SQ:GBPUSD,2023-08-18T21:19:00+02:00,1.27335,1.27341,1.27334,1.27338,26
SQ:GBPUSD,2023-08-18T21:20:00+02:00,1.27338,1.27348,1.27337,1.27344,15
SQ:GBPUSD,2023-08-18T21:21:00+02:00,1.27345,1.27348,1.27338,1.27347,37
SQ:GBPUSD,2023-08-18T21:22:00+02:00,1.27347,1.27348,1.27334,1.27336,42
SQ:GBPUSD,2023-08-18T21:23:00+02:00,1.27338,1.27340,1.27328,1.27328,19
SQ:GBPUSD,2023-08-18T21:24:00+02:00,1.27329,1.27336,1.27327,1.27334,52
SQ:GBPUSD,2023-08-18T21:25:00+02:00,1.27335,1.27349,1.27333,1.27348,49
SQ:GBPUSD,2023-08-18T21:26:00+02:00,1.27348,1.27359,1.27348,1.27357,31
SQ:GBPUSD,2023-08-18T21:27:00+02:00,1.27358,1.27365,1.27355,1.27359,24
SQ:GBPUSD,2023-08-18T21:28:00+02:00,1.27359,1.27376,1.27359,1.27373,30
SQ:GBPUSD,2023-08-18T21:29:00+02:00,1.27373,1.27389,1.27372,1.27388,42
SQ:GBPUSD,2023-08-18T21:30:00+02:00,1.27388,1.27388,1.27362,1.27370,48
SQ:GBPUSD,2023-08-18T21:31:00+02:00,1.27369,1.27383,1.27369,1.27380,50
SQ:GBPUSD,2023-08-18T21:32:00+02:00,1.27380,1.27383,1.27373,1.27374,39
SQ:GBPUSD,2023-08-18T21:33:00+02:00,1.27374,1.27377,1.27367,1.27374,36
SQ:GBPUSD,2023-08-18T21:34:00+02:00,1.27374,1.27376,1.27363,1.27365,48
SQ:GBPUSD,2023-08-18T21:35:00+02:00,1.27365,1.27367,1.27356,1.27356,38
SQ:GBPUSD,2023-08-18T21:36:00+02:00,1.27358,1.27358,1.27355,1.27357,9
SQ:GBPUSD,2023-08-18T21:37:00+02:00,1.27357,1.27366,1.27357,1.27358,36
SQ:GBPUSD,2023-08-18T21:38:00+02:00,1.27358,1.27369,1.27357,1.27364,22
SQ:GBPUSD,2023-08-18T21:39:00+02:00,1.27364,1.27367,1.27358,1.27366,28
SQ:GBPUSD,2023-08-18T21:40:00+02:00,1.27366,1.27380,1.27366,1.27378,15
SQ:GBPUSD,2023-08-18T21:41:00+02:00,1.27379,1.27381,1.27369,1.27370,46
SQ:GBPUSD,2023-08-18T21:42:00+02:00,1.27371,1.27388,1.27371,1.27386,24
SQ:GBPUSD,2023-08-18T21:43:00+02:00,1.27386,1.27390,1.27378,1.27381,28
SQ:GBPUSD,2023-08-18T21:44:00+02:00,1.27381,1.27390,1.27379,1.27386,31
SQ:GBPUSD,2023-08-18T21:45:00+02:00,1.27386,1.27413,1.27377,1.27409,79
SQ:GBPUSD,2023-08-18T21:46:00+02:00,1.27408,1.27419,1.27408,1.27409,44
SQ:GBPUSD,2023-08-18T21:47:00+02:00,1.27407,1.27408,1.27396,1.27399,43
SQ:GBPUSD,2023-08-18T21:48:00+02:00,1.27399,1.27404,1.27394,1.27396,33
SQ:GBPUSD,2023-08-18T21:49:00+02:00,1.27396,1.27398,1.27384,1.27386,46
SQ:GBPUSD,2023-08-18T21:50:00+02:00,1.27387,1.27388,1.27368,1.27377,46
SQ:GBPUSD,2023-08-18T21:51:00+02:00,1.27377,1.27387,1.27376,1.27384,48
SQ:GBPUSD,2023-08-18T21:52:00+02:00,1.27384,1.27389,1.27378,1.27389,50
SQ:GBPUSD,2023-08-18T21:53:00+02:00,1.27389,1.27389,1.27374,1.27376,37
SQ:GBPUSD,2023-08-18T21:54:00+02:00,1.27377,1.27388,1.27373,1.27376,52
SQ:GBPUSD,2023-08-18T21:55:00+02:00,1.27375,1.27375,1.27365,1.27366,77
SQ:GBPUSD,2023-08-18T21:56:00+02:00,1.27368,1.27370,1.27353,1.27355,57
SQ:GBPUSD,2023-08-18T21:57:00+02:00,1.27353,1.27369,1.27348,1.27369,66
SQ:GBPUSD,2023-08-18T21:58:00+02:00,1.27369,1.27374,1.27364,1.27366,35
SQ:GBPUSD,2023-08-18T21:59:00+02:00,1.27366,1.27366,1.27351,1.27357,56
SQ:GBPUSD,2023-08-18T22:00:00+02:00,1.27355,1.27377,1.27350,1.27372,111
SQ:GBPUSD,2023-08-18T22:01:00+02:00,1.27372,1.27380,1.27369,1.27375,66
SQ:GBPUSD,2023-08-18T22:02:00+02:00,1.27375,1.27391,1.27374,1.27390,91
SQ:GBPUSD,2023-08-18T22:03:00+02:00,1.27391,1.27391,1.27380,1.27383,43
SQ:GBPUSD,2023-08-18T22:04:00+02:00,1.27384,1.27385,1.27379,1.27382,44
SQ:GBPUSD,2023-08-18T22:05:00+02:00,1.27383,1.27384,1.27372,1.27373,46
SQ:GBPUSD,2023-08-18T22:06:00+02:00,1.27372,1.27374,1.27368,1.27372,20
SQ:GBPUSD,2023-08-18T22:07:00+02:00,1.27371,1.27373,1.27370,1.27371,26
SQ:GBPUSD,2023-08-18T22:08:00+02:00,1.27371,1.27378,1.27367,1.27368,25
SQ:GBPUSD,2023-08-18T22:09:00+02:00,1.27368,1.27368,1.27363,1.27365,17
SQ:GBPUSD,2023-08-18T22:10:00+02:00,1.27365,1.27370,1.27357,1.27357,42
SQ:GBPUSD,2023-08-18T22:11:00+02:00,1.27357,1.27358,1.27344,1.27344,21
SQ:GBPUSD,2023-08-18T22:12:00+02:00,1.27344,1.27346,1.27342,1.27343,16
SQ:GBPUSD,2023-08-18T22:13:00+02:00,1.27343,1.27343,1.27339,1.27343,13
SQ:GBPUSD,2023-08-18T22:14:00+02:00,1.27343,1.27344,1.27341,1.27343,17
SQ:GBPUSD,2023-08-18T22:15:00+02:00,1.27344,1.27344,1.27339,1.27344,13
SQ:GBPUSD,2023-08-18T22:16:00+02:00,1.27344,1.27344,1.27344,1.27344,1
SQ:GBPUSD,2023-08-18T22:17:00+02:00,1.27344,1.27344,1.27340,1.27341,5
SQ:GBPUSD,2023-08-18T22:18:00+02:00,1.27341,1.27343,1.27340,1.27343,11
SQ:GBPUSD,2023-08-18T22:19:00+02:00,1.27343,1.27345,1.27342,1.27343,10
SQ:GBPUSD,2023-08-18T22:20:00+02:00,1.27343,1.27343,1.27331,1.27332,20
SQ:GBPUSD,2023-08-18T22:21:00+02:00,1.27331,1.27334,1.27331,1.27332,6
SQ:GBPUSD,2023-08-18T22:22:00+02:00,1.27332,1.27332,1.27322,1.27323,14
SQ:GBPUSD,2023-08-18T22:23:00+02:00,1.27324,1.27324,1.27314,1.27314,9
SQ:GBPUSD,2023-08-18T22:24:00+02:00,1.27314,1.27314,1.27311,1.27313,10
SQ:GBPUSD,2023-08-18T22:25:00+02:00,1.27313,1.27313,1.27306,1.27307,15
SQ:GBPUSD,2023-08-18T22:26:00+02:00,1.27308,1.27312,1.27303,1.27304,27
SQ:GBPUSD,2023-08-18T22:27:00+02:00,1.27304,1.27306,1.27303,1.27306,9
SQ:GBPUSD,2023-08-18T22:28:00+02:00,1.27306,1.27308,1.27304,1.27304,14
SQ:GBPUSD,2023-08-18T22:29:00+02:00,1.27304,1.27307,1.27291,1.27294,39
SQ:GBPUSD,2023-08-18T22:30:00+02:00,1.27294,1.27295,1.27294,1.27294,7
SQ:GBPUSD,2023-08-18T22:31:00+02:00,1.27294,1.27296,1.27294,1.27294,9
SQ:GBPUSD,2023-08-18T22:32:00+02:00,1.27294,1.27294,1.27284,1.27285,9
SQ:GBPUSD,2023-08-18T22:33:00+02:00,1.27285,1.27291,1.27281,1.27282,26
SQ:GBPUSD,2023-08-18T22:34:00+02:00,1.27286,1.27286,1.27284,1.27284,5
SQ:GBPUSD,2023-08-18T22:35:00+02:00,1.27284,1.27284,1.27270,1.27273,11
SQ:GBPUSD,2023-08-18T22:36:00+02:00,1.27274,1.27276,1.27274,1.27276,7
SQ:GBPUSD,2023-08-18T22:37:00+02:00,1.27275,1.27276,1.27275,1.27276,2
SQ:GBPUSD,2023-08-18T22:38:00+02:00,1.27276,1.27276,1.27275,1.27276,3
SQ:GBPUSD,2023-08-18T22:39:00+02:00,1.27276,1.27276,1.27274,1.27274,3
SQ:GBPUSD,2023-08-18T22:40:00+02:00,1.27274,1.27279,1.27273,1.27274,5
SQ:GBPUSD,2023-08-18T22:41:00+02:00,1.27274,1.27274,1.27273,1.27274,3
SQ:GBPUSD,2023-08-18T22:42:00+02:00,1.27274,1.27274,1.27272,1.27274,3
SQ:GBPUSD,2023-08-18T22:43:00+02:00,1.27274,1.27274,1.27261,1.27267,26
SQ:GBPUSD,2023-08-18T22:44:00+02:00,1.27267,1.27271,1.27262,1.27271,13
SQ:GBPUSD,2023-08-18T22:45:00+02:00,1.27272,1.27273,1.27261,1.27263,60
SQ:GBPUSD,2023-08-18T22:46:00+02:00,1.27264,1.27264,1.27261,1.27264,12
SQ:GBPUSD,2023-08-18T22:47:00+02:00,1.27264,1.27265,1.27260,1.27265,30
SQ:GBPUSD,2023-08-18T22:48:00+02:00,1.27266,1.27286,1.27266,1.27285,37
SQ:GBPUSD,2023-08-18T22:49:00+02:00,1.27285,1.27334,1.27285,1.27330,88
SQ:GBPUSD,2023-08-18T22:50:00+02:00,1.27327,1.27335,1.27320,1.27329,60
SQ:GBPUSD,2023-08-18T22:51:00+02:00,1.27328,1.27332,1.27319,1.27321,33
SQ:GBPUSD,2023-08-18T22:52:00+02:00,1.27321,1.27329,1.27318,1.27324,39
SQ:GBPUSD,2023-08-18T22:53:00+02:00,1.27324,1.27325,1.27308,1.27313,37
SQ:GBPUSD,2023-08-18T22:54:00+02:00,1.27313,1.27323,1.27313,1.27322,12
