SQ:NZDUSD,2021-08-11T00:00:00+02:00,0.70016,0.70061,0.70015,0.70049,42
SQ:NZDUSD,2021-08-11T00:01:00+02:00,0.70051,0.70051,0.70032,0.70041,28
SQ:NZDUSD,2021-08-11T00:02:00+02:00,0.70042,0.70044,0.70039,0.70044,13
SQ:NZDUSD,2021-08-11T00:03:00+02:00,0.70044,0.70051,0.70044,0.70051,4
SQ:NZDUSD,2021-08-11T00:04:00+02:00,0.70050,0.70051,0.70047,0.70047,6
SQ:NZDUSD,2021-08-11T00:05:00+02:00,0.70048,0.70049,0.70033,0.70049,8
SQ:NZDUSD,2021-08-11T00:06:00+02:00,0.70050,0.70050,0.70041,0.70044,6
SQ:NZDUSD,2021-08-11T00:07:00+02:00,0.70053,0.70057,0.70040,0.70053,20
SQ:NZDUSD,2021-08-11T00:08:00+02:00,0.70055,0.70057,0.70051,0.70051,5
SQ:NZDUSD,2021-08-11T00:09:00+02:00,0.70051,0.70051,0.70051,0.70051,1
SQ:NZDUSD,2021-08-11T00:10:00+02:00,0.70050,0.70051,0.70040,0.70043,9
SQ:NZDUSD,2021-08-11T00:11:00+02:00,0.70042,0.70043,0.70042,0.70042,7
SQ:NZDUSD,2021-08-11T00:12:00+02:00,0.70042,0.70043,0.70042,0.70043,4
SQ:NZDUSD,2021-08-11T00:13:00+02:00,0.70043,0.70044,0.70043,0.70044,2
SQ:NZDUSD,2021-08-11T00:16:00+02:00,0.70045,0.70045,0.70042,0.70043,4
SQ:NZDUSD,2021-08-11T00:17:00+02:00,0.70042,0.70042,0.70040,0.70042,3
SQ:NZDUSD,2021-08-11T00:18:00+02:00,0.70043,0.70044,0.70043,0.70044,2
SQ:NZDUSD,2021-08-11T00:19:00+02:00,0.70044,0.70044,0.70044,0.70044,1
SQ:NZDUSD,2021-08-11T00:20:00+02:00,0.70042,0.70047,0.70042,0.70047,3
SQ:NZDUSD,2021-08-11T00:23:00+02:00,0.70047,0.70047,0.70047,0.70047,1
SQ:NZDUSD,2021-08-11T00:24:00+02:00,0.70048,0.70057,0.70048,0.70049,6
SQ:NZDUSD,2021-08-11T00:25:00+02:00,0.70049,0.70060,0.70046,0.70059,7
SQ:NZDUSD,2021-08-11T00:26:00+02:00,0.70058,0.70064,0.70058,0.70064,5
SQ:NZDUSD,2021-08-11T00:27:00+02:00,0.70067,0.70069,0.70066,0.70069,3
SQ:NZDUSD,2021-08-11T00:28:00+02:00,0.70069,0.70071,0.70069,0.70071,2
SQ:NZDUSD,2021-08-11T00:29:00+02:00,0.70072,0.70073,0.70072,0.70073,2
SQ:NZDUSD,2021-08-11T00:30:00+02:00,0.70073,0.70073,0.70073,0.70073,1
SQ:NZDUSD,2021-08-11T00:31:00+02:00,0.70074,0.70074,0.70067,0.70068,9
SQ:NZDUSD,2021-08-11T00:33:00+02:00,0.70066,0.70066,0.70065,0.70065,2
SQ:NZDUSD,2021-08-11T00:34:00+02:00,0.70065,0.70065,0.70065,0.70065,1
SQ:NZDUSD,2021-08-11T00:35:00+02:00,0.70064,0.70065,0.70064,0.70065,2
SQ:NZDUSD,2021-08-11T00:38:00+02:00,0.70065,0.70065,0.70065,0.70065,1
SQ:NZDUSD,2021-08-11T00:39:00+02:00,0.70065,0.70065,0.70064,0.70064,2
SQ:NZDUSD,2021-08-11T00:40:00+02:00,0.70064,0.70064,0.70064,0.70064,1
SQ:NZDUSD,2021-08-11T00:41:00+02:00,0.70064,0.70064,0.70064,0.70064,1
SQ:NZDUSD,2021-08-11T00:42:00+02:00,0.70064,0.70065,0.70064,0.70065,2
SQ:NZDUSD,2021-08-11T00:43:00+02:00,0.70065,0.70065,0.70065,0.70065,1
SQ:NZDUSD,2021-08-11T00:44:00+02:00,0.70065,0.70065,0.70058,0.70060,12
SQ:NZDUSD,2021-08-11T00:45:00+02:00,0.70060,0.70071,0.70060,0.70071,7
SQ:NZDUSD,2021-08-11T00:46:00+02:00,0.70070,0.70073,0.70070,0.70073,2
SQ:NZDUSD,2021-08-11T00:47:00+02:00,0.70075,0.70075,0.70074,0.70074,2
SQ:NZDUSD,2021-08-11T00:48:00+02:00,0.70074,0.70074,0.70074,0.70074,1
SQ:NZDUSD,2021-08-11T00:49:00+02:00,0.70074,0.70085,0.70069,0.70075,16
SQ:NZDUSD,2021-08-11T00:50:00+02:00,0.70075,0.70084,0.70075,0.70081,13
SQ:NZDUSD,2021-08-11T00:51:00+02:00,0.70081,0.70082,0.70081,0.70082,2
SQ:NZDUSD,2021-08-11T00:52:00+02:00,0.70082,0.70094,0.70082,0.70094,8
SQ:NZDUSD,2021-08-11T00:53:00+02:00,0.70094,0.70104,0.70094,0.70104,6
SQ:NZDUSD,2021-08-11T00:54:00+02:00,0.70105,0.70105,0.70097,0.70097,5
SQ:NZDUSD,2021-08-11T00:55:00+02:00,0.70096,0.70096,0.70096,0.70096,1
SQ:NZDUSD,2021-08-11T00:56:00+02:00,0.70096,0.70096,0.70096,0.70096,1
SQ:NZDUSD,2021-08-11T00:57:00+02:00,0.70097,0.70097,0.70097,0.70097,1
SQ:NZDUSD,2021-08-11T00:59:00+02:00,0.70096,0.70096,0.70092,0.70092,2
SQ:NZDUSD,2021-08-11T01:00:00+02:00,0.70091,0.70107,0.70091,0.70099,9
SQ:NZDUSD,2021-08-11T01:01:00+02:00,0.70096,0.70097,0.70096,0.70097,2
SQ:NZDUSD,2021-08-11T01:02:00+02:00,0.70097,0.70098,0.70097,0.70098,2
SQ:NZDUSD,2021-08-11T01:03:00+02:00,0.70097,0.70097,0.70097,0.70097,1
SQ:NZDUSD,2021-08-11T01:04:00+02:00,0.70097,0.70097,0.70078,0.70082,11
SQ:NZDUSD,2021-08-11T01:05:00+02:00,0.70082,0.70086,0.70082,0.70086,2
SQ:NZDUSD,2021-08-11T01:06:00+02:00,0.70086,0.70086,0.70078,0.70078,5
SQ:NZDUSD,2021-08-11T01:07:00+02:00,0.70078,0.70078,0.70077,0.70078,3
SQ:NZDUSD,2021-08-11T01:08:00+02:00,0.70078,0.70078,0.70078,0.70078,1
SQ:NZDUSD,2021-08-11T01:09:00+02:00,0.70078,0.70078,0.70068,0.70068,5
SQ:NZDUSD,2021-08-11T01:10:00+02:00,0.70066,0.70067,0.70066,0.70067,2
SQ:NZDUSD,2021-08-11T01:11:00+02:00,0.70067,0.70067,0.70067,0.70067,1
SQ:NZDUSD,2021-08-11T01:12:00+02:00,0.70068,0.70068,0.70067,0.70068,3
SQ:NZDUSD,2021-08-11T01:15:00+02:00,0.70069,0.70071,0.70069,0.70071,2
SQ:NZDUSD,2021-08-11T01:16:00+02:00,0.70071,0.70071,0.70068,0.70068,6
SQ:NZDUSD,2021-08-11T01:17:00+02:00,0.70068,0.70068,0.70068,0.70068,1
SQ:NZDUSD,2021-08-11T01:18:00+02:00,0.70068,0.70068,0.70068,0.70068,1
SQ:NZDUSD,2021-08-11T01:19:00+02:00,0.70068,0.70068,0.70068,0.70068,1
SQ:NZDUSD,2021-08-11T01:20:00+02:00,0.70068,0.70068,0.70066,0.70067,3
SQ:NZDUSD,2021-08-11T01:21:00+02:00,0.70066,0.70068,0.70058,0.70063,9
SQ:NZDUSD,2021-08-11T01:22:00+02:00,0.70064,0.70064,0.70064,0.70064,1
SQ:NZDUSD,2021-08-11T01:23:00+02:00,0.70064,0.70064,0.70062,0.70062,2
SQ:NZDUSD,2021-08-11T01:24:00+02:00,0.70062,0.70065,0.70056,0.70056,6
SQ:NZDUSD,2021-08-11T01:25:00+02:00,0.70056,0.70057,0.70056,0.70057,2
SQ:NZDUSD,2021-08-11T01:26:00+02:00,0.70058,0.70059,0.70058,0.70059,2
SQ:NZDUSD,2021-08-11T01:27:00+02:00,0.70061,0.70066,0.70061,0.70065,3
SQ:NZDUSD,2021-08-11T01:28:00+02:00,0.70065,0.70065,0.70058,0.70064,15
SQ:NZDUSD,2021-08-11T01:29:00+02:00,0.70065,0.70066,0.70065,0.70066,2
SQ:NZDUSD,2021-08-11T01:30:00+02:00,0.70066,0.70066,0.70061,0.70061,4
SQ:NZDUSD,2021-08-11T01:31:00+02:00,0.70061,0.70061,0.70058,0.70058,3
SQ:NZDUSD,2021-08-11T01:32:00+02:00,0.70058,0.70064,0.70058,0.70064,9
SQ:NZDUSD,2021-08-11T01:33:00+02:00,0.70064,0.70064,0.70063,0.70063,2
SQ:NZDUSD,2021-08-11T01:34:00+02:00,0.70063,0.70063,0.70061,0.70061,2
SQ:NZDUSD,2021-08-11T01:35:00+02:00,0.70061,0.70064,0.70056,0.70063,9
SQ:NZDUSD,2021-08-11T01:37:00+02:00,0.70063,0.70064,0.70063,0.70063,3
SQ:NZDUSD,2021-08-11T01:38:00+02:00,0.70063,0.70064,0.70063,0.70064,2
SQ:NZDUSD,2021-08-11T01:39:00+02:00,0.70064,0.70065,0.70064,0.70065,2
SQ:NZDUSD,2021-08-11T01:40:00+02:00,0.70064,0.70077,0.70064,0.70077,7
SQ:NZDUSD,2021-08-11T01:41:00+02:00,0.70077,0.70077,0.70076,0.70076,2
SQ:NZDUSD,2021-08-11T01:42:00+02:00,0.70076,0.70076,0.70069,0.70070,4
SQ:NZDUSD,2021-08-11T01:43:00+02:00,0.70068,0.70068,0.70061,0.70063,8
SQ:NZDUSD,2021-08-11T01:44:00+02:00,0.70063,0.70063,0.70060,0.70061,4
SQ:NZDUSD,2021-08-11T01:45:00+02:00,0.70061,0.70064,0.70057,0.70059,12
SQ:NZDUSD,2021-08-11T01:46:00+02:00,0.70059,0.70061,0.70047,0.70047,16
SQ:NZDUSD,2021-08-11T01:47:00+02:00,0.70047,0.70047,0.70047,0.70047,1
SQ:NZDUSD,2021-08-11T01:48:00+02:00,0.70048,0.70048,0.70046,0.70047,4
SQ:NZDUSD,2021-08-11T01:49:00+02:00,0.70048,0.70056,0.70048,0.70050,11
SQ:NZDUSD,2021-08-11T01:50:00+02:00,0.70048,0.70055,0.70048,0.70050,7
SQ:NZDUSD,2021-08-11T01:51:00+02:00,0.70050,0.70050,0.70047,0.70048,3
SQ:NZDUSD,2021-08-11T01:53:00+02:00,0.70049,0.70058,0.70049,0.70058,9
SQ:NZDUSD,2021-08-11T01:54:00+02:00,0.70057,0.70057,0.70056,0.70057,3
SQ:NZDUSD,2021-08-11T01:55:00+02:00,0.70057,0.70057,0.70047,0.70048,6
SQ:NZDUSD,2021-08-11T01:56:00+02:00,0.70049,0.70049,0.70045,0.70047,7
SQ:NZDUSD,2021-08-11T01:57:00+02:00,0.70048,0.70048,0.70036,0.70036,4
SQ:NZDUSD,2021-08-11T01:58:00+02:00,0.70036,0.70036,0.70036,0.70036,1
SQ:NZDUSD,2021-08-11T01:59:00+02:00,0.70036,0.70037,0.70028,0.70028,7
SQ:NZDUSD,2021-08-11T02:00:00+02:00,0.70029,0.70043,0.70029,0.70040,29
SQ:NZDUSD,2021-08-11T02:01:00+02:00,0.70040,0.70042,0.70021,0.70021,20
SQ:NZDUSD,2021-08-11T02:02:00+02:00,0.70021,0.70057,0.70014,0.70057,18
SQ:NZDUSD,2021-08-11T02:03:00+02:00,0.70057,0.70057,0.70055,0.70055,2
SQ:NZDUSD,2021-08-11T02:04:00+02:00,0.70056,0.70056,0.70056,0.70056,1
SQ:NZDUSD,2021-08-11T02:05:00+02:00,0.70053,0.70059,0.70048,0.70052,51
SQ:NZDUSD,2021-08-11T02:06:00+02:00,0.70051,0.70052,0.70036,0.70039,31
SQ:NZDUSD,2021-08-11T02:07:00+02:00,0.70039,0.70047,0.70039,0.70047,7
SQ:NZDUSD,2021-08-11T02:09:00+02:00,0.70047,0.70047,0.70038,0.70039,8
SQ:NZDUSD,2021-08-11T02:10:00+02:00,0.70039,0.70048,0.70039,0.70048,6
SQ:NZDUSD,2021-08-11T02:11:00+02:00,0.70047,0.70047,0.70024,0.70026,18
SQ:NZDUSD,2021-08-11T02:12:00+02:00,0.70025,0.70028,0.70024,0.70028,7
SQ:NZDUSD,2021-08-11T02:13:00+02:00,0.70028,0.70029,0.70022,0.70028,8
SQ:NZDUSD,2021-08-11T02:14:00+02:00,0.70028,0.70038,0.70014,0.70017,32
SQ:NZDUSD,2021-08-11T02:15:00+02:00,0.70018,0.70019,0.70007,0.70014,36
SQ:NZDUSD,2021-08-11T02:16:00+02:00,0.70014,0.70015,0.70005,0.70010,15
SQ:NZDUSD,2021-08-11T02:17:00+02:00,0.70008,0.70016,0.70008,0.70012,32
SQ:NZDUSD,2021-08-11T02:18:00+02:00,0.70011,0.70012,0.70009,0.70009,35
SQ:NZDUSD,2021-08-11T02:19:00+02:00,0.70010,0.70010,0.70008,0.70009,16
SQ:NZDUSD,2021-08-11T02:20:00+02:00,0.70009,0.70011,0.70008,0.70010,17
SQ:NZDUSD,2021-08-11T02:21:00+02:00,0.70011,0.70017,0.70009,0.70016,21
SQ:NZDUSD,2021-08-11T02:22:00+02:00,0.70015,0.70021,0.70015,0.70020,16
SQ:NZDUSD,2021-08-11T02:23:00+02:00,0.70021,0.70021,0.70014,0.70014,14
SQ:NZDUSD,2021-08-11T02:24:00+02:00,0.70014,0.70014,0.70005,0.70005,11
SQ:NZDUSD,2021-08-11T02:25:00+02:00,0.70005,0.70008,0.70005,0.70006,10
SQ:NZDUSD,2021-08-11T02:26:00+02:00,0.70006,0.70009,0.70006,0.70006,10
SQ:NZDUSD,2021-08-11T02:27:00+02:00,0.70005,0.70008,0.70005,0.70007,11
SQ:NZDUSD,2021-08-11T02:28:00+02:00,0.70008,0.70010,0.70008,0.70009,4
SQ:NZDUSD,2021-08-11T02:29:00+02:00,0.70009,0.70009,0.70008,0.70008,4
SQ:NZDUSD,2021-08-11T02:30:00+02:00,0.70009,0.70021,0.70009,0.70021,12
SQ:NZDUSD,2021-08-11T02:31:00+02:00,0.70021,0.70021,0.70021,0.70021,1
SQ:NZDUSD,2021-08-11T02:32:00+02:00,0.70019,0.70019,0.70019,0.70019,1
SQ:NZDUSD,2021-08-11T02:33:00+02:00,0.70019,0.70019,0.70018,0.70018,4
SQ:NZDUSD,2021-08-11T02:34:00+02:00,0.70018,0.70018,0.69996,0.69997,39
SQ:NZDUSD,2021-08-11T02:35:00+02:00,0.69997,0.69997,0.69987,0.69987,13
SQ:NZDUSD,2021-08-11T02:36:00+02:00,0.69987,0.69996,0.69987,0.69996,3
SQ:NZDUSD,2021-08-11T02:37:00+02:00,0.69997,0.69997,0.69997,0.69997,1
SQ:NZDUSD,2021-08-11T02:38:00+02:00,0.69997,0.69997,0.69992,0.69992,7
SQ:NZDUSD,2021-08-11T02:39:00+02:00,0.69992,0.69993,0.69989,0.69992,20
SQ:NZDUSD,2021-08-11T02:40:00+02:00,0.69992,0.69996,0.69992,0.69992,36
SQ:NZDUSD,2021-08-11T02:41:00+02:00,0.69990,0.69995,0.69989,0.69995,18
SQ:NZDUSD,2021-08-11T02:42:00+02:00,0.69997,0.70006,0.69997,0.70005,28
SQ:NZDUSD,2021-08-11T02:43:00+02:00,0.70004,0.70012,0.70004,0.70004,35
SQ:NZDUSD,2021-08-11T02:44:00+02:00,0.70004,0.70004,0.69994,0.70001,36
SQ:NZDUSD,2021-08-11T02:45:00+02:00,0.70000,0.70009,0.70000,0.70005,31
SQ:NZDUSD,2021-08-11T02:46:00+02:00,0.70004,0.70005,0.69994,0.69996,18
SQ:NZDUSD,2021-08-11T02:47:00+02:00,0.69995,0.69997,0.69984,0.69985,19
SQ:NZDUSD,2021-08-11T02:48:00+02:00,0.69986,0.69991,0.69980,0.69991,29
SQ:NZDUSD,2021-08-11T02:49:00+02:00,0.69990,0.69992,0.69990,0.69991,42
SQ:NZDUSD,2021-08-11T02:50:00+02:00,0.69992,0.70002,0.69990,0.70002,39
SQ:NZDUSD,2021-08-11T02:51:00+02:00,0.70003,0.70008,0.70001,0.70007,15
SQ:NZDUSD,2021-08-11T02:52:00+02:00,0.70007,0.70013,0.70007,0.70011,10
SQ:NZDUSD,2021-08-11T02:53:00+02:00,0.70011,0.70011,0.70008,0.70009,3
SQ:NZDUSD,2021-08-11T02:54:00+02:00,0.70009,0.70009,0.69999,0.69999,7
SQ:NZDUSD,2021-08-11T02:55:00+02:00,0.69998,0.70000,0.69997,0.69998,10
SQ:NZDUSD,2021-08-11T02:56:00+02:00,0.69998,0.69998,0.69987,0.69987,7
SQ:NZDUSD,2021-08-11T02:57:00+02:00,0.69987,0.69997,0.69987,0.69997,7
SQ:NZDUSD,2021-08-11T02:58:00+02:00,0.69998,0.69999,0.69986,0.69986,18
SQ:NZDUSD,2021-08-11T02:59:00+02:00,0.69986,0.69990,0.69985,0.69985,14
SQ:NZDUSD,2021-08-11T03:00:00+02:00,0.69984,0.69985,0.69959,0.69971,39
SQ:NZDUSD,2021-08-11T03:01:00+02:00,0.69971,0.69971,0.69947,0.69953,35
SQ:NZDUSD,2021-08-11T03:02:00+02:00,0.69953,0.69953,0.69946,0.69948,19
SQ:NZDUSD,2021-08-11T03:03:00+02:00,0.69948,0.69948,0.69946,0.69948,5
SQ:NZDUSD,2021-08-11T03:04:00+02:00,0.69948,0.69951,0.69936,0.69936,13
SQ:NZDUSD,2021-08-11T03:05:00+02:00,0.69936,0.69946,0.69935,0.69936,17
SQ:NZDUSD,2021-08-11T03:06:00+02:00,0.69936,0.69938,0.69934,0.69938,7
SQ:NZDUSD,2021-08-11T03:07:00+02:00,0.69938,0.69938,0.69937,0.69937,2
SQ:NZDUSD,2021-08-11T03:08:00+02:00,0.69936,0.69951,0.69936,0.69951,9
SQ:NZDUSD,2021-08-11T03:09:00+02:00,0.69951,0.69962,0.69951,0.69960,20
SQ:NZDUSD,2021-08-11T03:10:00+02:00,0.69961,0.69980,0.69960,0.69980,34
SQ:NZDUSD,2021-08-11T03:11:00+02:00,0.69980,0.69980,0.69972,0.69972,19
SQ:NZDUSD,2021-08-11T03:12:00+02:00,0.69972,0.69975,0.69967,0.69970,18
SQ:NZDUSD,2021-08-11T03:13:00+02:00,0.69971,0.69971,0.69968,0.69970,22
SQ:NZDUSD,2021-08-11T03:14:00+02:00,0.69970,0.69970,0.69958,0.69962,36
SQ:NZDUSD,2021-08-11T03:15:00+02:00,0.69962,0.69968,0.69957,0.69963,41
SQ:NZDUSD,2021-08-11T03:16:00+02:00,0.69963,0.69963,0.69949,0.69961,36
SQ:NZDUSD,2021-08-11T03:17:00+02:00,0.69960,0.69960,0.69955,0.69955,13
SQ:NZDUSD,2021-08-11T03:18:00+02:00,0.69956,0.69974,0.69956,0.69966,24
SQ:NZDUSD,2021-08-11T03:19:00+02:00,0.69966,0.69967,0.69963,0.69963,8
SQ:NZDUSD,2021-08-11T03:20:00+02:00,0.69963,0.69977,0.69963,0.69970,10
SQ:NZDUSD,2021-08-11T03:21:00+02:00,0.69970,0.69975,0.69967,0.69973,21
SQ:NZDUSD,2021-08-11T03:22:00+02:00,0.69974,0.69979,0.69969,0.69970,22
SQ:NZDUSD,2021-08-11T03:23:00+02:00,0.69968,0.69970,0.69968,0.69970,6
SQ:NZDUSD,2021-08-11T03:24:00+02:00,0.69971,0.69977,0.69966,0.69966,20
SQ:NZDUSD,2021-08-11T03:25:00+02:00,0.69967,0.69968,0.69967,0.69968,2
SQ:NZDUSD,2021-08-11T03:26:00+02:00,0.69972,0.69976,0.69966,0.69968,14
SQ:NZDUSD,2021-08-11T03:27:00+02:00,0.69968,0.69976,0.69967,0.69973,21
SQ:NZDUSD,2021-08-11T03:28:00+02:00,0.69972,0.69977,0.69968,0.69968,29
SQ:NZDUSD,2021-08-11T03:29:00+02:00,0.69968,0.69969,0.69968,0.69968,5
SQ:NZDUSD,2021-08-11T03:30:00+02:00,0.69969,0.69985,0.69967,0.69982,46
SQ:NZDUSD,2021-08-11T03:31:00+02:00,0.69983,0.69998,0.69982,0.69998,33
SQ:NZDUSD,2021-08-11T03:32:00+02:00,0.69999,0.70008,0.69999,0.70007,44
SQ:NZDUSD,2021-08-11T03:33:00+02:00,0.70007,0.70017,0.70004,0.70011,55
SQ:NZDUSD,2021-08-11T03:34:00+02:00,0.70012,0.70028,0.70010,0.70027,45
SQ:NZDUSD,2021-08-11T03:35:00+02:00,0.70027,0.70029,0.70020,0.70028,23
SQ:NZDUSD,2021-08-11T03:36:00+02:00,0.70027,0.70028,0.70017,0.70027,16
SQ:NZDUSD,2021-08-11T03:37:00+02:00,0.70022,0.70026,0.70017,0.70026,13
SQ:NZDUSD,2021-08-11T03:38:00+02:00,0.70023,0.70033,0.70022,0.70026,50
SQ:NZDUSD,2021-08-11T03:39:00+02:00,0.70027,0.70027,0.70006,0.70007,70
SQ:NZDUSD,2021-08-11T03:40:00+02:00,0.70006,0.70017,0.70006,0.70010,52
SQ:NZDUSD,2021-08-11T03:41:00+02:00,0.70011,0.70019,0.70007,0.70014,73
SQ:NZDUSD,2021-08-11T03:42:00+02:00,0.70016,0.70019,0.70005,0.70013,34
SQ:NZDUSD,2021-08-11T03:43:00+02:00,0.70014,0.70016,0.70009,0.70010,65
SQ:NZDUSD,2021-08-11T03:44:00+02:00,0.70010,0.70019,0.70008,0.70014,71
SQ:NZDUSD,2021-08-11T03:45:00+02:00,0.70013,0.70017,0.70010,0.70015,64
SQ:NZDUSD,2021-08-11T03:46:00+02:00,0.70016,0.70017,0.70011,0.70016,55
SQ:NZDUSD,2021-08-11T03:47:00+02:00,0.70016,0.70018,0.70008,0.70009,27
SQ:NZDUSD,2021-08-11T03:48:00+02:00,0.70010,0.70011,0.69994,0.69997,68
SQ:NZDUSD,2021-08-11T03:49:00+02:00,0.69997,0.69999,0.69987,0.69989,33
SQ:NZDUSD,2021-08-11T03:50:00+02:00,0.69989,0.69998,0.69987,0.69998,48
SQ:NZDUSD,2021-08-11T03:51:00+02:00,0.69998,0.70005,0.69997,0.70005,19
SQ:NZDUSD,2021-08-11T03:52:00+02:00,0.70005,0.70019,0.70005,0.70019,10
SQ:NZDUSD,2021-08-11T03:53:00+02:00,0.70019,0.70023,0.70019,0.70021,17
SQ:NZDUSD,2021-08-11T03:54:00+02:00,0.70021,0.70029,0.70021,0.70029,40
SQ:NZDUSD,2021-08-11T03:55:00+02:00,0.70030,0.70035,0.70028,0.70028,30
SQ:NZDUSD,2021-08-11T03:56:00+02:00,0.70028,0.70028,0.70017,0.70017,5
SQ:NZDUSD,2021-08-11T03:57:00+02:00,0.70017,0.70026,0.70017,0.70023,25
SQ:NZDUSD,2021-08-11T03:58:00+02:00,0.70023,0.70028,0.70018,0.70028,29
SQ:NZDUSD,2021-08-11T03:59:00+02:00,0.70027,0.70035,0.70027,0.70035,47
SQ:NZDUSD,2021-08-11T04:00:00+02:00,0.70036,0.70040,0.70027,0.70037,53
SQ:NZDUSD,2021-08-11T04:01:00+02:00,0.70038,0.70043,0.70034,0.70038,37
SQ:NZDUSD,2021-08-11T04:02:00+02:00,0.70039,0.70039,0.70030,0.70034,35
SQ:NZDUSD,2021-08-11T04:03:00+02:00,0.70033,0.70037,0.70031,0.70036,26
SQ:NZDUSD,2021-08-11T04:04:00+02:00,0.70037,0.70038,0.70037,0.70037,5
SQ:NZDUSD,2021-08-11T04:05:00+02:00,0.70037,0.70038,0.70036,0.70037,7
SQ:NZDUSD,2021-08-11T04:06:00+02:00,0.70037,0.70043,0.70037,0.70043,8
SQ:NZDUSD,2021-08-11T04:07:00+02:00,0.70043,0.70048,0.70039,0.70048,13
SQ:NZDUSD,2021-08-11T04:08:00+02:00,0.70044,0.70044,0.70027,0.70032,36
SQ:NZDUSD,2021-08-11T04:09:00+02:00,0.70033,0.70040,0.70032,0.70037,17
SQ:NZDUSD,2021-08-11T04:10:00+02:00,0.70039,0.70043,0.70028,0.70033,39
SQ:NZDUSD,2021-08-11T04:11:00+02:00,0.70033,0.70038,0.70028,0.70038,31
SQ:NZDUSD,2021-08-11T04:12:00+02:00,0.70038,0.70039,0.70036,0.70038,16
SQ:NZDUSD,2021-08-11T04:13:00+02:00,0.70037,0.70038,0.70026,0.70037,53
SQ:NZDUSD,2021-08-11T04:14:00+02:00,0.70038,0.70048,0.70038,0.70048,14
SQ:NZDUSD,2021-08-11T04:15:00+02:00,0.70047,0.70049,0.70042,0.70048,34
SQ:NZDUSD,2021-08-11T04:16:00+02:00,0.70048,0.70054,0.70046,0.70053,25
SQ:NZDUSD,2021-08-11T04:17:00+02:00,0.70054,0.70058,0.70054,0.70057,7
SQ:NZDUSD,2021-08-11T04:18:00+02:00,0.70057,0.70058,0.70057,0.70057,13
SQ:NZDUSD,2021-08-11T04:19:00+02:00,0.70058,0.70068,0.70057,0.70068,23
SQ:NZDUSD,2021-08-11T04:20:00+02:00,0.70068,0.70068,0.70067,0.70067,6
SQ:NZDUSD,2021-08-11T04:21:00+02:00,0.70067,0.70067,0.70060,0.70063,14
SQ:NZDUSD,2021-08-11T04:22:00+02:00,0.70063,0.70072,0.70063,0.70069,47
SQ:NZDUSD,2021-08-11T04:23:00+02:00,0.70068,0.70077,0.70068,0.70073,26
SQ:NZDUSD,2021-08-11T04:24:00+02:00,0.70073,0.70078,0.70059,0.70062,27
SQ:NZDUSD,2021-08-11T04:25:00+02:00,0.70062,0.70069,0.70062,0.70069,6
SQ:NZDUSD,2021-08-11T04:26:00+02:00,0.70069,0.70073,0.70068,0.70073,12
SQ:NZDUSD,2021-08-11T04:27:00+02:00,0.70073,0.70077,0.70070,0.70072,13
SQ:NZDUSD,2021-08-11T04:28:00+02:00,0.70072,0.70073,0.70066,0.70066,31
SQ:NZDUSD,2021-08-11T04:29:00+02:00,0.70066,0.70071,0.70059,0.70060,39
SQ:NZDUSD,2021-08-11T04:30:00+02:00,0.70060,0.70071,0.70059,0.70069,27
SQ:NZDUSD,2021-08-11T04:31:00+02:00,0.70070,0.70070,0.70060,0.70060,50
SQ:NZDUSD,2021-08-11T04:32:00+02:00,0.70061,0.70063,0.70059,0.70063,50
SQ:NZDUSD,2021-08-11T04:33:00+02:00,0.70063,0.70064,0.70058,0.70061,46
SQ:NZDUSD,2021-08-11T04:34:00+02:00,0.70061,0.70072,0.70061,0.70071,38
SQ:NZDUSD,2021-08-11T04:35:00+02:00,0.70071,0.70071,0.70063,0.70069,37
SQ:NZDUSD,2021-08-11T04:36:00+02:00,0.70070,0.70082,0.70068,0.70082,24
SQ:NZDUSD,2021-08-11T04:37:00+02:00,0.70081,0.70082,0.70066,0.70066,14
SQ:NZDUSD,2021-08-11T04:38:00+02:00,0.70066,0.70072,0.70066,0.70072,8
SQ:NZDUSD,2021-08-11T04:39:00+02:00,0.70072,0.70072,0.70065,0.70068,18
SQ:NZDUSD,2021-08-11T04:40:00+02:00,0.70068,0.70072,0.70066,0.70071,22
SQ:NZDUSD,2021-08-11T04:41:00+02:00,0.70070,0.70072,0.70065,0.70071,32
SQ:NZDUSD,2021-08-11T04:42:00+02:00,0.70068,0.70069,0.70061,0.70061,34
SQ:NZDUSD,2021-08-11T04:43:00+02:00,0.70062,0.70065,0.70060,0.70065,20
SQ:NZDUSD,2021-08-11T04:44:00+02:00,0.70066,0.70070,0.70066,0.70068,23
SQ:NZDUSD,2021-08-11T04:45:00+02:00,0.70067,0.70071,0.70067,0.70069,12
SQ:NZDUSD,2021-08-11T04:46:00+02:00,0.70070,0.70071,0.70052,0.70052,47
SQ:NZDUSD,2021-08-11T04:47:00+02:00,0.70051,0.70054,0.70050,0.70050,33
SQ:NZDUSD,2021-08-11T04:48:00+02:00,0.70051,0.70053,0.70051,0.70051,18
SQ:NZDUSD,2021-08-11T04:49:00+02:00,0.70051,0.70054,0.70050,0.70054,17
SQ:NZDUSD,2021-08-11T04:50:00+02:00,0.70053,0.70054,0.70051,0.70052,8
SQ:NZDUSD,2021-08-11T04:51:00+02:00,0.70050,0.70057,0.70050,0.70056,15
SQ:NZDUSD,2021-08-11T04:52:00+02:00,0.70057,0.70067,0.70056,0.70067,20
SQ:NZDUSD,2021-08-11T04:53:00+02:00,0.70067,0.70070,0.70067,0.70070,9
SQ:NZDUSD,2021-08-11T04:54:00+02:00,0.70069,0.70071,0.70069,0.70070,8
SQ:NZDUSD,2021-08-11T04:55:00+02:00,0.70070,0.70071,0.70069,0.70071,34
SQ:NZDUSD,2021-08-11T04:56:00+02:00,0.70070,0.70071,0.70069,0.70070,64
SQ:NZDUSD,2021-08-11T04:57:00+02:00,0.70071,0.70072,0.70067,0.70072,24
SQ:NZDUSD,2021-08-11T04:58:00+02:00,0.70074,0.70081,0.70068,0.70081,59
SQ:NZDUSD,2021-08-11T04:59:00+02:00,0.70080,0.70082,0.70077,0.70081,43
SQ:NZDUSD,2021-08-11T05:00:00+02:00,0.70080,0.70088,0.70079,0.70086,52
SQ:NZDUSD,2021-08-11T05:01:00+02:00,0.70085,0.70092,0.70084,0.70087,60
SQ:NZDUSD,2021-08-11T05:02:00+02:00,0.70088,0.70090,0.70082,0.70082,54
SQ:NZDUSD,2021-08-11T05:03:00+02:00,0.70083,0.70083,0.70077,0.70080,79
SQ:NZDUSD,2021-08-11T05:04:00+02:00,0.70079,0.70082,0.70078,0.70081,42
SQ:NZDUSD,2021-08-11T05:05:00+02:00,0.70082,0.70082,0.70078,0.70082,50
SQ:NZDUSD,2021-08-11T05:06:00+02:00,0.70082,0.70083,0.70079,0.70081,33
SQ:NZDUSD,2021-08-11T05:07:00+02:00,0.70080,0.70084,0.70072,0.70083,26
SQ:NZDUSD,2021-08-11T05:08:00+02:00,0.70082,0.70088,0.70081,0.70088,14
SQ:NZDUSD,2021-08-11T05:09:00+02:00,0.70087,0.70091,0.70081,0.70082,28
SQ:NZDUSD,2021-08-11T05:10:00+02:00,0.70081,0.70082,0.70075,0.70076,26
SQ:NZDUSD,2021-08-11T05:11:00+02:00,0.70076,0.70081,0.70069,0.70072,41
SQ:NZDUSD,2021-08-11T05:12:00+02:00,0.70072,0.70072,0.70065,0.70066,18
SQ:NZDUSD,2021-08-11T05:13:00+02:00,0.70067,0.70069,0.70063,0.70069,13
SQ:NZDUSD,2021-08-11T05:14:00+02:00,0.70069,0.70077,0.70069,0.70072,9
SQ:NZDUSD,2021-08-11T05:15:00+02:00,0.70071,0.70072,0.70057,0.70057,15
SQ:NZDUSD,2021-08-11T05:16:00+02:00,0.70057,0.70062,0.70056,0.70062,15
SQ:NZDUSD,2021-08-11T05:17:00+02:00,0.70062,0.70062,0.70055,0.70056,11
SQ:NZDUSD,2021-08-11T05:18:00+02:00,0.70056,0.70065,0.70056,0.70064,7
SQ:NZDUSD,2021-08-11T05:19:00+02:00,0.70064,0.70066,0.70056,0.70057,21
SQ:NZDUSD,2021-08-11T05:20:00+02:00,0.70056,0.70058,0.70054,0.70057,43
SQ:NZDUSD,2021-08-11T05:21:00+02:00,0.70057,0.70057,0.70039,0.70042,40
SQ:NZDUSD,2021-08-11T05:22:00+02:00,0.70042,0.70045,0.70038,0.70039,21
SQ:NZDUSD,2021-08-11T05:23:00+02:00,0.70040,0.70046,0.70037,0.70046,19
SQ:NZDUSD,2021-08-11T05:24:00+02:00,0.70046,0.70048,0.70038,0.70047,29
SQ:NZDUSD,2021-08-11T05:25:00+02:00,0.70047,0.70047,0.70042,0.70044,32
SQ:NZDUSD,2021-08-11T05:26:00+02:00,0.70044,0.70048,0.70043,0.70048,49
SQ:NZDUSD,2021-08-11T05:27:00+02:00,0.70047,0.70049,0.70043,0.70044,36
SQ:NZDUSD,2021-08-11T05:28:00+02:00,0.70043,0.70045,0.70036,0.70038,21
SQ:NZDUSD,2021-08-11T05:29:00+02:00,0.70037,0.70038,0.70029,0.70032,35
SQ:NZDUSD,2021-08-11T05:30:00+02:00,0.70033,0.70043,0.70032,0.70042,18
SQ:NZDUSD,2021-08-11T05:31:00+02:00,0.70043,0.70048,0.70041,0.70047,11
SQ:NZDUSD,2021-08-11T05:32:00+02:00,0.70048,0.70048,0.70047,0.70047,4
SQ:NZDUSD,2021-08-11T05:35:00+02:00,0.70047,0.70047,0.70047,0.70047,1
SQ:NZDUSD,2021-08-11T05:36:00+02:00,0.70047,0.70047,0.70046,0.70046,2
SQ:NZDUSD,2021-08-11T05:37:00+02:00,0.70047,0.70048,0.70046,0.70048,4
SQ:NZDUSD,2021-08-11T05:38:00+02:00,0.70048,0.70048,0.70037,0.70037,10
SQ:NZDUSD,2021-08-11T05:39:00+02:00,0.70037,0.70037,0.70037,0.70037,1
SQ:NZDUSD,2021-08-11T05:40:00+02:00,0.70037,0.70042,0.70029,0.70040,13
SQ:NZDUSD,2021-08-11T05:41:00+02:00,0.70041,0.70041,0.70036,0.70036,11
SQ:NZDUSD,2021-08-11T05:42:00+02:00,0.70036,0.70037,0.70036,0.70036,7
SQ:NZDUSD,2021-08-11T05:43:00+02:00,0.70035,0.70038,0.70028,0.70033,47
SQ:NZDUSD,2021-08-11T05:44:00+02:00,0.70032,0.70037,0.70027,0.70032,40
SQ:NZDUSD,2021-08-11T05:45:00+02:00,0.70032,0.70032,0.70027,0.70027,18
SQ:NZDUSD,2021-08-11T05:46:00+02:00,0.70027,0.70027,0.70018,0.70021,18
SQ:NZDUSD,2021-08-11T05:47:00+02:00,0.70022,0.70023,0.70017,0.70017,22
SQ:NZDUSD,2021-08-11T05:48:00+02:00,0.70017,0.70017,0.70015,0.70015,3
SQ:NZDUSD,2021-08-11T05:49:00+02:00,0.70014,0.70015,0.70004,0.70009,10
SQ:NZDUSD,2021-08-11T05:50:00+02:00,0.70007,0.70008,0.70006,0.70007,7
SQ:NZDUSD,2021-08-11T05:51:00+02:00,0.70007,0.70009,0.70005,0.70006,15
SQ:NZDUSD,2021-08-11T05:52:00+02:00,0.70006,0.70006,0.69996,0.69996,9
SQ:NZDUSD,2021-08-11T05:53:00+02:00,0.69997,0.69997,0.69995,0.69997,19
SQ:NZDUSD,2021-08-11T05:54:00+02:00,0.69996,0.69996,0.69986,0.69995,22
SQ:NZDUSD,2021-08-11T05:55:00+02:00,0.69994,0.70004,0.69994,0.70002,18
SQ:NZDUSD,2021-08-11T05:56:00+02:00,0.70001,0.70002,0.70000,0.70002,15
SQ:NZDUSD,2021-08-11T05:57:00+02:00,0.70002,0.70002,0.69999,0.70001,6
SQ:NZDUSD,2021-08-11T05:58:00+02:00,0.70002,0.70003,0.70002,0.70002,3
SQ:NZDUSD,2021-08-11T05:59:00+02:00,0.70003,0.70008,0.70003,0.70008,37
SQ:NZDUSD,2021-08-11T06:00:00+02:00,0.70007,0.70009,0.70007,0.70008,12
SQ:NZDUSD,2021-08-11T06:01:00+02:00,0.70007,0.70017,0.70007,0.70017,19
SQ:NZDUSD,2021-08-11T06:02:00+02:00,0.70017,0.70018,0.70017,0.70018,2
SQ:NZDUSD,2021-08-11T06:05:00+02:00,0.70019,0.70019,0.70019,0.70019,1
SQ:NZDUSD,2021-08-11T06:07:00+02:00,0.70019,0.70019,0.70013,0.70013,4
SQ:NZDUSD,2021-08-11T06:08:00+02:00,0.70011,0.70017,0.70008,0.70011,12
SQ:NZDUSD,2021-08-11T06:09:00+02:00,0.70012,0.70018,0.70012,0.70018,7
SQ:NZDUSD,2021-08-11T06:10:00+02:00,0.70018,0.70018,0.70011,0.70012,10
SQ:NZDUSD,2021-08-11T06:11:00+02:00,0.70011,0.70015,0.70011,0.70013,17
SQ:NZDUSD,2021-08-11T06:12:00+02:00,0.70013,0.70017,0.70012,0.70017,4
SQ:NZDUSD,2021-08-11T06:13:00+02:00,0.70017,0.70017,0.70016,0.70016,2
SQ:NZDUSD,2021-08-11T06:14:00+02:00,0.70016,0.70025,0.70016,0.70022,15
SQ:NZDUSD,2021-08-11T06:15:00+02:00,0.70022,0.70027,0.70022,0.70027,7
SQ:NZDUSD,2021-08-11T06:16:00+02:00,0.70028,0.70028,0.70027,0.70027,2
SQ:NZDUSD,2021-08-11T06:17:00+02:00,0.70027,0.70027,0.70023,0.70023,4
SQ:NZDUSD,2021-08-11T06:18:00+02:00,0.70023,0.70026,0.70007,0.70008,23
SQ:NZDUSD,2021-08-11T06:19:00+02:00,0.70009,0.70012,0.70009,0.70012,7
SQ:NZDUSD,2021-08-11T06:20:00+02:00,0.70011,0.70018,0.70011,0.70017,12
SQ:NZDUSD,2021-08-11T06:21:00+02:00,0.70016,0.70017,0.70016,0.70017,6
SQ:NZDUSD,2021-08-11T06:22:00+02:00,0.70017,0.70017,0.70007,0.70008,11
SQ:NZDUSD,2021-08-11T06:23:00+02:00,0.70008,0.70008,0.70008,0.70008,1
SQ:NZDUSD,2021-08-11T06:24:00+02:00,0.70008,0.70017,0.70008,0.70016,8
SQ:NZDUSD,2021-08-11T06:25:00+02:00,0.70017,0.70018,0.70016,0.70017,6
SQ:NZDUSD,2021-08-11T06:26:00+02:00,0.70016,0.70032,0.70012,0.70029,22
SQ:NZDUSD,2021-08-11T06:27:00+02:00,0.70029,0.70034,0.70026,0.70029,34
SQ:NZDUSD,2021-08-11T06:28:00+02:00,0.70029,0.70029,0.70028,0.70028,6
SQ:NZDUSD,2021-08-11T06:29:00+02:00,0.70027,0.70028,0.70021,0.70024,36
SQ:NZDUSD,2021-08-11T06:30:00+02:00,0.70024,0.70028,0.70018,0.70018,30
SQ:NZDUSD,2021-08-11T06:31:00+02:00,0.70019,0.70019,0.70017,0.70017,9
SQ:NZDUSD,2021-08-11T06:32:00+02:00,0.70018,0.70018,0.70017,0.70018,13
SQ:NZDUSD,2021-08-11T06:33:00+02:00,0.70018,0.70018,0.70008,0.70015,26
SQ:NZDUSD,2021-08-11T06:34:00+02:00,0.70015,0.70019,0.70008,0.70008,32
SQ:NZDUSD,2021-08-11T06:35:00+02:00,0.70008,0.70010,0.70007,0.70008,13
SQ:NZDUSD,2021-08-11T06:36:00+02:00,0.70008,0.70012,0.70008,0.70012,10
SQ:NZDUSD,2021-08-11T06:37:00+02:00,0.70012,0.70016,0.70007,0.70007,10
SQ:NZDUSD,2021-08-11T06:38:00+02:00,0.70008,0.70011,0.70007,0.70008,9
SQ:NZDUSD,2021-08-11T06:39:00+02:00,0.70008,0.70020,0.70008,0.70019,16
SQ:NZDUSD,2021-08-11T06:40:00+02:00,0.70019,0.70019,0.70019,0.70019,1
SQ:NZDUSD,2021-08-11T06:41:00+02:00,0.70019,0.70021,0.70017,0.70018,7
SQ:NZDUSD,2021-08-11T06:42:00+02:00,0.70018,0.70022,0.70018,0.70022,4
SQ:NZDUSD,2021-08-11T06:43:00+02:00,0.70023,0.70025,0.70019,0.70021,18
SQ:NZDUSD,2021-08-11T06:44:00+02:00,0.70021,0.70031,0.70019,0.70019,23
SQ:NZDUSD,2021-08-11T06:45:00+02:00,0.70017,0.70017,0.70007,0.70007,14
SQ:NZDUSD,2021-08-11T06:47:00+02:00,0.70008,0.70012,0.70007,0.70012,10
SQ:NZDUSD,2021-08-11T06:48:00+02:00,0.70012,0.70013,0.70007,0.70013,17
SQ:NZDUSD,2021-08-11T06:49:00+02:00,0.70012,0.70016,0.70012,0.70013,24
SQ:NZDUSD,2021-08-11T06:50:00+02:00,0.70013,0.70014,0.70011,0.70013,8
SQ:NZDUSD,2021-08-11T06:51:00+02:00,0.70013,0.70014,0.70012,0.70013,19
SQ:NZDUSD,2021-08-11T06:52:00+02:00,0.70012,0.70019,0.70012,0.70018,23
SQ:NZDUSD,2021-08-11T06:53:00+02:00,0.70019,0.70019,0.70018,0.70018,2
SQ:NZDUSD,2021-08-11T06:54:00+02:00,0.70018,0.70018,0.70016,0.70016,3
SQ:NZDUSD,2021-08-11T06:55:00+02:00,0.70014,0.70014,0.70006,0.70008,8
SQ:NZDUSD,2021-08-11T06:59:00+02:00,0.70009,0.70018,0.70009,0.70018,6
SQ:NZDUSD,2021-08-11T07:00:00+02:00,0.70019,0.70019,0.70018,0.70018,4
SQ:NZDUSD,2021-08-11T07:01:00+02:00,0.70019,0.70020,0.70016,0.70017,6
SQ:NZDUSD,2021-08-11T07:02:00+02:00,0.70018,0.70018,0.70017,0.70017,2
SQ:NZDUSD,2021-08-11T07:03:00+02:00,0.70017,0.70017,0.70007,0.70015,12
SQ:NZDUSD,2021-08-11T07:04:00+02:00,0.70015,0.70015,0.70012,0.70012,7
SQ:NZDUSD,2021-08-11T07:05:00+02:00,0.70013,0.70013,0.70008,0.70008,4
SQ:NZDUSD,2021-08-11T07:06:00+02:00,0.70009,0.70013,0.70009,0.70012,11
SQ:NZDUSD,2021-08-11T07:07:00+02:00,0.70012,0.70017,0.70012,0.70013,8
SQ:NZDUSD,2021-08-11T07:08:00+02:00,0.70015,0.70019,0.70012,0.70012,20
SQ:NZDUSD,2021-08-11T07:09:00+02:00,0.70011,0.70011,0.70004,0.70007,10
SQ:NZDUSD,2021-08-11T07:10:00+02:00,0.70006,0.70018,0.70005,0.70018,36
SQ:NZDUSD,2021-08-11T07:11:00+02:00,0.70018,0.70020,0.70013,0.70020,33
SQ:NZDUSD,2021-08-11T07:12:00+02:00,0.70018,0.70018,0.70013,0.70013,19
SQ:NZDUSD,2021-08-11T07:13:00+02:00,0.70014,0.70017,0.70013,0.70017,39
SQ:NZDUSD,2021-08-11T07:14:00+02:00,0.70016,0.70020,0.70016,0.70018,31
SQ:NZDUSD,2021-08-11T07:15:00+02:00,0.70018,0.70021,0.70017,0.70019,27
SQ:NZDUSD,2021-08-11T07:16:00+02:00,0.70019,0.70021,0.70018,0.70018,6
SQ:NZDUSD,2021-08-11T07:17:00+02:00,0.70018,0.70021,0.70017,0.70019,14
SQ:NZDUSD,2021-08-11T07:18:00+02:00,0.70019,0.70021,0.70018,0.70019,29
SQ:NZDUSD,2021-08-11T07:19:00+02:00,0.70018,0.70019,0.70018,0.70018,7
SQ:NZDUSD,2021-08-11T07:20:00+02:00,0.70019,0.70023,0.70018,0.70022,14
SQ:NZDUSD,2021-08-11T07:21:00+02:00,0.70024,0.70026,0.70020,0.70023,23
SQ:NZDUSD,2021-08-11T07:22:00+02:00,0.70022,0.70027,0.70022,0.70027,4
SQ:NZDUSD,2021-08-11T07:23:00+02:00,0.70028,0.70029,0.70025,0.70029,23
SQ:NZDUSD,2021-08-11T07:24:00+02:00,0.70028,0.70029,0.70028,0.70028,5
SQ:NZDUSD,2021-08-11T07:25:00+02:00,0.70028,0.70029,0.70028,0.70028,39
SQ:NZDUSD,2021-08-11T07:26:00+02:00,0.70029,0.70029,0.70017,0.70017,19
SQ:NZDUSD,2021-08-11T07:27:00+02:00,0.70017,0.70019,0.70016,0.70017,23
SQ:NZDUSD,2021-08-11T07:28:00+02:00,0.70017,0.70028,0.70017,0.70028,21
SQ:NZDUSD,2021-08-11T07:29:00+02:00,0.70028,0.70041,0.70028,0.70038,17
SQ:NZDUSD,2021-08-11T07:30:00+02:00,0.70038,0.70039,0.70037,0.70037,10
SQ:NZDUSD,2021-08-11T07:31:00+02:00,0.70038,0.70048,0.70037,0.70048,48
SQ:NZDUSD,2021-08-11T07:32:00+02:00,0.70048,0.70048,0.70038,0.70039,14
SQ:NZDUSD,2021-08-11T07:33:00+02:00,0.70040,0.70041,0.70039,0.70040,5
SQ:NZDUSD,2021-08-11T07:34:00+02:00,0.70038,0.70045,0.70038,0.70045,13
SQ:NZDUSD,2021-08-11T07:35:00+02:00,0.70046,0.70046,0.70039,0.70045,62
SQ:NZDUSD,2021-08-11T07:36:00+02:00,0.70045,0.70050,0.70045,0.70049,19
SQ:NZDUSD,2021-08-11T07:37:00+02:00,0.70048,0.70049,0.70045,0.70046,12
SQ:NZDUSD,2021-08-11T07:38:00+02:00,0.70048,0.70048,0.70036,0.70036,9
SQ:NZDUSD,2021-08-11T07:39:00+02:00,0.70036,0.70036,0.70029,0.70030,15
SQ:NZDUSD,2021-08-11T07:40:00+02:00,0.70029,0.70029,0.70023,0.70026,22
SQ:NZDUSD,2021-08-11T07:41:00+02:00,0.70026,0.70031,0.70026,0.70028,40
SQ:NZDUSD,2021-08-11T07:42:00+02:00,0.70029,0.70037,0.70029,0.70037,10
SQ:NZDUSD,2021-08-11T07:43:00+02:00,0.70037,0.70038,0.70027,0.70029,8
SQ:NZDUSD,2021-08-11T07:44:00+02:00,0.70029,0.70029,0.70028,0.70029,3
SQ:NZDUSD,2021-08-11T07:45:00+02:00,0.70029,0.70029,0.70020,0.70022,6
SQ:NZDUSD,2021-08-11T07:46:00+02:00,0.70023,0.70028,0.70023,0.70027,9
SQ:NZDUSD,2021-08-11T07:47:00+02:00,0.70027,0.70027,0.70027,0.70027,1
SQ:NZDUSD,2021-08-11T07:48:00+02:00,0.70027,0.70027,0.70026,0.70027,3
SQ:NZDUSD,2021-08-11T07:49:00+02:00,0.70027,0.70030,0.70027,0.70027,6
SQ:NZDUSD,2021-08-11T07:50:00+02:00,0.70028,0.70028,0.70027,0.70027,4
SQ:NZDUSD,2021-08-11T07:51:00+02:00,0.70027,0.70029,0.70027,0.70028,10
SQ:NZDUSD,2021-08-11T07:52:00+02:00,0.70028,0.70028,0.70025,0.70027,7
SQ:NZDUSD,2021-08-11T07:53:00+02:00,0.70026,0.70028,0.70024,0.70024,13
SQ:NZDUSD,2021-08-11T07:54:00+02:00,0.70024,0.70026,0.70005,0.70005,49
SQ:NZDUSD,2021-08-11T07:55:00+02:00,0.70006,0.70009,0.70005,0.70007,18
SQ:NZDUSD,2021-08-11T07:56:00+02:00,0.70007,0.70008,0.70007,0.70008,6
SQ:NZDUSD,2021-08-11T07:57:00+02:00,0.70007,0.70007,0.69995,0.69995,19
SQ:NZDUSD,2021-08-11T07:58:00+02:00,0.69995,0.69997,0.69994,0.69997,15
SQ:NZDUSD,2021-08-11T07:59:00+02:00,0.69996,0.70008,0.69996,0.70006,32
SQ:NZDUSD,2021-08-11T08:00:00+02:00,0.70009,0.70009,0.69996,0.70008,42
SQ:NZDUSD,2021-08-11T08:01:00+02:00,0.70009,0.70019,0.70008,0.70017,43
SQ:NZDUSD,2021-08-11T08:02:00+02:00,0.70017,0.70017,0.70007,0.70007,15
SQ:NZDUSD,2021-08-11T08:03:00+02:00,0.70008,0.70014,0.70007,0.70007,36
SQ:NZDUSD,2021-08-11T08:04:00+02:00,0.70006,0.70007,0.69977,0.69977,33
SQ:NZDUSD,2021-08-11T08:05:00+02:00,0.69977,0.69982,0.69969,0.69974,45
SQ:NZDUSD,2021-08-11T08:06:00+02:00,0.69973,0.69977,0.69968,0.69969,28
SQ:NZDUSD,2021-08-11T08:07:00+02:00,0.69968,0.69978,0.69968,0.69973,27
SQ:NZDUSD,2021-08-11T08:08:00+02:00,0.69973,0.69994,0.69956,0.69994,55
SQ:NZDUSD,2021-08-11T08:09:00+02:00,0.69994,0.69998,0.69991,0.69993,22
SQ:NZDUSD,2021-08-11T08:10:00+02:00,0.69993,0.70006,0.69991,0.70006,23
SQ:NZDUSD,2021-08-11T08:11:00+02:00,0.70007,0.70009,0.70002,0.70007,31
SQ:NZDUSD,2021-08-11T08:12:00+02:00,0.70006,0.70008,0.70001,0.70004,34
SQ:NZDUSD,2021-08-11T08:13:00+02:00,0.70005,0.70005,0.69989,0.69989,42
SQ:NZDUSD,2021-08-11T08:14:00+02:00,0.69989,0.69990,0.69978,0.69986,35
SQ:NZDUSD,2021-08-11T08:15:00+02:00,0.69986,0.69993,0.69980,0.69985,47
SQ:NZDUSD,2021-08-11T08:16:00+02:00,0.69985,0.70008,0.69985,0.70003,32
SQ:NZDUSD,2021-08-11T08:17:00+02:00,0.70003,0.70019,0.69997,0.70018,65
SQ:NZDUSD,2021-08-11T08:18:00+02:00,0.70017,0.70018,0.69998,0.70007,54
SQ:NZDUSD,2021-08-11T08:19:00+02:00,0.70008,0.70017,0.70007,0.70009,49
SQ:NZDUSD,2021-08-11T08:20:00+02:00,0.70009,0.70017,0.70008,0.70017,66
SQ:NZDUSD,2021-08-11T08:21:00+02:00,0.70017,0.70018,0.70009,0.70011,26
SQ:NZDUSD,2021-08-11T08:22:00+02:00,0.70010,0.70010,0.69998,0.69999,24
SQ:NZDUSD,2021-08-11T08:23:00+02:00,0.69999,0.69999,0.69978,0.69982,28
SQ:NZDUSD,2021-08-11T08:24:00+02:00,0.69979,0.69982,0.69978,0.69978,18
SQ:NZDUSD,2021-08-11T08:25:00+02:00,0.69978,0.69990,0.69978,0.69989,37
SQ:NZDUSD,2021-08-11T08:26:00+02:00,0.69990,0.70000,0.69990,0.69997,41
SQ:NZDUSD,2021-08-11T08:27:00+02:00,0.69997,0.69998,0.69988,0.69988,22
SQ:NZDUSD,2021-08-11T08:28:00+02:00,0.69988,0.69991,0.69983,0.69987,24
SQ:NZDUSD,2021-08-11T08:29:00+02:00,0.69987,0.69987,0.69977,0.69977,9
SQ:NZDUSD,2021-08-11T08:30:00+02:00,0.69977,0.69977,0.69946,0.69956,65
SQ:NZDUSD,2021-08-11T08:31:00+02:00,0.69956,0.69958,0.69945,0.69958,46
SQ:NZDUSD,2021-08-11T08:32:00+02:00,0.69956,0.69957,0.69946,0.69954,45
SQ:NZDUSD,2021-08-11T08:33:00+02:00,0.69955,0.69957,0.69947,0.69947,10
SQ:NZDUSD,2021-08-11T08:34:00+02:00,0.69947,0.69948,0.69940,0.69946,25
SQ:NZDUSD,2021-08-11T08:35:00+02:00,0.69946,0.69955,0.69946,0.69948,19
SQ:NZDUSD,2021-08-11T08:36:00+02:00,0.69948,0.69948,0.69926,0.69929,22
SQ:NZDUSD,2021-08-11T08:37:00+02:00,0.69928,0.69948,0.69926,0.69942,34
SQ:NZDUSD,2021-08-11T08:38:00+02:00,0.69942,0.69949,0.69941,0.69943,41
SQ:NZDUSD,2021-08-11T08:39:00+02:00,0.69942,0.69949,0.69941,0.69945,40
SQ:NZDUSD,2021-08-11T08:40:00+02:00,0.69945,0.69947,0.69939,0.69943,44
SQ:NZDUSD,2021-08-11T08:41:00+02:00,0.69943,0.69947,0.69942,0.69947,14
SQ:NZDUSD,2021-08-11T08:42:00+02:00,0.69947,0.69947,0.69939,0.69942,25
SQ:NZDUSD,2021-08-11T08:43:00+02:00,0.69942,0.69942,0.69927,0.69928,28
SQ:NZDUSD,2021-08-11T08:44:00+02:00,0.69928,0.69938,0.69928,0.69937,32
SQ:NZDUSD,2021-08-11T08:45:00+02:00,0.69937,0.69948,0.69936,0.69947,24
SQ:NZDUSD,2021-08-11T08:46:00+02:00,0.69947,0.69959,0.69947,0.69959,34
SQ:NZDUSD,2021-08-11T08:47:00+02:00,0.69958,0.69967,0.69956,0.69956,18
SQ:NZDUSD,2021-08-11T08:48:00+02:00,0.69956,0.69956,0.69949,0.69949,15
SQ:NZDUSD,2021-08-11T08:49:00+02:00,0.69949,0.69950,0.69939,0.69946,15
SQ:NZDUSD,2021-08-11T08:50:00+02:00,0.69946,0.69958,0.69946,0.69958,22
SQ:NZDUSD,2021-08-11T08:51:00+02:00,0.69958,0.69965,0.69951,0.69964,26
SQ:NZDUSD,2021-08-11T08:52:00+02:00,0.69964,0.69978,0.69960,0.69976,35
SQ:NZDUSD,2021-08-11T08:53:00+02:00,0.69979,0.69991,0.69976,0.69989,29
SQ:NZDUSD,2021-08-11T08:54:00+02:00,0.69989,0.69989,0.69973,0.69976,19
SQ:NZDUSD,2021-08-11T08:55:00+02:00,0.69977,0.69979,0.69977,0.69977,11
SQ:NZDUSD,2021-08-11T08:56:00+02:00,0.69977,0.69977,0.69959,0.69966,16
SQ:NZDUSD,2021-08-11T08:57:00+02:00,0.69965,0.69968,0.69959,0.69967,31
SQ:NZDUSD,2021-08-11T08:58:00+02:00,0.69968,0.69968,0.69958,0.69958,13
SQ:NZDUSD,2021-08-11T08:59:00+02:00,0.69958,0.69969,0.69958,0.69968,14
SQ:NZDUSD,2021-08-11T09:00:00+02:00,0.69968,0.69981,0.69966,0.69978,46
SQ:NZDUSD,2021-08-11T09:01:00+02:00,0.69979,0.69990,0.69979,0.69988,51
SQ:NZDUSD,2021-08-11T09:02:00+02:00,0.69988,0.69988,0.69980,0.69981,31
SQ:NZDUSD,2021-08-11T09:03:00+02:00,0.69980,0.69998,0.69979,0.69995,32
SQ:NZDUSD,2021-08-11T09:04:00+02:00,0.69995,0.70001,0.69990,0.69998,30
SQ:NZDUSD,2021-08-11T09:05:00+02:00,0.69998,0.70007,0.69996,0.70001,36
SQ:NZDUSD,2021-08-11T09:06:00+02:00,0.70001,0.70009,0.70001,0.70008,17
SQ:NZDUSD,2021-08-11T09:07:00+02:00,0.70009,0.70015,0.70009,0.70010,49
SQ:NZDUSD,2021-08-11T09:08:00+02:00,0.70010,0.70032,0.70007,0.70030,81
SQ:NZDUSD,2021-08-11T09:09:00+02:00,0.70031,0.70031,0.70009,0.70009,60
SQ:NZDUSD,2021-08-11T09:10:00+02:00,0.70008,0.70010,0.70007,0.70008,19
SQ:NZDUSD,2021-08-11T09:11:00+02:00,0.70009,0.70009,0.70000,0.70001,37
SQ:NZDUSD,2021-08-11T09:12:00+02:00,0.70002,0.70008,0.69995,0.69995,31
SQ:NZDUSD,2021-08-11T09:13:00+02:00,0.69996,0.69999,0.69989,0.69990,32
SQ:NZDUSD,2021-08-11T09:14:00+02:00,0.69991,0.69991,0.69984,0.69987,27
SQ:NZDUSD,2021-08-11T09:15:00+02:00,0.69987,0.69991,0.69983,0.69986,32
SQ:NZDUSD,2021-08-11T09:16:00+02:00,0.69986,0.69987,0.69984,0.69984,28
SQ:NZDUSD,2021-08-11T09:17:00+02:00,0.69982,0.69985,0.69979,0.69979,15
SQ:NZDUSD,2021-08-11T09:18:00+02:00,0.69979,0.69980,0.69964,0.69967,33
SQ:NZDUSD,2021-08-11T09:19:00+02:00,0.69967,0.69970,0.69964,0.69965,12
SQ:NZDUSD,2021-08-11T09:20:00+02:00,0.69961,0.69970,0.69953,0.69969,29
SQ:NZDUSD,2021-08-11T09:21:00+02:00,0.69969,0.69969,0.69954,0.69969,30
SQ:NZDUSD,2021-08-11T09:22:00+02:00,0.69969,0.69969,0.69951,0.69957,54
SQ:NZDUSD,2021-08-11T09:23:00+02:00,0.69958,0.69960,0.69949,0.69952,25
SQ:NZDUSD,2021-08-11T09:24:00+02:00,0.69953,0.69956,0.69928,0.69934,50
SQ:NZDUSD,2021-08-11T09:25:00+02:00,0.69935,0.69938,0.69920,0.69922,34
SQ:NZDUSD,2021-08-11T09:26:00+02:00,0.69922,0.69922,0.69897,0.69907,52
SQ:NZDUSD,2021-08-11T09:27:00+02:00,0.69907,0.69926,0.69897,0.69925,105
SQ:NZDUSD,2021-08-11T09:28:00+02:00,0.69926,0.69942,0.69924,0.69940,55
SQ:NZDUSD,2021-08-11T09:29:00+02:00,0.69938,0.69949,0.69938,0.69948,37
SQ:NZDUSD,2021-08-11T09:30:00+02:00,0.69948,0.69948,0.69916,0.69920,56
SQ:NZDUSD,2021-08-11T09:31:00+02:00,0.69920,0.69947,0.69918,0.69946,79
SQ:NZDUSD,2021-08-11T09:32:00+02:00,0.69945,0.69964,0.69941,0.69956,72
SQ:NZDUSD,2021-08-11T09:33:00+02:00,0.69956,0.69963,0.69941,0.69946,57
SQ:NZDUSD,2021-08-11T09:34:00+02:00,0.69946,0.69954,0.69924,0.69951,74
SQ:NZDUSD,2021-08-11T09:35:00+02:00,0.69951,0.69958,0.69949,0.69958,17
SQ:NZDUSD,2021-08-11T09:36:00+02:00,0.69957,0.69960,0.69951,0.69958,41
SQ:NZDUSD,2021-08-11T09:37:00+02:00,0.69959,0.69965,0.69954,0.69960,52
SQ:NZDUSD,2021-08-11T09:38:00+02:00,0.69959,0.69961,0.69951,0.69953,102
SQ:NZDUSD,2021-08-11T09:39:00+02:00,0.69953,0.69953,0.69927,0.69939,76
SQ:NZDUSD,2021-08-11T09:40:00+02:00,0.69938,0.69939,0.69923,0.69927,29
SQ:NZDUSD,2021-08-11T09:41:00+02:00,0.69929,0.69929,0.69909,0.69915,32
SQ:NZDUSD,2021-08-11T09:42:00+02:00,0.69915,0.69916,0.69886,0.69900,48
SQ:NZDUSD,2021-08-11T09:43:00+02:00,0.69901,0.69914,0.69901,0.69914,30
SQ:NZDUSD,2021-08-11T09:44:00+02:00,0.69911,0.69924,0.69909,0.69924,23
SQ:NZDUSD,2021-08-11T09:45:00+02:00,0.69926,0.69926,0.69914,0.69914,26
SQ:NZDUSD,2021-08-11T09:46:00+02:00,0.69914,0.69925,0.69909,0.69925,50
SQ:NZDUSD,2021-08-11T09:47:00+02:00,0.69923,0.69942,0.69920,0.69941,32
SQ:NZDUSD,2021-08-11T09:48:00+02:00,0.69940,0.69941,0.69928,0.69935,31
SQ:NZDUSD,2021-08-11T09:49:00+02:00,0.69932,0.69940,0.69918,0.69931,59
SQ:NZDUSD,2021-08-11T09:50:00+02:00,0.69931,0.69934,0.69926,0.69929,52
SQ:NZDUSD,2021-08-11T09:51:00+02:00,0.69930,0.69936,0.69923,0.69931,81
SQ:NZDUSD,2021-08-11T09:52:00+02:00,0.69931,0.69945,0.69930,0.69940,73
SQ:NZDUSD,2021-08-11T09:53:00+02:00,0.69939,0.69947,0.69927,0.69947,55
SQ:NZDUSD,2021-08-11T09:54:00+02:00,0.69947,0.69954,0.69938,0.69944,44
SQ:NZDUSD,2021-08-11T09:55:00+02:00,0.69944,0.69947,0.69922,0.69935,59
SQ:NZDUSD,2021-08-11T09:56:00+02:00,0.69935,0.69935,0.69927,0.69928,20
SQ:NZDUSD,2021-08-11T09:57:00+02:00,0.69929,0.69941,0.69921,0.69939,70
SQ:NZDUSD,2021-08-11T09:58:00+02:00,0.69940,0.69957,0.69939,0.69953,54
SQ:NZDUSD,2021-08-11T09:59:00+02:00,0.69953,0.69953,0.69946,0.69950,41
SQ:NZDUSD,2021-08-11T10:00:00+02:00,0.69949,0.69952,0.69939,0.69949,58
SQ:NZDUSD,2021-08-11T10:01:00+02:00,0.69949,0.69949,0.69938,0.69940,55
SQ:NZDUSD,2021-08-11T10:02:00+02:00,0.69941,0.69953,0.69940,0.69949,44
SQ:NZDUSD,2021-08-11T10:03:00+02:00,0.69948,0.69957,0.69928,0.69956,76
SQ:NZDUSD,2021-08-11T10:04:00+02:00,0.69956,0.69966,0.69956,0.69961,35
SQ:NZDUSD,2021-08-11T10:05:00+02:00,0.69962,0.69964,0.69959,0.69960,34
SQ:NZDUSD,2021-08-11T10:06:00+02:00,0.69961,0.69965,0.69959,0.69965,34
SQ:NZDUSD,2021-08-11T10:07:00+02:00,0.69965,0.69967,0.69958,0.69959,36
SQ:NZDUSD,2021-08-11T10:08:00+02:00,0.69958,0.69970,0.69956,0.69969,46
SQ:NZDUSD,2021-08-11T10:09:00+02:00,0.69970,0.69973,0.69967,0.69967,17
SQ:NZDUSD,2021-08-11T10:10:00+02:00,0.69967,0.69981,0.69965,0.69978,33
SQ:NZDUSD,2021-08-11T10:11:00+02:00,0.69978,0.69980,0.69970,0.69979,24
SQ:NZDUSD,2021-08-11T10:12:00+02:00,0.69979,0.69983,0.69979,0.69983,10
SQ:NZDUSD,2021-08-11T10:13:00+02:00,0.69982,0.69989,0.69981,0.69988,28
SQ:NZDUSD,2021-08-11T10:14:00+02:00,0.69987,0.69995,0.69985,0.69993,40
SQ:NZDUSD,2021-08-11T10:15:00+02:00,0.69993,0.69993,0.69974,0.69976,57
SQ:NZDUSD,2021-08-11T10:16:00+02:00,0.69976,0.69977,0.69971,0.69976,30
SQ:NZDUSD,2021-08-11T10:17:00+02:00,0.69976,0.69984,0.69975,0.69980,24
SQ:NZDUSD,2021-08-11T10:18:00+02:00,0.69980,0.69980,0.69967,0.69968,17
SQ:NZDUSD,2021-08-11T10:19:00+02:00,0.69966,0.69969,0.69958,0.69967,21
SQ:NZDUSD,2021-08-11T10:20:00+02:00,0.69967,0.69977,0.69967,0.69971,26
SQ:NZDUSD,2021-08-11T10:21:00+02:00,0.69970,0.69970,0.69960,0.69961,7
SQ:NZDUSD,2021-08-11T10:22:00+02:00,0.69960,0.69960,0.69944,0.69950,17
SQ:NZDUSD,2021-08-11T10:23:00+02:00,0.69950,0.69973,0.69950,0.69969,45
SQ:NZDUSD,2021-08-11T10:24:00+02:00,0.69968,0.69968,0.69962,0.69964,24
SQ:NZDUSD,2021-08-11T10:25:00+02:00,0.69964,0.69971,0.69961,0.69970,41
SQ:NZDUSD,2021-08-11T10:26:00+02:00,0.69971,0.69977,0.69970,0.69973,33
SQ:NZDUSD,2021-08-11T10:27:00+02:00,0.69972,0.69978,0.69971,0.69975,31
SQ:NZDUSD,2021-08-11T10:28:00+02:00,0.69975,0.69977,0.69971,0.69971,30
SQ:NZDUSD,2021-08-11T10:29:00+02:00,0.69971,0.69979,0.69967,0.69971,26
SQ:NZDUSD,2021-08-11T10:30:00+02:00,0.69970,0.69971,0.69959,0.69971,43
SQ:NZDUSD,2021-08-11T10:31:00+02:00,0.69970,0.69971,0.69962,0.69962,41
SQ:NZDUSD,2021-08-11T10:32:00+02:00,0.69962,0.69964,0.69958,0.69958,21
SQ:NZDUSD,2021-08-11T10:33:00+02:00,0.69961,0.69975,0.69952,0.69974,51
SQ:NZDUSD,2021-08-11T10:34:00+02:00,0.69974,0.69982,0.69971,0.69980,29
SQ:NZDUSD,2021-08-11T10:35:00+02:00,0.69980,0.69992,0.69972,0.69972,42
SQ:NZDUSD,2021-08-11T10:36:00+02:00,0.69971,0.69972,0.69961,0.69972,39
SQ:NZDUSD,2021-08-11T10:37:00+02:00,0.69973,0.69973,0.69970,0.69972,9
SQ:NZDUSD,2021-08-11T10:38:00+02:00,0.69972,0.69973,0.69962,0.69971,30
SQ:NZDUSD,2021-08-11T10:39:00+02:00,0.69972,0.69973,0.69961,0.69961,26
SQ:NZDUSD,2021-08-11T10:40:00+02:00,0.69961,0.69961,0.69950,0.69952,27
SQ:NZDUSD,2021-08-11T10:41:00+02:00,0.69953,0.69958,0.69950,0.69955,28
SQ:NZDUSD,2021-08-11T10:42:00+02:00,0.69955,0.69957,0.69949,0.69951,36
SQ:NZDUSD,2021-08-11T10:43:00+02:00,0.69951,0.69966,0.69949,0.69963,42
SQ:NZDUSD,2021-08-11T10:44:00+02:00,0.69962,0.69966,0.69945,0.69945,35
SQ:NZDUSD,2021-08-11T10:45:00+02:00,0.69945,0.69948,0.69940,0.69945,11
SQ:NZDUSD,2021-08-11T10:46:00+02:00,0.69946,0.69954,0.69936,0.69939,28
SQ:NZDUSD,2021-08-11T10:47:00+02:00,0.69939,0.69951,0.69939,0.69950,17
SQ:NZDUSD,2021-08-11T10:48:00+02:00,0.69950,0.69950,0.69940,0.69949,22
SQ:NZDUSD,2021-08-11T10:49:00+02:00,0.69949,0.69958,0.69949,0.69958,43
SQ:NZDUSD,2021-08-11T10:50:00+02:00,0.69958,0.69959,0.69950,0.69952,15
SQ:NZDUSD,2021-08-11T10:51:00+02:00,0.69953,0.69960,0.69952,0.69958,14
SQ:NZDUSD,2021-08-11T10:52:00+02:00,0.69958,0.69961,0.69950,0.69958,23
SQ:NZDUSD,2021-08-11T10:53:00+02:00,0.69958,0.69963,0.69958,0.69963,20
SQ:NZDUSD,2021-08-11T10:54:00+02:00,0.69963,0.69972,0.69963,0.69968,26
SQ:NZDUSD,2021-08-11T10:55:00+02:00,0.69968,0.69982,0.69968,0.69980,30
SQ:NZDUSD,2021-08-11T10:56:00+02:00,0.69979,0.69981,0.69969,0.69970,64
SQ:NZDUSD,2021-08-11T10:57:00+02:00,0.69971,0.69972,0.69963,0.69967,36
SQ:NZDUSD,2021-08-11T10:58:00+02:00,0.69969,0.69972,0.69949,0.69960,55
SQ:NZDUSD,2021-08-11T10:59:00+02:00,0.69960,0.69960,0.69950,0.69955,75
SQ:NZDUSD,2021-08-11T11:00:00+02:00,0.69955,0.69971,0.69951,0.69971,52
SQ:NZDUSD,2021-08-11T11:01:00+02:00,0.69972,0.69976,0.69969,0.69975,33
SQ:NZDUSD,2021-08-11T11:02:00+02:00,0.69976,0.69976,0.69971,0.69971,37
SQ:NZDUSD,2021-08-11T11:03:00+02:00,0.69970,0.69982,0.69970,0.69981,17
SQ:NZDUSD,2021-08-11T11:04:00+02:00,0.69981,0.69982,0.69981,0.69982,8
SQ:NZDUSD,2021-08-11T11:05:00+02:00,0.69983,0.69983,0.69981,0.69981,5
SQ:NZDUSD,2021-08-11T11:06:00+02:00,0.69981,0.69991,0.69981,0.69991,7
SQ:NZDUSD,2021-08-11T11:07:00+02:00,0.69990,0.69991,0.69970,0.69980,45
SQ:NZDUSD,2021-08-11T11:08:00+02:00,0.69981,0.69982,0.69970,0.69980,22
SQ:NZDUSD,2021-08-11T11:09:00+02:00,0.69980,0.69980,0.69970,0.69970,20
SQ:NZDUSD,2021-08-11T11:10:00+02:00,0.69970,0.69970,0.69956,0.69958,20
SQ:NZDUSD,2021-08-11T11:11:00+02:00,0.69958,0.69966,0.69951,0.69964,26
SQ:NZDUSD,2021-08-11T11:12:00+02:00,0.69965,0.69974,0.69963,0.69974,28
SQ:NZDUSD,2021-08-11T11:13:00+02:00,0.69973,0.69977,0.69972,0.69977,19
SQ:NZDUSD,2021-08-11T11:14:00+02:00,0.69976,0.69983,0.69973,0.69982,22
SQ:NZDUSD,2021-08-11T11:15:00+02:00,0.69982,0.69982,0.69971,0.69980,24
SQ:NZDUSD,2021-08-11T11:16:00+02:00,0.69977,0.69977,0.69971,0.69972,13
SQ:NZDUSD,2021-08-11T11:17:00+02:00,0.69972,0.69972,0.69950,0.69950,40
SQ:NZDUSD,2021-08-11T11:18:00+02:00,0.69950,0.69951,0.69944,0.69951,10
SQ:NZDUSD,2021-08-11T11:19:00+02:00,0.69951,0.69951,0.69951,0.69951,1
SQ:NZDUSD,2021-08-11T11:20:00+02:00,0.69950,0.69956,0.69950,0.69954,45
SQ:NZDUSD,2021-08-11T11:21:00+02:00,0.69955,0.69960,0.69955,0.69959,8
SQ:NZDUSD,2021-08-11T11:22:00+02:00,0.69958,0.69959,0.69954,0.69956,9
SQ:NZDUSD,2021-08-11T11:23:00+02:00,0.69956,0.69956,0.69942,0.69943,15
SQ:NZDUSD,2021-08-11T11:24:00+02:00,0.69944,0.69947,0.69943,0.69947,17
SQ:NZDUSD,2021-08-11T11:25:00+02:00,0.69946,0.69954,0.69946,0.69952,27
SQ:NZDUSD,2021-08-11T11:26:00+02:00,0.69951,0.69957,0.69951,0.69955,24
SQ:NZDUSD,2021-08-11T11:27:00+02:00,0.69955,0.69975,0.69955,0.69971,37
SQ:NZDUSD,2021-08-11T11:28:00+02:00,0.69971,0.69974,0.69965,0.69965,20
SQ:NZDUSD,2021-08-11T11:29:00+02:00,0.69965,0.69965,0.69958,0.69960,22
SQ:NZDUSD,2021-08-11T11:30:00+02:00,0.69960,0.69962,0.69960,0.69961,9
SQ:NZDUSD,2021-08-11T11:31:00+02:00,0.69960,0.69971,0.69960,0.69970,17
SQ:NZDUSD,2021-08-11T11:32:00+02:00,0.69970,0.69979,0.69970,0.69979,10
SQ:NZDUSD,2021-08-11T11:33:00+02:00,0.69980,0.69985,0.69980,0.69983,10
SQ:NZDUSD,2021-08-11T11:34:00+02:00,0.69981,0.69990,0.69981,0.69990,14
SQ:NZDUSD,2021-08-11T11:35:00+02:00,0.69990,0.69996,0.69981,0.69982,35
SQ:NZDUSD,2021-08-11T11:36:00+02:00,0.69983,0.69990,0.69980,0.69980,13
SQ:NZDUSD,2021-08-11T11:37:00+02:00,0.69980,0.69981,0.69975,0.69975,12
SQ:NZDUSD,2021-08-11T11:38:00+02:00,0.69976,0.69977,0.69970,0.69975,20
SQ:NZDUSD,2021-08-11T11:39:00+02:00,0.69976,0.69980,0.69973,0.69974,29
SQ:NZDUSD,2021-08-11T11:40:00+02:00,0.69974,0.69979,0.69972,0.69973,26
SQ:NZDUSD,2021-08-11T11:41:00+02:00,0.69974,0.69975,0.69972,0.69975,17
SQ:NZDUSD,2021-08-11T11:42:00+02:00,0.69975,0.69980,0.69974,0.69980,14
SQ:NZDUSD,2021-08-11T11:43:00+02:00,0.69979,0.69981,0.69979,0.69981,5
SQ:NZDUSD,2021-08-11T11:44:00+02:00,0.69981,0.69982,0.69981,0.69981,7
SQ:NZDUSD,2021-08-11T11:45:00+02:00,0.69981,0.69981,0.69973,0.69973,9
SQ:NZDUSD,2021-08-11T11:46:00+02:00,0.69973,0.69975,0.69969,0.69974,24
SQ:NZDUSD,2021-08-11T11:47:00+02:00,0.69974,0.69981,0.69970,0.69970,23
SQ:NZDUSD,2021-08-11T11:48:00+02:00,0.69970,0.69970,0.69960,0.69960,7
SQ:NZDUSD,2021-08-11T11:49:00+02:00,0.69960,0.69960,0.69957,0.69958,18
SQ:NZDUSD,2021-08-11T11:50:00+02:00,0.69958,0.69958,0.69944,0.69948,40
SQ:NZDUSD,2021-08-11T11:51:00+02:00,0.69949,0.69955,0.69946,0.69954,43
SQ:NZDUSD,2021-08-11T11:52:00+02:00,0.69953,0.69955,0.69945,0.69948,28
SQ:NZDUSD,2021-08-11T11:53:00+02:00,0.69947,0.69949,0.69945,0.69949,15
SQ:NZDUSD,2021-08-11T11:54:00+02:00,0.69950,0.69965,0.69947,0.69965,16
SQ:NZDUSD,2021-08-11T11:55:00+02:00,0.69965,0.69980,0.69963,0.69980,18
SQ:NZDUSD,2021-08-11T11:56:00+02:00,0.69981,0.69984,0.69979,0.69984,36
SQ:NZDUSD,2021-08-11T11:57:00+02:00,0.69983,0.69984,0.69983,0.69984,14
SQ:NZDUSD,2021-08-11T11:58:00+02:00,0.69983,0.69997,0.69983,0.69992,40
SQ:NZDUSD,2021-08-11T11:59:00+02:00,0.69991,0.69992,0.69989,0.69991,15
SQ:NZDUSD,2021-08-11T12:00:00+02:00,0.69992,0.69996,0.69980,0.69996,19
SQ:NZDUSD,2021-08-11T12:01:00+02:00,0.69997,0.70002,0.69989,0.69989,18
SQ:NZDUSD,2021-08-11T12:02:00+02:00,0.69989,0.69989,0.69985,0.69985,20
SQ:NZDUSD,2021-08-11T12:03:00+02:00,0.69986,0.69990,0.69981,0.69989,17
SQ:NZDUSD,2021-08-11T12:04:00+02:00,0.69989,0.69997,0.69989,0.69994,30
SQ:NZDUSD,2021-08-11T12:05:00+02:00,0.69994,0.70002,0.69994,0.70001,16
SQ:NZDUSD,2021-08-11T12:06:00+02:00,0.70001,0.70003,0.70000,0.70000,17
SQ:NZDUSD,2021-08-11T12:07:00+02:00,0.70001,0.70007,0.69990,0.69991,25
SQ:NZDUSD,2021-08-11T12:08:00+02:00,0.69992,0.69999,0.69992,0.69999,20
SQ:NZDUSD,2021-08-11T12:09:00+02:00,0.69999,0.70006,0.69999,0.70003,27
SQ:NZDUSD,2021-08-11T12:10:00+02:00,0.70002,0.70007,0.69999,0.69999,18
SQ:NZDUSD,2021-08-11T12:11:00+02:00,0.69999,0.70000,0.69990,0.69991,20
SQ:NZDUSD,2021-08-11T12:12:00+02:00,0.69991,0.69996,0.69989,0.69989,15
SQ:NZDUSD,2021-08-11T12:13:00+02:00,0.69992,0.69995,0.69974,0.69974,37
SQ:NZDUSD,2021-08-11T12:14:00+02:00,0.69975,0.69979,0.69962,0.69978,65
SQ:NZDUSD,2021-08-11T12:15:00+02:00,0.69978,0.69982,0.69966,0.69969,45
SQ:NZDUSD,2021-08-11T12:16:00+02:00,0.69970,0.69971,0.69959,0.69959,33
SQ:NZDUSD,2021-08-11T12:17:00+02:00,0.69959,0.69970,0.69959,0.69967,26
SQ:NZDUSD,2021-08-11T12:18:00+02:00,0.69967,0.69970,0.69967,0.69969,14
SQ:NZDUSD,2021-08-11T12:19:00+02:00,0.69969,0.69969,0.69965,0.69965,14
SQ:NZDUSD,2021-08-11T12:20:00+02:00,0.69966,0.69969,0.69951,0.69964,44
SQ:NZDUSD,2021-08-11T12:21:00+02:00,0.69965,0.69977,0.69965,0.69977,32
SQ:NZDUSD,2021-08-11T12:22:00+02:00,0.69979,0.69992,0.69979,0.69990,15
SQ:NZDUSD,2021-08-11T12:23:00+02:00,0.69991,0.70002,0.69990,0.70002,23
SQ:NZDUSD,2021-08-11T12:24:00+02:00,0.70002,0.70003,0.69997,0.69997,14
SQ:NZDUSD,2021-08-11T12:25:00+02:00,0.69997,0.70009,0.69997,0.70001,21
SQ:NZDUSD,2021-08-11T12:26:00+02:00,0.70001,0.70001,0.69991,0.70000,31
SQ:NZDUSD,2021-08-11T12:27:00+02:00,0.69999,0.70008,0.69999,0.70001,18
SQ:NZDUSD,2021-08-11T12:28:00+02:00,0.70000,0.70001,0.69990,0.69991,14
SQ:NZDUSD,2021-08-11T12:29:00+02:00,0.69991,0.70000,0.69991,0.69991,22
SQ:NZDUSD,2021-08-11T12:30:00+02:00,0.69991,0.70001,0.69987,0.69998,20
SQ:NZDUSD,2021-08-11T12:31:00+02:00,0.69998,0.70001,0.69998,0.69999,6
SQ:NZDUSD,2021-08-11T12:32:00+02:00,0.69998,0.69999,0.69994,0.69997,23
SQ:NZDUSD,2021-08-11T12:33:00+02:00,0.69998,0.70002,0.69998,0.70001,16
SQ:NZDUSD,2021-08-11T12:34:00+02:00,0.70000,0.70001,0.69991,0.69996,28
SQ:NZDUSD,2021-08-11T12:35:00+02:00,0.69996,0.70000,0.69995,0.69995,10
SQ:NZDUSD,2021-08-11T12:36:00+02:00,0.69992,0.70007,0.69992,0.70007,13
SQ:NZDUSD,2021-08-11T12:37:00+02:00,0.70006,0.70023,0.70006,0.70019,45
SQ:NZDUSD,2021-08-11T12:38:00+02:00,0.70019,0.70027,0.70019,0.70021,29
SQ:NZDUSD,2021-08-11T12:39:00+02:00,0.70021,0.70028,0.70010,0.70028,49
SQ:NZDUSD,2021-08-11T12:40:00+02:00,0.70027,0.70028,0.70022,0.70026,43
SQ:NZDUSD,2021-08-11T12:41:00+02:00,0.70024,0.70026,0.70016,0.70016,30
SQ:NZDUSD,2021-08-11T12:42:00+02:00,0.70016,0.70018,0.70004,0.70010,63
SQ:NZDUSD,2021-08-11T12:43:00+02:00,0.70010,0.70023,0.70010,0.70022,40
SQ:NZDUSD,2021-08-11T12:44:00+02:00,0.70021,0.70021,0.70011,0.70014,30
SQ:NZDUSD,2021-08-11T12:45:00+02:00,0.70014,0.70017,0.70011,0.70012,38
SQ:NZDUSD,2021-08-11T12:46:00+02:00,0.70012,0.70012,0.70010,0.70010,9
SQ:NZDUSD,2021-08-11T12:47:00+02:00,0.70010,0.70010,0.70006,0.70009,7
SQ:NZDUSD,2021-08-11T12:48:00+02:00,0.70008,0.70009,0.70007,0.70009,3
SQ:NZDUSD,2021-08-11T12:49:00+02:00,0.70010,0.70021,0.70009,0.70020,12
SQ:NZDUSD,2021-08-11T12:50:00+02:00,0.70020,0.70023,0.70020,0.70022,4
SQ:NZDUSD,2021-08-11T12:51:00+02:00,0.70022,0.70028,0.70022,0.70023,11
SQ:NZDUSD,2021-08-11T12:52:00+02:00,0.70023,0.70023,0.70021,0.70022,4
SQ:NZDUSD,2021-08-11T12:53:00+02:00,0.70022,0.70030,0.70022,0.70030,11
SQ:NZDUSD,2021-08-11T12:54:00+02:00,0.70030,0.70031,0.70030,0.70030,7
SQ:NZDUSD,2021-08-11T12:55:00+02:00,0.70030,0.70031,0.70030,0.70031,2
SQ:NZDUSD,2021-08-11T12:56:00+02:00,0.70030,0.70030,0.70030,0.70030,1
SQ:NZDUSD,2021-08-11T12:57:00+02:00,0.70030,0.70040,0.70030,0.70033,10
SQ:NZDUSD,2021-08-11T12:58:00+02:00,0.70032,0.70040,0.70032,0.70040,10
SQ:NZDUSD,2021-08-11T12:59:00+02:00,0.70040,0.70049,0.70038,0.70038,24
SQ:NZDUSD,2021-08-11T13:00:00+02:00,0.70038,0.70038,0.70018,0.70019,34
SQ:NZDUSD,2021-08-11T13:01:00+02:00,0.70019,0.70027,0.70019,0.70021,16
SQ:NZDUSD,2021-08-11T13:02:00+02:00,0.70019,0.70020,0.70008,0.70008,22
SQ:NZDUSD,2021-08-11T13:03:00+02:00,0.70008,0.70011,0.70007,0.70009,23
SQ:NZDUSD,2021-08-11T13:04:00+02:00,0.70010,0.70020,0.70008,0.70008,16
SQ:NZDUSD,2021-08-11T13:05:00+02:00,0.70008,0.70014,0.70007,0.70010,32
SQ:NZDUSD,2021-08-11T13:06:00+02:00,0.70010,0.70021,0.70002,0.70021,41
SQ:NZDUSD,2021-08-11T13:07:00+02:00,0.70020,0.70021,0.70016,0.70021,21
SQ:NZDUSD,2021-08-11T13:08:00+02:00,0.70020,0.70021,0.70015,0.70020,28
SQ:NZDUSD,2021-08-11T13:09:00+02:00,0.70021,0.70022,0.70009,0.70009,23
SQ:NZDUSD,2021-08-11T13:10:00+02:00,0.70010,0.70019,0.70010,0.70014,37
SQ:NZDUSD,2021-08-11T13:11:00+02:00,0.70015,0.70023,0.70011,0.70023,39
SQ:NZDUSD,2021-08-11T13:12:00+02:00,0.70022,0.70031,0.70022,0.70031,18
SQ:NZDUSD,2021-08-11T13:13:00+02:00,0.70031,0.70036,0.70031,0.70035,6
SQ:NZDUSD,2021-08-11T13:14:00+02:00,0.70032,0.70039,0.70031,0.70039,25
SQ:NZDUSD,2021-08-11T13:15:00+02:00,0.70039,0.70039,0.70030,0.70032,20
SQ:NZDUSD,2021-08-11T13:16:00+02:00,0.70034,0.70053,0.70034,0.70051,17
SQ:NZDUSD,2021-08-11T13:17:00+02:00,0.70051,0.70058,0.70050,0.70057,13
SQ:NZDUSD,2021-08-11T13:18:00+02:00,0.70056,0.70056,0.70050,0.70051,8
SQ:NZDUSD,2021-08-11T13:19:00+02:00,0.70051,0.70051,0.70033,0.70035,26
SQ:NZDUSD,2021-08-11T13:20:00+02:00,0.70034,0.70039,0.70021,0.70021,44
SQ:NZDUSD,2021-08-11T13:21:00+02:00,0.70021,0.70043,0.70020,0.70041,34
SQ:NZDUSD,2021-08-11T13:22:00+02:00,0.70041,0.70043,0.70040,0.70042,34
SQ:NZDUSD,2021-08-11T13:23:00+02:00,0.70043,0.70045,0.70039,0.70039,15
SQ:NZDUSD,2021-08-11T13:24:00+02:00,0.70039,0.70041,0.70039,0.70040,8
SQ:NZDUSD,2021-08-11T13:25:00+02:00,0.70041,0.70042,0.70040,0.70041,11
SQ:NZDUSD,2021-08-11T13:26:00+02:00,0.70042,0.70052,0.70042,0.70050,23
SQ:NZDUSD,2021-08-11T13:27:00+02:00,0.70050,0.70051,0.70049,0.70050,10
SQ:NZDUSD,2021-08-11T13:28:00+02:00,0.70049,0.70051,0.70036,0.70037,19
SQ:NZDUSD,2021-08-11T13:29:00+02:00,0.70037,0.70037,0.70030,0.70030,9
SQ:NZDUSD,2021-08-11T13:30:00+02:00,0.70031,0.70031,0.70020,0.70021,39
SQ:NZDUSD,2021-08-11T13:31:00+02:00,0.70020,0.70027,0.70013,0.70024,25
SQ:NZDUSD,2021-08-11T13:32:00+02:00,0.70025,0.70029,0.70020,0.70021,21
SQ:NZDUSD,2021-08-11T13:33:00+02:00,0.70020,0.70031,0.70019,0.70030,13
SQ:NZDUSD,2021-08-11T13:34:00+02:00,0.70030,0.70031,0.70030,0.70030,3
SQ:NZDUSD,2021-08-11T13:35:00+02:00,0.70031,0.70041,0.70031,0.70041,25
SQ:NZDUSD,2021-08-11T13:36:00+02:00,0.70041,0.70041,0.70041,0.70041,1
SQ:NZDUSD,2021-08-11T13:37:00+02:00,0.70044,0.70052,0.70039,0.70041,21
SQ:NZDUSD,2021-08-11T13:38:00+02:00,0.70042,0.70067,0.70041,0.70061,24
SQ:NZDUSD,2021-08-11T13:39:00+02:00,0.70060,0.70060,0.70051,0.70060,19
SQ:NZDUSD,2021-08-11T13:40:00+02:00,0.70060,0.70061,0.70053,0.70056,8
SQ:NZDUSD,2021-08-11T13:41:00+02:00,0.70055,0.70055,0.70049,0.70051,17
SQ:NZDUSD,2021-08-11T13:42:00+02:00,0.70050,0.70057,0.70050,0.70054,22
SQ:NZDUSD,2021-08-11T13:43:00+02:00,0.70051,0.70059,0.70049,0.70059,13
SQ:NZDUSD,2021-08-11T13:44:00+02:00,0.70059,0.70066,0.70055,0.70055,19
SQ:NZDUSD,2021-08-11T13:45:00+02:00,0.70053,0.70062,0.70050,0.70062,36
SQ:NZDUSD,2021-08-11T13:46:00+02:00,0.70062,0.70067,0.70061,0.70061,25
SQ:NZDUSD,2021-08-11T13:47:00+02:00,0.70061,0.70061,0.70056,0.70060,5
SQ:NZDUSD,2021-08-11T13:48:00+02:00,0.70062,0.70070,0.70062,0.70067,5
SQ:NZDUSD,2021-08-11T13:49:00+02:00,0.70069,0.70069,0.70062,0.70066,14
SQ:NZDUSD,2021-08-11T13:50:00+02:00,0.70065,0.70069,0.70062,0.70067,23
SQ:NZDUSD,2021-08-11T13:51:00+02:00,0.70068,0.70068,0.70062,0.70062,4
SQ:NZDUSD,2021-08-11T13:52:00+02:00,0.70061,0.70062,0.70061,0.70061,5
SQ:NZDUSD,2021-08-11T13:53:00+02:00,0.70061,0.70071,0.70061,0.70062,15
SQ:NZDUSD,2021-08-11T13:54:00+02:00,0.70066,0.70069,0.70063,0.70064,13
SQ:NZDUSD,2021-08-11T13:55:00+02:00,0.70063,0.70068,0.70061,0.70064,25
SQ:NZDUSD,2021-08-11T13:56:00+02:00,0.70065,0.70068,0.70061,0.70064,36
SQ:NZDUSD,2021-08-11T13:57:00+02:00,0.70065,0.70074,0.70064,0.70074,20
SQ:NZDUSD,2021-08-11T13:58:00+02:00,0.70074,0.70074,0.70054,0.70061,48
SQ:NZDUSD,2021-08-11T13:59:00+02:00,0.70061,0.70065,0.70061,0.70063,23
SQ:NZDUSD,2021-08-11T14:00:00+02:00,0.70063,0.70068,0.70046,0.70059,45
SQ:NZDUSD,2021-08-11T14:01:00+02:00,0.70059,0.70066,0.70055,0.70063,23
SQ:NZDUSD,2021-08-11T14:02:00+02:00,0.70062,0.70090,0.70062,0.70081,48
SQ:NZDUSD,2021-08-11T14:03:00+02:00,0.70081,0.70092,0.70081,0.70091,18
SQ:NZDUSD,2021-08-11T14:04:00+02:00,0.70091,0.70123,0.70087,0.70121,41
SQ:NZDUSD,2021-08-11T14:05:00+02:00,0.70121,0.70121,0.70084,0.70093,35
SQ:NZDUSD,2021-08-11T14:06:00+02:00,0.70095,0.70107,0.70092,0.70102,24
SQ:NZDUSD,2021-08-11T14:07:00+02:00,0.70102,0.70112,0.70100,0.70112,21
SQ:NZDUSD,2021-08-11T14:08:00+02:00,0.70112,0.70112,0.70107,0.70110,12
SQ:NZDUSD,2021-08-11T14:09:00+02:00,0.70111,0.70111,0.70101,0.70107,26
SQ:NZDUSD,2021-08-11T14:10:00+02:00,0.70110,0.70111,0.70090,0.70090,28
SQ:NZDUSD,2021-08-11T14:11:00+02:00,0.70091,0.70101,0.70091,0.70101,18
SQ:NZDUSD,2021-08-11T14:12:00+02:00,0.70102,0.70111,0.70096,0.70105,31
SQ:NZDUSD,2021-08-11T14:13:00+02:00,0.70106,0.70111,0.70100,0.70100,38
SQ:NZDUSD,2021-08-11T14:14:00+02:00,0.70100,0.70120,0.70100,0.70118,35
SQ:NZDUSD,2021-08-11T14:15:00+02:00,0.70121,0.70121,0.70105,0.70111,20
SQ:NZDUSD,2021-08-11T14:16:00+02:00,0.70110,0.70111,0.70104,0.70106,15
SQ:NZDUSD,2021-08-11T14:17:00+02:00,0.70106,0.70106,0.70093,0.70100,17
SQ:NZDUSD,2021-08-11T14:18:00+02:00,0.70100,0.70111,0.70098,0.70098,26
SQ:NZDUSD,2021-08-11T14:19:00+02:00,0.70098,0.70102,0.70091,0.70094,42
SQ:NZDUSD,2021-08-11T14:20:00+02:00,0.70094,0.70099,0.70075,0.70081,65
SQ:NZDUSD,2021-08-11T14:21:00+02:00,0.70081,0.70084,0.70068,0.70069,41
SQ:NZDUSD,2021-08-11T14:22:00+02:00,0.70069,0.70079,0.70068,0.70070,26
SQ:NZDUSD,2021-08-11T14:23:00+02:00,0.70070,0.70076,0.70068,0.70073,13
SQ:NZDUSD,2021-08-11T14:24:00+02:00,0.70072,0.70082,0.70065,0.70082,33
SQ:NZDUSD,2021-08-11T14:25:00+02:00,0.70082,0.70097,0.70082,0.70093,33
SQ:NZDUSD,2021-08-11T14:26:00+02:00,0.70092,0.70095,0.70090,0.70090,15
SQ:NZDUSD,2021-08-11T14:27:00+02:00,0.70089,0.70089,0.70079,0.70080,22
SQ:NZDUSD,2021-08-11T14:28:00+02:00,0.70080,0.70080,0.70069,0.70069,28
SQ:NZDUSD,2021-08-11T14:29:00+02:00,0.70071,0.70073,0.70049,0.70057,51
SQ:NZDUSD,2021-08-11T14:30:00+02:00,0.70057,0.70261,0.70057,0.70212,366
SQ:NZDUSD,2021-08-11T14:31:00+02:00,0.70212,0.70260,0.70190,0.70249,252
SQ:NZDUSD,2021-08-11T14:32:00+02:00,0.70252,0.70321,0.70250,0.70311,227
SQ:NZDUSD,2021-08-11T14:33:00+02:00,0.70311,0.70334,0.70270,0.70270,193
SQ:NZDUSD,2021-08-11T14:34:00+02:00,0.70269,0.70337,0.70269,0.70337,137
SQ:NZDUSD,2021-08-11T14:35:00+02:00,0.70336,0.70389,0.70336,0.70376,193
SQ:NZDUSD,2021-08-11T14:36:00+02:00,0.70376,0.70410,0.70361,0.70378,198
SQ:NZDUSD,2021-08-11T14:37:00+02:00,0.70379,0.70391,0.70359,0.70374,133
SQ:NZDUSD,2021-08-11T14:38:00+02:00,0.70376,0.70382,0.70338,0.70370,171
SQ:NZDUSD,2021-08-11T14:39:00+02:00,0.70370,0.70384,0.70352,0.70378,155
SQ:NZDUSD,2021-08-11T14:40:00+02:00,0.70380,0.70425,0.70377,0.70407,172
SQ:NZDUSD,2021-08-11T14:41:00+02:00,0.70410,0.70450,0.70409,0.70450,157
SQ:NZDUSD,2021-08-11T14:42:00+02:00,0.70452,0.70484,0.70451,0.70470,131
SQ:NZDUSD,2021-08-11T14:43:00+02:00,0.70470,0.70484,0.70469,0.70472,117
SQ:NZDUSD,2021-08-11T14:44:00+02:00,0.70473,0.70510,0.70473,0.70480,117
SQ:NZDUSD,2021-08-11T14:45:00+02:00,0.70480,0.70511,0.70460,0.70489,146
SQ:NZDUSD,2021-08-11T14:46:00+02:00,0.70491,0.70501,0.70459,0.70495,195
SQ:NZDUSD,2021-08-11T14:47:00+02:00,0.70496,0.70514,0.70489,0.70494,155
SQ:NZDUSD,2021-08-11T14:48:00+02:00,0.70496,0.70497,0.70457,0.70459,113
SQ:NZDUSD,2021-08-11T14:49:00+02:00,0.70459,0.70472,0.70444,0.70461,114
SQ:NZDUSD,2021-08-11T14:50:00+02:00,0.70461,0.70467,0.70445,0.70447,104
SQ:NZDUSD,2021-08-11T14:51:00+02:00,0.70447,0.70448,0.70424,0.70424,84
SQ:NZDUSD,2021-08-11T14:52:00+02:00,0.70424,0.70424,0.70365,0.70369,110
SQ:NZDUSD,2021-08-11T14:53:00+02:00,0.70370,0.70417,0.70369,0.70405,115
SQ:NZDUSD,2021-08-11T14:54:00+02:00,0.70405,0.70413,0.70394,0.70398,58
SQ:NZDUSD,2021-08-11T14:55:00+02:00,0.70399,0.70426,0.70391,0.70425,70
SQ:NZDUSD,2021-08-11T14:56:00+02:00,0.70425,0.70455,0.70425,0.70453,60
SQ:NZDUSD,2021-08-11T14:57:00+02:00,0.70453,0.70457,0.70439,0.70455,76
SQ:NZDUSD,2021-08-11T14:58:00+02:00,0.70454,0.70482,0.70451,0.70465,79
SQ:NZDUSD,2021-08-11T14:59:00+02:00,0.70464,0.70464,0.70438,0.70459,65
SQ:NZDUSD,2021-08-11T15:00:00+02:00,0.70458,0.70477,0.70449,0.70449,76
SQ:NZDUSD,2021-08-11T15:01:00+02:00,0.70451,0.70458,0.70420,0.70438,76
SQ:NZDUSD,2021-08-11T15:02:00+02:00,0.70439,0.70456,0.70430,0.70438,79
SQ:NZDUSD,2021-08-11T15:03:00+02:00,0.70439,0.70464,0.70438,0.70452,80
SQ:NZDUSD,2021-08-11T15:04:00+02:00,0.70451,0.70453,0.70429,0.70429,53
SQ:NZDUSD,2021-08-11T15:05:00+02:00,0.70426,0.70429,0.70385,0.70387,117
SQ:NZDUSD,2021-08-11T15:06:00+02:00,0.70387,0.70396,0.70366,0.70367,97
SQ:NZDUSD,2021-08-11T15:07:00+02:00,0.70368,0.70376,0.70358,0.70364,100
SQ:NZDUSD,2021-08-11T15:08:00+02:00,0.70365,0.70397,0.70365,0.70385,100
SQ:NZDUSD,2021-08-11T15:09:00+02:00,0.70385,0.70394,0.70375,0.70390,88
SQ:NZDUSD,2021-08-11T15:10:00+02:00,0.70390,0.70390,0.70367,0.70380,51
SQ:NZDUSD,2021-08-11T15:11:00+02:00,0.70381,0.70407,0.70380,0.70399,69
SQ:NZDUSD,2021-08-11T15:12:00+02:00,0.70399,0.70438,0.70399,0.70433,71
SQ:NZDUSD,2021-08-11T15:13:00+02:00,0.70433,0.70444,0.70418,0.70435,83
SQ:NZDUSD,2021-08-11T15:14:00+02:00,0.70435,0.70452,0.70435,0.70442,59
SQ:NZDUSD,2021-08-11T15:15:00+02:00,0.70441,0.70455,0.70436,0.70453,57
SQ:NZDUSD,2021-08-11T15:16:00+02:00,0.70453,0.70454,0.70438,0.70445,41
SQ:NZDUSD,2021-08-11T15:17:00+02:00,0.70445,0.70445,0.70417,0.70435,80
SQ:NZDUSD,2021-08-11T15:18:00+02:00,0.70435,0.70440,0.70425,0.70435,64
SQ:NZDUSD,2021-08-11T15:19:00+02:00,0.70435,0.70456,0.70432,0.70448,68
SQ:NZDUSD,2021-08-11T15:20:00+02:00,0.70448,0.70470,0.70445,0.70460,42
SQ:NZDUSD,2021-08-11T15:21:00+02:00,0.70459,0.70468,0.70453,0.70453,32
SQ:NZDUSD,2021-08-11T15:22:00+02:00,0.70452,0.70475,0.70452,0.70469,56
SQ:NZDUSD,2021-08-11T15:23:00+02:00,0.70470,0.70480,0.70468,0.70469,47
SQ:NZDUSD,2021-08-11T15:24:00+02:00,0.70469,0.70478,0.70460,0.70469,49
SQ:NZDUSD,2021-08-11T15:25:00+02:00,0.70470,0.70499,0.70470,0.70479,72
SQ:NZDUSD,2021-08-11T15:26:00+02:00,0.70480,0.70496,0.70468,0.70469,47
SQ:NZDUSD,2021-08-11T15:27:00+02:00,0.70468,0.70496,0.70467,0.70489,74
SQ:NZDUSD,2021-08-11T15:28:00+02:00,0.70489,0.70498,0.70487,0.70497,57
SQ:NZDUSD,2021-08-11T15:29:00+02:00,0.70499,0.70503,0.70482,0.70488,83
SQ:NZDUSD,2021-08-11T15:30:00+02:00,0.70488,0.70524,0.70457,0.70520,111
SQ:NZDUSD,2021-08-11T15:31:00+02:00,0.70519,0.70538,0.70509,0.70528,90
SQ:NZDUSD,2021-08-11T15:32:00+02:00,0.70529,0.70529,0.70497,0.70510,68
SQ:NZDUSD,2021-08-11T15:33:00+02:00,0.70509,0.70521,0.70498,0.70521,77
SQ:NZDUSD,2021-08-11T15:34:00+02:00,0.70522,0.70522,0.70473,0.70473,105
SQ:NZDUSD,2021-08-11T15:35:00+02:00,0.70473,0.70486,0.70457,0.70477,124
SQ:NZDUSD,2021-08-11T15:36:00+02:00,0.70477,0.70480,0.70442,0.70466,90
SQ:NZDUSD,2021-08-11T15:37:00+02:00,0.70467,0.70480,0.70462,0.70468,93
SQ:NZDUSD,2021-08-11T15:38:00+02:00,0.70470,0.70495,0.70464,0.70486,50
SQ:NZDUSD,2021-08-11T15:39:00+02:00,0.70486,0.70521,0.70486,0.70494,132
SQ:NZDUSD,2021-08-11T15:40:00+02:00,0.70495,0.70512,0.70486,0.70489,115
SQ:NZDUSD,2021-08-11T15:41:00+02:00,0.70489,0.70496,0.70478,0.70485,68
SQ:NZDUSD,2021-08-11T15:42:00+02:00,0.70487,0.70496,0.70455,0.70460,114
SQ:NZDUSD,2021-08-11T15:43:00+02:00,0.70461,0.70486,0.70459,0.70477,92
SQ:NZDUSD,2021-08-11T15:44:00+02:00,0.70478,0.70485,0.70477,0.70485,55
SQ:NZDUSD,2021-08-11T15:45:00+02:00,0.70483,0.70499,0.70465,0.70472,106
SQ:NZDUSD,2021-08-11T15:46:00+02:00,0.70472,0.70484,0.70469,0.70473,102
SQ:NZDUSD,2021-08-11T15:47:00+02:00,0.70473,0.70495,0.70472,0.70479,93
SQ:NZDUSD,2021-08-11T15:48:00+02:00,0.70479,0.70480,0.70458,0.70459,53
SQ:NZDUSD,2021-08-11T15:49:00+02:00,0.70459,0.70467,0.70441,0.70447,101
SQ:NZDUSD,2021-08-11T15:50:00+02:00,0.70448,0.70464,0.70446,0.70448,131
SQ:NZDUSD,2021-08-11T15:51:00+02:00,0.70449,0.70449,0.70426,0.70429,112
SQ:NZDUSD,2021-08-11T15:52:00+02:00,0.70430,0.70437,0.70419,0.70421,112
SQ:NZDUSD,2021-08-11T15:53:00+02:00,0.70421,0.70437,0.70417,0.70435,90
SQ:NZDUSD,2021-08-11T15:54:00+02:00,0.70436,0.70439,0.70418,0.70431,41
SQ:NZDUSD,2021-08-11T15:55:00+02:00,0.70431,0.70438,0.70429,0.70432,33
SQ:NZDUSD,2021-08-11T15:56:00+02:00,0.70432,0.70436,0.70414,0.70436,72
SQ:NZDUSD,2021-08-11T15:57:00+02:00,0.70437,0.70439,0.70423,0.70437,36
SQ:NZDUSD,2021-08-11T15:58:00+02:00,0.70436,0.70438,0.70427,0.70434,36
SQ:NZDUSD,2021-08-11T15:59:00+02:00,0.70434,0.70438,0.70412,0.70412,67
SQ:NZDUSD,2021-08-11T16:00:00+02:00,0.70412,0.70427,0.70397,0.70423,82
SQ:NZDUSD,2021-08-11T16:01:00+02:00,0.70423,0.70424,0.70412,0.70414,66
SQ:NZDUSD,2021-08-11T16:02:00+02:00,0.70415,0.70422,0.70402,0.70412,58
SQ:NZDUSD,2021-08-11T16:03:00+02:00,0.70412,0.70414,0.70405,0.70410,27
SQ:NZDUSD,2021-08-11T16:04:00+02:00,0.70410,0.70410,0.70386,0.70390,82
SQ:NZDUSD,2021-08-11T16:05:00+02:00,0.70389,0.70409,0.70388,0.70395,90
SQ:NZDUSD,2021-08-11T16:06:00+02:00,0.70393,0.70395,0.70367,0.70387,78
SQ:NZDUSD,2021-08-11T16:07:00+02:00,0.70387,0.70387,0.70358,0.70366,52
SQ:NZDUSD,2021-08-11T16:08:00+02:00,0.70367,0.70378,0.70367,0.70376,41
SQ:NZDUSD,2021-08-11T16:09:00+02:00,0.70375,0.70398,0.70372,0.70392,30
SQ:NZDUSD,2021-08-11T16:10:00+02:00,0.70392,0.70400,0.70376,0.70376,38
SQ:NZDUSD,2021-08-11T16:11:00+02:00,0.70377,0.70377,0.70361,0.70370,42
SQ:NZDUSD,2021-08-11T16:12:00+02:00,0.70370,0.70380,0.70361,0.70378,33
SQ:NZDUSD,2021-08-11T16:13:00+02:00,0.70377,0.70385,0.70372,0.70379,37
SQ:NZDUSD,2021-08-11T16:14:00+02:00,0.70379,0.70384,0.70375,0.70384,17
SQ:NZDUSD,2021-08-11T16:15:00+02:00,0.70384,0.70399,0.70384,0.70398,34
SQ:NZDUSD,2021-08-11T16:16:00+02:00,0.70397,0.70410,0.70391,0.70397,46
SQ:NZDUSD,2021-08-11T16:17:00+02:00,0.70399,0.70406,0.70393,0.70406,20
SQ:NZDUSD,2021-08-11T16:18:00+02:00,0.70406,0.70412,0.70398,0.70398,44
SQ:NZDUSD,2021-08-11T16:19:00+02:00,0.70398,0.70403,0.70381,0.70381,34
SQ:NZDUSD,2021-08-11T16:20:00+02:00,0.70381,0.70390,0.70370,0.70389,26
SQ:NZDUSD,2021-08-11T16:21:00+02:00,0.70389,0.70401,0.70382,0.70398,31
SQ:NZDUSD,2021-08-11T16:22:00+02:00,0.70398,0.70398,0.70384,0.70389,30
SQ:NZDUSD,2021-08-11T16:23:00+02:00,0.70389,0.70397,0.70382,0.70393,44
SQ:NZDUSD,2021-08-11T16:24:00+02:00,0.70395,0.70410,0.70394,0.70407,47
SQ:NZDUSD,2021-08-11T16:25:00+02:00,0.70406,0.70417,0.70406,0.70415,37
SQ:NZDUSD,2021-08-11T16:26:00+02:00,0.70416,0.70427,0.70416,0.70427,31
SQ:NZDUSD,2021-08-11T16:27:00+02:00,0.70427,0.70438,0.70425,0.70427,36
SQ:NZDUSD,2021-08-11T16:28:00+02:00,0.70427,0.70437,0.70425,0.70425,35
SQ:NZDUSD,2021-08-11T16:29:00+02:00,0.70423,0.70427,0.70415,0.70420,44
SQ:NZDUSD,2021-08-11T16:30:00+02:00,0.70422,0.70427,0.70418,0.70426,21
SQ:NZDUSD,2021-08-11T16:31:00+02:00,0.70427,0.70436,0.70424,0.70425,57
SQ:NZDUSD,2021-08-11T16:32:00+02:00,0.70425,0.70432,0.70402,0.70406,82
SQ:NZDUSD,2021-08-11T16:33:00+02:00,0.70406,0.70421,0.70406,0.70412,75
SQ:NZDUSD,2021-08-11T16:34:00+02:00,0.70413,0.70416,0.70409,0.70409,27
SQ:NZDUSD,2021-08-11T16:35:00+02:00,0.70409,0.70409,0.70394,0.70407,61
SQ:NZDUSD,2021-08-11T16:36:00+02:00,0.70407,0.70426,0.70400,0.70426,53
SQ:NZDUSD,2021-08-11T16:37:00+02:00,0.70425,0.70440,0.70425,0.70437,64
SQ:NZDUSD,2021-08-11T16:38:00+02:00,0.70437,0.70437,0.70419,0.70419,57
SQ:NZDUSD,2021-08-11T16:39:00+02:00,0.70419,0.70426,0.70409,0.70426,29
SQ:NZDUSD,2021-08-11T16:40:00+02:00,0.70427,0.70450,0.70427,0.70450,34
SQ:NZDUSD,2021-08-11T16:41:00+02:00,0.70451,0.70460,0.70448,0.70456,54
SQ:NZDUSD,2021-08-11T16:42:00+02:00,0.70456,0.70459,0.70448,0.70457,28
SQ:NZDUSD,2021-08-11T16:43:00+02:00,0.70459,0.70465,0.70458,0.70459,22
SQ:NZDUSD,2021-08-11T16:44:00+02:00,0.70461,0.70465,0.70454,0.70465,40
SQ:NZDUSD,2021-08-11T16:45:00+02:00,0.70465,0.70472,0.70454,0.70470,45
SQ:NZDUSD,2021-08-11T16:46:00+02:00,0.70465,0.70480,0.70465,0.70478,62
SQ:NZDUSD,2021-08-11T16:47:00+02:00,0.70477,0.70485,0.70471,0.70472,59
SQ:NZDUSD,2021-08-11T16:48:00+02:00,0.70472,0.70490,0.70472,0.70488,44
SQ:NZDUSD,2021-08-11T16:49:00+02:00,0.70488,0.70501,0.70488,0.70501,58
SQ:NZDUSD,2021-08-11T16:50:00+02:00,0.70501,0.70508,0.70495,0.70507,46
SQ:NZDUSD,2021-08-11T16:51:00+02:00,0.70507,0.70511,0.70497,0.70509,36
SQ:NZDUSD,2021-08-11T16:52:00+02:00,0.70509,0.70511,0.70506,0.70509,17
SQ:NZDUSD,2021-08-11T16:53:00+02:00,0.70509,0.70511,0.70490,0.70497,47
SQ:NZDUSD,2021-08-11T16:54:00+02:00,0.70497,0.70500,0.70489,0.70498,39
SQ:NZDUSD,2021-08-11T16:55:00+02:00,0.70498,0.70504,0.70482,0.70490,46
SQ:NZDUSD,2021-08-11T16:56:00+02:00,0.70491,0.70498,0.70482,0.70490,31
SQ:NZDUSD,2021-08-11T16:57:00+02:00,0.70490,0.70496,0.70488,0.70489,34
SQ:NZDUSD,2021-08-11T16:58:00+02:00,0.70488,0.70488,0.70474,0.70476,43
SQ:NZDUSD,2021-08-11T16:59:00+02:00,0.70476,0.70489,0.70475,0.70488,42
SQ:NZDUSD,2021-08-11T17:00:00+02:00,0.70488,0.70494,0.70488,0.70489,23
SQ:NZDUSD,2021-08-11T17:01:00+02:00,0.70489,0.70489,0.70482,0.70485,23
SQ:NZDUSD,2021-08-11T17:02:00+02:00,0.70485,0.70492,0.70478,0.70478,38
SQ:NZDUSD,2021-08-11T17:03:00+02:00,0.70478,0.70478,0.70456,0.70467,50
SQ:NZDUSD,2021-08-11T17:04:00+02:00,0.70466,0.70487,0.70465,0.70486,24
SQ:NZDUSD,2021-08-11T17:05:00+02:00,0.70486,0.70486,0.70478,0.70480,18
SQ:NZDUSD,2021-08-11T17:06:00+02:00,0.70479,0.70481,0.70478,0.70478,8
SQ:NZDUSD,2021-08-11T17:07:00+02:00,0.70480,0.70485,0.70479,0.70482,32
SQ:NZDUSD,2021-08-11T17:08:00+02:00,0.70481,0.70500,0.70479,0.70485,30
SQ:NZDUSD,2021-08-11T17:09:00+02:00,0.70485,0.70486,0.70476,0.70476,22
SQ:NZDUSD,2021-08-11T17:10:00+02:00,0.70476,0.70490,0.70476,0.70489,21
SQ:NZDUSD,2021-08-11T17:11:00+02:00,0.70489,0.70495,0.70478,0.70489,36
SQ:NZDUSD,2021-08-11T17:12:00+02:00,0.70489,0.70489,0.70478,0.70483,21
SQ:NZDUSD,2021-08-11T17:13:00+02:00,0.70483,0.70490,0.70479,0.70488,38
SQ:NZDUSD,2021-08-11T17:14:00+02:00,0.70488,0.70490,0.70483,0.70490,25
SQ:NZDUSD,2021-08-11T17:15:00+02:00,0.70489,0.70489,0.70477,0.70477,26
SQ:NZDUSD,2021-08-11T17:16:00+02:00,0.70477,0.70477,0.70446,0.70446,15
SQ:NZDUSD,2021-08-11T17:17:00+02:00,0.70444,0.70444,0.70424,0.70425,25
SQ:NZDUSD,2021-08-11T17:18:00+02:00,0.70424,0.70427,0.70417,0.70421,35
SQ:NZDUSD,2021-08-11T17:19:00+02:00,0.70421,0.70430,0.70421,0.70426,13
SQ:NZDUSD,2021-08-11T17:20:00+02:00,0.70426,0.70433,0.70422,0.70433,22
SQ:NZDUSD,2021-08-11T17:21:00+02:00,0.70433,0.70438,0.70431,0.70431,38
SQ:NZDUSD,2021-08-11T17:22:00+02:00,0.70431,0.70438,0.70427,0.70434,23
SQ:NZDUSD,2021-08-11T17:23:00+02:00,0.70434,0.70445,0.70431,0.70435,35
SQ:NZDUSD,2021-08-11T17:24:00+02:00,0.70435,0.70460,0.70435,0.70457,29
SQ:NZDUSD,2021-08-11T17:25:00+02:00,0.70457,0.70457,0.70447,0.70447,21
SQ:NZDUSD,2021-08-11T17:26:00+02:00,0.70447,0.70454,0.70447,0.70452,22
SQ:NZDUSD,2021-08-11T17:27:00+02:00,0.70453,0.70463,0.70452,0.70463,19
SQ:NZDUSD,2021-08-11T17:28:00+02:00,0.70463,0.70472,0.70463,0.70471,18
SQ:NZDUSD,2021-08-11T17:29:00+02:00,0.70471,0.70478,0.70471,0.70475,19
SQ:NZDUSD,2021-08-11T17:30:00+02:00,0.70475,0.70475,0.70447,0.70462,44
SQ:NZDUSD,2021-08-11T17:31:00+02:00,0.70461,0.70469,0.70461,0.70466,46
SQ:NZDUSD,2021-08-11T17:32:00+02:00,0.70466,0.70466,0.70459,0.70464,47
SQ:NZDUSD,2021-08-11T17:33:00+02:00,0.70461,0.70468,0.70458,0.70467,33
SQ:NZDUSD,2021-08-11T17:34:00+02:00,0.70467,0.70468,0.70461,0.70461,21
SQ:NZDUSD,2021-08-11T17:35:00+02:00,0.70460,0.70462,0.70458,0.70458,27
SQ:NZDUSD,2021-08-11T17:36:00+02:00,0.70458,0.70465,0.70458,0.70459,13
SQ:NZDUSD,2021-08-11T17:37:00+02:00,0.70459,0.70465,0.70451,0.70451,26
SQ:NZDUSD,2021-08-11T17:38:00+02:00,0.70450,0.70455,0.70445,0.70445,23
SQ:NZDUSD,2021-08-11T17:39:00+02:00,0.70445,0.70450,0.70442,0.70447,18
SQ:NZDUSD,2021-08-11T17:40:00+02:00,0.70447,0.70451,0.70439,0.70439,21
SQ:NZDUSD,2021-08-11T17:41:00+02:00,0.70439,0.70439,0.70417,0.70418,20
SQ:NZDUSD,2021-08-11T17:42:00+02:00,0.70418,0.70437,0.70418,0.70432,30
SQ:NZDUSD,2021-08-11T17:43:00+02:00,0.70432,0.70436,0.70432,0.70434,20
SQ:NZDUSD,2021-08-11T17:44:00+02:00,0.70434,0.70438,0.70434,0.70435,17
SQ:NZDUSD,2021-08-11T17:45:00+02:00,0.70435,0.70449,0.70435,0.70449,16
SQ:NZDUSD,2021-08-11T17:46:00+02:00,0.70449,0.70450,0.70448,0.70448,4
SQ:NZDUSD,2021-08-11T17:47:00+02:00,0.70448,0.70448,0.70430,0.70431,38
SQ:NZDUSD,2021-08-11T17:48:00+02:00,0.70431,0.70437,0.70430,0.70430,18
SQ:NZDUSD,2021-08-11T17:49:00+02:00,0.70432,0.70441,0.70431,0.70438,18
SQ:NZDUSD,2021-08-11T17:50:00+02:00,0.70438,0.70438,0.70430,0.70438,14
SQ:NZDUSD,2021-08-11T17:51:00+02:00,0.70438,0.70445,0.70437,0.70445,11
SQ:NZDUSD,2021-08-11T17:52:00+02:00,0.70445,0.70449,0.70442,0.70444,14
SQ:NZDUSD,2021-08-11T17:53:00+02:00,0.70445,0.70450,0.70445,0.70449,9
SQ:NZDUSD,2021-08-11T17:54:00+02:00,0.70446,0.70446,0.70441,0.70443,12
SQ:NZDUSD,2021-08-11T17:55:00+02:00,0.70442,0.70449,0.70441,0.70448,20
SQ:NZDUSD,2021-08-11T17:56:00+02:00,0.70448,0.70449,0.70441,0.70441,7
SQ:NZDUSD,2021-08-11T17:57:00+02:00,0.70441,0.70442,0.70424,0.70426,26
SQ:NZDUSD,2021-08-11T17:58:00+02:00,0.70428,0.70431,0.70428,0.70429,9
SQ:NZDUSD,2021-08-11T17:59:00+02:00,0.70429,0.70432,0.70428,0.70432,18
SQ:NZDUSD,2021-08-11T18:00:00+02:00,0.70432,0.70448,0.70430,0.70448,36
SQ:NZDUSD,2021-08-11T18:01:00+02:00,0.70449,0.70450,0.70442,0.70442,14
SQ:NZDUSD,2021-08-11T18:02:00+02:00,0.70440,0.70440,0.70430,0.70430,13
SQ:NZDUSD,2021-08-11T18:03:00+02:00,0.70431,0.70449,0.70431,0.70447,18
SQ:NZDUSD,2021-08-11T18:04:00+02:00,0.70447,0.70449,0.70440,0.70440,14
SQ:NZDUSD,2021-08-11T18:05:00+02:00,0.70441,0.70451,0.70441,0.70450,36
SQ:NZDUSD,2021-08-11T18:06:00+02:00,0.70450,0.70451,0.70443,0.70451,8
SQ:NZDUSD,2021-08-11T18:07:00+02:00,0.70451,0.70451,0.70441,0.70441,6
SQ:NZDUSD,2021-08-11T18:08:00+02:00,0.70441,0.70443,0.70440,0.70440,4
SQ:NZDUSD,2021-08-11T18:09:00+02:00,0.70440,0.70440,0.70439,0.70439,6
SQ:NZDUSD,2021-08-11T18:10:00+02:00,0.70439,0.70440,0.70439,0.70439,3
SQ:NZDUSD,2021-08-11T18:11:00+02:00,0.70439,0.70449,0.70438,0.70449,11
SQ:NZDUSD,2021-08-11T18:12:00+02:00,0.70449,0.70450,0.70449,0.70449,3
SQ:NZDUSD,2021-08-11T18:13:00+02:00,0.70449,0.70449,0.70438,0.70439,12
SQ:NZDUSD,2021-08-11T18:14:00+02:00,0.70440,0.70442,0.70439,0.70440,31
SQ:NZDUSD,2021-08-11T18:15:00+02:00,0.70440,0.70445,0.70438,0.70438,31
SQ:NZDUSD,2021-08-11T18:16:00+02:00,0.70439,0.70439,0.70438,0.70439,7
SQ:NZDUSD,2021-08-11T18:17:00+02:00,0.70440,0.70452,0.70439,0.70452,15
SQ:NZDUSD,2021-08-11T18:18:00+02:00,0.70452,0.70459,0.70452,0.70459,23
SQ:NZDUSD,2021-08-11T18:19:00+02:00,0.70458,0.70458,0.70451,0.70451,4
SQ:NZDUSD,2021-08-11T18:20:00+02:00,0.70451,0.70454,0.70449,0.70454,7
SQ:NZDUSD,2021-08-11T18:21:00+02:00,0.70454,0.70458,0.70449,0.70458,26
SQ:NZDUSD,2021-08-11T18:22:00+02:00,0.70458,0.70460,0.70458,0.70458,27
SQ:NZDUSD,2021-08-11T18:23:00+02:00,0.70458,0.70461,0.70456,0.70460,33
SQ:NZDUSD,2021-08-11T18:24:00+02:00,0.70461,0.70461,0.70448,0.70449,35
SQ:NZDUSD,2021-08-11T18:25:00+02:00,0.70450,0.70458,0.70449,0.70449,48
SQ:NZDUSD,2021-08-11T18:26:00+02:00,0.70449,0.70450,0.70449,0.70449,9
SQ:NZDUSD,2021-08-11T18:27:00+02:00,0.70449,0.70450,0.70447,0.70448,23
SQ:NZDUSD,2021-08-11T18:28:00+02:00,0.70449,0.70451,0.70448,0.70450,27
SQ:NZDUSD,2021-08-11T18:29:00+02:00,0.70451,0.70460,0.70451,0.70459,37
SQ:NZDUSD,2021-08-11T18:30:00+02:00,0.70458,0.70467,0.70449,0.70467,21
SQ:NZDUSD,2021-08-11T18:31:00+02:00,0.70466,0.70481,0.70466,0.70479,34
SQ:NZDUSD,2021-08-11T18:32:00+02:00,0.70479,0.70481,0.70479,0.70481,7
SQ:NZDUSD,2021-08-11T18:33:00+02:00,0.70481,0.70486,0.70479,0.70486,18
SQ:NZDUSD,2021-08-11T18:34:00+02:00,0.70486,0.70494,0.70485,0.70494,29
SQ:NZDUSD,2021-08-11T18:35:00+02:00,0.70492,0.70494,0.70479,0.70487,35
SQ:NZDUSD,2021-08-11T18:36:00+02:00,0.70487,0.70488,0.70477,0.70481,37
SQ:NZDUSD,2021-08-11T18:37:00+02:00,0.70480,0.70488,0.70480,0.70480,18
SQ:NZDUSD,2021-08-11T18:38:00+02:00,0.70481,0.70489,0.70480,0.70480,23
SQ:NZDUSD,2021-08-11T18:39:00+02:00,0.70482,0.70490,0.70482,0.70489,10
SQ:NZDUSD,2021-08-11T18:40:00+02:00,0.70490,0.70499,0.70489,0.70499,27
SQ:NZDUSD,2021-08-11T18:41:00+02:00,0.70499,0.70500,0.70497,0.70499,27
SQ:NZDUSD,2021-08-11T18:42:00+02:00,0.70500,0.70501,0.70490,0.70490,13
SQ:NZDUSD,2021-08-11T18:43:00+02:00,0.70490,0.70491,0.70489,0.70489,24
SQ:NZDUSD,2021-08-11T18:44:00+02:00,0.70489,0.70499,0.70489,0.70499,51
SQ:NZDUSD,2021-08-11T18:45:00+02:00,0.70498,0.70499,0.70490,0.70499,71
SQ:NZDUSD,2021-08-11T18:46:00+02:00,0.70498,0.70499,0.70488,0.70489,59
SQ:NZDUSD,2021-08-11T18:47:00+02:00,0.70488,0.70500,0.70488,0.70499,27
SQ:NZDUSD,2021-08-11T18:48:00+02:00,0.70501,0.70511,0.70500,0.70511,23
SQ:NZDUSD,2021-08-11T18:49:00+02:00,0.70512,0.70520,0.70512,0.70520,6
SQ:NZDUSD,2021-08-11T18:50:00+02:00,0.70520,0.70520,0.70509,0.70510,13
SQ:NZDUSD,2021-08-11T18:51:00+02:00,0.70510,0.70514,0.70509,0.70510,26
SQ:NZDUSD,2021-08-11T18:52:00+02:00,0.70512,0.70518,0.70510,0.70515,26
SQ:NZDUSD,2021-08-11T18:53:00+02:00,0.70513,0.70514,0.70490,0.70509,62
SQ:NZDUSD,2021-08-11T18:54:00+02:00,0.70509,0.70510,0.70509,0.70510,2
SQ:NZDUSD,2021-08-11T18:55:00+02:00,0.70514,0.70532,0.70513,0.70532,52
SQ:NZDUSD,2021-08-11T18:56:00+02:00,0.70531,0.70532,0.70499,0.70501,56
SQ:NZDUSD,2021-08-11T18:57:00+02:00,0.70501,0.70507,0.70499,0.70506,36
SQ:NZDUSD,2021-08-11T18:58:00+02:00,0.70508,0.70510,0.70500,0.70505,41
SQ:NZDUSD,2021-08-11T18:59:00+02:00,0.70506,0.70520,0.70504,0.70519,43
SQ:NZDUSD,2021-08-11T19:00:00+02:00,0.70519,0.70524,0.70517,0.70518,59
SQ:NZDUSD,2021-08-11T19:01:00+02:00,0.70519,0.70521,0.70502,0.70508,42
SQ:NZDUSD,2021-08-11T19:02:00+02:00,0.70507,0.70561,0.70506,0.70547,160
SQ:NZDUSD,2021-08-11T19:03:00+02:00,0.70548,0.70576,0.70548,0.70559,79
SQ:NZDUSD,2021-08-11T19:04:00+02:00,0.70558,0.70559,0.70539,0.70545,71
SQ:NZDUSD,2021-08-11T19:05:00+02:00,0.70546,0.70549,0.70532,0.70537,91
SQ:NZDUSD,2021-08-11T19:06:00+02:00,0.70539,0.70549,0.70532,0.70547,97
SQ:NZDUSD,2021-08-11T19:07:00+02:00,0.70547,0.70551,0.70537,0.70539,33
SQ:NZDUSD,2021-08-11T19:08:00+02:00,0.70539,0.70559,0.70538,0.70557,53
SQ:NZDUSD,2021-08-11T19:09:00+02:00,0.70557,0.70566,0.70547,0.70559,71
SQ:NZDUSD,2021-08-11T19:10:00+02:00,0.70560,0.70582,0.70557,0.70581,76
SQ:NZDUSD,2021-08-11T19:11:00+02:00,0.70580,0.70591,0.70569,0.70570,39
SQ:NZDUSD,2021-08-11T19:12:00+02:00,0.70571,0.70579,0.70559,0.70561,46
SQ:NZDUSD,2021-08-11T19:13:00+02:00,0.70561,0.70561,0.70540,0.70548,57
SQ:NZDUSD,2021-08-11T19:14:00+02:00,0.70547,0.70549,0.70528,0.70539,37
SQ:NZDUSD,2021-08-11T19:15:00+02:00,0.70539,0.70539,0.70500,0.70500,64
SQ:NZDUSD,2021-08-11T19:16:00+02:00,0.70500,0.70500,0.70494,0.70499,40
SQ:NZDUSD,2021-08-11T19:17:00+02:00,0.70499,0.70510,0.70499,0.70509,41
SQ:NZDUSD,2021-08-11T19:18:00+02:00,0.70508,0.70519,0.70499,0.70519,30
SQ:NZDUSD,2021-08-11T19:19:00+02:00,0.70519,0.70521,0.70508,0.70519,28
SQ:NZDUSD,2021-08-11T19:20:00+02:00,0.70519,0.70530,0.70518,0.70524,37
SQ:NZDUSD,2021-08-11T19:21:00+02:00,0.70524,0.70528,0.70518,0.70528,22
SQ:NZDUSD,2021-08-11T19:22:00+02:00,0.70529,0.70542,0.70529,0.70540,24
SQ:NZDUSD,2021-08-11T19:23:00+02:00,0.70540,0.70540,0.70518,0.70518,17
SQ:NZDUSD,2021-08-11T19:24:00+02:00,0.70519,0.70538,0.70509,0.70530,24
SQ:NZDUSD,2021-08-11T19:25:00+02:00,0.70531,0.70532,0.70520,0.70529,19
SQ:NZDUSD,2021-08-11T19:26:00+02:00,0.70530,0.70535,0.70529,0.70529,17
SQ:NZDUSD,2021-08-11T19:27:00+02:00,0.70529,0.70532,0.70529,0.70529,6
SQ:NZDUSD,2021-08-11T19:28:00+02:00,0.70530,0.70550,0.70529,0.70549,20
SQ:NZDUSD,2021-08-11T19:29:00+02:00,0.70549,0.70549,0.70529,0.70538,23
SQ:NZDUSD,2021-08-11T19:30:00+02:00,0.70539,0.70548,0.70537,0.70548,6
SQ:NZDUSD,2021-08-11T19:31:00+02:00,0.70548,0.70552,0.70548,0.70548,16
SQ:NZDUSD,2021-08-11T19:32:00+02:00,0.70549,0.70557,0.70537,0.70537,27
SQ:NZDUSD,2021-08-11T19:33:00+02:00,0.70539,0.70558,0.70539,0.70550,29
SQ:NZDUSD,2021-08-11T19:34:00+02:00,0.70550,0.70552,0.70548,0.70549,38
SQ:NZDUSD,2021-08-11T19:35:00+02:00,0.70550,0.70550,0.70538,0.70538,42
SQ:NZDUSD,2021-08-11T19:36:00+02:00,0.70538,0.70539,0.70538,0.70539,10
SQ:NZDUSD,2021-08-11T19:37:00+02:00,0.70539,0.70539,0.70519,0.70519,27
SQ:NZDUSD,2021-08-11T19:38:00+02:00,0.70519,0.70529,0.70519,0.70527,21
SQ:NZDUSD,2021-08-11T19:39:00+02:00,0.70528,0.70529,0.70520,0.70520,12
SQ:NZDUSD,2021-08-11T19:40:00+02:00,0.70526,0.70528,0.70517,0.70522,33
SQ:NZDUSD,2021-08-11T19:41:00+02:00,0.70522,0.70522,0.70516,0.70518,11
SQ:NZDUSD,2021-08-11T19:42:00+02:00,0.70518,0.70518,0.70502,0.70502,14
SQ:NZDUSD,2021-08-11T19:43:00+02:00,0.70499,0.70503,0.70496,0.70498,19
SQ:NZDUSD,2021-08-11T19:44:00+02:00,0.70499,0.70514,0.70499,0.70509,19
SQ:NZDUSD,2021-08-11T19:45:00+02:00,0.70509,0.70512,0.70509,0.70512,13
SQ:NZDUSD,2021-08-11T19:46:00+02:00,0.70512,0.70519,0.70512,0.70518,14
SQ:NZDUSD,2021-08-11T19:47:00+02:00,0.70518,0.70520,0.70509,0.70510,15
SQ:NZDUSD,2021-08-11T19:48:00+02:00,0.70509,0.70518,0.70509,0.70518,20
SQ:NZDUSD,2021-08-11T19:49:00+02:00,0.70518,0.70519,0.70518,0.70518,3
SQ:NZDUSD,2021-08-11T19:50:00+02:00,0.70518,0.70518,0.70487,0.70497,35
SQ:NZDUSD,2021-08-11T19:51:00+02:00,0.70497,0.70499,0.70482,0.70486,36
SQ:NZDUSD,2021-08-11T19:52:00+02:00,0.70488,0.70491,0.70480,0.70487,24
SQ:NZDUSD,2021-08-11T19:53:00+02:00,0.70487,0.70490,0.70486,0.70487,18
SQ:NZDUSD,2021-08-11T19:54:00+02:00,0.70488,0.70491,0.70479,0.70486,45
SQ:NZDUSD,2021-08-11T19:55:00+02:00,0.70486,0.70489,0.70485,0.70488,31
SQ:NZDUSD,2021-08-11T19:56:00+02:00,0.70487,0.70492,0.70471,0.70474,70
SQ:NZDUSD,2021-08-11T19:57:00+02:00,0.70475,0.70476,0.70468,0.70468,29
SQ:NZDUSD,2021-08-11T19:58:00+02:00,0.70468,0.70487,0.70468,0.70480,47
SQ:NZDUSD,2021-08-11T19:59:00+02:00,0.70479,0.70483,0.70478,0.70480,14
SQ:NZDUSD,2021-08-11T20:00:00+02:00,0.70480,0.70480,0.70454,0.70457,78
SQ:NZDUSD,2021-08-11T20:01:00+02:00,0.70458,0.70477,0.70458,0.70470,44
SQ:NZDUSD,2021-08-11T20:02:00+02:00,0.70471,0.70479,0.70471,0.70479,23
SQ:NZDUSD,2021-08-11T20:03:00+02:00,0.70479,0.70481,0.70465,0.70469,41
SQ:NZDUSD,2021-08-11T20:04:00+02:00,0.70470,0.70472,0.70469,0.70470,20
SQ:NZDUSD,2021-08-11T20:05:00+02:00,0.70470,0.70474,0.70469,0.70470,13
SQ:NZDUSD,2021-08-11T20:06:00+02:00,0.70471,0.70480,0.70469,0.70479,17
SQ:NZDUSD,2021-08-11T20:07:00+02:00,0.70479,0.70481,0.70473,0.70477,70
SQ:NZDUSD,2021-08-11T20:08:00+02:00,0.70479,0.70480,0.70477,0.70478,51
SQ:NZDUSD,2021-08-11T20:09:00+02:00,0.70478,0.70480,0.70477,0.70478,61
SQ:NZDUSD,2021-08-11T20:10:00+02:00,0.70477,0.70479,0.70468,0.70470,47
SQ:NZDUSD,2021-08-11T20:11:00+02:00,0.70470,0.70478,0.70470,0.70476,35
SQ:NZDUSD,2021-08-11T20:12:00+02:00,0.70476,0.70476,0.70469,0.70469,22
SQ:NZDUSD,2021-08-11T20:13:00+02:00,0.70469,0.70470,0.70469,0.70469,3
SQ:NZDUSD,2021-08-11T20:14:00+02:00,0.70469,0.70469,0.70458,0.70459,13
SQ:NZDUSD,2021-08-11T20:15:00+02:00,0.70459,0.70468,0.70458,0.70462,43
SQ:NZDUSD,2021-08-11T20:16:00+02:00,0.70463,0.70464,0.70458,0.70459,40
SQ:NZDUSD,2021-08-11T20:17:00+02:00,0.70458,0.70458,0.70447,0.70449,32
SQ:NZDUSD,2021-08-11T20:18:00+02:00,0.70450,0.70450,0.70448,0.70448,25
SQ:NZDUSD,2021-08-11T20:19:00+02:00,0.70448,0.70448,0.70439,0.70440,31
SQ:NZDUSD,2021-08-11T20:20:00+02:00,0.70439,0.70444,0.70439,0.70441,38
SQ:NZDUSD,2021-08-11T20:21:00+02:00,0.70440,0.70447,0.70439,0.70440,41
SQ:NZDUSD,2021-08-11T20:22:00+02:00,0.70440,0.70440,0.70431,0.70439,36
SQ:NZDUSD,2021-08-11T20:23:00+02:00,0.70438,0.70441,0.70437,0.70440,34
SQ:NZDUSD,2021-08-11T20:24:00+02:00,0.70440,0.70441,0.70437,0.70439,20
SQ:NZDUSD,2021-08-11T20:25:00+02:00,0.70440,0.70441,0.70436,0.70439,55
SQ:NZDUSD,2021-08-11T20:26:00+02:00,0.70439,0.70442,0.70439,0.70442,16
SQ:NZDUSD,2021-08-11T20:27:00+02:00,0.70445,0.70448,0.70439,0.70440,38
SQ:NZDUSD,2021-08-11T20:28:00+02:00,0.70441,0.70443,0.70440,0.70441,25
SQ:NZDUSD,2021-08-11T20:29:00+02:00,0.70442,0.70442,0.70440,0.70441,18
SQ:NZDUSD,2021-08-11T20:30:00+02:00,0.70440,0.70449,0.70439,0.70449,31
SQ:NZDUSD,2021-08-11T20:31:00+02:00,0.70448,0.70451,0.70447,0.70447,22
SQ:NZDUSD,2021-08-11T20:32:00+02:00,0.70447,0.70450,0.70447,0.70448,26
SQ:NZDUSD,2021-08-11T20:33:00+02:00,0.70447,0.70447,0.70440,0.70440,9
SQ:NZDUSD,2021-08-11T20:34:00+02:00,0.70439,0.70448,0.70439,0.70448,12
SQ:NZDUSD,2021-08-11T20:35:00+02:00,0.70448,0.70451,0.70447,0.70447,26
SQ:NZDUSD,2021-08-11T20:36:00+02:00,0.70446,0.70447,0.70434,0.70436,10
SQ:NZDUSD,2021-08-11T20:37:00+02:00,0.70437,0.70441,0.70437,0.70439,39
SQ:NZDUSD,2021-08-11T20:38:00+02:00,0.70439,0.70440,0.70438,0.70439,17
SQ:NZDUSD,2021-08-11T20:39:00+02:00,0.70439,0.70447,0.70438,0.70440,30
SQ:NZDUSD,2021-08-11T20:40:00+02:00,0.70442,0.70450,0.70442,0.70448,23
SQ:NZDUSD,2021-08-11T20:41:00+02:00,0.70448,0.70457,0.70448,0.70451,15
SQ:NZDUSD,2021-08-11T20:42:00+02:00,0.70451,0.70452,0.70449,0.70450,18
SQ:NZDUSD,2021-08-11T20:43:00+02:00,0.70449,0.70451,0.70441,0.70441,33
SQ:NZDUSD,2021-08-11T20:44:00+02:00,0.70442,0.70442,0.70434,0.70437,35
SQ:NZDUSD,2021-08-11T20:45:00+02:00,0.70438,0.70440,0.70434,0.70436,57
SQ:NZDUSD,2021-08-11T20:46:00+02:00,0.70435,0.70439,0.70433,0.70437,43
SQ:NZDUSD,2021-08-11T20:47:00+02:00,0.70437,0.70438,0.70434,0.70436,38
SQ:NZDUSD,2021-08-11T20:48:00+02:00,0.70436,0.70437,0.70428,0.70429,23
SQ:NZDUSD,2021-08-11T20:49:00+02:00,0.70428,0.70430,0.70427,0.70427,16
SQ:NZDUSD,2021-08-11T20:50:00+02:00,0.70428,0.70431,0.70425,0.70426,36
SQ:NZDUSD,2021-08-11T20:51:00+02:00,0.70426,0.70430,0.70407,0.70407,47
SQ:NZDUSD,2021-08-11T20:52:00+02:00,0.70407,0.70409,0.70403,0.70406,47
SQ:NZDUSD,2021-08-11T20:53:00+02:00,0.70407,0.70409,0.70406,0.70409,16
SQ:NZDUSD,2021-08-11T20:54:00+02:00,0.70409,0.70410,0.70408,0.70410,18
SQ:NZDUSD,2021-08-11T20:55:00+02:00,0.70410,0.70410,0.70405,0.70409,31
SQ:NZDUSD,2021-08-11T20:56:00+02:00,0.70408,0.70411,0.70408,0.70410,11
SQ:NZDUSD,2021-08-11T20:57:00+02:00,0.70411,0.70411,0.70399,0.70401,45
SQ:NZDUSD,2021-08-11T20:58:00+02:00,0.70401,0.70408,0.70401,0.70408,13
SQ:NZDUSD,2021-08-11T20:59:00+02:00,0.70407,0.70408,0.70370,0.70396,116
SQ:NZDUSD,2021-08-11T21:00:00+02:00,0.70374,0.70412,0.70317,0.70395,113
SQ:NZDUSD,2021-08-11T21:01:00+02:00,0.70396,0.70402,0.70396,0.70398,18
SQ:NZDUSD,2021-08-11T21:02:00+02:00,0.70400,0.70400,0.70397,0.70399,8
SQ:NZDUSD,2021-08-11T21:03:00+02:00,0.70399,0.70399,0.70398,0.70399,5
SQ:NZDUSD,2021-08-11T21:04:00+02:00,0.70399,0.70400,0.70398,0.70399,4
SQ:NZDUSD,2021-08-11T21:05:00+02:00,0.70400,0.70401,0.70399,0.70400,7
SQ:NZDUSD,2021-08-11T21:06:00+02:00,0.70401,0.70402,0.70399,0.70402,5
SQ:NZDUSD,2021-08-11T21:07:00+02:00,0.70403,0.70409,0.70402,0.70409,15
SQ:NZDUSD,2021-08-11T21:08:00+02:00,0.70410,0.70413,0.70410,0.70410,6
SQ:NZDUSD,2021-08-11T21:09:00+02:00,0.70412,0.70413,0.70411,0.70413,3
SQ:NZDUSD,2021-08-11T21:10:00+02:00,0.70414,0.70420,0.70411,0.70412,26
SQ:NZDUSD,2021-08-11T21:11:00+02:00,0.70411,0.70412,0.70399,0.70399,7
SQ:NZDUSD,2021-08-11T21:12:00+02:00,0.70399,0.70400,0.70399,0.70399,3
SQ:NZDUSD,2021-08-11T21:13:00+02:00,0.70399,0.70399,0.70388,0.70388,7
SQ:NZDUSD,2021-08-11T21:14:00+02:00,0.70388,0.70399,0.70388,0.70399,8
SQ:NZDUSD,2021-08-11T21:15:00+02:00,0.70398,0.70398,0.70393,0.70393,5
SQ:NZDUSD,2021-08-11T21:16:00+02:00,0.70392,0.70392,0.70392,0.70392,1
SQ:NZDUSD,2021-08-11T21:17:00+02:00,0.70392,0.70392,0.70392,0.70392,1
SQ:NZDUSD,2021-08-11T21:19:00+02:00,0.70393,0.70393,0.70392,0.70392,2
SQ:NZDUSD,2021-08-11T21:20:00+02:00,0.70393,0.70399,0.70393,0.70399,11
SQ:NZDUSD,2021-08-11T21:21:00+02:00,0.70399,0.70399,0.70389,0.70389,6
SQ:NZDUSD,2021-08-11T21:22:00+02:00,0.70390,0.70390,0.70389,0.70389,2
SQ:NZDUSD,2021-08-11T21:23:00+02:00,0.70391,0.70399,0.70391,0.70399,10
SQ:NZDUSD,2021-08-11T21:24:00+02:00,0.70399,0.70399,0.70398,0.70399,5
SQ:NZDUSD,2021-08-11T21:25:00+02:00,0.70399,0.70402,0.70398,0.70399,22
SQ:NZDUSD,2021-08-11T21:26:00+02:00,0.70399,0.70399,0.70398,0.70398,2
SQ:NZDUSD,2021-08-11T21:27:00+02:00,0.70399,0.70399,0.70398,0.70398,2
SQ:NZDUSD,2021-08-11T21:28:00+02:00,0.70399,0.70408,0.70399,0.70408,9
SQ:NZDUSD,2021-08-11T21:29:00+02:00,0.70408,0.70413,0.70408,0.70413,10
SQ:NZDUSD,2021-08-11T21:30:00+02:00,0.70413,0.70413,0.70398,0.70408,22
SQ:NZDUSD,2021-08-11T21:31:00+02:00,0.70409,0.70410,0.70408,0.70410,26
SQ:NZDUSD,2021-08-11T21:32:00+02:00,0.70409,0.70410,0.70409,0.70409,23
SQ:NZDUSD,2021-08-11T21:33:00+02:00,0.70410,0.70410,0.70408,0.70409,21
SQ:NZDUSD,2021-08-11T21:34:00+02:00,0.70410,0.70410,0.70408,0.70408,37
SQ:NZDUSD,2021-08-11T21:35:00+02:00,0.70408,0.70408,0.70401,0.70405,7
SQ:NZDUSD,2021-08-11T21:36:00+02:00,0.70406,0.70406,0.70399,0.70400,5
SQ:NZDUSD,2021-08-11T21:38:00+02:00,0.70400,0.70400,0.70394,0.70394,7
SQ:NZDUSD,2021-08-11T21:39:00+02:00,0.70394,0.70395,0.70393,0.70394,19
SQ:NZDUSD,2021-08-11T21:40:00+02:00,0.70394,0.70407,0.70394,0.70399,30
SQ:NZDUSD,2021-08-11T21:41:00+02:00,0.70398,0.70399,0.70398,0.70398,11
SQ:NZDUSD,2021-08-11T21:42:00+02:00,0.70398,0.70402,0.70398,0.70399,4
SQ:NZDUSD,2021-08-11T21:43:00+02:00,0.70398,0.70398,0.70398,0.70398,1
SQ:NZDUSD,2021-08-11T21:44:00+02:00,0.70399,0.70402,0.70398,0.70402,18
SQ:NZDUSD,2021-08-11T21:45:00+02:00,0.70402,0.70418,0.70402,0.70418,12
SQ:NZDUSD,2021-08-11T21:46:00+02:00,0.70419,0.70423,0.70419,0.70421,7
SQ:NZDUSD,2021-08-11T21:47:00+02:00,0.70419,0.70421,0.70419,0.70419,7
SQ:NZDUSD,2021-08-11T21:48:00+02:00,0.70419,0.70421,0.70419,0.70421,3
SQ:NZDUSD,2021-08-11T21:49:00+02:00,0.70419,0.70419,0.70408,0.70408,16
SQ:NZDUSD,2021-08-11T21:50:00+02:00,0.70408,0.70409,0.70408,0.70409,4
SQ:NZDUSD,2021-08-11T21:51:00+02:00,0.70409,0.70409,0.70408,0.70408,14
SQ:NZDUSD,2021-08-11T21:52:00+02:00,0.70408,0.70408,0.70406,0.70406,4
SQ:NZDUSD,2021-08-11T21:53:00+02:00,0.70407,0.70409,0.70406,0.70409,10
SQ:NZDUSD,2021-08-11T21:54:00+02:00,0.70410,0.70411,0.70408,0.70408,5
SQ:NZDUSD,2021-08-11T21:55:00+02:00,0.70409,0.70414,0.70408,0.70409,17
SQ:NZDUSD,2021-08-11T21:56:00+02:00,0.70410,0.70419,0.70409,0.70419,34
SQ:NZDUSD,2021-08-11T21:57:00+02:00,0.70419,0.70424,0.70418,0.70419,31
SQ:NZDUSD,2021-08-11T21:58:00+02:00,0.70420,0.70430,0.70418,0.70430,45
SQ:NZDUSD,2021-08-11T21:59:00+02:00,0.70430,0.70431,0.70428,0.70429,21
SQ:NZDUSD,2021-08-11T22:00:00+02:00,0.70430,0.70430,0.70408,0.70408,25
SQ:NZDUSD,2021-08-11T22:01:00+02:00,0.70408,0.70409,0.70402,0.70404,9
SQ:NZDUSD,2021-08-11T22:02:00+02:00,0.70403,0.70408,0.70402,0.70403,13
SQ:NZDUSD,2021-08-11T22:03:00+02:00,0.70403,0.70403,0.70401,0.70402,20
SQ:NZDUSD,2021-08-11T22:04:00+02:00,0.70403,0.70406,0.70400,0.70405,16
SQ:NZDUSD,2021-08-11T22:05:00+02:00,0.70406,0.70406,0.70387,0.70389,13
SQ:NZDUSD,2021-08-11T22:06:00+02:00,0.70388,0.70398,0.70388,0.70397,16
SQ:NZDUSD,2021-08-11T22:07:00+02:00,0.70398,0.70399,0.70397,0.70399,12
SQ:NZDUSD,2021-08-11T22:08:00+02:00,0.70398,0.70399,0.70398,0.70398,29
SQ:NZDUSD,2021-08-11T22:09:00+02:00,0.70398,0.70399,0.70398,0.70399,2
SQ:NZDUSD,2021-08-11T22:12:00+02:00,0.70399,0.70399,0.70392,0.70397,15
SQ:NZDUSD,2021-08-11T22:13:00+02:00,0.70396,0.70398,0.70396,0.70398,11
SQ:NZDUSD,2021-08-11T22:14:00+02:00,0.70397,0.70406,0.70397,0.70406,6
SQ:NZDUSD,2021-08-11T22:15:00+02:00,0.70405,0.70405,0.70405,0.70405,1
SQ:NZDUSD,2021-08-11T22:16:00+02:00,0.70405,0.70405,0.70405,0.70405,1
SQ:NZDUSD,2021-08-11T22:17:00+02:00,0.70405,0.70405,0.70398,0.70399,4
SQ:NZDUSD,2021-08-11T22:18:00+02:00,0.70398,0.70398,0.70398,0.70398,1
SQ:NZDUSD,2021-08-11T22:20:00+02:00,0.70397,0.70397,0.70392,0.70393,6
SQ:NZDUSD,2021-08-11T22:22:00+02:00,0.70393,0.70393,0.70393,0.70393,1
SQ:NZDUSD,2021-08-11T22:23:00+02:00,0.70393,0.70393,0.70393,0.70393,1
SQ:NZDUSD,2021-08-11T22:24:00+02:00,0.70393,0.70393,0.70386,0.70387,6
SQ:NZDUSD,2021-08-11T22:25:00+02:00,0.70387,0.70387,0.70375,0.70378,10
SQ:NZDUSD,2021-08-11T22:27:00+02:00,0.70378,0.70385,0.70378,0.70384,8
SQ:NZDUSD,2021-08-11T22:28:00+02:00,0.70385,0.70385,0.70384,0.70385,5
SQ:NZDUSD,2021-08-11T22:29:00+02:00,0.70385,0.70395,0.70384,0.70395,8
SQ:NZDUSD,2021-08-11T22:30:00+02:00,0.70396,0.70397,0.70395,0.70397,3
SQ:NZDUSD,2021-08-11T22:31:00+02:00,0.70396,0.70397,0.70394,0.70396,13
SQ:NZDUSD,2021-08-11T22:32:00+02:00,0.70395,0.70398,0.70395,0.70397,7
SQ:NZDUSD,2021-08-11T22:33:00+02:00,0.70398,0.70399,0.70398,0.70399,2
SQ:NZDUSD,2021-08-11T22:34:00+02:00,0.70400,0.70400,0.70397,0.70398,8
SQ:NZDUSD,2021-08-11T22:35:00+02:00,0.70398,0.70398,0.70387,0.70387,16
SQ:NZDUSD,2021-08-11T22:36:00+02:00,0.70388,0.70388,0.70388,0.70388,1
SQ:NZDUSD,2021-08-11T22:37:00+02:00,0.70387,0.70388,0.70379,0.70379,5
SQ:NZDUSD,2021-08-11T22:38:00+02:00,0.70378,0.70379,0.70377,0.70377,5
SQ:NZDUSD,2021-08-11T22:39:00+02:00,0.70377,0.70377,0.70374,0.70374,4
SQ:NZDUSD,2021-08-11T22:40:00+02:00,0.70375,0.70375,0.70374,0.70375,3
SQ:NZDUSD,2021-08-11T22:41:00+02:00,0.70374,0.70377,0.70374,0.70375,4
SQ:NZDUSD,2021-08-11T22:42:00+02:00,0.70376,0.70376,0.70375,0.70375,4
SQ:NZDUSD,2021-08-11T22:43:00+02:00,0.70375,0.70380,0.70375,0.70378,9
SQ:NZDUSD,2021-08-11T22:44:00+02:00,0.70379,0.70380,0.70378,0.70379,10
SQ:NZDUSD,2021-08-11T22:45:00+02:00,0.70378,0.70379,0.70377,0.70377,8
SQ:NZDUSD,2021-08-11T22:46:00+02:00,0.70378,0.70379,0.70376,0.70378,14
SQ:NZDUSD,2021-08-11T22:47:00+02:00,0.70378,0.70379,0.70377,0.70379,4
SQ:NZDUSD,2021-08-11T22:48:00+02:00,0.70379,0.70379,0.70379,0.70379,1
SQ:NZDUSD,2021-08-11T22:49:00+02:00,0.70378,0.70379,0.70375,0.70375,9
SQ:NZDUSD,2021-08-11T22:50:00+02:00,0.70375,0.70377,0.70370,0.70370,9
SQ:NZDUSD,2021-08-11T22:51:00+02:00,0.70370,0.70370,0.70367,0.70367,4
SQ:NZDUSD,2021-08-11T22:52:00+02:00,0.70367,0.70367,0.70359,0.70359,20
SQ:NZDUSD,2021-08-11T22:53:00+02:00,0.70360,0.70379,0.70360,0.70378,17
SQ:NZDUSD,2021-08-11T22:54:00+02:00,0.70378,0.70378,0.70376,0.70376,9
SQ:NZDUSD,2021-08-11T23:01:00+02:00,0.70326,0.70326,0.70326,0.70326,1
SQ:NZDUSD,2021-08-11T23:02:00+02:00,0.70326,0.70326,0.70326,0.70326,1
SQ:NZDUSD,2021-08-11T23:03:00+02:00,0.70326,0.70326,0.70326,0.70326,1
SQ:NZDUSD,2021-08-11T23:04:00+02:00,0.70356,0.70356,0.70356,0.70356,1
SQ:NZDUSD,2021-08-11T23:05:00+02:00,0.70349,0.70349,0.70330,0.70330,2
SQ:NZDUSD,2021-08-11T23:07:00+02:00,0.70330,0.70330,0.70330,0.70330,1
SQ:NZDUSD,2021-08-11T23:09:00+02:00,0.70329,0.70329,0.70329,0.70329,1
SQ:NZDUSD,2021-08-11T23:10:00+02:00,0.70330,0.70330,0.70330,0.70330,1
SQ:NZDUSD,2021-08-11T23:13:00+02:00,0.70333,0.70336,0.70333,0.70336,2
SQ:NZDUSD,2021-08-11T23:15:00+02:00,0.70336,0.70336,0.70336,0.70336,1
SQ:NZDUSD,2021-08-11T23:19:00+02:00,0.70336,0.70336,0.70336,0.70336,1
SQ:NZDUSD,2021-08-11T23:22:00+02:00,0.70336,0.70336,0.70336,0.70336,1
SQ:NZDUSD,2021-08-11T23:23:00+02:00,0.70336,0.70336,0.70336,0.70336,1
SQ:NZDUSD,2021-08-11T23:25:00+02:00,0.70375,0.70375,0.70347,0.70355,4
SQ:NZDUSD,2021-08-11T23:26:00+02:00,0.70359,0.70359,0.70359,0.70359,1
SQ:NZDUSD,2021-08-11T23:27:00+02:00,0.70359,0.70369,0.70355,0.70368,4
SQ:NZDUSD,2021-08-11T23:28:00+02:00,0.70358,0.70359,0.70358,0.70359,2
SQ:NZDUSD,2021-08-11T23:29:00+02:00,0.70359,0.70359,0.70359,0.70359,1
SQ:NZDUSD,2021-08-11T23:30:00+02:00,0.70359,0.70359,0.70357,0.70357,5
SQ:NZDUSD,2021-08-11T23:31:00+02:00,0.70375,0.70375,0.70375,0.70375,1
SQ:NZDUSD,2021-08-11T23:32:00+02:00,0.70375,0.70385,0.70375,0.70385,5
SQ:NZDUSD,2021-08-11T23:33:00+02:00,0.70385,0.70395,0.70355,0.70365,7
SQ:NZDUSD,2021-08-11T23:34:00+02:00,0.70365,0.70365,0.70365,0.70365,1
SQ:NZDUSD,2021-08-11T23:35:00+02:00,0.70365,0.70375,0.70365,0.70365,4
SQ:NZDUSD,2021-08-11T23:36:00+02:00,0.70365,0.70365,0.70365,0.70365,1
SQ:NZDUSD,2021-08-11T23:37:00+02:00,0.70365,0.70365,0.70365,0.70365,1
SQ:NZDUSD,2021-08-11T23:38:00+02:00,0.70365,0.70365,0.70365,0.70365,1
SQ:NZDUSD,2021-08-11T23:39:00+02:00,0.70365,0.70365,0.70365,0.70365,1
SQ:NZDUSD,2021-08-11T23:40:00+02:00,0.70365,0.70365,0.70365,0.70365,1
SQ:NZDUSD,2021-08-11T23:41:00+02:00,0.70365,0.70365,0.70365,0.70365,1
SQ:NZDUSD,2021-08-11T23:43:00+02:00,0.70365,0.70365,0.70365,0.70365,1
SQ:NZDUSD,2021-08-11T23:44:00+02:00,0.70375,0.70375,0.70275,0.70335,20
SQ:NZDUSD,2021-08-11T23:45:00+02:00,0.70335,0.70375,0.70334,0.70334,7
SQ:NZDUSD,2021-08-11T23:46:00+02:00,0.70321,0.70345,0.70321,0.70345,3
SQ:NZDUSD,2021-08-11T23:47:00+02:00,0.70365,0.70365,0.70349,0.70365,4
SQ:NZDUSD,2021-08-11T23:48:00+02:00,0.70375,0.70375,0.70296,0.70335,10
SQ:NZDUSD,2021-08-11T23:49:00+02:00,0.70335,0.70345,0.70313,0.70345,5
SQ:NZDUSD,2021-08-11T23:50:00+02:00,0.70345,0.70355,0.70345,0.70345,5
SQ:NZDUSD,2021-08-11T23:51:00+02:00,0.70345,0.70345,0.70345,0.70345,1
SQ:NZDUSD,2021-08-11T23:52:00+02:00,0.70345,0.70355,0.70345,0.70355,2
SQ:NZDUSD,2021-08-11T23:53:00+02:00,0.70355,0.70355,0.70355,0.70355,1
SQ:NZDUSD,2021-08-11T23:54:00+02:00,0.70355,0.70355,0.70355,0.70355,1
SQ:NZDUSD,2021-08-11T23:55:00+02:00,0.70355,0.70355,0.70355,0.70355,1
SQ:NZDUSD,2021-08-11T23:56:00+02:00,0.70355,0.70355,0.70345,0.70345,4
SQ:NZDUSD,2021-08-11T23:57:00+02:00,0.70345,0.70355,0.70335,0.70355,5
SQ:NZDUSD,2021-08-11T23:58:00+02:00,0.70355,0.70355,0.70355,0.70355,1
SQ:NZDUSD,2021-08-11T23:59:00+02:00,0.70355,0.70355,0.70354,0.70354,2
