SQ:USDSGD,2023-06-07T00:00:00+02:00,1.34757,1.34757,1.34755,1.34755,2
SQ:USDSGD,2023-06-07T00:01:00+02:00,1.34755,1.34763,1.34755,1.34761,10
SQ:USDSGD,2023-06-07T00:02:00+02:00,1.34761,1.34763,1.34761,1.34763,3
SQ:USDSGD,2023-06-07T00:03:00+02:00,1.34763,1.34763,1.34756,1.34759,9
SQ:USDSGD,2023-06-07T00:05:00+02:00,1.34757,1.34757,1.34757,1.34757,1
SQ:USDSGD,2023-06-07T00:07:00+02:00,1.34757,1.34757,1.34757,1.34757,1
SQ:USDSGD,2023-06-07T00:09:00+02:00,1.34758,1.34762,1.34756,1.34756,9
SQ:USDSGD,2023-06-07T00:10:00+02:00,1.34756,1.34756,1.34756,1.34756,1
SQ:USDSGD,2023-06-07T00:12:00+02:00,1.34757,1.34763,1.34757,1.34758,7
SQ:USDSGD,2023-06-07T00:14:00+02:00,1.34758,1.34758,1.34753,1.34753,2
SQ:USDSGD,2023-06-07T00:15:00+02:00,1.34752,1.34761,1.34752,1.34761,9
SQ:USDSGD,2023-06-07T00:16:00+02:00,1.34761,1.34764,1.34761,1.34764,4
SQ:USDSGD,2023-06-07T00:17:00+02:00,1.34764,1.34766,1.34764,1.34766,3
SQ:USDSGD,2023-06-07T00:18:00+02:00,1.34766,1.34769,1.34766,1.34769,4
SQ:USDSGD,2023-06-07T00:19:00+02:00,1.34769,1.34769,1.34769,1.34769,1
SQ:USDSGD,2023-06-07T00:20:00+02:00,1.34769,1.34770,1.34769,1.34770,2
SQ:USDSGD,2023-06-07T00:21:00+02:00,1.34770,1.34770,1.34769,1.34769,2
SQ:USDSGD,2023-06-07T00:22:00+02:00,1.34769,1.34769,1.34769,1.34769,1
SQ:USDSGD,2023-06-07T00:23:00+02:00,1.34769,1.34769,1.34769,1.34769,1
SQ:USDSGD,2023-06-07T00:24:00+02:00,1.34769,1.34771,1.34769,1.34771,2
SQ:USDSGD,2023-06-07T00:25:00+02:00,1.34771,1.34771,1.34771,1.34771,1
SQ:USDSGD,2023-06-07T00:26:00+02:00,1.34772,1.34772,1.34771,1.34771,2
SQ:USDSGD,2023-06-07T00:27:00+02:00,1.34771,1.34771,1.34771,1.34771,1
SQ:USDSGD,2023-06-07T00:28:00+02:00,1.34771,1.34772,1.34771,1.34772,2
SQ:USDSGD,2023-06-07T00:29:00+02:00,1.34772,1.34772,1.34772,1.34772,1
SQ:USDSGD,2023-06-07T00:30:00+02:00,1.34773,1.34773,1.34772,1.34772,4
SQ:USDSGD,2023-06-07T00:31:00+02:00,1.34771,1.34771,1.34771,1.34771,1
SQ:USDSGD,2023-06-07T00:32:00+02:00,1.34771,1.34771,1.34770,1.34770,2
SQ:USDSGD,2023-06-07T00:33:00+02:00,1.34770,1.34770,1.34770,1.34770,1
SQ:USDSGD,2023-06-07T00:34:00+02:00,1.34769,1.34769,1.34769,1.34769,1
SQ:USDSGD,2023-06-07T00:35:00+02:00,1.34769,1.34775,1.34767,1.34770,8
SQ:USDSGD,2023-06-07T00:36:00+02:00,1.34772,1.34774,1.34772,1.34774,3
SQ:USDSGD,2023-06-07T00:37:00+02:00,1.34774,1.34778,1.34774,1.34778,3
SQ:USDSGD,2023-06-07T00:38:00+02:00,1.34778,1.34787,1.34778,1.34787,8
SQ:USDSGD,2023-06-07T00:39:00+02:00,1.34787,1.34789,1.34787,1.34789,4
SQ:USDSGD,2023-06-07T00:40:00+02:00,1.34794,1.34800,1.34785,1.34789,11
SQ:USDSGD,2023-06-07T00:41:00+02:00,1.34787,1.34796,1.34786,1.34786,10
SQ:USDSGD,2023-06-07T00:42:00+02:00,1.34786,1.34786,1.34786,1.34786,1
SQ:USDSGD,2023-06-07T00:43:00+02:00,1.34787,1.34787,1.34787,1.34787,1
SQ:USDSGD,2023-06-07T00:45:00+02:00,1.34785,1.34789,1.34785,1.34789,4
SQ:USDSGD,2023-06-07T00:46:00+02:00,1.34789,1.34790,1.34789,1.34789,3
SQ:USDSGD,2023-06-07T00:47:00+02:00,1.34790,1.34790,1.34789,1.34790,7
SQ:USDSGD,2023-06-07T00:48:00+02:00,1.34790,1.34791,1.34789,1.34789,4
SQ:USDSGD,2023-06-07T00:49:00+02:00,1.34789,1.34790,1.34789,1.34790,2
SQ:USDSGD,2023-06-07T00:50:00+02:00,1.34789,1.34789,1.34789,1.34789,1
SQ:USDSGD,2023-06-07T00:51:00+02:00,1.34789,1.34789,1.34788,1.34788,2
SQ:USDSGD,2023-06-07T00:52:00+02:00,1.34789,1.34789,1.34788,1.34788,2
SQ:USDSGD,2023-06-07T00:55:00+02:00,1.34788,1.34789,1.34788,1.34789,2
SQ:USDSGD,2023-06-07T00:56:00+02:00,1.34788,1.34790,1.34788,1.34788,4
SQ:USDSGD,2023-06-07T00:57:00+02:00,1.34788,1.34788,1.34788,1.34788,1
SQ:USDSGD,2023-06-07T00:58:00+02:00,1.34788,1.34788,1.34779,1.34782,8
SQ:USDSGD,2023-06-07T00:59:00+02:00,1.34785,1.34788,1.34785,1.34788,3
SQ:USDSGD,2023-06-07T01:00:00+02:00,1.34788,1.34791,1.34782,1.34783,9
SQ:USDSGD,2023-06-07T01:01:00+02:00,1.34784,1.34785,1.34784,1.34784,3
SQ:USDSGD,2023-06-07T01:02:00+02:00,1.34785,1.34785,1.34776,1.34778,12
SQ:USDSGD,2023-06-07T01:03:00+02:00,1.34777,1.34783,1.34777,1.34782,5
SQ:USDSGD,2023-06-07T01:04:00+02:00,1.34783,1.34784,1.34783,1.34783,3
SQ:USDSGD,2023-06-07T01:05:00+02:00,1.34787,1.34789,1.34787,1.34789,3
SQ:USDSGD,2023-06-07T01:07:00+02:00,1.34787,1.34787,1.34787,1.34787,1
SQ:USDSGD,2023-06-07T01:08:00+02:00,1.34787,1.34787,1.34787,1.34787,1
SQ:USDSGD,2023-06-07T01:09:00+02:00,1.34787,1.34787,1.34783,1.34783,4
SQ:USDSGD,2023-06-07T01:10:00+02:00,1.34783,1.34785,1.34783,1.34785,3
SQ:USDSGD,2023-06-07T01:12:00+02:00,1.34783,1.34787,1.34781,1.34787,6
SQ:USDSGD,2023-06-07T01:13:00+02:00,1.34787,1.34787,1.34782,1.34786,9
SQ:USDSGD,2023-06-07T01:14:00+02:00,1.34788,1.34788,1.34785,1.34785,8
SQ:USDSGD,2023-06-07T01:15:00+02:00,1.34786,1.34791,1.34786,1.34790,3
SQ:USDSGD,2023-06-07T01:16:00+02:00,1.34790,1.34792,1.34790,1.34791,3
SQ:USDSGD,2023-06-07T01:17:00+02:00,1.34790,1.34790,1.34790,1.34790,1
SQ:USDSGD,2023-06-07T01:18:00+02:00,1.34790,1.34790,1.34788,1.34788,2
SQ:USDSGD,2023-06-07T01:19:00+02:00,1.34788,1.34792,1.34788,1.34792,3
SQ:USDSGD,2023-06-07T01:20:00+02:00,1.34791,1.34792,1.34789,1.34789,5
SQ:USDSGD,2023-06-07T01:21:00+02:00,1.34788,1.34792,1.34788,1.34792,3
SQ:USDSGD,2023-06-07T01:22:00+02:00,1.34792,1.34796,1.34792,1.34792,5
SQ:USDSGD,2023-06-07T01:23:00+02:00,1.34793,1.34793,1.34791,1.34793,4
SQ:USDSGD,2023-06-07T01:24:00+02:00,1.34792,1.34793,1.34791,1.34792,5
SQ:USDSGD,2023-06-07T01:25:00+02:00,1.34792,1.34793,1.34792,1.34792,3
SQ:USDSGD,2023-06-07T01:26:00+02:00,1.34791,1.34791,1.34779,1.34779,9
SQ:USDSGD,2023-06-07T01:27:00+02:00,1.34779,1.34784,1.34779,1.34784,3
SQ:USDSGD,2023-06-07T01:28:00+02:00,1.34783,1.34784,1.34773,1.34775,12
SQ:USDSGD,2023-06-07T01:29:00+02:00,1.34774,1.34776,1.34774,1.34776,20
SQ:USDSGD,2023-06-07T01:30:00+02:00,1.34776,1.34777,1.34776,1.34777,2
SQ:USDSGD,2023-06-07T01:31:00+02:00,1.34777,1.34777,1.34773,1.34773,3
SQ:USDSGD,2023-06-07T01:32:00+02:00,1.34773,1.34773,1.34773,1.34773,1
SQ:USDSGD,2023-06-07T01:33:00+02:00,1.34772,1.34772,1.34763,1.34763,7
SQ:USDSGD,2023-06-07T01:34:00+02:00,1.34763,1.34763,1.34763,1.34763,1
SQ:USDSGD,2023-06-07T01:35:00+02:00,1.34763,1.34763,1.34763,1.34763,1
SQ:USDSGD,2023-06-07T01:36:00+02:00,1.34765,1.34765,1.34765,1.34765,1
SQ:USDSGD,2023-06-07T01:38:00+02:00,1.34766,1.34767,1.34766,1.34767,2
SQ:USDSGD,2023-06-07T01:39:00+02:00,1.34767,1.34767,1.34767,1.34767,1
SQ:USDSGD,2023-06-07T01:41:00+02:00,1.34766,1.34767,1.34765,1.34765,3
SQ:USDSGD,2023-06-07T01:42:00+02:00,1.34766,1.34766,1.34765,1.34766,3
SQ:USDSGD,2023-06-07T01:43:00+02:00,1.34767,1.34767,1.34767,1.34767,1
SQ:USDSGD,2023-06-07T01:45:00+02:00,1.34766,1.34773,1.34766,1.34769,6
SQ:USDSGD,2023-06-07T01:48:00+02:00,1.34770,1.34770,1.34765,1.34765,4
SQ:USDSGD,2023-06-07T01:50:00+02:00,1.34763,1.34763,1.34756,1.34756,3
SQ:USDSGD,2023-06-07T01:51:00+02:00,1.34756,1.34756,1.34754,1.34754,2
SQ:USDSGD,2023-06-07T01:52:00+02:00,1.34754,1.34754,1.34743,1.34743,7
SQ:USDSGD,2023-06-07T01:53:00+02:00,1.34744,1.34744,1.34744,1.34744,1
SQ:USDSGD,2023-06-07T01:54:00+02:00,1.34743,1.34743,1.34743,1.34743,1
SQ:USDSGD,2023-06-07T01:55:00+02:00,1.34744,1.34745,1.34744,1.34744,3
SQ:USDSGD,2023-06-07T01:56:00+02:00,1.34744,1.34745,1.34744,1.34745,2
SQ:USDSGD,2023-06-07T01:57:00+02:00,1.34744,1.34744,1.34736,1.34737,8
SQ:USDSGD,2023-06-07T01:58:00+02:00,1.34737,1.34739,1.34737,1.34739,3
SQ:USDSGD,2023-06-07T01:59:00+02:00,1.34738,1.34738,1.34737,1.34737,2
SQ:USDSGD,2023-06-07T02:00:00+02:00,1.34737,1.34738,1.34725,1.34725,28
SQ:USDSGD,2023-06-07T02:01:00+02:00,1.34726,1.34726,1.34692,1.34701,27
SQ:USDSGD,2023-06-07T02:02:00+02:00,1.34702,1.34719,1.34699,1.34713,26
SQ:USDSGD,2023-06-07T02:03:00+02:00,1.34714,1.34718,1.34713,1.34714,18
SQ:USDSGD,2023-06-07T02:04:00+02:00,1.34713,1.34722,1.34701,1.34721,25
SQ:USDSGD,2023-06-07T02:05:00+02:00,1.34721,1.34722,1.34719,1.34722,12
SQ:USDSGD,2023-06-07T02:06:00+02:00,1.34722,1.34723,1.34721,1.34723,6
SQ:USDSGD,2023-06-07T02:07:00+02:00,1.34723,1.34723,1.34706,1.34714,24
SQ:USDSGD,2023-06-07T02:08:00+02:00,1.34714,1.34718,1.34710,1.34712,16
SQ:USDSGD,2023-06-07T02:09:00+02:00,1.34712,1.34712,1.34701,1.34701,10
SQ:USDSGD,2023-06-07T02:10:00+02:00,1.34701,1.34701,1.34699,1.34701,5
SQ:USDSGD,2023-06-07T02:11:00+02:00,1.34701,1.34705,1.34700,1.34700,13
SQ:USDSGD,2023-06-07T02:12:00+02:00,1.34700,1.34700,1.34698,1.34699,6
SQ:USDSGD,2023-06-07T02:13:00+02:00,1.34699,1.34700,1.34682,1.34682,22
SQ:USDSGD,2023-06-07T02:14:00+02:00,1.34683,1.34683,1.34682,1.34683,3
SQ:USDSGD,2023-06-07T02:15:00+02:00,1.34682,1.34686,1.34682,1.34686,9
SQ:USDSGD,2023-06-07T02:16:00+02:00,1.34685,1.34685,1.34683,1.34684,12
SQ:USDSGD,2023-06-07T02:17:00+02:00,1.34684,1.34684,1.34681,1.34681,3
SQ:USDSGD,2023-06-07T02:18:00+02:00,1.34680,1.34680,1.34669,1.34671,14
SQ:USDSGD,2023-06-07T02:19:00+02:00,1.34671,1.34671,1.34670,1.34670,4
SQ:USDSGD,2023-06-07T02:20:00+02:00,1.34670,1.34678,1.34668,1.34678,10
SQ:USDSGD,2023-06-07T02:21:00+02:00,1.34679,1.34680,1.34677,1.34678,14
SQ:USDSGD,2023-06-07T02:22:00+02:00,1.34677,1.34677,1.34676,1.34677,7
SQ:USDSGD,2023-06-07T02:23:00+02:00,1.34677,1.34680,1.34674,1.34679,14
SQ:USDSGD,2023-06-07T02:24:00+02:00,1.34680,1.34680,1.34677,1.34677,6
SQ:USDSGD,2023-06-07T02:25:00+02:00,1.34677,1.34695,1.34677,1.34695,13
SQ:USDSGD,2023-06-07T02:26:00+02:00,1.34694,1.34702,1.34694,1.34700,14
SQ:USDSGD,2023-06-07T02:27:00+02:00,1.34701,1.34707,1.34700,1.34700,22
SQ:USDSGD,2023-06-07T02:28:00+02:00,1.34700,1.34704,1.34699,1.34700,13
SQ:USDSGD,2023-06-07T02:29:00+02:00,1.34699,1.34719,1.34699,1.34714,22
SQ:USDSGD,2023-06-07T02:30:00+02:00,1.34715,1.34715,1.34710,1.34710,8
SQ:USDSGD,2023-06-07T02:31:00+02:00,1.34710,1.34739,1.34710,1.34738,30
SQ:USDSGD,2023-06-07T02:32:00+02:00,1.34738,1.34744,1.34737,1.34742,14
SQ:USDSGD,2023-06-07T02:33:00+02:00,1.34742,1.34744,1.34741,1.34742,11
SQ:USDSGD,2023-06-07T02:34:00+02:00,1.34742,1.34753,1.34742,1.34750,19
SQ:USDSGD,2023-06-07T02:35:00+02:00,1.34750,1.34752,1.34742,1.34742,24
SQ:USDSGD,2023-06-07T02:36:00+02:00,1.34743,1.34745,1.34741,1.34745,11
SQ:USDSGD,2023-06-07T02:37:00+02:00,1.34745,1.34745,1.34732,1.34732,13
SQ:USDSGD,2023-06-07T02:38:00+02:00,1.34732,1.34732,1.34723,1.34726,6
SQ:USDSGD,2023-06-07T02:39:00+02:00,1.34724,1.34724,1.34711,1.34714,10
SQ:USDSGD,2023-06-07T02:40:00+02:00,1.34715,1.34715,1.34705,1.34705,28
SQ:USDSGD,2023-06-07T02:41:00+02:00,1.34705,1.34705,1.34702,1.34704,10
SQ:USDSGD,2023-06-07T02:42:00+02:00,1.34705,1.34705,1.34695,1.34695,6
SQ:USDSGD,2023-06-07T02:43:00+02:00,1.34695,1.34695,1.34692,1.34694,7
SQ:USDSGD,2023-06-07T02:44:00+02:00,1.34695,1.34696,1.34695,1.34695,5
SQ:USDSGD,2023-06-07T02:45:00+02:00,1.34695,1.34695,1.34695,1.34695,1
SQ:USDSGD,2023-06-07T02:46:00+02:00,1.34694,1.34694,1.34693,1.34693,6
SQ:USDSGD,2023-06-07T02:47:00+02:00,1.34692,1.34694,1.34689,1.34689,5
SQ:USDSGD,2023-06-07T02:48:00+02:00,1.34689,1.34695,1.34689,1.34693,12
SQ:USDSGD,2023-06-07T02:49:00+02:00,1.34694,1.34706,1.34694,1.34702,21
SQ:USDSGD,2023-06-07T02:50:00+02:00,1.34703,1.34709,1.34698,1.34708,18
SQ:USDSGD,2023-06-07T02:51:00+02:00,1.34707,1.34708,1.34696,1.34703,27
SQ:USDSGD,2023-06-07T02:52:00+02:00,1.34703,1.34716,1.34703,1.34715,19
SQ:USDSGD,2023-06-07T02:53:00+02:00,1.34715,1.34715,1.34706,1.34709,19
SQ:USDSGD,2023-06-07T02:54:00+02:00,1.34709,1.34723,1.34708,1.34718,23
SQ:USDSGD,2023-06-07T02:55:00+02:00,1.34718,1.34732,1.34718,1.34730,24
SQ:USDSGD,2023-06-07T02:56:00+02:00,1.34731,1.34733,1.34727,1.34728,29
SQ:USDSGD,2023-06-07T02:57:00+02:00,1.34728,1.34729,1.34725,1.34725,18
SQ:USDSGD,2023-06-07T02:58:00+02:00,1.34725,1.34725,1.34711,1.34713,23
SQ:USDSGD,2023-06-07T02:59:00+02:00,1.34713,1.34715,1.34713,1.34714,8
SQ:USDSGD,2023-06-07T03:00:00+02:00,1.34715,1.34721,1.34714,1.34719,30
SQ:USDSGD,2023-06-07T03:01:00+02:00,1.34720,1.34720,1.34718,1.34720,11
SQ:USDSGD,2023-06-07T03:02:00+02:00,1.34720,1.34739,1.34720,1.34738,27
SQ:USDSGD,2023-06-07T03:03:00+02:00,1.34738,1.34744,1.34733,1.34735,18
SQ:USDSGD,2023-06-07T03:04:00+02:00,1.34733,1.34733,1.34730,1.34733,7
SQ:USDSGD,2023-06-07T03:05:00+02:00,1.34733,1.34733,1.34732,1.34733,5
SQ:USDSGD,2023-06-07T03:06:00+02:00,1.34733,1.34733,1.34718,1.34719,24
SQ:USDSGD,2023-06-07T03:07:00+02:00,1.34719,1.34721,1.34718,1.34720,18
SQ:USDSGD,2023-06-07T03:08:00+02:00,1.34720,1.34721,1.34719,1.34720,7
SQ:USDSGD,2023-06-07T03:09:00+02:00,1.34720,1.34720,1.34719,1.34719,4
SQ:USDSGD,2023-06-07T03:10:00+02:00,1.34720,1.34722,1.34719,1.34722,10
SQ:USDSGD,2023-06-07T03:11:00+02:00,1.34722,1.34722,1.34703,1.34708,38
SQ:USDSGD,2023-06-07T03:12:00+02:00,1.34707,1.34708,1.34689,1.34694,29
SQ:USDSGD,2023-06-07T03:13:00+02:00,1.34695,1.34704,1.34689,1.34704,20
SQ:USDSGD,2023-06-07T03:14:00+02:00,1.34705,1.34715,1.34705,1.34712,41
SQ:USDSGD,2023-06-07T03:15:00+02:00,1.34712,1.34735,1.34710,1.34726,36
SQ:USDSGD,2023-06-07T03:16:00+02:00,1.34726,1.34726,1.34714,1.34716,30
SQ:USDSGD,2023-06-07T03:17:00+02:00,1.34717,1.34724,1.34696,1.34724,66
SQ:USDSGD,2023-06-07T03:18:00+02:00,1.34723,1.34724,1.34718,1.34721,32
SQ:USDSGD,2023-06-07T03:19:00+02:00,1.34721,1.34726,1.34718,1.34718,35
SQ:USDSGD,2023-06-07T03:20:00+02:00,1.34718,1.34725,1.34716,1.34722,51
SQ:USDSGD,2023-06-07T03:21:00+02:00,1.34722,1.34722,1.34715,1.34717,32
SQ:USDSGD,2023-06-07T03:22:00+02:00,1.34717,1.34724,1.34716,1.34722,33
SQ:USDSGD,2023-06-07T03:23:00+02:00,1.34722,1.34725,1.34720,1.34725,23
SQ:USDSGD,2023-06-07T03:24:00+02:00,1.34724,1.34725,1.34724,1.34724,7
SQ:USDSGD,2023-06-07T03:25:00+02:00,1.34724,1.34725,1.34705,1.34705,23
SQ:USDSGD,2023-06-07T03:26:00+02:00,1.34705,1.34705,1.34694,1.34695,21
SQ:USDSGD,2023-06-07T03:27:00+02:00,1.34696,1.34696,1.34695,1.34696,5
SQ:USDSGD,2023-06-07T03:28:00+02:00,1.34696,1.34697,1.34696,1.34697,6
SQ:USDSGD,2023-06-07T03:29:00+02:00,1.34697,1.34699,1.34697,1.34698,4
SQ:USDSGD,2023-06-07T03:30:00+02:00,1.34698,1.34701,1.34698,1.34699,26
SQ:USDSGD,2023-06-07T03:31:00+02:00,1.34698,1.34698,1.34668,1.34681,32
SQ:USDSGD,2023-06-07T03:32:00+02:00,1.34681,1.34687,1.34678,1.34686,14
SQ:USDSGD,2023-06-07T03:33:00+02:00,1.34689,1.34716,1.34689,1.34702,48
SQ:USDSGD,2023-06-07T03:34:00+02:00,1.34703,1.34710,1.34703,1.34709,22
SQ:USDSGD,2023-06-07T03:35:00+02:00,1.34709,1.34726,1.34697,1.34724,32
SQ:USDSGD,2023-06-07T03:36:00+02:00,1.34724,1.34726,1.34718,1.34726,28
SQ:USDSGD,2023-06-07T03:37:00+02:00,1.34726,1.34742,1.34724,1.34737,45
SQ:USDSGD,2023-06-07T03:38:00+02:00,1.34737,1.34737,1.34716,1.34717,20
SQ:USDSGD,2023-06-07T03:39:00+02:00,1.34717,1.34724,1.34716,1.34724,22
SQ:USDSGD,2023-06-07T03:40:00+02:00,1.34725,1.34738,1.34725,1.34733,32
SQ:USDSGD,2023-06-07T03:41:00+02:00,1.34733,1.34745,1.34733,1.34743,36
SQ:USDSGD,2023-06-07T03:42:00+02:00,1.34742,1.34744,1.34738,1.34740,14
SQ:USDSGD,2023-06-07T03:43:00+02:00,1.34739,1.34742,1.34739,1.34741,11
SQ:USDSGD,2023-06-07T03:44:00+02:00,1.34742,1.34743,1.34738,1.34739,15
SQ:USDSGD,2023-06-07T03:45:00+02:00,1.34738,1.34738,1.34732,1.34732,9
SQ:USDSGD,2023-06-07T03:46:00+02:00,1.34733,1.34733,1.34723,1.34724,10
SQ:USDSGD,2023-06-07T03:47:00+02:00,1.34724,1.34724,1.34714,1.34723,22
SQ:USDSGD,2023-06-07T03:48:00+02:00,1.34724,1.34741,1.34723,1.34738,32
SQ:USDSGD,2023-06-07T03:49:00+02:00,1.34737,1.34751,1.34736,1.34750,19
SQ:USDSGD,2023-06-07T03:50:00+02:00,1.34749,1.34751,1.34740,1.34743,21
SQ:USDSGD,2023-06-07T03:51:00+02:00,1.34743,1.34750,1.34743,1.34750,17
SQ:USDSGD,2023-06-07T03:52:00+02:00,1.34749,1.34749,1.34735,1.34739,29
SQ:USDSGD,2023-06-07T03:53:00+02:00,1.34738,1.34741,1.34732,1.34740,23
SQ:USDSGD,2023-06-07T03:54:00+02:00,1.34741,1.34747,1.34741,1.34747,11
SQ:USDSGD,2023-06-07T03:55:00+02:00,1.34747,1.34747,1.34741,1.34741,5
SQ:USDSGD,2023-06-07T03:56:00+02:00,1.34740,1.34741,1.34740,1.34740,3
SQ:USDSGD,2023-06-07T03:57:00+02:00,1.34740,1.34741,1.34739,1.34739,8
SQ:USDSGD,2023-06-07T03:58:00+02:00,1.34738,1.34740,1.34730,1.34740,13
SQ:USDSGD,2023-06-07T03:59:00+02:00,1.34740,1.34740,1.34737,1.34738,6
SQ:USDSGD,2023-06-07T04:00:00+02:00,1.34739,1.34750,1.34739,1.34750,10
SQ:USDSGD,2023-06-07T04:01:00+02:00,1.34750,1.34764,1.34750,1.34764,23
SQ:USDSGD,2023-06-07T04:02:00+02:00,1.34764,1.34764,1.34761,1.34763,6
SQ:USDSGD,2023-06-07T04:03:00+02:00,1.34764,1.34765,1.34760,1.34765,11
SQ:USDSGD,2023-06-07T04:04:00+02:00,1.34765,1.34783,1.34765,1.34783,20
SQ:USDSGD,2023-06-07T04:05:00+02:00,1.34784,1.34785,1.34781,1.34783,11
SQ:USDSGD,2023-06-07T04:06:00+02:00,1.34783,1.34794,1.34783,1.34792,15
SQ:USDSGD,2023-06-07T04:07:00+02:00,1.34792,1.34793,1.34779,1.34780,24
SQ:USDSGD,2023-06-07T04:08:00+02:00,1.34780,1.34788,1.34777,1.34787,23
SQ:USDSGD,2023-06-07T04:09:00+02:00,1.34787,1.34792,1.34785,1.34790,22
SQ:USDSGD,2023-06-07T04:10:00+02:00,1.34790,1.34790,1.34785,1.34787,26
SQ:USDSGD,2023-06-07T04:11:00+02:00,1.34787,1.34789,1.34787,1.34789,27
SQ:USDSGD,2023-06-07T04:12:00+02:00,1.34789,1.34794,1.34789,1.34794,11
SQ:USDSGD,2023-06-07T04:13:00+02:00,1.34793,1.34811,1.34792,1.34809,41
SQ:USDSGD,2023-06-07T04:14:00+02:00,1.34810,1.34812,1.34796,1.34799,18
SQ:USDSGD,2023-06-07T04:15:00+02:00,1.34799,1.34799,1.34785,1.34788,19
SQ:USDSGD,2023-06-07T04:16:00+02:00,1.34788,1.34798,1.34788,1.34792,14
SQ:USDSGD,2023-06-07T04:17:00+02:00,1.34792,1.34800,1.34792,1.34794,16
SQ:USDSGD,2023-06-07T04:18:00+02:00,1.34795,1.34797,1.34795,1.34797,2
SQ:USDSGD,2023-06-07T04:19:00+02:00,1.34798,1.34798,1.34783,1.34783,14
SQ:USDSGD,2023-06-07T04:20:00+02:00,1.34784,1.34784,1.34763,1.34763,17
SQ:USDSGD,2023-06-07T04:21:00+02:00,1.34763,1.34763,1.34758,1.34760,12
SQ:USDSGD,2023-06-07T04:22:00+02:00,1.34759,1.34760,1.34752,1.34752,16
SQ:USDSGD,2023-06-07T04:23:00+02:00,1.34753,1.34755,1.34743,1.34744,12
SQ:USDSGD,2023-06-07T04:24:00+02:00,1.34745,1.34745,1.34743,1.34743,7
SQ:USDSGD,2023-06-07T04:25:00+02:00,1.34743,1.34743,1.34737,1.34739,17
SQ:USDSGD,2023-06-07T04:26:00+02:00,1.34739,1.34743,1.34738,1.34741,20
SQ:USDSGD,2023-06-07T04:27:00+02:00,1.34740,1.34744,1.34736,1.34742,19
SQ:USDSGD,2023-06-07T04:28:00+02:00,1.34741,1.34751,1.34741,1.34749,10
SQ:USDSGD,2023-06-07T04:29:00+02:00,1.34749,1.34749,1.34740,1.34740,9
SQ:USDSGD,2023-06-07T04:30:00+02:00,1.34740,1.34740,1.34722,1.34734,26
SQ:USDSGD,2023-06-07T04:31:00+02:00,1.34736,1.34736,1.34727,1.34728,10
SQ:USDSGD,2023-06-07T04:32:00+02:00,1.34729,1.34734,1.34729,1.34734,12
SQ:USDSGD,2023-06-07T04:33:00+02:00,1.34734,1.34750,1.34734,1.34743,24
SQ:USDSGD,2023-06-07T04:34:00+02:00,1.34743,1.34744,1.34742,1.34744,12
SQ:USDSGD,2023-06-07T04:35:00+02:00,1.34744,1.34746,1.34744,1.34746,11
SQ:USDSGD,2023-06-07T04:36:00+02:00,1.34746,1.34754,1.34746,1.34753,9
SQ:USDSGD,2023-06-07T04:37:00+02:00,1.34753,1.34755,1.34753,1.34753,5
SQ:USDSGD,2023-06-07T04:38:00+02:00,1.34754,1.34754,1.34751,1.34752,9
SQ:USDSGD,2023-06-07T04:39:00+02:00,1.34752,1.34754,1.34752,1.34754,3
SQ:USDSGD,2023-06-07T04:40:00+02:00,1.34753,1.34753,1.34752,1.34752,4
SQ:USDSGD,2023-06-07T04:41:00+02:00,1.34752,1.34752,1.34743,1.34743,4
SQ:USDSGD,2023-06-07T04:42:00+02:00,1.34743,1.34743,1.34722,1.34724,20
SQ:USDSGD,2023-06-07T04:43:00+02:00,1.34724,1.34726,1.34713,1.34713,16
SQ:USDSGD,2023-06-07T04:44:00+02:00,1.34710,1.34712,1.34704,1.34707,17
SQ:USDSGD,2023-06-07T04:45:00+02:00,1.34707,1.34714,1.34704,1.34713,13
SQ:USDSGD,2023-06-07T04:46:00+02:00,1.34716,1.34721,1.34716,1.34721,8
SQ:USDSGD,2023-06-07T04:47:00+02:00,1.34720,1.34721,1.34719,1.34721,10
SQ:USDSGD,2023-06-07T04:48:00+02:00,1.34720,1.34721,1.34720,1.34721,10
SQ:USDSGD,2023-06-07T04:49:00+02:00,1.34721,1.34721,1.34719,1.34720,18
SQ:USDSGD,2023-06-07T04:50:00+02:00,1.34720,1.34720,1.34707,1.34707,16
SQ:USDSGD,2023-06-07T04:51:00+02:00,1.34708,1.34709,1.34706,1.34708,9
SQ:USDSGD,2023-06-07T04:52:00+02:00,1.34708,1.34709,1.34703,1.34707,15
SQ:USDSGD,2023-06-07T04:53:00+02:00,1.34707,1.34713,1.34704,1.34709,13
SQ:USDSGD,2023-06-07T04:54:00+02:00,1.34708,1.34708,1.34701,1.34702,9
SQ:USDSGD,2023-06-07T04:55:00+02:00,1.34702,1.34710,1.34702,1.34708,18
SQ:USDSGD,2023-06-07T04:56:00+02:00,1.34708,1.34708,1.34702,1.34703,9
SQ:USDSGD,2023-06-07T04:57:00+02:00,1.34704,1.34704,1.34702,1.34704,5
SQ:USDSGD,2023-06-07T04:58:00+02:00,1.34704,1.34708,1.34703,1.34704,15
SQ:USDSGD,2023-06-07T04:59:00+02:00,1.34703,1.34703,1.34701,1.34702,5
SQ:USDSGD,2023-06-07T05:00:00+02:00,1.34702,1.34726,1.34702,1.34726,28
SQ:USDSGD,2023-06-07T05:01:00+02:00,1.34726,1.34762,1.34726,1.34758,52
SQ:USDSGD,2023-06-07T05:02:00+02:00,1.34759,1.34762,1.34758,1.34759,13
SQ:USDSGD,2023-06-07T05:03:00+02:00,1.34757,1.34757,1.34741,1.34751,38
SQ:USDSGD,2023-06-07T05:04:00+02:00,1.34751,1.34757,1.34750,1.34755,17
SQ:USDSGD,2023-06-07T05:05:00+02:00,1.34755,1.34758,1.34755,1.34757,31
SQ:USDSGD,2023-06-07T05:06:00+02:00,1.34756,1.34758,1.34753,1.34755,31
SQ:USDSGD,2023-06-07T05:07:00+02:00,1.34755,1.34764,1.34755,1.34764,18
SQ:USDSGD,2023-06-07T05:08:00+02:00,1.34763,1.34771,1.34763,1.34768,18
SQ:USDSGD,2023-06-07T05:09:00+02:00,1.34768,1.34769,1.34766,1.34766,5
SQ:USDSGD,2023-06-07T05:10:00+02:00,1.34765,1.34765,1.34748,1.34752,37
SQ:USDSGD,2023-06-07T05:11:00+02:00,1.34752,1.34762,1.34752,1.34762,16
SQ:USDSGD,2023-06-07T05:12:00+02:00,1.34763,1.34772,1.34763,1.34769,32
SQ:USDSGD,2023-06-07T05:13:00+02:00,1.34769,1.34772,1.34769,1.34771,9
SQ:USDSGD,2023-06-07T05:14:00+02:00,1.34771,1.34772,1.34769,1.34771,13
SQ:USDSGD,2023-06-07T05:15:00+02:00,1.34771,1.34773,1.34760,1.34760,17
SQ:USDSGD,2023-06-07T05:16:00+02:00,1.34759,1.34759,1.34740,1.34741,24
SQ:USDSGD,2023-06-07T05:17:00+02:00,1.34741,1.34750,1.34740,1.34749,21
SQ:USDSGD,2023-06-07T05:18:00+02:00,1.34748,1.34748,1.34748,1.34748,1
SQ:USDSGD,2023-06-07T05:19:00+02:00,1.34747,1.34747,1.34744,1.34744,3
SQ:USDSGD,2023-06-07T05:20:00+02:00,1.34745,1.34752,1.34744,1.34748,15
SQ:USDSGD,2023-06-07T05:21:00+02:00,1.34747,1.34767,1.34747,1.34761,27
SQ:USDSGD,2023-06-07T05:22:00+02:00,1.34762,1.34762,1.34747,1.34748,17
SQ:USDSGD,2023-06-07T05:23:00+02:00,1.34747,1.34757,1.34743,1.34757,35
SQ:USDSGD,2023-06-07T05:24:00+02:00,1.34757,1.34759,1.34757,1.34758,8
SQ:USDSGD,2023-06-07T05:25:00+02:00,1.34758,1.34758,1.34753,1.34757,10
SQ:USDSGD,2023-06-07T05:26:00+02:00,1.34756,1.34759,1.34756,1.34759,8
SQ:USDSGD,2023-06-07T05:27:00+02:00,1.34758,1.34760,1.34757,1.34759,18
SQ:USDSGD,2023-06-07T05:28:00+02:00,1.34760,1.34760,1.34759,1.34759,2
SQ:USDSGD,2023-06-07T05:29:00+02:00,1.34759,1.34759,1.34758,1.34758,12
SQ:USDSGD,2023-06-07T05:30:00+02:00,1.34759,1.34761,1.34759,1.34760,6
SQ:USDSGD,2023-06-07T05:31:00+02:00,1.34760,1.34777,1.34759,1.34774,32
SQ:USDSGD,2023-06-07T05:32:00+02:00,1.34773,1.34773,1.34749,1.34755,39
SQ:USDSGD,2023-06-07T05:33:00+02:00,1.34756,1.34770,1.34756,1.34760,22
SQ:USDSGD,2023-06-07T05:34:00+02:00,1.34760,1.34762,1.34750,1.34750,23
SQ:USDSGD,2023-06-07T05:35:00+02:00,1.34749,1.34751,1.34748,1.34749,11
SQ:USDSGD,2023-06-07T05:36:00+02:00,1.34749,1.34762,1.34749,1.34758,18
SQ:USDSGD,2023-06-07T05:37:00+02:00,1.34758,1.34761,1.34758,1.34760,6
SQ:USDSGD,2023-06-07T05:38:00+02:00,1.34761,1.34761,1.34746,1.34747,9
SQ:USDSGD,2023-06-07T05:39:00+02:00,1.34747,1.34752,1.34747,1.34751,15
SQ:USDSGD,2023-06-07T05:40:00+02:00,1.34751,1.34755,1.34747,1.34748,15
SQ:USDSGD,2023-06-07T05:41:00+02:00,1.34749,1.34750,1.34749,1.34749,5
SQ:USDSGD,2023-06-07T05:42:00+02:00,1.34749,1.34749,1.34746,1.34746,6
SQ:USDSGD,2023-06-07T05:43:00+02:00,1.34746,1.34747,1.34746,1.34746,3
SQ:USDSGD,2023-06-07T05:44:00+02:00,1.34746,1.34747,1.34746,1.34746,7
SQ:USDSGD,2023-06-07T05:45:00+02:00,1.34746,1.34746,1.34742,1.34743,7
SQ:USDSGD,2023-06-07T05:46:00+02:00,1.34743,1.34743,1.34742,1.34742,6
SQ:USDSGD,2023-06-07T05:47:00+02:00,1.34743,1.34745,1.34742,1.34745,5
SQ:USDSGD,2023-06-07T05:48:00+02:00,1.34745,1.34745,1.34744,1.34744,2
SQ:USDSGD,2023-06-07T05:49:00+02:00,1.34744,1.34745,1.34743,1.34745,6
SQ:USDSGD,2023-06-07T05:50:00+02:00,1.34744,1.34752,1.34744,1.34751,7
SQ:USDSGD,2023-06-07T05:51:00+02:00,1.34752,1.34756,1.34752,1.34754,7
SQ:USDSGD,2023-06-07T05:52:00+02:00,1.34754,1.34754,1.34743,1.34749,15
SQ:USDSGD,2023-06-07T05:53:00+02:00,1.34750,1.34753,1.34747,1.34749,19
SQ:USDSGD,2023-06-07T05:54:00+02:00,1.34749,1.34749,1.34747,1.34747,5
SQ:USDSGD,2023-06-07T05:55:00+02:00,1.34746,1.34747,1.34743,1.34745,16
SQ:USDSGD,2023-06-07T05:56:00+02:00,1.34745,1.34750,1.34745,1.34747,15
SQ:USDSGD,2023-06-07T05:57:00+02:00,1.34747,1.34747,1.34747,1.34747,1
SQ:USDSGD,2023-06-07T05:58:00+02:00,1.34747,1.34747,1.34747,1.34747,1
SQ:USDSGD,2023-06-07T05:59:00+02:00,1.34747,1.34748,1.34747,1.34748,2
SQ:USDSGD,2023-06-07T06:00:00+02:00,1.34750,1.34754,1.34750,1.34751,9
SQ:USDSGD,2023-06-07T06:01:00+02:00,1.34750,1.34750,1.34742,1.34743,15
SQ:USDSGD,2023-06-07T06:02:00+02:00,1.34742,1.34749,1.34739,1.34741,21
SQ:USDSGD,2023-06-07T06:03:00+02:00,1.34741,1.34743,1.34740,1.34741,17
SQ:USDSGD,2023-06-07T06:04:00+02:00,1.34742,1.34749,1.34742,1.34746,11
SQ:USDSGD,2023-06-07T06:05:00+02:00,1.34747,1.34748,1.34746,1.34746,4
SQ:USDSGD,2023-06-07T06:06:00+02:00,1.34746,1.34747,1.34743,1.34747,12
SQ:USDSGD,2023-06-07T06:07:00+02:00,1.34747,1.34748,1.34741,1.34744,19
SQ:USDSGD,2023-06-07T06:08:00+02:00,1.34744,1.34744,1.34741,1.34742,7
SQ:USDSGD,2023-06-07T06:09:00+02:00,1.34742,1.34748,1.34741,1.34748,15
SQ:USDSGD,2023-06-07T06:10:00+02:00,1.34748,1.34748,1.34745,1.34745,10
SQ:USDSGD,2023-06-07T06:11:00+02:00,1.34746,1.34749,1.34745,1.34749,11
SQ:USDSGD,2023-06-07T06:12:00+02:00,1.34748,1.34748,1.34741,1.34742,12
SQ:USDSGD,2023-06-07T06:13:00+02:00,1.34741,1.34742,1.34741,1.34742,8
SQ:USDSGD,2023-06-07T06:14:00+02:00,1.34743,1.34745,1.34729,1.34730,21
SQ:USDSGD,2023-06-07T06:15:00+02:00,1.34731,1.34737,1.34727,1.34730,22
SQ:USDSGD,2023-06-07T06:16:00+02:00,1.34729,1.34734,1.34729,1.34730,18
SQ:USDSGD,2023-06-07T06:17:00+02:00,1.34730,1.34734,1.34730,1.34732,14
SQ:USDSGD,2023-06-07T06:18:00+02:00,1.34733,1.34733,1.34716,1.34716,34
SQ:USDSGD,2023-06-07T06:19:00+02:00,1.34717,1.34720,1.34717,1.34719,9
SQ:USDSGD,2023-06-07T06:20:00+02:00,1.34720,1.34720,1.34719,1.34719,8
SQ:USDSGD,2023-06-07T06:21:00+02:00,1.34718,1.34718,1.34707,1.34709,13
SQ:USDSGD,2023-06-07T06:22:00+02:00,1.34710,1.34715,1.34709,1.34709,12
SQ:USDSGD,2023-06-07T06:23:00+02:00,1.34709,1.34710,1.34707,1.34709,9
SQ:USDSGD,2023-06-07T06:24:00+02:00,1.34710,1.34710,1.34706,1.34707,5
SQ:USDSGD,2023-06-07T06:25:00+02:00,1.34707,1.34710,1.34706,1.34710,11
SQ:USDSGD,2023-06-07T06:26:00+02:00,1.34710,1.34712,1.34700,1.34702,12
SQ:USDSGD,2023-06-07T06:27:00+02:00,1.34702,1.34702,1.34702,1.34702,1
SQ:USDSGD,2023-06-07T06:28:00+02:00,1.34701,1.34703,1.34701,1.34702,4
SQ:USDSGD,2023-06-07T06:29:00+02:00,1.34705,1.34712,1.34705,1.34712,9
SQ:USDSGD,2023-06-07T06:30:00+02:00,1.34712,1.34714,1.34712,1.34714,3
SQ:USDSGD,2023-06-07T06:31:00+02:00,1.34714,1.34714,1.34711,1.34713,9
SQ:USDSGD,2023-06-07T06:32:00+02:00,1.34713,1.34723,1.34713,1.34722,9
SQ:USDSGD,2023-06-07T06:33:00+02:00,1.34722,1.34722,1.34711,1.34717,28
SQ:USDSGD,2023-06-07T06:34:00+02:00,1.34717,1.34722,1.34717,1.34721,9
SQ:USDSGD,2023-06-07T06:35:00+02:00,1.34720,1.34722,1.34719,1.34721,10
SQ:USDSGD,2023-06-07T06:36:00+02:00,1.34721,1.34731,1.34720,1.34729,14
SQ:USDSGD,2023-06-07T06:37:00+02:00,1.34729,1.34735,1.34729,1.34734,13
SQ:USDSGD,2023-06-07T06:38:00+02:00,1.34733,1.34733,1.34726,1.34727,8
SQ:USDSGD,2023-06-07T06:39:00+02:00,1.34727,1.34728,1.34717,1.34718,14
SQ:USDSGD,2023-06-07T06:40:00+02:00,1.34718,1.34729,1.34718,1.34729,13
SQ:USDSGD,2023-06-07T06:41:00+02:00,1.34729,1.34729,1.34727,1.34729,7
SQ:USDSGD,2023-06-07T06:42:00+02:00,1.34730,1.34730,1.34729,1.34729,2
SQ:USDSGD,2023-06-07T06:43:00+02:00,1.34729,1.34730,1.34728,1.34729,5
SQ:USDSGD,2023-06-07T06:44:00+02:00,1.34729,1.34733,1.34728,1.34732,7
SQ:USDSGD,2023-06-07T06:45:00+02:00,1.34731,1.34734,1.34730,1.34734,6
SQ:USDSGD,2023-06-07T06:46:00+02:00,1.34734,1.34734,1.34732,1.34733,4
SQ:USDSGD,2023-06-07T06:47:00+02:00,1.34733,1.34734,1.34731,1.34734,6
SQ:USDSGD,2023-06-07T06:48:00+02:00,1.34734,1.34735,1.34734,1.34735,2
SQ:USDSGD,2023-06-07T06:49:00+02:00,1.34735,1.34742,1.34735,1.34742,8
SQ:USDSGD,2023-06-07T06:50:00+02:00,1.34741,1.34742,1.34741,1.34741,3
SQ:USDSGD,2023-06-07T06:51:00+02:00,1.34740,1.34740,1.34723,1.34724,11
SQ:USDSGD,2023-06-07T06:52:00+02:00,1.34725,1.34731,1.34725,1.34730,27
SQ:USDSGD,2023-06-07T06:53:00+02:00,1.34730,1.34738,1.34730,1.34736,17
SQ:USDSGD,2023-06-07T06:54:00+02:00,1.34736,1.34743,1.34736,1.34742,10
SQ:USDSGD,2023-06-07T06:55:00+02:00,1.34742,1.34744,1.34742,1.34744,5
SQ:USDSGD,2023-06-07T06:56:00+02:00,1.34744,1.34744,1.34739,1.34743,23
SQ:USDSGD,2023-06-07T06:57:00+02:00,1.34744,1.34744,1.34742,1.34743,6
SQ:USDSGD,2023-06-07T06:58:00+02:00,1.34743,1.34743,1.34741,1.34743,6
SQ:USDSGD,2023-06-07T06:59:00+02:00,1.34744,1.34744,1.34744,1.34744,1
SQ:USDSGD,2023-06-07T07:00:00+02:00,1.34744,1.34759,1.34744,1.34754,31
SQ:USDSGD,2023-06-07T07:01:00+02:00,1.34755,1.34771,1.34755,1.34770,17
SQ:USDSGD,2023-06-07T07:02:00+02:00,1.34770,1.34772,1.34766,1.34766,12
SQ:USDSGD,2023-06-07T07:03:00+02:00,1.34766,1.34772,1.34760,1.34760,25
SQ:USDSGD,2023-06-07T07:04:00+02:00,1.34760,1.34763,1.34758,1.34763,14
SQ:USDSGD,2023-06-07T07:05:00+02:00,1.34763,1.34764,1.34761,1.34761,7
SQ:USDSGD,2023-06-07T07:06:00+02:00,1.34760,1.34760,1.34750,1.34752,31
SQ:USDSGD,2023-06-07T07:07:00+02:00,1.34751,1.34752,1.34750,1.34752,4
SQ:USDSGD,2023-06-07T07:08:00+02:00,1.34752,1.34755,1.34752,1.34755,6
SQ:USDSGD,2023-06-07T07:09:00+02:00,1.34755,1.34760,1.34755,1.34759,8
SQ:USDSGD,2023-06-07T07:10:00+02:00,1.34759,1.34764,1.34759,1.34759,14
SQ:USDSGD,2023-06-07T07:11:00+02:00,1.34760,1.34763,1.34757,1.34760,22
SQ:USDSGD,2023-06-07T07:12:00+02:00,1.34761,1.34762,1.34759,1.34759,9
SQ:USDSGD,2023-06-07T07:13:00+02:00,1.34759,1.34759,1.34749,1.34755,26
SQ:USDSGD,2023-06-07T07:14:00+02:00,1.34756,1.34756,1.34748,1.34751,30
SQ:USDSGD,2023-06-07T07:15:00+02:00,1.34751,1.34761,1.34751,1.34758,23
SQ:USDSGD,2023-06-07T07:16:00+02:00,1.34758,1.34761,1.34758,1.34759,10
SQ:USDSGD,2023-06-07T07:17:00+02:00,1.34759,1.34763,1.34759,1.34759,9
SQ:USDSGD,2023-06-07T07:18:00+02:00,1.34760,1.34762,1.34758,1.34761,16
SQ:USDSGD,2023-06-07T07:19:00+02:00,1.34760,1.34774,1.34760,1.34774,31
SQ:USDSGD,2023-06-07T07:20:00+02:00,1.34773,1.34774,1.34769,1.34770,8
SQ:USDSGD,2023-06-07T07:21:00+02:00,1.34770,1.34770,1.34763,1.34764,28
SQ:USDSGD,2023-06-07T07:22:00+02:00,1.34764,1.34765,1.34762,1.34764,19
SQ:USDSGD,2023-06-07T07:23:00+02:00,1.34764,1.34766,1.34761,1.34764,12
SQ:USDSGD,2023-06-07T07:24:00+02:00,1.34764,1.34785,1.34763,1.34780,27
SQ:USDSGD,2023-06-07T07:25:00+02:00,1.34780,1.34783,1.34779,1.34781,22
SQ:USDSGD,2023-06-07T07:26:00+02:00,1.34780,1.34786,1.34780,1.34783,26
SQ:USDSGD,2023-06-07T07:27:00+02:00,1.34783,1.34793,1.34782,1.34793,17
SQ:USDSGD,2023-06-07T07:28:00+02:00,1.34793,1.34794,1.34792,1.34792,6
SQ:USDSGD,2023-06-07T07:29:00+02:00,1.34792,1.34794,1.34785,1.34786,16
SQ:USDSGD,2023-06-07T07:30:00+02:00,1.34786,1.34786,1.34763,1.34763,27
SQ:USDSGD,2023-06-07T07:31:00+02:00,1.34764,1.34773,1.34763,1.34770,14
SQ:USDSGD,2023-06-07T07:32:00+02:00,1.34770,1.34770,1.34769,1.34770,7
SQ:USDSGD,2023-06-07T07:33:00+02:00,1.34770,1.34771,1.34770,1.34770,5
SQ:USDSGD,2023-06-07T07:34:00+02:00,1.34770,1.34770,1.34759,1.34759,14
SQ:USDSGD,2023-06-07T07:35:00+02:00,1.34759,1.34759,1.34756,1.34756,8
SQ:USDSGD,2023-06-07T07:36:00+02:00,1.34757,1.34757,1.34751,1.34751,7
SQ:USDSGD,2023-06-07T07:37:00+02:00,1.34750,1.34753,1.34749,1.34753,7
SQ:USDSGD,2023-06-07T07:38:00+02:00,1.34754,1.34755,1.34751,1.34751,8
SQ:USDSGD,2023-06-07T07:39:00+02:00,1.34752,1.34753,1.34734,1.34736,25
SQ:USDSGD,2023-06-07T07:40:00+02:00,1.34736,1.34736,1.34724,1.34725,16
SQ:USDSGD,2023-06-07T07:41:00+02:00,1.34725,1.34744,1.34725,1.34743,16
SQ:USDSGD,2023-06-07T07:42:00+02:00,1.34743,1.34744,1.34732,1.34736,16
SQ:USDSGD,2023-06-07T07:43:00+02:00,1.34736,1.34737,1.34730,1.34730,40
SQ:USDSGD,2023-06-07T07:44:00+02:00,1.34731,1.34733,1.34724,1.34733,13
SQ:USDSGD,2023-06-07T07:45:00+02:00,1.34733,1.34753,1.34732,1.34752,38
SQ:USDSGD,2023-06-07T07:46:00+02:00,1.34752,1.34756,1.34751,1.34755,15
SQ:USDSGD,2023-06-07T07:47:00+02:00,1.34755,1.34757,1.34755,1.34755,3
SQ:USDSGD,2023-06-07T07:48:00+02:00,1.34755,1.34757,1.34755,1.34755,5
SQ:USDSGD,2023-06-07T07:49:00+02:00,1.34755,1.34763,1.34745,1.34762,31
SQ:USDSGD,2023-06-07T07:50:00+02:00,1.34763,1.34767,1.34760,1.34766,24
SQ:USDSGD,2023-06-07T07:51:00+02:00,1.34767,1.34767,1.34762,1.34767,18
SQ:USDSGD,2023-06-07T07:52:00+02:00,1.34767,1.34768,1.34762,1.34768,15
SQ:USDSGD,2023-06-07T07:53:00+02:00,1.34767,1.34776,1.34766,1.34776,30
SQ:USDSGD,2023-06-07T07:54:00+02:00,1.34777,1.34779,1.34773,1.34779,23
SQ:USDSGD,2023-06-07T07:55:00+02:00,1.34778,1.34779,1.34768,1.34773,24
SQ:USDSGD,2023-06-07T07:56:00+02:00,1.34773,1.34787,1.34773,1.34782,19
SQ:USDSGD,2023-06-07T07:57:00+02:00,1.34782,1.34790,1.34782,1.34790,12
SQ:USDSGD,2023-06-07T07:58:00+02:00,1.34790,1.34812,1.34790,1.34811,28
SQ:USDSGD,2023-06-07T07:59:00+02:00,1.34811,1.34812,1.34804,1.34811,22
SQ:USDSGD,2023-06-07T08:00:00+02:00,1.34812,1.34814,1.34799,1.34812,36
SQ:USDSGD,2023-06-07T08:01:00+02:00,1.34811,1.34815,1.34810,1.34814,17
SQ:USDSGD,2023-06-07T08:02:00+02:00,1.34812,1.34812,1.34793,1.34800,19
SQ:USDSGD,2023-06-07T08:03:00+02:00,1.34800,1.34806,1.34796,1.34796,40
SQ:USDSGD,2023-06-07T08:04:00+02:00,1.34798,1.34806,1.34796,1.34800,56
SQ:USDSGD,2023-06-07T08:05:00+02:00,1.34800,1.34809,1.34798,1.34800,52
SQ:USDSGD,2023-06-07T08:06:00+02:00,1.34799,1.34799,1.34777,1.34777,45
SQ:USDSGD,2023-06-07T08:07:00+02:00,1.34777,1.34780,1.34775,1.34777,28
SQ:USDSGD,2023-06-07T08:08:00+02:00,1.34777,1.34779,1.34776,1.34776,24
SQ:USDSGD,2023-06-07T08:09:00+02:00,1.34776,1.34776,1.34766,1.34767,41
SQ:USDSGD,2023-06-07T08:10:00+02:00,1.34768,1.34780,1.34766,1.34778,21
SQ:USDSGD,2023-06-07T08:11:00+02:00,1.34777,1.34791,1.34777,1.34791,30
SQ:USDSGD,2023-06-07T08:12:00+02:00,1.34791,1.34799,1.34791,1.34797,33
SQ:USDSGD,2023-06-07T08:13:00+02:00,1.34797,1.34797,1.34787,1.34789,17
SQ:USDSGD,2023-06-07T08:14:00+02:00,1.34789,1.34789,1.34781,1.34781,18
SQ:USDSGD,2023-06-07T08:15:00+02:00,1.34781,1.34783,1.34778,1.34779,15
SQ:USDSGD,2023-06-07T08:16:00+02:00,1.34779,1.34789,1.34779,1.34788,21
SQ:USDSGD,2023-06-07T08:17:00+02:00,1.34788,1.34795,1.34787,1.34794,10
SQ:USDSGD,2023-06-07T08:18:00+02:00,1.34793,1.34800,1.34791,1.34800,12
SQ:USDSGD,2023-06-07T08:19:00+02:00,1.34801,1.34804,1.34800,1.34802,12
SQ:USDSGD,2023-06-07T08:20:00+02:00,1.34805,1.34813,1.34802,1.34813,12
SQ:USDSGD,2023-06-07T08:21:00+02:00,1.34813,1.34824,1.34813,1.34824,15
SQ:USDSGD,2023-06-07T08:22:00+02:00,1.34824,1.34834,1.34824,1.34827,28
SQ:USDSGD,2023-06-07T08:23:00+02:00,1.34829,1.34830,1.34824,1.34826,21
SQ:USDSGD,2023-06-07T08:24:00+02:00,1.34826,1.34843,1.34826,1.34839,22
SQ:USDSGD,2023-06-07T08:25:00+02:00,1.34839,1.34839,1.34823,1.34826,17
SQ:USDSGD,2023-06-07T08:26:00+02:00,1.34827,1.34830,1.34826,1.34827,22
SQ:USDSGD,2023-06-07T08:27:00+02:00,1.34828,1.34831,1.34827,1.34829,11
SQ:USDSGD,2023-06-07T08:28:00+02:00,1.34827,1.34829,1.34827,1.34829,11
SQ:USDSGD,2023-06-07T08:29:00+02:00,1.34829,1.34831,1.34829,1.34830,8
SQ:USDSGD,2023-06-07T08:30:00+02:00,1.34829,1.34847,1.34829,1.34843,34
SQ:USDSGD,2023-06-07T08:31:00+02:00,1.34841,1.34854,1.34840,1.34853,31
SQ:USDSGD,2023-06-07T08:32:00+02:00,1.34854,1.34874,1.34852,1.34874,44
SQ:USDSGD,2023-06-07T08:33:00+02:00,1.34872,1.34895,1.34871,1.34893,42
SQ:USDSGD,2023-06-07T08:34:00+02:00,1.34893,1.34893,1.34878,1.34878,29
SQ:USDSGD,2023-06-07T08:35:00+02:00,1.34878,1.34889,1.34870,1.34870,37
SQ:USDSGD,2023-06-07T08:36:00+02:00,1.34870,1.34880,1.34869,1.34879,22
SQ:USDSGD,2023-06-07T08:37:00+02:00,1.34879,1.34880,1.34874,1.34874,34
SQ:USDSGD,2023-06-07T08:38:00+02:00,1.34872,1.34876,1.34871,1.34876,21
SQ:USDSGD,2023-06-07T08:39:00+02:00,1.34876,1.34878,1.34871,1.34876,32
SQ:USDSGD,2023-06-07T08:40:00+02:00,1.34875,1.34882,1.34874,1.34882,40
SQ:USDSGD,2023-06-07T08:41:00+02:00,1.34882,1.34886,1.34876,1.34879,41
SQ:USDSGD,2023-06-07T08:42:00+02:00,1.34879,1.34879,1.34870,1.34870,19
SQ:USDSGD,2023-06-07T08:43:00+02:00,1.34870,1.34888,1.34870,1.34888,36
SQ:USDSGD,2023-06-07T08:44:00+02:00,1.34888,1.34888,1.34879,1.34879,17
SQ:USDSGD,2023-06-07T08:45:00+02:00,1.34879,1.34883,1.34856,1.34856,32
SQ:USDSGD,2023-06-07T08:46:00+02:00,1.34856,1.34857,1.34854,1.34855,6
SQ:USDSGD,2023-06-07T08:47:00+02:00,1.34856,1.34863,1.34856,1.34858,21
SQ:USDSGD,2023-06-07T08:48:00+02:00,1.34858,1.34858,1.34849,1.34850,26
SQ:USDSGD,2023-06-07T08:49:00+02:00,1.34850,1.34903,1.34850,1.34902,56
SQ:USDSGD,2023-06-07T08:50:00+02:00,1.34903,1.34903,1.34877,1.34881,49
SQ:USDSGD,2023-06-07T08:51:00+02:00,1.34881,1.34889,1.34873,1.34887,46
SQ:USDSGD,2023-06-07T08:52:00+02:00,1.34888,1.34889,1.34881,1.34881,13
SQ:USDSGD,2023-06-07T08:53:00+02:00,1.34880,1.34880,1.34872,1.34872,17
SQ:USDSGD,2023-06-07T08:54:00+02:00,1.34872,1.34886,1.34872,1.34881,47
SQ:USDSGD,2023-06-07T08:55:00+02:00,1.34881,1.34891,1.34876,1.34885,42
SQ:USDSGD,2023-06-07T08:56:00+02:00,1.34886,1.34900,1.34881,1.34898,32
SQ:USDSGD,2023-06-07T08:57:00+02:00,1.34897,1.34904,1.34887,1.34887,44
SQ:USDSGD,2023-06-07T08:58:00+02:00,1.34887,1.34888,1.34885,1.34888,11
SQ:USDSGD,2023-06-07T08:59:00+02:00,1.34889,1.34889,1.34873,1.34873,23
SQ:USDSGD,2023-06-07T09:00:00+02:00,1.34873,1.34874,1.34863,1.34866,57
SQ:USDSGD,2023-06-07T09:01:00+02:00,1.34866,1.34881,1.34866,1.34877,33
SQ:USDSGD,2023-06-07T09:02:00+02:00,1.34877,1.34879,1.34860,1.34861,47
SQ:USDSGD,2023-06-07T09:03:00+02:00,1.34865,1.34868,1.34842,1.34842,34
SQ:USDSGD,2023-06-07T09:04:00+02:00,1.34843,1.34844,1.34835,1.34841,44
SQ:USDSGD,2023-06-07T09:05:00+02:00,1.34840,1.34847,1.34836,1.34845,39
SQ:USDSGD,2023-06-07T09:06:00+02:00,1.34845,1.34853,1.34840,1.34853,52
SQ:USDSGD,2023-06-07T09:07:00+02:00,1.34852,1.34855,1.34847,1.34853,42
SQ:USDSGD,2023-06-07T09:08:00+02:00,1.34854,1.34880,1.34853,1.34880,39
SQ:USDSGD,2023-06-07T09:09:00+02:00,1.34880,1.34898,1.34879,1.34898,26
SQ:USDSGD,2023-06-07T09:10:00+02:00,1.34897,1.34911,1.34896,1.34910,28
SQ:USDSGD,2023-06-07T09:11:00+02:00,1.34909,1.34913,1.34907,1.34908,21
SQ:USDSGD,2023-06-07T09:12:00+02:00,1.34908,1.34908,1.34901,1.34904,28
SQ:USDSGD,2023-06-07T09:13:00+02:00,1.34905,1.34914,1.34905,1.34914,12
SQ:USDSGD,2023-06-07T09:14:00+02:00,1.34913,1.34913,1.34907,1.34909,8
SQ:USDSGD,2023-06-07T09:15:00+02:00,1.34908,1.34908,1.34887,1.34887,34
SQ:USDSGD,2023-06-07T09:16:00+02:00,1.34888,1.34893,1.34888,1.34889,27
SQ:USDSGD,2023-06-07T09:17:00+02:00,1.34889,1.34895,1.34888,1.34894,25
SQ:USDSGD,2023-06-07T09:18:00+02:00,1.34894,1.34900,1.34887,1.34891,44
SQ:USDSGD,2023-06-07T09:19:00+02:00,1.34890,1.34896,1.34880,1.34880,36
SQ:USDSGD,2023-06-07T09:20:00+02:00,1.34879,1.34884,1.34878,1.34882,18
SQ:USDSGD,2023-06-07T09:21:00+02:00,1.34882,1.34898,1.34882,1.34894,42
SQ:USDSGD,2023-06-07T09:22:00+02:00,1.34893,1.34896,1.34886,1.34887,24
SQ:USDSGD,2023-06-07T09:23:00+02:00,1.34887,1.34895,1.34887,1.34895,28
SQ:USDSGD,2023-06-07T09:24:00+02:00,1.34895,1.34901,1.34890,1.34893,46
SQ:USDSGD,2023-06-07T09:25:00+02:00,1.34893,1.34905,1.34891,1.34904,34
SQ:USDSGD,2023-06-07T09:26:00+02:00,1.34905,1.34905,1.34888,1.34892,36
SQ:USDSGD,2023-06-07T09:27:00+02:00,1.34894,1.34895,1.34891,1.34891,13
SQ:USDSGD,2023-06-07T09:28:00+02:00,1.34891,1.34897,1.34884,1.34896,32
SQ:USDSGD,2023-06-07T09:29:00+02:00,1.34895,1.34896,1.34894,1.34896,4
SQ:USDSGD,2023-06-07T09:30:00+02:00,1.34896,1.34896,1.34882,1.34883,22
SQ:USDSGD,2023-06-07T09:31:00+02:00,1.34884,1.34886,1.34870,1.34872,14
SQ:USDSGD,2023-06-07T09:32:00+02:00,1.34872,1.34878,1.34867,1.34873,26
SQ:USDSGD,2023-06-07T09:33:00+02:00,1.34874,1.34876,1.34874,1.34875,14
SQ:USDSGD,2023-06-07T09:34:00+02:00,1.34875,1.34891,1.34875,1.34885,30
SQ:USDSGD,2023-06-07T09:35:00+02:00,1.34884,1.34885,1.34874,1.34875,25
SQ:USDSGD,2023-06-07T09:36:00+02:00,1.34875,1.34883,1.34874,1.34883,16
SQ:USDSGD,2023-06-07T09:37:00+02:00,1.34883,1.34891,1.34883,1.34886,30
SQ:USDSGD,2023-06-07T09:38:00+02:00,1.34887,1.34887,1.34884,1.34885,8
SQ:USDSGD,2023-06-07T09:39:00+02:00,1.34886,1.34891,1.34886,1.34891,13
SQ:USDSGD,2023-06-07T09:40:00+02:00,1.34891,1.34893,1.34887,1.34887,28
SQ:USDSGD,2023-06-07T09:41:00+02:00,1.34887,1.34890,1.34883,1.34889,37
SQ:USDSGD,2023-06-07T09:42:00+02:00,1.34889,1.34896,1.34889,1.34895,12
SQ:USDSGD,2023-06-07T09:43:00+02:00,1.34895,1.34899,1.34894,1.34894,15
SQ:USDSGD,2023-06-07T09:44:00+02:00,1.34894,1.34898,1.34884,1.34885,29
SQ:USDSGD,2023-06-07T09:45:00+02:00,1.34885,1.34886,1.34873,1.34876,40
SQ:USDSGD,2023-06-07T09:46:00+02:00,1.34876,1.34876,1.34867,1.34876,24
SQ:USDSGD,2023-06-07T09:47:00+02:00,1.34876,1.34878,1.34873,1.34874,22
SQ:USDSGD,2023-06-07T09:48:00+02:00,1.34875,1.34879,1.34869,1.34876,24
SQ:USDSGD,2023-06-07T09:49:00+02:00,1.34876,1.34879,1.34876,1.34878,16
SQ:USDSGD,2023-06-07T09:50:00+02:00,1.34878,1.34878,1.34863,1.34869,35
SQ:USDSGD,2023-06-07T09:51:00+02:00,1.34868,1.34883,1.34868,1.34879,16
SQ:USDSGD,2023-06-07T09:52:00+02:00,1.34879,1.34881,1.34874,1.34874,19
SQ:USDSGD,2023-06-07T09:53:00+02:00,1.34874,1.34874,1.34842,1.34844,31
SQ:USDSGD,2023-06-07T09:54:00+02:00,1.34847,1.34868,1.34847,1.34855,48
SQ:USDSGD,2023-06-07T09:55:00+02:00,1.34856,1.34863,1.34854,1.34859,28
SQ:USDSGD,2023-06-07T09:56:00+02:00,1.34859,1.34860,1.34856,1.34860,16
SQ:USDSGD,2023-06-07T09:57:00+02:00,1.34860,1.34863,1.34857,1.34862,18
SQ:USDSGD,2023-06-07T09:58:00+02:00,1.34863,1.34866,1.34853,1.34857,28
SQ:USDSGD,2023-06-07T09:59:00+02:00,1.34857,1.34857,1.34843,1.34843,46
SQ:USDSGD,2023-06-07T10:00:00+02:00,1.34843,1.34848,1.34841,1.34846,21
SQ:USDSGD,2023-06-07T10:01:00+02:00,1.34846,1.34866,1.34846,1.34866,25
SQ:USDSGD,2023-06-07T10:02:00+02:00,1.34865,1.34877,1.34864,1.34868,39
SQ:USDSGD,2023-06-07T10:03:00+02:00,1.34868,1.34875,1.34867,1.34871,24
SQ:USDSGD,2023-06-07T10:04:00+02:00,1.34870,1.34871,1.34864,1.34865,49
SQ:USDSGD,2023-06-07T10:05:00+02:00,1.34865,1.34868,1.34858,1.34861,40
SQ:USDSGD,2023-06-07T10:06:00+02:00,1.34861,1.34861,1.34843,1.34843,32
SQ:USDSGD,2023-06-07T10:07:00+02:00,1.34842,1.34842,1.34834,1.34836,11
SQ:USDSGD,2023-06-07T10:08:00+02:00,1.34835,1.34837,1.34830,1.34835,30
SQ:USDSGD,2023-06-07T10:09:00+02:00,1.34836,1.34837,1.34828,1.34828,24
SQ:USDSGD,2023-06-07T10:10:00+02:00,1.34829,1.34841,1.34825,1.34836,38
SQ:USDSGD,2023-06-07T10:11:00+02:00,1.34837,1.34840,1.34824,1.34824,36
SQ:USDSGD,2023-06-07T10:12:00+02:00,1.34824,1.34824,1.34824,1.34824,1
SQ:USDSGD,2023-06-07T10:13:00+02:00,1.34824,1.34824,1.34802,1.34807,62
SQ:USDSGD,2023-06-07T10:14:00+02:00,1.34806,1.34810,1.34805,1.34807,32
SQ:USDSGD,2023-06-07T10:15:00+02:00,1.34807,1.34809,1.34800,1.34808,22
SQ:USDSGD,2023-06-07T10:16:00+02:00,1.34808,1.34828,1.34802,1.34821,36
SQ:USDSGD,2023-06-07T10:17:00+02:00,1.34821,1.34821,1.34814,1.34817,25
SQ:USDSGD,2023-06-07T10:18:00+02:00,1.34817,1.34818,1.34802,1.34809,32
SQ:USDSGD,2023-06-07T10:19:00+02:00,1.34809,1.34812,1.34805,1.34811,34
SQ:USDSGD,2023-06-07T10:20:00+02:00,1.34811,1.34817,1.34811,1.34816,23
SQ:USDSGD,2023-06-07T10:21:00+02:00,1.34816,1.34820,1.34814,1.34818,27
SQ:USDSGD,2023-06-07T10:22:00+02:00,1.34817,1.34825,1.34817,1.34825,23
SQ:USDSGD,2023-06-07T10:23:00+02:00,1.34824,1.34833,1.34823,1.34829,25
SQ:USDSGD,2023-06-07T10:24:00+02:00,1.34830,1.34838,1.34830,1.34838,18
SQ:USDSGD,2023-06-07T10:25:00+02:00,1.34837,1.34839,1.34831,1.34831,11
SQ:USDSGD,2023-06-07T10:26:00+02:00,1.34831,1.34831,1.34829,1.34830,14
SQ:USDSGD,2023-06-07T10:27:00+02:00,1.34830,1.34839,1.34829,1.34836,27
SQ:USDSGD,2023-06-07T10:28:00+02:00,1.34836,1.34836,1.34831,1.34831,21
SQ:USDSGD,2023-06-07T10:29:00+02:00,1.34832,1.34832,1.34827,1.34828,5
SQ:USDSGD,2023-06-07T10:30:00+02:00,1.34828,1.34829,1.34825,1.34828,16
SQ:USDSGD,2023-06-07T10:31:00+02:00,1.34827,1.34828,1.34826,1.34826,10
SQ:USDSGD,2023-06-07T10:32:00+02:00,1.34826,1.34826,1.34822,1.34822,15
SQ:USDSGD,2023-06-07T10:33:00+02:00,1.34822,1.34824,1.34812,1.34812,18
SQ:USDSGD,2023-06-07T10:34:00+02:00,1.34812,1.34817,1.34810,1.34817,27
SQ:USDSGD,2023-06-07T10:35:00+02:00,1.34817,1.34822,1.34815,1.34815,21
SQ:USDSGD,2023-06-07T10:36:00+02:00,1.34815,1.34825,1.34815,1.34824,17
SQ:USDSGD,2023-06-07T10:37:00+02:00,1.34824,1.34825,1.34811,1.34814,20
SQ:USDSGD,2023-06-07T10:38:00+02:00,1.34815,1.34820,1.34814,1.34817,16
SQ:USDSGD,2023-06-07T10:39:00+02:00,1.34817,1.34825,1.34816,1.34824,24
SQ:USDSGD,2023-06-07T10:40:00+02:00,1.34824,1.34831,1.34822,1.34826,46
SQ:USDSGD,2023-06-07T10:41:00+02:00,1.34827,1.34828,1.34823,1.34824,24
SQ:USDSGD,2023-06-07T10:42:00+02:00,1.34824,1.34827,1.34822,1.34823,18
SQ:USDSGD,2023-06-07T10:43:00+02:00,1.34822,1.34829,1.34822,1.34824,24
SQ:USDSGD,2023-06-07T10:44:00+02:00,1.34824,1.34824,1.34814,1.34814,14
SQ:USDSGD,2023-06-07T10:45:00+02:00,1.34814,1.34814,1.34803,1.34805,25
SQ:USDSGD,2023-06-07T10:46:00+02:00,1.34806,1.34807,1.34804,1.34805,18
SQ:USDSGD,2023-06-07T10:47:00+02:00,1.34805,1.34806,1.34804,1.34806,8
SQ:USDSGD,2023-06-07T10:48:00+02:00,1.34806,1.34806,1.34794,1.34804,24
SQ:USDSGD,2023-06-07T10:49:00+02:00,1.34804,1.34810,1.34794,1.34794,25
SQ:USDSGD,2023-06-07T10:50:00+02:00,1.34794,1.34796,1.34790,1.34790,30
SQ:USDSGD,2023-06-07T10:51:00+02:00,1.34790,1.34794,1.34790,1.34793,20
SQ:USDSGD,2023-06-07T10:52:00+02:00,1.34793,1.34794,1.34779,1.34782,31
SQ:USDSGD,2023-06-07T10:53:00+02:00,1.34782,1.34790,1.34782,1.34787,24
SQ:USDSGD,2023-06-07T10:54:00+02:00,1.34787,1.34797,1.34786,1.34796,16
SQ:USDSGD,2023-06-07T10:55:00+02:00,1.34796,1.34797,1.34787,1.34787,22
SQ:USDSGD,2023-06-07T10:56:00+02:00,1.34787,1.34788,1.34784,1.34788,15
SQ:USDSGD,2023-06-07T10:57:00+02:00,1.34788,1.34788,1.34759,1.34759,27
SQ:USDSGD,2023-06-07T10:58:00+02:00,1.34759,1.34767,1.34752,1.34752,21
SQ:USDSGD,2023-06-07T10:59:00+02:00,1.34752,1.34752,1.34739,1.34741,16
SQ:USDSGD,2023-06-07T11:00:00+02:00,1.34739,1.34760,1.34736,1.34748,59
SQ:USDSGD,2023-06-07T11:01:00+02:00,1.34748,1.34753,1.34738,1.34747,42
SQ:USDSGD,2023-06-07T11:02:00+02:00,1.34746,1.34757,1.34746,1.34755,33
SQ:USDSGD,2023-06-07T11:03:00+02:00,1.34754,1.34755,1.34737,1.34737,37
SQ:USDSGD,2023-06-07T11:04:00+02:00,1.34737,1.34747,1.34737,1.34742,47
SQ:USDSGD,2023-06-07T11:05:00+02:00,1.34742,1.34742,1.34723,1.34727,48
SQ:USDSGD,2023-06-07T11:06:00+02:00,1.34727,1.34738,1.34726,1.34737,21
SQ:USDSGD,2023-06-07T11:07:00+02:00,1.34737,1.34737,1.34734,1.34734,10
SQ:USDSGD,2023-06-07T11:08:00+02:00,1.34734,1.34736,1.34722,1.34722,26
SQ:USDSGD,2023-06-07T11:09:00+02:00,1.34722,1.34735,1.34720,1.34735,22
SQ:USDSGD,2023-06-07T11:10:00+02:00,1.34735,1.34738,1.34726,1.34735,38
SQ:USDSGD,2023-06-07T11:11:00+02:00,1.34735,1.34755,1.34735,1.34751,21
SQ:USDSGD,2023-06-07T11:12:00+02:00,1.34750,1.34750,1.34742,1.34745,26
SQ:USDSGD,2023-06-07T11:13:00+02:00,1.34745,1.34745,1.34743,1.34744,19
SQ:USDSGD,2023-06-07T11:14:00+02:00,1.34745,1.34747,1.34745,1.34747,9
SQ:USDSGD,2023-06-07T11:15:00+02:00,1.34746,1.34746,1.34732,1.34744,30
SQ:USDSGD,2023-06-07T11:16:00+02:00,1.34744,1.34755,1.34743,1.34755,19
SQ:USDSGD,2023-06-07T11:17:00+02:00,1.34755,1.34755,1.34750,1.34751,14
SQ:USDSGD,2023-06-07T11:18:00+02:00,1.34751,1.34751,1.34747,1.34750,13
SQ:USDSGD,2023-06-07T11:19:00+02:00,1.34750,1.34750,1.34742,1.34744,12
SQ:USDSGD,2023-06-07T11:20:00+02:00,1.34745,1.34745,1.34742,1.34742,12
SQ:USDSGD,2023-06-07T11:21:00+02:00,1.34742,1.34745,1.34741,1.34745,12
SQ:USDSGD,2023-06-07T11:22:00+02:00,1.34745,1.34746,1.34743,1.34744,28
SQ:USDSGD,2023-06-07T11:23:00+02:00,1.34743,1.34744,1.34721,1.34723,33
SQ:USDSGD,2023-06-07T11:24:00+02:00,1.34722,1.34722,1.34721,1.34722,13
SQ:USDSGD,2023-06-07T11:25:00+02:00,1.34722,1.34739,1.34722,1.34739,25
SQ:USDSGD,2023-06-07T11:26:00+02:00,1.34739,1.34746,1.34739,1.34746,20
SQ:USDSGD,2023-06-07T11:27:00+02:00,1.34746,1.34746,1.34733,1.34734,22
SQ:USDSGD,2023-06-07T11:28:00+02:00,1.34734,1.34748,1.34733,1.34748,31
SQ:USDSGD,2023-06-07T11:29:00+02:00,1.34747,1.34749,1.34732,1.34733,42
SQ:USDSGD,2023-06-07T11:30:00+02:00,1.34733,1.34734,1.34729,1.34733,22
SQ:USDSGD,2023-06-07T11:31:00+02:00,1.34732,1.34736,1.34730,1.34733,22
SQ:USDSGD,2023-06-07T11:32:00+02:00,1.34733,1.34735,1.34730,1.34735,19
SQ:USDSGD,2023-06-07T11:33:00+02:00,1.34735,1.34752,1.34734,1.34752,24
SQ:USDSGD,2023-06-07T11:34:00+02:00,1.34751,1.34754,1.34749,1.34754,10
SQ:USDSGD,2023-06-07T11:35:00+02:00,1.34755,1.34758,1.34755,1.34758,8
SQ:USDSGD,2023-06-07T11:36:00+02:00,1.34756,1.34757,1.34753,1.34755,14
SQ:USDSGD,2023-06-07T11:37:00+02:00,1.34755,1.34765,1.34754,1.34761,22
SQ:USDSGD,2023-06-07T11:38:00+02:00,1.34760,1.34766,1.34760,1.34762,25
SQ:USDSGD,2023-06-07T11:39:00+02:00,1.34762,1.34763,1.34760,1.34763,15
SQ:USDSGD,2023-06-07T11:40:00+02:00,1.34763,1.34782,1.34763,1.34776,39
SQ:USDSGD,2023-06-07T11:41:00+02:00,1.34776,1.34776,1.34760,1.34761,26
SQ:USDSGD,2023-06-07T11:42:00+02:00,1.34761,1.34767,1.34760,1.34765,28
SQ:USDSGD,2023-06-07T11:43:00+02:00,1.34765,1.34767,1.34761,1.34766,27
SQ:USDSGD,2023-06-07T11:44:00+02:00,1.34766,1.34769,1.34763,1.34767,30
SQ:USDSGD,2023-06-07T11:45:00+02:00,1.34766,1.34767,1.34765,1.34767,13
SQ:USDSGD,2023-06-07T11:46:00+02:00,1.34768,1.34768,1.34764,1.34765,7
SQ:USDSGD,2023-06-07T11:47:00+02:00,1.34765,1.34774,1.34764,1.34768,25
SQ:USDSGD,2023-06-07T11:48:00+02:00,1.34767,1.34767,1.34763,1.34766,27
SQ:USDSGD,2023-06-07T11:49:00+02:00,1.34766,1.34772,1.34764,1.34771,30
SQ:USDSGD,2023-06-07T11:50:00+02:00,1.34771,1.34771,1.34744,1.34744,35
SQ:USDSGD,2023-06-07T11:51:00+02:00,1.34744,1.34765,1.34744,1.34765,37
SQ:USDSGD,2023-06-07T11:52:00+02:00,1.34766,1.34769,1.34765,1.34768,24
SQ:USDSGD,2023-06-07T11:53:00+02:00,1.34769,1.34769,1.34763,1.34763,9
SQ:USDSGD,2023-06-07T11:54:00+02:00,1.34764,1.34765,1.34762,1.34762,9
SQ:USDSGD,2023-06-07T11:55:00+02:00,1.34763,1.34765,1.34763,1.34764,9
SQ:USDSGD,2023-06-07T11:56:00+02:00,1.34765,1.34768,1.34756,1.34756,25
SQ:USDSGD,2023-06-07T11:57:00+02:00,1.34756,1.34760,1.34748,1.34755,58
SQ:USDSGD,2023-06-07T11:58:00+02:00,1.34755,1.34756,1.34746,1.34748,28
SQ:USDSGD,2023-06-07T11:59:00+02:00,1.34748,1.34748,1.34743,1.34745,18
SQ:USDSGD,2023-06-07T12:00:00+02:00,1.34745,1.34747,1.34733,1.34733,33
SQ:USDSGD,2023-06-07T12:01:00+02:00,1.34734,1.34738,1.34732,1.34735,27
SQ:USDSGD,2023-06-07T12:02:00+02:00,1.34735,1.34736,1.34725,1.34726,36
SQ:USDSGD,2023-06-07T12:03:00+02:00,1.34726,1.34726,1.34720,1.34721,18
SQ:USDSGD,2023-06-07T12:04:00+02:00,1.34721,1.34724,1.34720,1.34723,11
SQ:USDSGD,2023-06-07T12:05:00+02:00,1.34723,1.34724,1.34722,1.34723,5
SQ:USDSGD,2023-06-07T12:06:00+02:00,1.34723,1.34723,1.34721,1.34721,3
SQ:USDSGD,2023-06-07T12:07:00+02:00,1.34721,1.34721,1.34699,1.34700,32
SQ:USDSGD,2023-06-07T12:08:00+02:00,1.34700,1.34707,1.34698,1.34707,12
SQ:USDSGD,2023-06-07T12:09:00+02:00,1.34707,1.34714,1.34707,1.34714,8
SQ:USDSGD,2023-06-07T12:10:00+02:00,1.34714,1.34714,1.34709,1.34709,10
SQ:USDSGD,2023-06-07T12:11:00+02:00,1.34709,1.34712,1.34709,1.34710,6
SQ:USDSGD,2023-06-07T12:12:00+02:00,1.34710,1.34712,1.34710,1.34711,3
SQ:USDSGD,2023-06-07T12:13:00+02:00,1.34712,1.34723,1.34712,1.34722,18
SQ:USDSGD,2023-06-07T12:14:00+02:00,1.34722,1.34722,1.34718,1.34718,4
SQ:USDSGD,2023-06-07T12:15:00+02:00,1.34718,1.34723,1.34718,1.34722,12
SQ:USDSGD,2023-06-07T12:16:00+02:00,1.34722,1.34722,1.34719,1.34719,6
SQ:USDSGD,2023-06-07T12:17:00+02:00,1.34718,1.34723,1.34718,1.34723,17
SQ:USDSGD,2023-06-07T12:18:00+02:00,1.34722,1.34723,1.34710,1.34710,22
SQ:USDSGD,2023-06-07T12:19:00+02:00,1.34708,1.34714,1.34704,1.34713,17
SQ:USDSGD,2023-06-07T12:20:00+02:00,1.34712,1.34715,1.34711,1.34712,25
SQ:USDSGD,2023-06-07T12:21:00+02:00,1.34712,1.34714,1.34712,1.34714,15
SQ:USDSGD,2023-06-07T12:22:00+02:00,1.34714,1.34717,1.34708,1.34716,26
SQ:USDSGD,2023-06-07T12:23:00+02:00,1.34715,1.34719,1.34709,1.34713,31
SQ:USDSGD,2023-06-07T12:24:00+02:00,1.34714,1.34715,1.34708,1.34708,20
SQ:USDSGD,2023-06-07T12:25:00+02:00,1.34708,1.34708,1.34698,1.34699,36
SQ:USDSGD,2023-06-07T12:26:00+02:00,1.34699,1.34701,1.34688,1.34688,16
SQ:USDSGD,2023-06-07T12:27:00+02:00,1.34688,1.34690,1.34681,1.34681,40
SQ:USDSGD,2023-06-07T12:28:00+02:00,1.34681,1.34681,1.34669,1.34669,34
SQ:USDSGD,2023-06-07T12:29:00+02:00,1.34669,1.34678,1.34669,1.34678,17
SQ:USDSGD,2023-06-07T12:30:00+02:00,1.34676,1.34682,1.34674,1.34681,22
SQ:USDSGD,2023-06-07T12:31:00+02:00,1.34681,1.34683,1.34678,1.34680,23
SQ:USDSGD,2023-06-07T12:32:00+02:00,1.34680,1.34689,1.34677,1.34688,31
SQ:USDSGD,2023-06-07T12:33:00+02:00,1.34688,1.34703,1.34685,1.34703,35
SQ:USDSGD,2023-06-07T12:34:00+02:00,1.34703,1.34706,1.34694,1.34697,31
SQ:USDSGD,2023-06-07T12:35:00+02:00,1.34696,1.34697,1.34686,1.34686,30
SQ:USDSGD,2023-06-07T12:36:00+02:00,1.34686,1.34687,1.34675,1.34676,20
SQ:USDSGD,2023-06-07T12:37:00+02:00,1.34676,1.34676,1.34663,1.34663,18
SQ:USDSGD,2023-06-07T12:38:00+02:00,1.34663,1.34664,1.34652,1.34653,27
SQ:USDSGD,2023-06-07T12:39:00+02:00,1.34653,1.34666,1.34653,1.34665,35
SQ:USDSGD,2023-06-07T12:40:00+02:00,1.34664,1.34678,1.34664,1.34678,13
SQ:USDSGD,2023-06-07T12:41:00+02:00,1.34678,1.34678,1.34662,1.34662,20
SQ:USDSGD,2023-06-07T12:42:00+02:00,1.34661,1.34661,1.34646,1.34648,32
SQ:USDSGD,2023-06-07T12:43:00+02:00,1.34648,1.34659,1.34642,1.34657,25
SQ:USDSGD,2023-06-07T12:44:00+02:00,1.34657,1.34657,1.34640,1.34640,22
SQ:USDSGD,2023-06-07T12:45:00+02:00,1.34640,1.34640,1.34629,1.34631,25
SQ:USDSGD,2023-06-07T12:46:00+02:00,1.34633,1.34634,1.34596,1.34605,39
SQ:USDSGD,2023-06-07T12:47:00+02:00,1.34605,1.34606,1.34601,1.34605,14
SQ:USDSGD,2023-06-07T12:48:00+02:00,1.34605,1.34607,1.34605,1.34607,7
SQ:USDSGD,2023-06-07T12:49:00+02:00,1.34607,1.34607,1.34604,1.34606,15
SQ:USDSGD,2023-06-07T12:50:00+02:00,1.34607,1.34607,1.34595,1.34595,14
SQ:USDSGD,2023-06-07T12:51:00+02:00,1.34595,1.34597,1.34589,1.34589,25
SQ:USDSGD,2023-06-07T12:52:00+02:00,1.34588,1.34589,1.34575,1.34587,27
SQ:USDSGD,2023-06-07T12:53:00+02:00,1.34587,1.34587,1.34564,1.34564,21
SQ:USDSGD,2023-06-07T12:54:00+02:00,1.34564,1.34567,1.34560,1.34567,19
SQ:USDSGD,2023-06-07T12:55:00+02:00,1.34568,1.34590,1.34568,1.34582,40
SQ:USDSGD,2023-06-07T12:56:00+02:00,1.34581,1.34586,1.34581,1.34585,15
SQ:USDSGD,2023-06-07T12:57:00+02:00,1.34585,1.34585,1.34584,1.34585,9
SQ:USDSGD,2023-06-07T12:58:00+02:00,1.34585,1.34586,1.34584,1.34586,26
SQ:USDSGD,2023-06-07T12:59:00+02:00,1.34586,1.34586,1.34583,1.34583,11
SQ:USDSGD,2023-06-07T13:00:00+02:00,1.34583,1.34583,1.34579,1.34579,9
SQ:USDSGD,2023-06-07T13:01:00+02:00,1.34579,1.34579,1.34577,1.34577,5
SQ:USDSGD,2023-06-07T13:02:00+02:00,1.34577,1.34577,1.34559,1.34559,21
SQ:USDSGD,2023-06-07T13:03:00+02:00,1.34559,1.34561,1.34555,1.34555,10
SQ:USDSGD,2023-06-07T13:04:00+02:00,1.34555,1.34555,1.34542,1.34543,13
SQ:USDSGD,2023-06-07T13:05:00+02:00,1.34542,1.34564,1.34538,1.34558,28
SQ:USDSGD,2023-06-07T13:06:00+02:00,1.34559,1.34561,1.34557,1.34560,23
SQ:USDSGD,2023-06-07T13:07:00+02:00,1.34561,1.34564,1.34557,1.34558,30
SQ:USDSGD,2023-06-07T13:08:00+02:00,1.34558,1.34561,1.34557,1.34559,15
SQ:USDSGD,2023-06-07T13:09:00+02:00,1.34561,1.34568,1.34560,1.34566,24
SQ:USDSGD,2023-06-07T13:10:00+02:00,1.34566,1.34578,1.34566,1.34577,33
SQ:USDSGD,2023-06-07T13:11:00+02:00,1.34577,1.34598,1.34577,1.34598,28
SQ:USDSGD,2023-06-07T13:12:00+02:00,1.34598,1.34607,1.34591,1.34591,34
SQ:USDSGD,2023-06-07T13:13:00+02:00,1.34591,1.34597,1.34584,1.34597,37
SQ:USDSGD,2023-06-07T13:14:00+02:00,1.34597,1.34602,1.34585,1.34587,48
SQ:USDSGD,2023-06-07T13:15:00+02:00,1.34587,1.34588,1.34580,1.34580,30
SQ:USDSGD,2023-06-07T13:16:00+02:00,1.34580,1.34580,1.34570,1.34574,32
SQ:USDSGD,2023-06-07T13:17:00+02:00,1.34574,1.34585,1.34572,1.34585,20
SQ:USDSGD,2023-06-07T13:18:00+02:00,1.34586,1.34590,1.34586,1.34589,19
SQ:USDSGD,2023-06-07T13:19:00+02:00,1.34590,1.34594,1.34588,1.34593,20
SQ:USDSGD,2023-06-07T13:20:00+02:00,1.34593,1.34604,1.34591,1.34604,23
SQ:USDSGD,2023-06-07T13:21:00+02:00,1.34603,1.34603,1.34588,1.34593,38
SQ:USDSGD,2023-06-07T13:22:00+02:00,1.34593,1.34597,1.34586,1.34589,35
SQ:USDSGD,2023-06-07T13:23:00+02:00,1.34588,1.34588,1.34581,1.34586,26
SQ:USDSGD,2023-06-07T13:24:00+02:00,1.34585,1.34601,1.34585,1.34601,30
SQ:USDSGD,2023-06-07T13:25:00+02:00,1.34601,1.34601,1.34592,1.34597,39
SQ:USDSGD,2023-06-07T13:26:00+02:00,1.34597,1.34600,1.34593,1.34599,33
SQ:USDSGD,2023-06-07T13:27:00+02:00,1.34599,1.34600,1.34587,1.34587,34
SQ:USDSGD,2023-06-07T13:28:00+02:00,1.34587,1.34595,1.34584,1.34591,24
SQ:USDSGD,2023-06-07T13:29:00+02:00,1.34591,1.34591,1.34583,1.34585,17
SQ:USDSGD,2023-06-07T13:30:00+02:00,1.34585,1.34595,1.34582,1.34595,17
SQ:USDSGD,2023-06-07T13:31:00+02:00,1.34595,1.34596,1.34591,1.34596,18
SQ:USDSGD,2023-06-07T13:32:00+02:00,1.34596,1.34599,1.34596,1.34598,15
SQ:USDSGD,2023-06-07T13:33:00+02:00,1.34598,1.34598,1.34594,1.34594,16
SQ:USDSGD,2023-06-07T13:34:00+02:00,1.34594,1.34595,1.34588,1.34590,25
SQ:USDSGD,2023-06-07T13:35:00+02:00,1.34590,1.34592,1.34584,1.34586,39
SQ:USDSGD,2023-06-07T13:36:00+02:00,1.34585,1.34593,1.34585,1.34591,28
SQ:USDSGD,2023-06-07T13:37:00+02:00,1.34592,1.34599,1.34580,1.34580,45
SQ:USDSGD,2023-06-07T13:38:00+02:00,1.34580,1.34586,1.34579,1.34585,25
SQ:USDSGD,2023-06-07T13:39:00+02:00,1.34585,1.34587,1.34583,1.34584,36
SQ:USDSGD,2023-06-07T13:40:00+02:00,1.34584,1.34588,1.34583,1.34586,18
SQ:USDSGD,2023-06-07T13:41:00+02:00,1.34587,1.34588,1.34586,1.34588,13
SQ:USDSGD,2023-06-07T13:42:00+02:00,1.34588,1.34592,1.34577,1.34580,24
SQ:USDSGD,2023-06-07T13:43:00+02:00,1.34580,1.34593,1.34579,1.34593,26
SQ:USDSGD,2023-06-07T13:44:00+02:00,1.34593,1.34603,1.34593,1.34595,15
SQ:USDSGD,2023-06-07T13:45:00+02:00,1.34595,1.34596,1.34595,1.34595,5
SQ:USDSGD,2023-06-07T13:46:00+02:00,1.34595,1.34604,1.34592,1.34593,13
SQ:USDSGD,2023-06-07T13:47:00+02:00,1.34593,1.34593,1.34581,1.34584,14
SQ:USDSGD,2023-06-07T13:48:00+02:00,1.34584,1.34588,1.34583,1.34583,11
SQ:USDSGD,2023-06-07T13:49:00+02:00,1.34583,1.34599,1.34583,1.34585,29
SQ:USDSGD,2023-06-07T13:50:00+02:00,1.34587,1.34598,1.34586,1.34598,23
SQ:USDSGD,2023-06-07T13:51:00+02:00,1.34598,1.34606,1.34598,1.34603,21
SQ:USDSGD,2023-06-07T13:52:00+02:00,1.34603,1.34605,1.34602,1.34602,16
SQ:USDSGD,2023-06-07T13:53:00+02:00,1.34603,1.34614,1.34603,1.34613,25
SQ:USDSGD,2023-06-07T13:54:00+02:00,1.34613,1.34616,1.34613,1.34615,13
SQ:USDSGD,2023-06-07T13:55:00+02:00,1.34615,1.34615,1.34612,1.34612,14
SQ:USDSGD,2023-06-07T13:56:00+02:00,1.34612,1.34617,1.34612,1.34615,23
SQ:USDSGD,2023-06-07T13:57:00+02:00,1.34615,1.34618,1.34615,1.34616,18
SQ:USDSGD,2023-06-07T13:58:00+02:00,1.34615,1.34624,1.34613,1.34613,24
SQ:USDSGD,2023-06-07T13:59:00+02:00,1.34612,1.34623,1.34610,1.34623,12
SQ:USDSGD,2023-06-07T14:00:00+02:00,1.34623,1.34630,1.34619,1.34628,35
SQ:USDSGD,2023-06-07T14:01:00+02:00,1.34627,1.34630,1.34621,1.34621,44
SQ:USDSGD,2023-06-07T14:02:00+02:00,1.34621,1.34623,1.34610,1.34612,36
SQ:USDSGD,2023-06-07T14:03:00+02:00,1.34612,1.34615,1.34612,1.34612,15
SQ:USDSGD,2023-06-07T14:04:00+02:00,1.34612,1.34618,1.34612,1.34615,20
SQ:USDSGD,2023-06-07T14:05:00+02:00,1.34615,1.34624,1.34615,1.34624,10
SQ:USDSGD,2023-06-07T14:06:00+02:00,1.34623,1.34633,1.34623,1.34626,25
SQ:USDSGD,2023-06-07T14:07:00+02:00,1.34625,1.34628,1.34624,1.34627,9
SQ:USDSGD,2023-06-07T14:08:00+02:00,1.34626,1.34629,1.34624,1.34628,13
SQ:USDSGD,2023-06-07T14:09:00+02:00,1.34630,1.34630,1.34625,1.34625,8
SQ:USDSGD,2023-06-07T14:10:00+02:00,1.34626,1.34633,1.34626,1.34626,12
SQ:USDSGD,2023-06-07T14:11:00+02:00,1.34625,1.34633,1.34624,1.34631,8
SQ:USDSGD,2023-06-07T14:12:00+02:00,1.34632,1.34633,1.34630,1.34630,8
SQ:USDSGD,2023-06-07T14:13:00+02:00,1.34631,1.34631,1.34619,1.34619,41
SQ:USDSGD,2023-06-07T14:14:00+02:00,1.34619,1.34627,1.34619,1.34624,55
SQ:USDSGD,2023-06-07T14:15:00+02:00,1.34625,1.34636,1.34623,1.34635,39
SQ:USDSGD,2023-06-07T14:16:00+02:00,1.34634,1.34634,1.34621,1.34625,33
SQ:USDSGD,2023-06-07T14:17:00+02:00,1.34628,1.34632,1.34627,1.34629,7
SQ:USDSGD,2023-06-07T14:18:00+02:00,1.34630,1.34630,1.34620,1.34620,8
SQ:USDSGD,2023-06-07T14:19:00+02:00,1.34620,1.34620,1.34607,1.34610,27
SQ:USDSGD,2023-06-07T14:20:00+02:00,1.34612,1.34628,1.34611,1.34611,37
SQ:USDSGD,2023-06-07T14:21:00+02:00,1.34611,1.34629,1.34611,1.34628,39
SQ:USDSGD,2023-06-07T14:22:00+02:00,1.34629,1.34635,1.34625,1.34628,39
SQ:USDSGD,2023-06-07T14:23:00+02:00,1.34628,1.34633,1.34623,1.34626,33
SQ:USDSGD,2023-06-07T14:24:00+02:00,1.34626,1.34638,1.34626,1.34636,19
SQ:USDSGD,2023-06-07T14:25:00+02:00,1.34635,1.34655,1.34627,1.34643,61
SQ:USDSGD,2023-06-07T14:26:00+02:00,1.34643,1.34647,1.34636,1.34646,29
SQ:USDSGD,2023-06-07T14:27:00+02:00,1.34646,1.34652,1.34646,1.34651,9
SQ:USDSGD,2023-06-07T14:28:00+02:00,1.34651,1.34653,1.34649,1.34653,11
SQ:USDSGD,2023-06-07T14:29:00+02:00,1.34653,1.34665,1.34653,1.34655,55
SQ:USDSGD,2023-06-07T14:30:00+02:00,1.34652,1.34663,1.34651,1.34654,22
SQ:USDSGD,2023-06-07T14:31:00+02:00,1.34654,1.34662,1.34653,1.34662,15
SQ:USDSGD,2023-06-07T14:32:00+02:00,1.34663,1.34664,1.34655,1.34655,28
SQ:USDSGD,2023-06-07T14:33:00+02:00,1.34656,1.34660,1.34655,1.34655,26
SQ:USDSGD,2023-06-07T14:34:00+02:00,1.34655,1.34655,1.34653,1.34654,4
SQ:USDSGD,2023-06-07T14:35:00+02:00,1.34654,1.34659,1.34652,1.34656,11
SQ:USDSGD,2023-06-07T14:36:00+02:00,1.34657,1.34660,1.34652,1.34659,14
SQ:USDSGD,2023-06-07T14:37:00+02:00,1.34659,1.34662,1.34656,1.34661,15
SQ:USDSGD,2023-06-07T14:38:00+02:00,1.34660,1.34661,1.34658,1.34659,7
SQ:USDSGD,2023-06-07T14:39:00+02:00,1.34659,1.34661,1.34656,1.34660,15
SQ:USDSGD,2023-06-07T14:40:00+02:00,1.34659,1.34684,1.34659,1.34684,46
SQ:USDSGD,2023-06-07T14:41:00+02:00,1.34685,1.34698,1.34685,1.34688,33
SQ:USDSGD,2023-06-07T14:42:00+02:00,1.34688,1.34696,1.34682,1.34687,37
SQ:USDSGD,2023-06-07T14:43:00+02:00,1.34687,1.34711,1.34685,1.34711,58
SQ:USDSGD,2023-06-07T14:44:00+02:00,1.34710,1.34711,1.34698,1.34710,42
SQ:USDSGD,2023-06-07T14:45:00+02:00,1.34710,1.34712,1.34706,1.34711,25
SQ:USDSGD,2023-06-07T14:46:00+02:00,1.34710,1.34710,1.34703,1.34707,29
SQ:USDSGD,2023-06-07T14:47:00+02:00,1.34708,1.34708,1.34693,1.34694,12
SQ:USDSGD,2023-06-07T14:48:00+02:00,1.34694,1.34698,1.34693,1.34694,28
SQ:USDSGD,2023-06-07T14:49:00+02:00,1.34694,1.34697,1.34686,1.34686,22
SQ:USDSGD,2023-06-07T14:50:00+02:00,1.34686,1.34704,1.34686,1.34703,36
SQ:USDSGD,2023-06-07T14:51:00+02:00,1.34704,1.34712,1.34704,1.34707,41
SQ:USDSGD,2023-06-07T14:52:00+02:00,1.34707,1.34709,1.34692,1.34696,24
SQ:USDSGD,2023-06-07T14:53:00+02:00,1.34697,1.34709,1.34696,1.34700,31
SQ:USDSGD,2023-06-07T14:54:00+02:00,1.34701,1.34711,1.34692,1.34693,43
SQ:USDSGD,2023-06-07T14:55:00+02:00,1.34694,1.34698,1.34686,1.34686,48
SQ:USDSGD,2023-06-07T14:56:00+02:00,1.34686,1.34693,1.34681,1.34687,37
SQ:USDSGD,2023-06-07T14:57:00+02:00,1.34684,1.34684,1.34660,1.34662,50
SQ:USDSGD,2023-06-07T14:58:00+02:00,1.34662,1.34662,1.34651,1.34651,61
SQ:USDSGD,2023-06-07T14:59:00+02:00,1.34651,1.34657,1.34651,1.34652,20
SQ:USDSGD,2023-06-07T15:00:00+02:00,1.34652,1.34653,1.34632,1.34632,49
SQ:USDSGD,2023-06-07T15:01:00+02:00,1.34633,1.34646,1.34632,1.34641,39
SQ:USDSGD,2023-06-07T15:02:00+02:00,1.34640,1.34654,1.34640,1.34653,32
SQ:USDSGD,2023-06-07T15:03:00+02:00,1.34654,1.34663,1.34653,1.34661,28
SQ:USDSGD,2023-06-07T15:04:00+02:00,1.34662,1.34668,1.34658,1.34667,27
SQ:USDSGD,2023-06-07T15:05:00+02:00,1.34667,1.34667,1.34655,1.34655,23
SQ:USDSGD,2023-06-07T15:06:00+02:00,1.34655,1.34655,1.34647,1.34648,41
SQ:USDSGD,2023-06-07T15:07:00+02:00,1.34648,1.34662,1.34648,1.34659,34
SQ:USDSGD,2023-06-07T15:08:00+02:00,1.34658,1.34661,1.34657,1.34659,12
SQ:USDSGD,2023-06-07T15:09:00+02:00,1.34659,1.34662,1.34657,1.34660,18
SQ:USDSGD,2023-06-07T15:10:00+02:00,1.34660,1.34662,1.34657,1.34659,20
SQ:USDSGD,2023-06-07T15:11:00+02:00,1.34659,1.34659,1.34653,1.34653,18
SQ:USDSGD,2023-06-07T15:12:00+02:00,1.34653,1.34654,1.34616,1.34625,42
SQ:USDSGD,2023-06-07T15:13:00+02:00,1.34624,1.34628,1.34622,1.34625,20
SQ:USDSGD,2023-06-07T15:14:00+02:00,1.34625,1.34630,1.34611,1.34611,20
SQ:USDSGD,2023-06-07T15:15:00+02:00,1.34610,1.34616,1.34610,1.34614,23
SQ:USDSGD,2023-06-07T15:16:00+02:00,1.34614,1.34617,1.34610,1.34612,21
SQ:USDSGD,2023-06-07T15:17:00+02:00,1.34612,1.34618,1.34610,1.34617,16
SQ:USDSGD,2023-06-07T15:18:00+02:00,1.34616,1.34621,1.34612,1.34613,28
SQ:USDSGD,2023-06-07T15:19:00+02:00,1.34613,1.34613,1.34590,1.34593,25
SQ:USDSGD,2023-06-07T15:20:00+02:00,1.34593,1.34596,1.34592,1.34595,15
SQ:USDSGD,2023-06-07T15:21:00+02:00,1.34597,1.34600,1.34595,1.34597,12
SQ:USDSGD,2023-06-07T15:22:00+02:00,1.34598,1.34612,1.34598,1.34607,29
SQ:USDSGD,2023-06-07T15:23:00+02:00,1.34607,1.34608,1.34600,1.34600,21
SQ:USDSGD,2023-06-07T15:24:00+02:00,1.34600,1.34601,1.34592,1.34595,20
SQ:USDSGD,2023-06-07T15:25:00+02:00,1.34596,1.34607,1.34591,1.34607,26
SQ:USDSGD,2023-06-07T15:26:00+02:00,1.34608,1.34618,1.34608,1.34611,31
SQ:USDSGD,2023-06-07T15:27:00+02:00,1.34611,1.34615,1.34599,1.34615,39
SQ:USDSGD,2023-06-07T15:28:00+02:00,1.34615,1.34627,1.34612,1.34626,24
SQ:USDSGD,2023-06-07T15:29:00+02:00,1.34626,1.34631,1.34626,1.34629,27
SQ:USDSGD,2023-06-07T15:30:00+02:00,1.34630,1.34649,1.34630,1.34645,35
SQ:USDSGD,2023-06-07T15:31:00+02:00,1.34645,1.34645,1.34623,1.34628,47
SQ:USDSGD,2023-06-07T15:32:00+02:00,1.34627,1.34634,1.34593,1.34594,74
SQ:USDSGD,2023-06-07T15:33:00+02:00,1.34593,1.34594,1.34576,1.34584,54
SQ:USDSGD,2023-06-07T15:34:00+02:00,1.34586,1.34586,1.34576,1.34577,17
SQ:USDSGD,2023-06-07T15:35:00+02:00,1.34577,1.34580,1.34564,1.34572,27
SQ:USDSGD,2023-06-07T15:36:00+02:00,1.34573,1.34574,1.34559,1.34559,23
SQ:USDSGD,2023-06-07T15:37:00+02:00,1.34562,1.34562,1.34539,1.34539,42
SQ:USDSGD,2023-06-07T15:38:00+02:00,1.34539,1.34548,1.34533,1.34543,48
SQ:USDSGD,2023-06-07T15:39:00+02:00,1.34545,1.34576,1.34545,1.34575,41
SQ:USDSGD,2023-06-07T15:40:00+02:00,1.34576,1.34579,1.34567,1.34570,23
SQ:USDSGD,2023-06-07T15:41:00+02:00,1.34570,1.34570,1.34563,1.34564,6
SQ:USDSGD,2023-06-07T15:42:00+02:00,1.34563,1.34565,1.34558,1.34558,30
SQ:USDSGD,2023-06-07T15:43:00+02:00,1.34556,1.34557,1.34554,1.34556,7
SQ:USDSGD,2023-06-07T15:44:00+02:00,1.34558,1.34563,1.34534,1.34534,33
SQ:USDSGD,2023-06-07T15:45:00+02:00,1.34534,1.34547,1.34532,1.34534,33
SQ:USDSGD,2023-06-07T15:46:00+02:00,1.34534,1.34542,1.34531,1.34539,45
SQ:USDSGD,2023-06-07T15:47:00+02:00,1.34541,1.34547,1.34523,1.34524,48
SQ:USDSGD,2023-06-07T15:48:00+02:00,1.34523,1.34526,1.34508,1.34518,35
SQ:USDSGD,2023-06-07T15:49:00+02:00,1.34518,1.34523,1.34509,1.34523,41
SQ:USDSGD,2023-06-07T15:50:00+02:00,1.34524,1.34535,1.34519,1.34530,38
SQ:USDSGD,2023-06-07T15:51:00+02:00,1.34529,1.34531,1.34526,1.34527,16
SQ:USDSGD,2023-06-07T15:52:00+02:00,1.34527,1.34528,1.34504,1.34504,55
SQ:USDSGD,2023-06-07T15:53:00+02:00,1.34504,1.34505,1.34498,1.34502,39
SQ:USDSGD,2023-06-07T15:54:00+02:00,1.34502,1.34509,1.34497,1.34497,34
SQ:USDSGD,2023-06-07T15:55:00+02:00,1.34497,1.34497,1.34476,1.34477,25
SQ:USDSGD,2023-06-07T15:56:00+02:00,1.34476,1.34476,1.34451,1.34451,15
SQ:USDSGD,2023-06-07T15:57:00+02:00,1.34451,1.34451,1.34431,1.34440,41
SQ:USDSGD,2023-06-07T15:58:00+02:00,1.34438,1.34438,1.34400,1.34404,50
SQ:USDSGD,2023-06-07T15:59:00+02:00,1.34404,1.34436,1.34389,1.34398,67
SQ:USDSGD,2023-06-07T16:00:00+02:00,1.34398,1.34428,1.34396,1.34404,88
SQ:USDSGD,2023-06-07T16:01:00+02:00,1.34405,1.34447,1.34405,1.34431,48
SQ:USDSGD,2023-06-07T16:02:00+02:00,1.34430,1.34430,1.34412,1.34418,52
SQ:USDSGD,2023-06-07T16:03:00+02:00,1.34418,1.34458,1.34406,1.34454,117
SQ:USDSGD,2023-06-07T16:04:00+02:00,1.34453,1.34487,1.34451,1.34478,65
SQ:USDSGD,2023-06-07T16:05:00+02:00,1.34478,1.34488,1.34461,1.34468,83
SQ:USDSGD,2023-06-07T16:06:00+02:00,1.34467,1.34467,1.34448,1.34459,63
SQ:USDSGD,2023-06-07T16:07:00+02:00,1.34459,1.34487,1.34456,1.34472,67
SQ:USDSGD,2023-06-07T16:08:00+02:00,1.34474,1.34488,1.34466,1.34488,40
SQ:USDSGD,2023-06-07T16:09:00+02:00,1.34489,1.34528,1.34489,1.34518,71
SQ:USDSGD,2023-06-07T16:10:00+02:00,1.34518,1.34530,1.34503,1.34507,70
SQ:USDSGD,2023-06-07T16:11:00+02:00,1.34508,1.34543,1.34506,1.34533,86
SQ:USDSGD,2023-06-07T16:12:00+02:00,1.34534,1.34545,1.34511,1.34513,46
SQ:USDSGD,2023-06-07T16:13:00+02:00,1.34513,1.34532,1.34512,1.34532,35
SQ:USDSGD,2023-06-07T16:14:00+02:00,1.34531,1.34549,1.34524,1.34548,79
SQ:USDSGD,2023-06-07T16:15:00+02:00,1.34548,1.34550,1.34534,1.34545,40
SQ:USDSGD,2023-06-07T16:16:00+02:00,1.34547,1.34562,1.34547,1.34557,47
SQ:USDSGD,2023-06-07T16:17:00+02:00,1.34555,1.34562,1.34550,1.34550,44
SQ:USDSGD,2023-06-07T16:18:00+02:00,1.34550,1.34550,1.34518,1.34521,55
SQ:USDSGD,2023-06-07T16:19:00+02:00,1.34521,1.34542,1.34514,1.34536,67
SQ:USDSGD,2023-06-07T16:20:00+02:00,1.34537,1.34547,1.34527,1.34533,50
SQ:USDSGD,2023-06-07T16:21:00+02:00,1.34533,1.34535,1.34519,1.34528,57
SQ:USDSGD,2023-06-07T16:22:00+02:00,1.34527,1.34556,1.34527,1.34547,54
SQ:USDSGD,2023-06-07T16:23:00+02:00,1.34545,1.34571,1.34545,1.34568,45
SQ:USDSGD,2023-06-07T16:24:00+02:00,1.34569,1.34575,1.34565,1.34572,49
SQ:USDSGD,2023-06-07T16:25:00+02:00,1.34573,1.34575,1.34570,1.34573,23
SQ:USDSGD,2023-06-07T16:26:00+02:00,1.34573,1.34575,1.34571,1.34575,29
SQ:USDSGD,2023-06-07T16:27:00+02:00,1.34575,1.34611,1.34575,1.34595,57
SQ:USDSGD,2023-06-07T16:28:00+02:00,1.34594,1.34602,1.34590,1.34594,41
SQ:USDSGD,2023-06-07T16:29:00+02:00,1.34593,1.34599,1.34591,1.34593,33
SQ:USDSGD,2023-06-07T16:30:00+02:00,1.34593,1.34596,1.34574,1.34574,33
SQ:USDSGD,2023-06-07T16:31:00+02:00,1.34573,1.34574,1.34567,1.34572,23
SQ:USDSGD,2023-06-07T16:32:00+02:00,1.34572,1.34590,1.34572,1.34578,40
SQ:USDSGD,2023-06-07T16:33:00+02:00,1.34579,1.34583,1.34564,1.34573,49
SQ:USDSGD,2023-06-07T16:34:00+02:00,1.34573,1.34603,1.34573,1.34599,62
SQ:USDSGD,2023-06-07T16:35:00+02:00,1.34598,1.34616,1.34595,1.34614,45
SQ:USDSGD,2023-06-07T16:36:00+02:00,1.34616,1.34627,1.34605,1.34610,77
SQ:USDSGD,2023-06-07T16:37:00+02:00,1.34611,1.34620,1.34606,1.34620,81
SQ:USDSGD,2023-06-07T16:38:00+02:00,1.34618,1.34637,1.34618,1.34637,30
SQ:USDSGD,2023-06-07T16:39:00+02:00,1.34637,1.34644,1.34637,1.34638,24
SQ:USDSGD,2023-06-07T16:40:00+02:00,1.34638,1.34650,1.34635,1.34650,37
SQ:USDSGD,2023-06-07T16:41:00+02:00,1.34651,1.34673,1.34648,1.34658,62
SQ:USDSGD,2023-06-07T16:42:00+02:00,1.34659,1.34666,1.34654,1.34664,34
SQ:USDSGD,2023-06-07T16:43:00+02:00,1.34665,1.34668,1.34650,1.34655,49
SQ:USDSGD,2023-06-07T16:44:00+02:00,1.34654,1.34659,1.34653,1.34659,39
SQ:USDSGD,2023-06-07T16:45:00+02:00,1.34660,1.34671,1.34653,1.34655,41
SQ:USDSGD,2023-06-07T16:46:00+02:00,1.34656,1.34672,1.34656,1.34670,31
SQ:USDSGD,2023-06-07T16:47:00+02:00,1.34671,1.34690,1.34671,1.34688,40
SQ:USDSGD,2023-06-07T16:48:00+02:00,1.34689,1.34703,1.34687,1.34700,33
SQ:USDSGD,2023-06-07T16:49:00+02:00,1.34700,1.34711,1.34687,1.34692,50
SQ:USDSGD,2023-06-07T16:50:00+02:00,1.34692,1.34704,1.34691,1.34704,29
SQ:USDSGD,2023-06-07T16:51:00+02:00,1.34704,1.34710,1.34704,1.34708,22
SQ:USDSGD,2023-06-07T16:52:00+02:00,1.34708,1.34728,1.34708,1.34725,23
SQ:USDSGD,2023-06-07T16:53:00+02:00,1.34725,1.34727,1.34704,1.34706,69
SQ:USDSGD,2023-06-07T16:54:00+02:00,1.34705,1.34728,1.34705,1.34728,43
SQ:USDSGD,2023-06-07T16:55:00+02:00,1.34728,1.34733,1.34726,1.34727,30
SQ:USDSGD,2023-06-07T16:56:00+02:00,1.34727,1.34727,1.34709,1.34709,27
SQ:USDSGD,2023-06-07T16:57:00+02:00,1.34708,1.34728,1.34705,1.34727,30
SQ:USDSGD,2023-06-07T16:58:00+02:00,1.34728,1.34762,1.34728,1.34761,39
SQ:USDSGD,2023-06-07T16:59:00+02:00,1.34760,1.34766,1.34747,1.34750,41
SQ:USDSGD,2023-06-07T17:00:00+02:00,1.34750,1.34758,1.34745,1.34757,51
SQ:USDSGD,2023-06-07T17:01:00+02:00,1.34757,1.34781,1.34750,1.34780,51
SQ:USDSGD,2023-06-07T17:02:00+02:00,1.34780,1.34782,1.34750,1.34752,73
SQ:USDSGD,2023-06-07T17:03:00+02:00,1.34752,1.34770,1.34752,1.34758,47
SQ:USDSGD,2023-06-07T17:04:00+02:00,1.34757,1.34770,1.34757,1.34759,27
SQ:USDSGD,2023-06-07T17:05:00+02:00,1.34759,1.34773,1.34758,1.34773,31
SQ:USDSGD,2023-06-07T17:06:00+02:00,1.34774,1.34825,1.34773,1.34806,59
SQ:USDSGD,2023-06-07T17:07:00+02:00,1.34806,1.34808,1.34796,1.34800,25
SQ:USDSGD,2023-06-07T17:08:00+02:00,1.34800,1.34800,1.34793,1.34794,22
SQ:USDSGD,2023-06-07T17:09:00+02:00,1.34793,1.34798,1.34777,1.34777,22
SQ:USDSGD,2023-06-07T17:10:00+02:00,1.34777,1.34784,1.34762,1.34778,35
SQ:USDSGD,2023-06-07T17:11:00+02:00,1.34778,1.34781,1.34774,1.34778,25
SQ:USDSGD,2023-06-07T17:12:00+02:00,1.34778,1.34779,1.34771,1.34778,39
SQ:USDSGD,2023-06-07T17:13:00+02:00,1.34779,1.34780,1.34766,1.34771,45
SQ:USDSGD,2023-06-07T17:14:00+02:00,1.34772,1.34775,1.34758,1.34758,27
SQ:USDSGD,2023-06-07T17:15:00+02:00,1.34758,1.34763,1.34756,1.34759,24
SQ:USDSGD,2023-06-07T17:16:00+02:00,1.34759,1.34759,1.34743,1.34746,38
SQ:USDSGD,2023-06-07T17:17:00+02:00,1.34746,1.34764,1.34744,1.34764,39
SQ:USDSGD,2023-06-07T17:18:00+02:00,1.34764,1.34764,1.34753,1.34758,38
SQ:USDSGD,2023-06-07T17:19:00+02:00,1.34757,1.34764,1.34754,1.34759,33
SQ:USDSGD,2023-06-07T17:20:00+02:00,1.34759,1.34761,1.34748,1.34750,25
SQ:USDSGD,2023-06-07T17:21:00+02:00,1.34749,1.34758,1.34748,1.34752,52
SQ:USDSGD,2023-06-07T17:22:00+02:00,1.34752,1.34758,1.34746,1.34757,62
SQ:USDSGD,2023-06-07T17:23:00+02:00,1.34757,1.34767,1.34756,1.34766,37
SQ:USDSGD,2023-06-07T17:24:00+02:00,1.34767,1.34770,1.34767,1.34770,18
SQ:USDSGD,2023-06-07T17:25:00+02:00,1.34769,1.34769,1.34757,1.34759,23
SQ:USDSGD,2023-06-07T17:26:00+02:00,1.34758,1.34769,1.34758,1.34766,18
SQ:USDSGD,2023-06-07T17:27:00+02:00,1.34766,1.34768,1.34753,1.34754,34
SQ:USDSGD,2023-06-07T17:28:00+02:00,1.34754,1.34754,1.34747,1.34748,26
SQ:USDSGD,2023-06-07T17:29:00+02:00,1.34748,1.34749,1.34747,1.34748,7
SQ:USDSGD,2023-06-07T17:30:00+02:00,1.34750,1.34755,1.34750,1.34755,22
SQ:USDSGD,2023-06-07T17:31:00+02:00,1.34755,1.34756,1.34752,1.34755,8
SQ:USDSGD,2023-06-07T17:32:00+02:00,1.34755,1.34762,1.34755,1.34760,13
SQ:USDSGD,2023-06-07T17:33:00+02:00,1.34760,1.34769,1.34747,1.34747,31
SQ:USDSGD,2023-06-07T17:34:00+02:00,1.34747,1.34748,1.34731,1.34732,41
SQ:USDSGD,2023-06-07T17:35:00+02:00,1.34732,1.34745,1.34729,1.34744,26
SQ:USDSGD,2023-06-07T17:36:00+02:00,1.34744,1.34745,1.34736,1.34745,34
SQ:USDSGD,2023-06-07T17:37:00+02:00,1.34746,1.34746,1.34742,1.34746,17
SQ:USDSGD,2023-06-07T17:38:00+02:00,1.34746,1.34758,1.34745,1.34758,21
SQ:USDSGD,2023-06-07T17:39:00+02:00,1.34759,1.34765,1.34759,1.34765,9
SQ:USDSGD,2023-06-07T17:40:00+02:00,1.34765,1.34769,1.34763,1.34767,27
SQ:USDSGD,2023-06-07T17:41:00+02:00,1.34767,1.34770,1.34763,1.34763,24
SQ:USDSGD,2023-06-07T17:42:00+02:00,1.34764,1.34766,1.34753,1.34764,29
SQ:USDSGD,2023-06-07T17:43:00+02:00,1.34765,1.34775,1.34765,1.34773,12
SQ:USDSGD,2023-06-07T17:44:00+02:00,1.34771,1.34785,1.34770,1.34784,21
SQ:USDSGD,2023-06-07T17:45:00+02:00,1.34785,1.34808,1.34785,1.34808,32
SQ:USDSGD,2023-06-07T17:46:00+02:00,1.34807,1.34809,1.34790,1.34798,43
SQ:USDSGD,2023-06-07T17:47:00+02:00,1.34798,1.34823,1.34798,1.34823,25
SQ:USDSGD,2023-06-07T17:48:00+02:00,1.34823,1.34829,1.34823,1.34827,19
SQ:USDSGD,2023-06-07T17:49:00+02:00,1.34827,1.34827,1.34815,1.34817,28
SQ:USDSGD,2023-06-07T17:50:00+02:00,1.34817,1.34842,1.34817,1.34842,31
SQ:USDSGD,2023-06-07T17:51:00+02:00,1.34842,1.34860,1.34841,1.34846,43
SQ:USDSGD,2023-06-07T17:52:00+02:00,1.34846,1.34847,1.34824,1.34824,34
SQ:USDSGD,2023-06-07T17:53:00+02:00,1.34823,1.34840,1.34820,1.34835,36
SQ:USDSGD,2023-06-07T17:54:00+02:00,1.34836,1.34840,1.34836,1.34840,7
SQ:USDSGD,2023-06-07T17:55:00+02:00,1.34839,1.34850,1.34839,1.34847,19
SQ:USDSGD,2023-06-07T17:56:00+02:00,1.34847,1.34848,1.34840,1.34841,20
SQ:USDSGD,2023-06-07T17:57:00+02:00,1.34841,1.34846,1.34839,1.34845,22
SQ:USDSGD,2023-06-07T17:58:00+02:00,1.34845,1.34847,1.34835,1.34835,18
SQ:USDSGD,2023-06-07T17:59:00+02:00,1.34834,1.34837,1.34833,1.34836,13
SQ:USDSGD,2023-06-07T18:00:00+02:00,1.34837,1.34840,1.34829,1.34833,40
SQ:USDSGD,2023-06-07T18:01:00+02:00,1.34830,1.34830,1.34824,1.34825,29
SQ:USDSGD,2023-06-07T18:02:00+02:00,1.34824,1.34825,1.34804,1.34818,46
SQ:USDSGD,2023-06-07T18:03:00+02:00,1.34818,1.34819,1.34816,1.34819,18
SQ:USDSGD,2023-06-07T18:04:00+02:00,1.34821,1.34828,1.34819,1.34827,19
SQ:USDSGD,2023-06-07T18:05:00+02:00,1.34827,1.34844,1.34827,1.34842,32
SQ:USDSGD,2023-06-07T18:06:00+02:00,1.34842,1.34847,1.34825,1.34831,50
SQ:USDSGD,2023-06-07T18:07:00+02:00,1.34832,1.34835,1.34817,1.34818,17
SQ:USDSGD,2023-06-07T18:08:00+02:00,1.34817,1.34830,1.34811,1.34824,42
SQ:USDSGD,2023-06-07T18:09:00+02:00,1.34824,1.34828,1.34822,1.34825,33
SQ:USDSGD,2023-06-07T18:10:00+02:00,1.34826,1.34826,1.34818,1.34821,32
SQ:USDSGD,2023-06-07T18:11:00+02:00,1.34820,1.34826,1.34816,1.34823,25
SQ:USDSGD,2023-06-07T18:12:00+02:00,1.34824,1.34827,1.34824,1.34826,13
SQ:USDSGD,2023-06-07T18:13:00+02:00,1.34826,1.34828,1.34823,1.34823,10
SQ:USDSGD,2023-06-07T18:14:00+02:00,1.34822,1.34838,1.34822,1.34836,22
SQ:USDSGD,2023-06-07T18:15:00+02:00,1.34837,1.34843,1.34832,1.34836,59
SQ:USDSGD,2023-06-07T18:16:00+02:00,1.34838,1.34839,1.34829,1.34832,42
SQ:USDSGD,2023-06-07T18:17:00+02:00,1.34832,1.34837,1.34818,1.34837,32
SQ:USDSGD,2023-06-07T18:18:00+02:00,1.34838,1.34839,1.34833,1.34833,28
SQ:USDSGD,2023-06-07T18:19:00+02:00,1.34833,1.34836,1.34831,1.34836,7
SQ:USDSGD,2023-06-07T18:20:00+02:00,1.34834,1.34836,1.34831,1.34831,8
SQ:USDSGD,2023-06-07T18:21:00+02:00,1.34831,1.34839,1.34827,1.34837,18
SQ:USDSGD,2023-06-07T18:22:00+02:00,1.34837,1.34842,1.34837,1.34840,13
SQ:USDSGD,2023-06-07T18:23:00+02:00,1.34841,1.34846,1.34839,1.34839,12
SQ:USDSGD,2023-06-07T18:24:00+02:00,1.34839,1.34839,1.34823,1.34823,7
SQ:USDSGD,2023-06-07T18:25:00+02:00,1.34823,1.34836,1.34823,1.34834,27
SQ:USDSGD,2023-06-07T18:26:00+02:00,1.34834,1.34836,1.34832,1.34833,20
SQ:USDSGD,2023-06-07T18:27:00+02:00,1.34833,1.34841,1.34833,1.34838,14
SQ:USDSGD,2023-06-07T18:28:00+02:00,1.34838,1.34841,1.34837,1.34839,8
SQ:USDSGD,2023-06-07T18:29:00+02:00,1.34838,1.34838,1.34834,1.34837,9
SQ:USDSGD,2023-06-07T18:30:00+02:00,1.34837,1.34838,1.34834,1.34836,7
SQ:USDSGD,2023-06-07T18:31:00+02:00,1.34834,1.34835,1.34832,1.34835,8
SQ:USDSGD,2023-06-07T18:32:00+02:00,1.34834,1.34835,1.34834,1.34835,2
SQ:USDSGD,2023-06-07T18:33:00+02:00,1.34836,1.34839,1.34832,1.34833,13
SQ:USDSGD,2023-06-07T18:34:00+02:00,1.34833,1.34845,1.34826,1.34844,29
SQ:USDSGD,2023-06-07T18:35:00+02:00,1.34844,1.34856,1.34844,1.34856,14
SQ:USDSGD,2023-06-07T18:36:00+02:00,1.34856,1.34861,1.34854,1.34855,19
SQ:USDSGD,2023-06-07T18:37:00+02:00,1.34855,1.34867,1.34855,1.34866,27
SQ:USDSGD,2023-06-07T18:38:00+02:00,1.34866,1.34870,1.34866,1.34869,14
SQ:USDSGD,2023-06-07T18:39:00+02:00,1.34871,1.34876,1.34870,1.34874,10
SQ:USDSGD,2023-06-07T18:40:00+02:00,1.34874,1.34884,1.34873,1.34884,31
SQ:USDSGD,2023-06-07T18:41:00+02:00,1.34884,1.34887,1.34882,1.34882,11
SQ:USDSGD,2023-06-07T18:42:00+02:00,1.34882,1.34882,1.34882,1.34882,1
SQ:USDSGD,2023-06-07T18:43:00+02:00,1.34883,1.34887,1.34883,1.34885,17
SQ:USDSGD,2023-06-07T18:44:00+02:00,1.34884,1.34892,1.34884,1.34888,17
SQ:USDSGD,2023-06-07T18:45:00+02:00,1.34888,1.34888,1.34885,1.34887,12
SQ:USDSGD,2023-06-07T18:46:00+02:00,1.34887,1.34889,1.34881,1.34886,36
SQ:USDSGD,2023-06-07T18:47:00+02:00,1.34886,1.34886,1.34865,1.34865,28
SQ:USDSGD,2023-06-07T18:48:00+02:00,1.34864,1.34865,1.34857,1.34863,40
SQ:USDSGD,2023-06-07T18:49:00+02:00,1.34865,1.34868,1.34864,1.34868,43
SQ:USDSGD,2023-06-07T18:50:00+02:00,1.34865,1.34872,1.34863,1.34864,70
SQ:USDSGD,2023-06-07T18:51:00+02:00,1.34865,1.34869,1.34864,1.34866,27
SQ:USDSGD,2023-06-07T18:52:00+02:00,1.34867,1.34883,1.34864,1.34880,30
SQ:USDSGD,2023-06-07T18:53:00+02:00,1.34880,1.34887,1.34878,1.34887,18
SQ:USDSGD,2023-06-07T18:54:00+02:00,1.34888,1.34898,1.34887,1.34898,26
SQ:USDSGD,2023-06-07T18:55:00+02:00,1.34898,1.34910,1.34898,1.34909,33
SQ:USDSGD,2023-06-07T18:56:00+02:00,1.34909,1.34912,1.34907,1.34910,14
SQ:USDSGD,2023-06-07T18:57:00+02:00,1.34910,1.34912,1.34910,1.34911,12
SQ:USDSGD,2023-06-07T18:58:00+02:00,1.34911,1.34912,1.34896,1.34905,25
SQ:USDSGD,2023-06-07T18:59:00+02:00,1.34905,1.34906,1.34901,1.34905,16
SQ:USDSGD,2023-06-07T19:00:00+02:00,1.34905,1.34909,1.34905,1.34909,16
SQ:USDSGD,2023-06-07T19:01:00+02:00,1.34909,1.34911,1.34903,1.34904,16
SQ:USDSGD,2023-06-07T19:02:00+02:00,1.34903,1.34911,1.34903,1.34910,14
SQ:USDSGD,2023-06-07T19:03:00+02:00,1.34910,1.34924,1.34909,1.34924,20
SQ:USDSGD,2023-06-07T19:04:00+02:00,1.34924,1.34927,1.34923,1.34927,18
SQ:USDSGD,2023-06-07T19:05:00+02:00,1.34928,1.34937,1.34928,1.34937,17
SQ:USDSGD,2023-06-07T19:06:00+02:00,1.34936,1.34936,1.34933,1.34933,4
SQ:USDSGD,2023-06-07T19:07:00+02:00,1.34932,1.34932,1.34925,1.34925,20
SQ:USDSGD,2023-06-07T19:08:00+02:00,1.34926,1.34928,1.34926,1.34927,4
SQ:USDSGD,2023-06-07T19:09:00+02:00,1.34924,1.34924,1.34910,1.34911,12
SQ:USDSGD,2023-06-07T19:10:00+02:00,1.34912,1.34912,1.34904,1.34906,10
SQ:USDSGD,2023-06-07T19:11:00+02:00,1.34905,1.34914,1.34905,1.34914,16
SQ:USDSGD,2023-06-07T19:12:00+02:00,1.34914,1.34928,1.34913,1.34927,15
SQ:USDSGD,2023-06-07T19:13:00+02:00,1.34927,1.34933,1.34925,1.34925,25
SQ:USDSGD,2023-06-07T19:14:00+02:00,1.34925,1.34928,1.34912,1.34913,28
SQ:USDSGD,2023-06-07T19:15:00+02:00,1.34914,1.34917,1.34914,1.34916,5
SQ:USDSGD,2023-06-07T19:16:00+02:00,1.34917,1.34917,1.34916,1.34916,4
SQ:USDSGD,2023-06-07T19:17:00+02:00,1.34917,1.34919,1.34914,1.34917,23
SQ:USDSGD,2023-06-07T19:18:00+02:00,1.34918,1.34925,1.34918,1.34925,9
SQ:USDSGD,2023-06-07T19:19:00+02:00,1.34923,1.34928,1.34922,1.34925,44
SQ:USDSGD,2023-06-07T19:20:00+02:00,1.34925,1.34927,1.34917,1.34917,27
SQ:USDSGD,2023-06-07T19:21:00+02:00,1.34918,1.34919,1.34916,1.34917,10
SQ:USDSGD,2023-06-07T19:22:00+02:00,1.34918,1.34918,1.34910,1.34910,21
SQ:USDSGD,2023-06-07T19:23:00+02:00,1.34910,1.34917,1.34910,1.34913,12
SQ:USDSGD,2023-06-07T19:24:00+02:00,1.34913,1.34913,1.34906,1.34906,23
SQ:USDSGD,2023-06-07T19:25:00+02:00,1.34906,1.34914,1.34904,1.34914,9
SQ:USDSGD,2023-06-07T19:26:00+02:00,1.34912,1.34924,1.34912,1.34914,25
SQ:USDSGD,2023-06-07T19:27:00+02:00,1.34914,1.34915,1.34907,1.34907,7
SQ:USDSGD,2023-06-07T19:28:00+02:00,1.34907,1.34911,1.34907,1.34911,9
SQ:USDSGD,2023-06-07T19:29:00+02:00,1.34911,1.34912,1.34911,1.34912,4
SQ:USDSGD,2023-06-07T19:30:00+02:00,1.34915,1.34918,1.34913,1.34914,9
SQ:USDSGD,2023-06-07T19:31:00+02:00,1.34914,1.34935,1.34914,1.34934,29
SQ:USDSGD,2023-06-07T19:32:00+02:00,1.34935,1.34935,1.34924,1.34924,8
SQ:USDSGD,2023-06-07T19:33:00+02:00,1.34924,1.34927,1.34922,1.34927,13
SQ:USDSGD,2023-06-07T19:34:00+02:00,1.34927,1.34927,1.34925,1.34925,2
SQ:USDSGD,2023-06-07T19:35:00+02:00,1.34925,1.34926,1.34921,1.34924,12
SQ:USDSGD,2023-06-07T19:36:00+02:00,1.34924,1.34926,1.34923,1.34923,11
SQ:USDSGD,2023-06-07T19:37:00+02:00,1.34922,1.34923,1.34906,1.34907,30
SQ:USDSGD,2023-06-07T19:38:00+02:00,1.34907,1.34907,1.34904,1.34905,34
SQ:USDSGD,2023-06-07T19:39:00+02:00,1.34905,1.34905,1.34893,1.34899,17
SQ:USDSGD,2023-06-07T19:40:00+02:00,1.34899,1.34911,1.34898,1.34910,20
SQ:USDSGD,2023-06-07T19:41:00+02:00,1.34910,1.34915,1.34909,1.34915,6
SQ:USDSGD,2023-06-07T19:42:00+02:00,1.34916,1.34917,1.34916,1.34916,3
SQ:USDSGD,2023-06-07T19:43:00+02:00,1.34916,1.34916,1.34904,1.34905,12
SQ:USDSGD,2023-06-07T19:44:00+02:00,1.34904,1.34904,1.34881,1.34884,30
SQ:USDSGD,2023-06-07T19:45:00+02:00,1.34884,1.34884,1.34879,1.34884,20
SQ:USDSGD,2023-06-07T19:46:00+02:00,1.34884,1.34891,1.34883,1.34883,22
SQ:USDSGD,2023-06-07T19:47:00+02:00,1.34883,1.34892,1.34883,1.34887,22
SQ:USDSGD,2023-06-07T19:48:00+02:00,1.34886,1.34887,1.34872,1.34875,24
SQ:USDSGD,2023-06-07T19:49:00+02:00,1.34875,1.34878,1.34863,1.34868,22
SQ:USDSGD,2023-06-07T19:50:00+02:00,1.34869,1.34869,1.34857,1.34857,16
SQ:USDSGD,2023-06-07T19:51:00+02:00,1.34857,1.34858,1.34845,1.34846,14
SQ:USDSGD,2023-06-07T19:52:00+02:00,1.34846,1.34849,1.34845,1.34849,5
SQ:USDSGD,2023-06-07T19:53:00+02:00,1.34849,1.34849,1.34845,1.34846,5
SQ:USDSGD,2023-06-07T19:54:00+02:00,1.34846,1.34855,1.34842,1.34855,24
SQ:USDSGD,2023-06-07T19:55:00+02:00,1.34855,1.34863,1.34853,1.34855,43
SQ:USDSGD,2023-06-07T19:56:00+02:00,1.34855,1.34855,1.34848,1.34849,16
SQ:USDSGD,2023-06-07T19:57:00+02:00,1.34849,1.34849,1.34847,1.34847,2
SQ:USDSGD,2023-06-07T19:58:00+02:00,1.34847,1.34847,1.34844,1.34844,5
SQ:USDSGD,2023-06-07T19:59:00+02:00,1.34844,1.34856,1.34844,1.34852,22
SQ:USDSGD,2023-06-07T20:00:00+02:00,1.34852,1.34853,1.34846,1.34852,35
SQ:USDSGD,2023-06-07T20:01:00+02:00,1.34852,1.34852,1.34844,1.34845,11
SQ:USDSGD,2023-06-07T20:02:00+02:00,1.34844,1.34858,1.34844,1.34855,29
SQ:USDSGD,2023-06-07T20:03:00+02:00,1.34855,1.34858,1.34852,1.34852,20
SQ:USDSGD,2023-06-07T20:04:00+02:00,1.34852,1.34853,1.34852,1.34853,8
SQ:USDSGD,2023-06-07T20:05:00+02:00,1.34853,1.34853,1.34844,1.34844,8
SQ:USDSGD,2023-06-07T20:06:00+02:00,1.34844,1.34844,1.34832,1.34836,28
SQ:USDSGD,2023-06-07T20:07:00+02:00,1.34836,1.34840,1.34835,1.34836,10
SQ:USDSGD,2023-06-07T20:08:00+02:00,1.34836,1.34837,1.34834,1.34834,8
SQ:USDSGD,2023-06-07T20:09:00+02:00,1.34835,1.34836,1.34832,1.34834,22
SQ:USDSGD,2023-06-07T20:10:00+02:00,1.34834,1.34839,1.34830,1.34838,42
SQ:USDSGD,2023-06-07T20:11:00+02:00,1.34839,1.34840,1.34834,1.34839,25
SQ:USDSGD,2023-06-07T20:12:00+02:00,1.34839,1.34852,1.34837,1.34848,30
SQ:USDSGD,2023-06-07T20:13:00+02:00,1.34848,1.34849,1.34840,1.34840,14
SQ:USDSGD,2023-06-07T20:14:00+02:00,1.34840,1.34842,1.34836,1.34836,7
SQ:USDSGD,2023-06-07T20:15:00+02:00,1.34836,1.34838,1.34834,1.34837,7
SQ:USDSGD,2023-06-07T20:16:00+02:00,1.34838,1.34839,1.34834,1.34837,28
SQ:USDSGD,2023-06-07T20:17:00+02:00,1.34836,1.34837,1.34835,1.34836,36
SQ:USDSGD,2023-06-07T20:18:00+02:00,1.34835,1.34839,1.34835,1.34837,16
SQ:USDSGD,2023-06-07T20:19:00+02:00,1.34838,1.34848,1.34838,1.34846,29
SQ:USDSGD,2023-06-07T20:20:00+02:00,1.34847,1.34848,1.34844,1.34845,19
SQ:USDSGD,2023-06-07T20:21:00+02:00,1.34845,1.34845,1.34833,1.34835,23
SQ:USDSGD,2023-06-07T20:22:00+02:00,1.34835,1.34837,1.34828,1.34834,24
SQ:USDSGD,2023-06-07T20:23:00+02:00,1.34836,1.34842,1.34836,1.34838,32
SQ:USDSGD,2023-06-07T20:24:00+02:00,1.34839,1.34848,1.34839,1.34843,15
SQ:USDSGD,2023-06-07T20:25:00+02:00,1.34844,1.34853,1.34843,1.34853,22
SQ:USDSGD,2023-06-07T20:26:00+02:00,1.34855,1.34856,1.34854,1.34854,4
SQ:USDSGD,2023-06-07T20:27:00+02:00,1.34856,1.34856,1.34845,1.34846,18
SQ:USDSGD,2023-06-07T20:28:00+02:00,1.34846,1.34854,1.34845,1.34848,31
SQ:USDSGD,2023-06-07T20:29:00+02:00,1.34848,1.34852,1.34848,1.34851,18
SQ:USDSGD,2023-06-07T20:30:00+02:00,1.34851,1.34857,1.34844,1.34845,31
SQ:USDSGD,2023-06-07T20:31:00+02:00,1.34844,1.34851,1.34844,1.34851,13
SQ:USDSGD,2023-06-07T20:32:00+02:00,1.34851,1.34851,1.34837,1.34837,34
SQ:USDSGD,2023-06-07T20:33:00+02:00,1.34837,1.34837,1.34834,1.34836,14
SQ:USDSGD,2023-06-07T20:34:00+02:00,1.34837,1.34837,1.34836,1.34836,2
SQ:USDSGD,2023-06-07T20:35:00+02:00,1.34834,1.34848,1.34834,1.34848,13
SQ:USDSGD,2023-06-07T20:36:00+02:00,1.34848,1.34849,1.34847,1.34849,9
SQ:USDSGD,2023-06-07T20:37:00+02:00,1.34848,1.34849,1.34844,1.34844,12
SQ:USDSGD,2023-06-07T20:38:00+02:00,1.34844,1.34849,1.34844,1.34845,14
SQ:USDSGD,2023-06-07T20:39:00+02:00,1.34846,1.34850,1.34844,1.34844,12
SQ:USDSGD,2023-06-07T20:40:00+02:00,1.34845,1.34848,1.34845,1.34845,21
SQ:USDSGD,2023-06-07T20:41:00+02:00,1.34847,1.34857,1.34845,1.34854,24
SQ:USDSGD,2023-06-07T20:42:00+02:00,1.34854,1.34857,1.34848,1.34848,13
SQ:USDSGD,2023-06-07T20:43:00+02:00,1.34848,1.34851,1.34845,1.34850,15
SQ:USDSGD,2023-06-07T20:44:00+02:00,1.34848,1.34848,1.34845,1.34845,9
SQ:USDSGD,2023-06-07T20:45:00+02:00,1.34846,1.34847,1.34845,1.34846,15
SQ:USDSGD,2023-06-07T20:46:00+02:00,1.34846,1.34846,1.34841,1.34842,9
SQ:USDSGD,2023-06-07T20:47:00+02:00,1.34842,1.34844,1.34837,1.34837,22
SQ:USDSGD,2023-06-07T20:48:00+02:00,1.34837,1.34837,1.34820,1.34822,15
SQ:USDSGD,2023-06-07T20:49:00+02:00,1.34822,1.34822,1.34818,1.34818,6
SQ:USDSGD,2023-06-07T20:50:00+02:00,1.34817,1.34830,1.34814,1.34829,37
SQ:USDSGD,2023-06-07T20:51:00+02:00,1.34828,1.34835,1.34827,1.34835,15
SQ:USDSGD,2023-06-07T20:52:00+02:00,1.34835,1.34835,1.34830,1.34832,9
SQ:USDSGD,2023-06-07T20:53:00+02:00,1.34832,1.34834,1.34830,1.34834,10
SQ:USDSGD,2023-06-07T20:54:00+02:00,1.34834,1.34834,1.34830,1.34833,10
SQ:USDSGD,2023-06-07T20:55:00+02:00,1.34833,1.34835,1.34832,1.34834,18
SQ:USDSGD,2023-06-07T20:56:00+02:00,1.34834,1.34835,1.34831,1.34833,24
SQ:USDSGD,2023-06-07T20:57:00+02:00,1.34834,1.34836,1.34833,1.34834,15
SQ:USDSGD,2023-06-07T20:58:00+02:00,1.34834,1.34834,1.34831,1.34831,4
SQ:USDSGD,2023-06-07T20:59:00+02:00,1.34832,1.34832,1.34830,1.34830,13
SQ:USDSGD,2023-06-07T21:00:00+02:00,1.34830,1.34830,1.34818,1.34819,19
SQ:USDSGD,2023-06-07T21:01:00+02:00,1.34818,1.34818,1.34802,1.34802,20
SQ:USDSGD,2023-06-07T21:02:00+02:00,1.34801,1.34803,1.34797,1.34801,19
SQ:USDSGD,2023-06-07T21:03:00+02:00,1.34801,1.34802,1.34795,1.34800,15
SQ:USDSGD,2023-06-07T21:04:00+02:00,1.34798,1.34815,1.34794,1.34811,31
SQ:USDSGD,2023-06-07T21:05:00+02:00,1.34812,1.34816,1.34812,1.34815,8
SQ:USDSGD,2023-06-07T21:06:00+02:00,1.34814,1.34817,1.34814,1.34817,3
SQ:USDSGD,2023-06-07T21:07:00+02:00,1.34815,1.34817,1.34814,1.34815,7
SQ:USDSGD,2023-06-07T21:08:00+02:00,1.34815,1.34828,1.34814,1.34822,11
SQ:USDSGD,2023-06-07T21:09:00+02:00,1.34822,1.34826,1.34821,1.34826,7
SQ:USDSGD,2023-06-07T21:10:00+02:00,1.34825,1.34825,1.34825,1.34825,1
SQ:USDSGD,2023-06-07T21:11:00+02:00,1.34825,1.34825,1.34822,1.34824,6
SQ:USDSGD,2023-06-07T21:12:00+02:00,1.34825,1.34826,1.34823,1.34823,7
SQ:USDSGD,2023-06-07T21:13:00+02:00,1.34823,1.34823,1.34814,1.34816,9
SQ:USDSGD,2023-06-07T21:14:00+02:00,1.34815,1.34815,1.34814,1.34814,2
SQ:USDSGD,2023-06-07T21:15:00+02:00,1.34815,1.34824,1.34813,1.34823,22
SQ:USDSGD,2023-06-07T21:16:00+02:00,1.34823,1.34827,1.34823,1.34826,11
SQ:USDSGD,2023-06-07T21:17:00+02:00,1.34825,1.34832,1.34823,1.34832,8
SQ:USDSGD,2023-06-07T21:18:00+02:00,1.34834,1.34834,1.34833,1.34833,2
SQ:USDSGD,2023-06-07T21:19:00+02:00,1.34835,1.34835,1.34824,1.34826,7
SQ:USDSGD,2023-06-07T21:20:00+02:00,1.34826,1.34826,1.34813,1.34823,22
SQ:USDSGD,2023-06-07T21:21:00+02:00,1.34823,1.34826,1.34823,1.34825,35
SQ:USDSGD,2023-06-07T21:22:00+02:00,1.34824,1.34825,1.34822,1.34825,5
SQ:USDSGD,2023-06-07T21:23:00+02:00,1.34825,1.34834,1.34825,1.34831,14
SQ:USDSGD,2023-06-07T21:24:00+02:00,1.34831,1.34831,1.34825,1.34826,11
SQ:USDSGD,2023-06-07T21:25:00+02:00,1.34827,1.34830,1.34827,1.34830,7
SQ:USDSGD,2023-06-07T21:26:00+02:00,1.34830,1.34837,1.34828,1.34835,15
SQ:USDSGD,2023-06-07T21:27:00+02:00,1.34835,1.34837,1.34834,1.34836,10
SQ:USDSGD,2023-06-07T21:28:00+02:00,1.34837,1.34842,1.34836,1.34841,13
SQ:USDSGD,2023-06-07T21:29:00+02:00,1.34841,1.34844,1.34838,1.34839,16
SQ:USDSGD,2023-06-07T21:30:00+02:00,1.34840,1.34843,1.34838,1.34841,17
SQ:USDSGD,2023-06-07T21:31:00+02:00,1.34840,1.34840,1.34830,1.34830,9
SQ:USDSGD,2023-06-07T21:32:00+02:00,1.34829,1.34830,1.34821,1.34825,18
SQ:USDSGD,2023-06-07T21:33:00+02:00,1.34823,1.34824,1.34823,1.34824,6
SQ:USDSGD,2023-06-07T21:34:00+02:00,1.34824,1.34826,1.34823,1.34825,15
SQ:USDSGD,2023-06-07T21:35:00+02:00,1.34826,1.34827,1.34824,1.34824,25
SQ:USDSGD,2023-06-07T21:36:00+02:00,1.34824,1.34826,1.34822,1.34823,12
SQ:USDSGD,2023-06-07T21:37:00+02:00,1.34823,1.34828,1.34822,1.34825,46
SQ:USDSGD,2023-06-07T21:38:00+02:00,1.34825,1.34832,1.34825,1.34830,11
SQ:USDSGD,2023-06-07T21:39:00+02:00,1.34830,1.34833,1.34829,1.34833,7
SQ:USDSGD,2023-06-07T21:40:00+02:00,1.34833,1.34837,1.34833,1.34835,19
SQ:USDSGD,2023-06-07T21:41:00+02:00,1.34835,1.34840,1.34834,1.34835,9
SQ:USDSGD,2023-06-07T21:42:00+02:00,1.34835,1.34849,1.34834,1.34844,8
SQ:USDSGD,2023-06-07T21:43:00+02:00,1.34844,1.34844,1.34843,1.34843,2
SQ:USDSGD,2023-06-07T21:44:00+02:00,1.34843,1.34843,1.34840,1.34843,7
SQ:USDSGD,2023-06-07T21:45:00+02:00,1.34843,1.34843,1.34843,1.34843,1
SQ:USDSGD,2023-06-07T21:46:00+02:00,1.34843,1.34844,1.34843,1.34843,3
SQ:USDSGD,2023-06-07T21:47:00+02:00,1.34843,1.34844,1.34843,1.34844,2
SQ:USDSGD,2023-06-07T21:48:00+02:00,1.34844,1.34848,1.34844,1.34848,4
SQ:USDSGD,2023-06-07T21:49:00+02:00,1.34848,1.34848,1.34845,1.34845,4
SQ:USDSGD,2023-06-07T21:50:00+02:00,1.34845,1.34845,1.34843,1.34845,3
SQ:USDSGD,2023-06-07T21:51:00+02:00,1.34844,1.34844,1.34843,1.34843,2
SQ:USDSGD,2023-06-07T21:52:00+02:00,1.34843,1.34846,1.34843,1.34846,3
SQ:USDSGD,2023-06-07T21:53:00+02:00,1.34847,1.34855,1.34846,1.34851,9
SQ:USDSGD,2023-06-07T21:54:00+02:00,1.34851,1.34862,1.34850,1.34862,37
SQ:USDSGD,2023-06-07T21:55:00+02:00,1.34862,1.34873,1.34862,1.34872,20
SQ:USDSGD,2023-06-07T21:56:00+02:00,1.34873,1.34874,1.34872,1.34873,5
SQ:USDSGD,2023-06-07T21:57:00+02:00,1.34872,1.34872,1.34863,1.34865,6
SQ:USDSGD,2023-06-07T21:58:00+02:00,1.34866,1.34881,1.34866,1.34880,23
SQ:USDSGD,2023-06-07T21:59:00+02:00,1.34881,1.34887,1.34880,1.34883,19
SQ:USDSGD,2023-06-07T22:00:00+02:00,1.34884,1.34900,1.34884,1.34893,20
SQ:USDSGD,2023-06-07T22:01:00+02:00,1.34892,1.34897,1.34892,1.34897,8
SQ:USDSGD,2023-06-07T22:02:00+02:00,1.34898,1.34898,1.34889,1.34892,15
SQ:USDSGD,2023-06-07T22:03:00+02:00,1.34892,1.34892,1.34882,1.34889,16
SQ:USDSGD,2023-06-07T22:04:00+02:00,1.34889,1.34889,1.34889,1.34889,1
SQ:USDSGD,2023-06-07T22:05:00+02:00,1.34889,1.34889,1.34884,1.34884,4
SQ:USDSGD,2023-06-07T22:08:00+02:00,1.34872,1.34872,1.34872,1.34872,1
SQ:USDSGD,2023-06-07T22:09:00+02:00,1.34872,1.34872,1.34870,1.34870,3
SQ:USDSGD,2023-06-07T22:10:00+02:00,1.34870,1.34870,1.34867,1.34867,7
SQ:USDSGD,2023-06-07T22:11:00+02:00,1.34867,1.34867,1.34862,1.34862,7
SQ:USDSGD,2023-06-07T22:12:00+02:00,1.34863,1.34866,1.34862,1.34866,8
SQ:USDSGD,2023-06-07T22:13:00+02:00,1.34867,1.34867,1.34865,1.34865,4
SQ:USDSGD,2023-06-07T22:14:00+02:00,1.34866,1.34866,1.34863,1.34863,6
SQ:USDSGD,2023-06-07T22:15:00+02:00,1.34863,1.34863,1.34861,1.34861,2
SQ:USDSGD,2023-06-07T22:16:00+02:00,1.34860,1.34860,1.34859,1.34859,2
SQ:USDSGD,2023-06-07T22:17:00+02:00,1.34861,1.34863,1.34859,1.34861,5
SQ:USDSGD,2023-06-07T22:18:00+02:00,1.34861,1.34861,1.34859,1.34859,2
SQ:USDSGD,2023-06-07T22:19:00+02:00,1.34861,1.34861,1.34861,1.34861,1
SQ:USDSGD,2023-06-07T22:20:00+02:00,1.34861,1.34866,1.34861,1.34866,8
SQ:USDSGD,2023-06-07T22:21:00+02:00,1.34867,1.34868,1.34867,1.34868,2
SQ:USDSGD,2023-06-07T22:22:00+02:00,1.34868,1.34869,1.34868,1.34869,2
SQ:USDSGD,2023-06-07T22:23:00+02:00,1.34867,1.34867,1.34867,1.34867,1
SQ:USDSGD,2023-06-07T22:24:00+02:00,1.34867,1.34867,1.34867,1.34867,1
SQ:USDSGD,2023-06-07T22:25:00+02:00,1.34867,1.34871,1.34867,1.34868,5
SQ:USDSGD,2023-06-07T22:26:00+02:00,1.34867,1.34870,1.34867,1.34868,4
SQ:USDSGD,2023-06-07T22:28:00+02:00,1.34869,1.34869,1.34869,1.34869,1
SQ:USDSGD,2023-06-07T22:29:00+02:00,1.34867,1.34867,1.34865,1.34865,7
SQ:USDSGD,2023-06-07T22:30:00+02:00,1.34865,1.34865,1.34864,1.34865,3
SQ:USDSGD,2023-06-07T22:31:00+02:00,1.34864,1.34864,1.34863,1.34863,4
SQ:USDSGD,2023-06-07T22:32:00+02:00,1.34865,1.34865,1.34863,1.34863,5
SQ:USDSGD,2023-06-07T22:33:00+02:00,1.34863,1.34863,1.34857,1.34859,4
SQ:USDSGD,2023-06-07T22:34:00+02:00,1.34859,1.34859,1.34849,1.34849,21
SQ:USDSGD,2023-06-07T22:35:00+02:00,1.34851,1.34851,1.34848,1.34848,6
SQ:USDSGD,2023-06-07T22:36:00+02:00,1.34849,1.34849,1.34843,1.34843,4
SQ:USDSGD,2023-06-07T22:37:00+02:00,1.34845,1.34847,1.34842,1.34847,4
SQ:USDSGD,2023-06-07T22:38:00+02:00,1.34848,1.34850,1.34848,1.34850,3
SQ:USDSGD,2023-06-07T22:39:00+02:00,1.34850,1.34851,1.34850,1.34851,2
SQ:USDSGD,2023-06-07T22:40:00+02:00,1.34851,1.34856,1.34851,1.34856,3
SQ:USDSGD,2023-06-07T22:41:00+02:00,1.34857,1.34859,1.34854,1.34859,7
SQ:USDSGD,2023-06-07T22:42:00+02:00,1.34865,1.34869,1.34855,1.34856,10
SQ:USDSGD,2023-06-07T22:43:00+02:00,1.34856,1.34857,1.34852,1.34852,6
SQ:USDSGD,2023-06-07T22:44:00+02:00,1.34852,1.34852,1.34852,1.34852,1
SQ:USDSGD,2023-06-07T22:45:00+02:00,1.34849,1.34852,1.34849,1.34852,2
SQ:USDSGD,2023-06-07T22:46:00+02:00,1.34852,1.34852,1.34852,1.34852,1
SQ:USDSGD,2023-06-07T22:47:00+02:00,1.34851,1.34852,1.34851,1.34851,3
SQ:USDSGD,2023-06-07T22:48:00+02:00,1.34849,1.34849,1.34844,1.34845,5
SQ:USDSGD,2023-06-07T22:49:00+02:00,1.34845,1.34851,1.34845,1.34851,4
SQ:USDSGD,2023-06-07T22:50:00+02:00,1.34851,1.34852,1.34848,1.34852,6
SQ:USDSGD,2023-06-07T22:51:00+02:00,1.34851,1.34852,1.34838,1.34839,44
SQ:USDSGD,2023-06-07T22:52:00+02:00,1.34839,1.34841,1.34836,1.34840,5
SQ:USDSGD,2023-06-07T22:53:00+02:00,1.34839,1.34839,1.34839,1.34839,1
SQ:USDSGD,2023-06-07T22:54:00+02:00,1.34840,1.34841,1.34840,1.34840,3
SQ:USDSGD,2023-06-07T23:01:00+02:00,1.34796,1.34796,1.34796,1.34796,1
SQ:USDSGD,2023-06-07T23:02:00+02:00,1.34796,1.34796,1.34796,1.34796,1
SQ:USDSGD,2023-06-07T23:03:00+02:00,1.34796,1.34798,1.34796,1.34798,2
SQ:USDSGD,2023-06-07T23:04:00+02:00,1.34798,1.34798,1.34798,1.34798,1
SQ:USDSGD,2023-06-07T23:07:00+02:00,1.34798,1.34798,1.34798,1.34798,1
SQ:USDSGD,2023-06-07T23:10:00+02:00,1.34798,1.34798,1.34798,1.34798,1
SQ:USDSGD,2023-06-07T23:12:00+02:00,1.34798,1.34798,1.34798,1.34798,1
SQ:USDSGD,2023-06-07T23:13:00+02:00,1.34798,1.34798,1.34796,1.34796,2
SQ:USDSGD,2023-06-07T23:14:00+02:00,1.34796,1.34796,1.34796,1.34796,1
SQ:USDSGD,2023-06-07T23:15:00+02:00,1.34813,1.34813,1.34796,1.34796,12
SQ:USDSGD,2023-06-07T23:16:00+02:00,1.34814,1.34814,1.34796,1.34796,15
SQ:USDSGD,2023-06-07T23:17:00+02:00,1.34796,1.34796,1.34796,1.34796,1
SQ:USDSGD,2023-06-07T23:18:00+02:00,1.34796,1.34796,1.34796,1.34796,1
SQ:USDSGD,2023-06-07T23:21:00+02:00,1.34796,1.34796,1.34796,1.34796,1
SQ:USDSGD,2023-06-07T23:23:00+02:00,1.34796,1.34796,1.34796,1.34796,1
SQ:USDSGD,2023-06-07T23:24:00+02:00,1.34817,1.34817,1.34796,1.34796,21
SQ:USDSGD,2023-06-07T23:25:00+02:00,1.34796,1.34796,1.34796,1.34796,1
SQ:USDSGD,2023-06-07T23:26:00+02:00,1.34796,1.34796,1.34796,1.34796,1
SQ:USDSGD,2023-06-07T23:27:00+02:00,1.34796,1.34796,1.34796,1.34796,1
SQ:USDSGD,2023-06-07T23:28:00+02:00,1.34796,1.34796,1.34796,1.34796,1
SQ:USDSGD,2023-06-07T23:29:00+02:00,1.34796,1.34796,1.34796,1.34796,1
SQ:USDSGD,2023-06-07T23:30:00+02:00,1.34796,1.34796,1.34796,1.34796,1
SQ:USDSGD,2023-06-07T23:31:00+02:00,1.34796,1.34798,1.34796,1.34796,4
SQ:USDSGD,2023-06-07T23:32:00+02:00,1.34796,1.34796,1.34796,1.34796,1
SQ:USDSGD,2023-06-07T23:33:00+02:00,1.34797,1.34797,1.34797,1.34797,1
SQ:USDSGD,2023-06-07T23:34:00+02:00,1.34797,1.34797,1.34797,1.34797,1
SQ:USDSGD,2023-06-07T23:35:00+02:00,1.34797,1.34797,1.34797,1.34797,1
SQ:USDSGD,2023-06-07T23:36:00+02:00,1.34797,1.34797,1.34797,1.34797,1
SQ:USDSGD,2023-06-07T23:37:00+02:00,1.34797,1.34797,1.34797,1.34797,1
SQ:USDSGD,2023-06-07T23:38:00+02:00,1.34797,1.34797,1.34797,1.34797,1
SQ:USDSGD,2023-06-07T23:39:00+02:00,1.34797,1.34797,1.34797,1.34797,1
SQ:USDSGD,2023-06-07T23:40:00+02:00,1.34797,1.34797,1.34797,1.34797,1
SQ:USDSGD,2023-06-07T23:41:00+02:00,1.34797,1.34802,1.34797,1.34797,3
SQ:USDSGD,2023-06-07T23:42:00+02:00,1.34797,1.34797,1.34797,1.34797,1
SQ:USDSGD,2023-06-07T23:43:00+02:00,1.34811,1.34811,1.34797,1.34797,8
SQ:USDSGD,2023-06-07T23:44:00+02:00,1.34797,1.34797,1.34797,1.34797,1
SQ:USDSGD,2023-06-07T23:45:00+02:00,1.34809,1.34815,1.34797,1.34797,9
SQ:USDSGD,2023-06-07T23:46:00+02:00,1.34797,1.34798,1.34797,1.34798,2
SQ:USDSGD,2023-06-07T23:47:00+02:00,1.34798,1.34798,1.34798,1.34798,1
SQ:USDSGD,2023-06-07T23:48:00+02:00,1.34798,1.34798,1.34798,1.34798,1
SQ:USDSGD,2023-06-07T23:49:00+02:00,1.34798,1.34798,1.34798,1.34798,1
SQ:USDSGD,2023-06-07T23:50:00+02:00,1.34798,1.34798,1.34798,1.34798,1
SQ:USDSGD,2023-06-07T23:51:00+02:00,1.34798,1.34798,1.34798,1.34798,1
SQ:USDSGD,2023-06-07T23:52:00+02:00,1.34798,1.34813,1.34798,1.34798,5
SQ:USDSGD,2023-06-07T23:53:00+02:00,1.34798,1.34798,1.34798,1.34798,1
SQ:USDSGD,2023-06-07T23:55:00+02:00,1.34798,1.34798,1.34798,1.34798,1
SQ:USDSGD,2023-06-07T23:56:00+02:00,1.34798,1.34798,1.34798,1.34798,1
SQ:USDSGD,2023-06-07T23:57:00+02:00,1.34796,1.34798,1.34796,1.34798,2
SQ:USDSGD,2023-06-07T23:58:00+02:00,1.34800,1.34810,1.34799,1.34805,8
SQ:USDSGD,2023-06-07T23:59:00+02:00,1.34805,1.34806,1.34805,1.34806,2
