SQ:US30,2021-02-16T00:01:00+01:00,31645.75,31646.75,31632.75,31632.75,28
SQ:US30,2021-02-16T00:02:00+01:00,31632.75,31633.75,31628.75,31629.75,18
SQ:US30,2021-02-16T00:03:00+01:00,31629.75,31634.75,31628.75,31633.75,19
SQ:US30,2021-02-16T00:04:00+01:00,31633.75,31634.75,31631.75,31633.75,9
SQ:US30,2021-02-16T00:05:00+01:00,31633.75,31637.75,31633.75,31637.75,7
SQ:US30,2021-02-16T00:06:00+01:00,31638.75,31646.75,31637.75,31645.75,20
SQ:US30,2021-02-16T00:07:00+01:00,31646.75,31646.75,31640.75,31642.75,25
SQ:US30,2021-02-16T00:08:00+01:00,31642.75,31642.75,31640.75,31640.75,7
SQ:US30,2021-02-16T00:09:00+01:00,31641.75,31645.75,31641.75,31641.75,7
SQ:US30,2021-02-16T00:10:00+01:00,31641.75,31641.75,31633.75,31633.75,11
SQ:US30,2021-02-16T00:11:00+01:00,31633.75,31633.75,31631.75,31631.75,5
SQ:US30,2021-02-16T00:12:00+01:00,31631.75,31632.75,31629.75,31629.75,4
SQ:US30,2021-02-16T00:13:00+01:00,31629.75,31631.75,31627.75,31629.75,7
SQ:US30,2021-02-16T00:14:00+01:00,31629.75,31629.75,31628.75,31629.75,3
SQ:US30,2021-02-16T00:15:00+01:00,31629.75,31629.75,31628.75,31629.75,7
SQ:US30,2021-02-16T00:16:00+01:00,31629.75,31633.75,31629.75,31633.75,7
SQ:US30,2021-02-16T00:17:00+01:00,31633.75,31636.75,31633.75,31633.75,9
SQ:US30,2021-02-16T00:18:00+01:00,31633.75,31634.75,31631.75,31631.75,9
SQ:US30,2021-02-16T00:19:00+01:00,31631.75,31631.75,31628.75,31630.75,8
SQ:US30,2021-02-16T00:20:00+01:00,31630.75,31630.75,31627.75,31628.75,7
SQ:US30,2021-02-16T00:21:00+01:00,31628.75,31628.75,31623.75,31626.75,32
SQ:US30,2021-02-16T00:22:00+01:00,31626.75,31627.75,31624.75,31624.75,12
SQ:US30,2021-02-16T00:23:00+01:00,31624.75,31628.75,31624.75,31626.75,9
SQ:US30,2021-02-16T00:24:00+01:00,31626.75,31627.75,31626.75,31627.75,4
SQ:US30,2021-02-16T00:25:00+01:00,31627.75,31628.75,31626.75,31628.75,6
SQ:US30,2021-02-16T00:26:00+01:00,31627.75,31627.75,31626.75,31627.75,3
SQ:US30,2021-02-16T00:27:00+01:00,31626.75,31630.75,31626.75,31630.75,7
SQ:US30,2021-02-16T00:28:00+01:00,31630.75,31632.75,31630.75,31631.75,8
SQ:US30,2021-02-16T00:29:00+01:00,31630.75,31631.75,31626.75,31628.75,11
SQ:US30,2021-02-16T00:30:00+01:00,31628.75,31630.75,31627.75,31628.75,12
SQ:US30,2021-02-16T00:31:00+01:00,31628.75,31630.75,31628.75,31629.75,7
SQ:US30,2021-02-16T00:32:00+01:00,31629.75,31629.75,31628.75,31628.75,2
SQ:US30,2021-02-16T00:33:00+01:00,31628.75,31630.75,31627.75,31630.75,5
SQ:US30,2021-02-16T00:34:00+01:00,31630.75,31630.75,31629.75,31629.75,2
SQ:US30,2021-02-16T00:35:00+01:00,31629.75,31630.75,31628.75,31628.75,6
SQ:US30,2021-02-16T00:36:00+01:00,31628.75,31629.75,31628.75,31629.75,8
SQ:US30,2021-02-16T00:37:00+01:00,31629.75,31637.75,31629.75,31635.75,12
SQ:US30,2021-02-16T00:38:00+01:00,31636.75,31636.75,31634.75,31634.75,5
SQ:US30,2021-02-16T00:39:00+01:00,31634.75,31635.75,31632.75,31634.75,15
SQ:US30,2021-02-16T00:40:00+01:00,31634.75,31636.75,31633.75,31636.75,6
SQ:US30,2021-02-16T00:41:00+01:00,31636.75,31637.75,31634.75,31636.75,22
SQ:US30,2021-02-16T00:42:00+01:00,31636.75,31639.75,31632.75,31639.75,21
SQ:US30,2021-02-16T00:43:00+01:00,31639.75,31642.75,31637.75,31638.75,24
SQ:US30,2021-02-16T00:44:00+01:00,31638.75,31638.75,31632.75,31632.75,14
SQ:US30,2021-02-16T00:45:00+01:00,31632.75,31632.75,31625.75,31627.75,17
SQ:US30,2021-02-16T00:46:00+01:00,31627.75,31630.75,31624.75,31624.75,20
SQ:US30,2021-02-16T00:47:00+01:00,31624.75,31627.75,31623.75,31624.75,14
SQ:US30,2021-02-16T00:48:00+01:00,31624.75,31624.75,31620.75,31620.75,10
SQ:US30,2021-02-16T00:49:00+01:00,31620.75,31622.75,31618.75,31622.75,8
SQ:US30,2021-02-16T00:50:00+01:00,31622.75,31622.75,31617.75,31617.75,8
SQ:US30,2021-02-16T00:51:00+01:00,31617.75,31621.75,31617.75,31620.75,8
SQ:US30,2021-02-16T00:52:00+01:00,31620.75,31620.75,31617.75,31618.75,7
SQ:US30,2021-02-16T00:53:00+01:00,31618.75,31622.75,31618.75,31622.75,5
SQ:US30,2021-02-16T00:54:00+01:00,31621.75,31623.75,31621.75,31623.75,11
SQ:US30,2021-02-16T00:55:00+01:00,31623.75,31625.75,31622.75,31624.75,12
SQ:US30,2021-02-16T00:56:00+01:00,31623.75,31628.75,31623.75,31628.75,8
SQ:US30,2021-02-16T00:57:00+01:00,31628.75,31629.75,31624.75,31625.75,14
SQ:US30,2021-02-16T00:58:00+01:00,31625.75,31625.75,31621.75,31621.75,7
SQ:US30,2021-02-16T00:59:00+01:00,31621.75,31625.75,31620.75,31623.75,14
SQ:US30,2021-02-16T01:00:00+01:00,31623.75,31631.75,31622.75,31631.75,37
SQ:US30,2021-02-16T01:01:00+01:00,31630.75,31632.75,31626.75,31626.75,25
SQ:US30,2021-02-16T01:02:00+01:00,31626.75,31630.75,31624.75,31628.75,20
SQ:US30,2021-02-16T01:03:00+01:00,31628.75,31634.75,31628.75,31630.75,35
SQ:US30,2021-02-16T01:04:00+01:00,31630.75,31631.75,31624.75,31625.75,29
SQ:US30,2021-02-16T01:05:00+01:00,31625.75,31628.75,31625.75,31627.75,12
SQ:US30,2021-02-16T01:06:00+01:00,31627.75,31631.75,31627.75,31631.75,15
SQ:US30,2021-02-16T01:07:00+01:00,31630.75,31632.75,31625.75,31625.75,18
SQ:US30,2021-02-16T01:08:00+01:00,31625.75,31630.75,31625.75,31630.75,25
SQ:US30,2021-02-16T01:09:00+01:00,31630.75,31630.75,31621.75,31624.75,27
SQ:US30,2021-02-16T01:10:00+01:00,31624.75,31635.75,31623.75,31632.75,56
SQ:US30,2021-02-16T01:11:00+01:00,31632.75,31633.75,31623.75,31626.75,42
SQ:US30,2021-02-16T01:12:00+01:00,31626.75,31636.75,31626.75,31634.75,33
SQ:US30,2021-02-16T01:13:00+01:00,31634.75,31637.75,31632.75,31634.75,43
SQ:US30,2021-02-16T01:14:00+01:00,31635.75,31638.75,31634.75,31636.75,33
SQ:US30,2021-02-16T01:15:00+01:00,31636.75,31641.75,31635.75,31635.75,36
SQ:US30,2021-02-16T01:16:00+01:00,31635.75,31639.75,31634.75,31637.75,38
SQ:US30,2021-02-16T01:17:00+01:00,31637.75,31647.75,31637.75,31644.75,40
SQ:US30,2021-02-16T01:18:00+01:00,31644.75,31648.75,31643.75,31645.75,41
SQ:US30,2021-02-16T01:19:00+01:00,31644.75,31647.75,31642.75,31643.75,33
SQ:US30,2021-02-16T01:20:00+01:00,31643.75,31644.75,31641.75,31642.75,19
SQ:US30,2021-02-16T01:21:00+01:00,31642.75,31647.75,31642.75,31645.75,27
SQ:US30,2021-02-16T01:22:00+01:00,31645.75,31650.75,31644.75,31650.75,22
SQ:US30,2021-02-16T01:23:00+01:00,31648.75,31657.75,31648.75,31653.75,50
SQ:US30,2021-02-16T01:24:00+01:00,31653.75,31658.75,31652.75,31658.75,48
SQ:US30,2021-02-16T01:25:00+01:00,31657.75,31660.75,31655.75,31658.75,42
SQ:US30,2021-02-16T01:26:00+01:00,31658.75,31670.75,31657.75,31670.75,88
SQ:US30,2021-02-16T01:27:00+01:00,31670.75,31671.75,31666.75,31669.75,54
SQ:US30,2021-02-16T01:28:00+01:00,31669.75,31669.75,31665.75,31669.75,30
SQ:US30,2021-02-16T01:29:00+01:00,31669.75,31669.75,31663.75,31665.75,34
SQ:US30,2021-02-16T01:30:00+01:00,31664.75,31670.75,31663.75,31669.75,41
SQ:US30,2021-02-16T01:31:00+01:00,31669.75,31679.75,31669.75,31674.75,75
SQ:US30,2021-02-16T01:32:00+01:00,31674.75,31678.75,31673.75,31673.75,64
SQ:US30,2021-02-16T01:33:00+01:00,31674.75,31678.75,31671.75,31678.75,40
SQ:US30,2021-02-16T01:34:00+01:00,31678.75,31683.75,31675.75,31676.75,50
SQ:US30,2021-02-16T01:35:00+01:00,31676.75,31678.75,31674.75,31674.75,20
SQ:US30,2021-02-16T01:36:00+01:00,31674.75,31675.75,31666.75,31667.75,22
SQ:US30,2021-02-16T01:37:00+01:00,31668.75,31671.75,31668.75,31668.75,17
SQ:US30,2021-02-16T01:38:00+01:00,31668.75,31670.75,31665.75,31665.75,14
SQ:US30,2021-02-16T01:39:00+01:00,31665.75,31670.75,31665.75,31669.75,18
SQ:US30,2021-02-16T01:40:00+01:00,31669.75,31672.75,31667.75,31667.75,14
SQ:US30,2021-02-16T01:41:00+01:00,31667.75,31669.75,31664.75,31667.75,38
SQ:US30,2021-02-16T01:42:00+01:00,31667.75,31667.75,31663.75,31663.75,11
SQ:US30,2021-02-16T01:43:00+01:00,31663.75,31664.75,31663.75,31663.75,17
SQ:US30,2021-02-16T01:44:00+01:00,31663.75,31666.75,31663.75,31664.75,11
SQ:US30,2021-02-16T01:45:00+01:00,31664.75,31667.75,31658.75,31658.75,20
SQ:US30,2021-02-16T01:46:00+01:00,31658.75,31662.75,31658.75,31660.75,15
SQ:US30,2021-02-16T01:47:00+01:00,31660.75,31662.75,31660.75,31661.75,4
SQ:US30,2021-02-16T01:48:00+01:00,31661.75,31664.75,31661.75,31663.75,13
SQ:US30,2021-02-16T01:49:00+01:00,31663.75,31664.75,31660.75,31662.75,23
SQ:US30,2021-02-16T01:50:00+01:00,31662.75,31663.75,31658.75,31659.75,14
SQ:US30,2021-02-16T01:51:00+01:00,31659.75,31660.75,31658.75,31659.75,9
SQ:US30,2021-02-16T01:52:00+01:00,31659.75,31660.75,31657.75,31657.75,17
SQ:US30,2021-02-16T01:53:00+01:00,31657.75,31659.75,31656.75,31656.75,22
SQ:US30,2021-02-16T01:54:00+01:00,31656.75,31660.75,31656.75,31660.75,13
SQ:US30,2021-02-16T01:55:00+01:00,31659.75,31660.75,31657.75,31659.75,15
SQ:US30,2021-02-16T01:56:00+01:00,31660.75,31662.75,31659.75,31660.75,15
SQ:US30,2021-02-16T01:57:00+01:00,31660.75,31663.75,31660.75,31662.75,9
SQ:US30,2021-02-16T01:58:00+01:00,31662.75,31669.75,31662.75,31669.75,20
SQ:US30,2021-02-16T01:59:00+01:00,31668.75,31674.75,31667.75,31673.75,47
SQ:US30,2021-02-16T02:00:00+01:00,31673.75,31675.75,31671.75,31675.75,39
SQ:US30,2021-02-16T02:01:00+01:00,31674.75,31675.75,31668.75,31670.75,37
SQ:US30,2021-02-16T02:02:00+01:00,31669.75,31676.75,31669.75,31673.75,19
SQ:US30,2021-02-16T02:03:00+01:00,31673.75,31676.75,31672.75,31675.75,21
SQ:US30,2021-02-16T02:04:00+01:00,31675.75,31677.75,31671.75,31672.75,18
SQ:US30,2021-02-16T02:05:00+01:00,31672.75,31672.75,31668.75,31669.75,8
SQ:US30,2021-02-16T02:06:00+01:00,31669.75,31669.75,31664.75,31666.75,8
SQ:US30,2021-02-16T02:07:00+01:00,31666.75,31672.75,31666.75,31670.75,19
SQ:US30,2021-02-16T02:08:00+01:00,31670.75,31675.75,31670.75,31674.75,13
SQ:US30,2021-02-16T02:09:00+01:00,31674.75,31676.75,31673.75,31674.75,15
SQ:US30,2021-02-16T02:10:00+01:00,31674.75,31678.75,31672.75,31674.75,14
SQ:US30,2021-02-16T02:11:00+01:00,31674.75,31678.75,31674.75,31677.75,18
SQ:US30,2021-02-16T02:12:00+01:00,31677.75,31682.75,31677.75,31682.75,20
SQ:US30,2021-02-16T02:13:00+01:00,31683.75,31683.75,31677.75,31680.75,28
SQ:US30,2021-02-16T02:14:00+01:00,31681.75,31686.75,31680.75,31683.75,35
SQ:US30,2021-02-16T02:15:00+01:00,31684.75,31685.75,31677.75,31681.75,80
SQ:US30,2021-02-16T02:16:00+01:00,31681.75,31682.75,31677.75,31678.75,34
SQ:US30,2021-02-16T02:17:00+01:00,31678.75,31682.75,31678.75,31682.75,24
SQ:US30,2021-02-16T02:18:00+01:00,31682.75,31684.75,31681.75,31683.75,14
SQ:US30,2021-02-16T02:19:00+01:00,31684.75,31688.75,31684.75,31686.75,32
SQ:US30,2021-02-16T02:20:00+01:00,31686.75,31695.75,31685.75,31693.75,38
SQ:US30,2021-02-16T02:21:00+01:00,31693.75,31700.75,31693.75,31698.75,57
SQ:US30,2021-02-16T02:22:00+01:00,31699.75,31702.75,31698.75,31699.75,33
SQ:US30,2021-02-16T02:23:00+01:00,31700.75,31705.75,31699.75,31705.75,42
SQ:US30,2021-02-16T02:24:00+01:00,31704.75,31708.75,31700.75,31706.75,46
SQ:US30,2021-02-16T02:25:00+01:00,31707.75,31709.75,31702.75,31707.75,45
SQ:US30,2021-02-16T02:26:00+01:00,31707.75,31709.75,31706.75,31708.75,44
SQ:US30,2021-02-16T02:27:00+01:00,31708.75,31709.75,31703.75,31703.75,21
SQ:US30,2021-02-16T02:28:00+01:00,31703.75,31704.75,31698.75,31701.75,42
SQ:US30,2021-02-16T02:29:00+01:00,31701.75,31703.75,31697.75,31698.75,35
SQ:US30,2021-02-16T02:30:00+01:00,31698.75,31701.75,31697.75,31697.75,31
SQ:US30,2021-02-16T02:31:00+01:00,31697.75,31700.75,31697.75,31700.75,28
SQ:US30,2021-02-16T02:32:00+01:00,31700.75,31701.75,31697.75,31700.75,27
SQ:US30,2021-02-16T02:33:00+01:00,31700.75,31703.75,31700.75,31702.75,31
SQ:US30,2021-02-16T02:34:00+01:00,31703.75,31705.75,31702.75,31703.75,21
SQ:US30,2021-02-16T02:35:00+01:00,31703.75,31704.75,31700.75,31700.75,14
SQ:US30,2021-02-16T02:36:00+01:00,31700.75,31702.75,31700.75,31700.75,11
SQ:US30,2021-02-16T02:37:00+01:00,31700.75,31701.75,31697.75,31698.75,17
SQ:US30,2021-02-16T02:38:00+01:00,31699.75,31700.75,31695.75,31700.75,23
SQ:US30,2021-02-16T02:39:00+01:00,31700.75,31701.75,31697.75,31698.75,11
SQ:US30,2021-02-16T02:40:00+01:00,31698.75,31703.75,31697.75,31703.75,21
SQ:US30,2021-02-16T02:41:00+01:00,31703.75,31705.75,31699.75,31701.75,23
SQ:US30,2021-02-16T02:42:00+01:00,31701.75,31702.75,31698.75,31701.75,17
SQ:US30,2021-02-16T02:43:00+01:00,31701.75,31702.75,31699.75,31700.75,26
SQ:US30,2021-02-16T02:44:00+01:00,31700.75,31704.75,31699.75,31703.75,26
SQ:US30,2021-02-16T02:45:00+01:00,31704.75,31709.75,31702.75,31707.75,30
SQ:US30,2021-02-16T02:46:00+01:00,31707.75,31710.75,31706.75,31706.75,19
SQ:US30,2021-02-16T02:47:00+01:00,31707.75,31708.75,31701.75,31703.75,19
SQ:US30,2021-02-16T02:48:00+01:00,31703.75,31705.75,31700.75,31704.75,22
SQ:US30,2021-02-16T02:49:00+01:00,31705.75,31706.75,31703.75,31703.75,15
SQ:US30,2021-02-16T02:50:00+01:00,31704.75,31705.75,31701.75,31703.75,14
SQ:US30,2021-02-16T02:51:00+01:00,31702.75,31704.75,31700.75,31700.75,13
SQ:US30,2021-02-16T02:52:00+01:00,31700.75,31701.75,31698.75,31699.75,18
SQ:US30,2021-02-16T02:53:00+01:00,31698.75,31701.75,31694.75,31694.75,21
SQ:US30,2021-02-16T02:54:00+01:00,31694.75,31694.75,31688.75,31691.75,36
SQ:US30,2021-02-16T02:55:00+01:00,31691.75,31694.75,31690.75,31691.75,18
SQ:US30,2021-02-16T02:56:00+01:00,31691.75,31693.75,31689.75,31691.75,20
SQ:US30,2021-02-16T02:57:00+01:00,31691.75,31698.75,31691.75,31697.75,37
SQ:US30,2021-02-16T02:58:00+01:00,31697.75,31698.75,31693.75,31695.75,21
SQ:US30,2021-02-16T02:59:00+01:00,31694.75,31695.75,31693.75,31693.75,12
SQ:US30,2021-02-16T03:00:00+01:00,31693.75,31700.75,31693.75,31696.75,24
SQ:US30,2021-02-16T03:01:00+01:00,31696.75,31698.75,31695.75,31696.75,9
SQ:US30,2021-02-16T03:02:00+01:00,31696.75,31697.75,31695.75,31697.75,10
SQ:US30,2021-02-16T03:03:00+01:00,31697.75,31699.75,31696.75,31697.75,13
SQ:US30,2021-02-16T03:04:00+01:00,31697.75,31697.75,31691.75,31691.75,19
SQ:US30,2021-02-16T03:05:00+01:00,31691.75,31692.75,31686.75,31687.75,14
SQ:US30,2021-02-16T03:06:00+01:00,31687.75,31690.75,31686.75,31690.75,14
SQ:US30,2021-02-16T03:07:00+01:00,31690.75,31693.75,31689.75,31690.75,18
SQ:US30,2021-02-16T03:08:00+01:00,31690.75,31691.75,31688.75,31688.75,15
SQ:US30,2021-02-16T03:09:00+01:00,31688.75,31692.75,31688.75,31692.75,11
SQ:US30,2021-02-16T03:10:00+01:00,31692.75,31693.75,31689.75,31690.75,13
SQ:US30,2021-02-16T03:11:00+01:00,31690.75,31693.75,31690.75,31692.75,11
SQ:US30,2021-02-16T03:12:00+01:00,31692.75,31693.75,31690.75,31693.75,18
SQ:US30,2021-02-16T03:13:00+01:00,31693.75,31694.75,31692.75,31694.75,10
SQ:US30,2021-02-16T03:14:00+01:00,31694.75,31696.75,31694.75,31695.75,4
SQ:US30,2021-02-16T03:15:00+01:00,31695.75,31695.75,31693.75,31693.75,7
SQ:US30,2021-02-16T03:16:00+01:00,31693.75,31695.75,31693.75,31695.75,13
SQ:US30,2021-02-16T03:17:00+01:00,31695.75,31696.75,31693.75,31693.75,11
SQ:US30,2021-02-16T03:18:00+01:00,31693.75,31695.75,31692.75,31693.75,11
SQ:US30,2021-02-16T03:19:00+01:00,31693.75,31694.75,31692.75,31693.75,7
SQ:US30,2021-02-16T03:20:00+01:00,31693.75,31698.75,31692.75,31698.75,17
SQ:US30,2021-02-16T03:21:00+01:00,31698.75,31707.75,31698.75,31704.75,32
SQ:US30,2021-02-16T03:22:00+01:00,31704.75,31705.75,31701.75,31703.75,18
SQ:US30,2021-02-16T03:23:00+01:00,31703.75,31706.75,31703.75,31705.75,20
SQ:US30,2021-02-16T03:24:00+01:00,31705.75,31708.75,31705.75,31706.75,24
SQ:US30,2021-02-16T03:25:00+01:00,31706.75,31712.75,31705.75,31711.75,36
SQ:US30,2021-02-16T03:26:00+01:00,31711.75,31711.75,31709.75,31709.75,9
SQ:US30,2021-02-16T03:27:00+01:00,31710.75,31711.75,31707.75,31707.75,26
SQ:US30,2021-02-16T03:28:00+01:00,31707.75,31708.75,31705.75,31705.75,27
SQ:US30,2021-02-16T03:29:00+01:00,31706.75,31710.75,31706.75,31710.75,19
SQ:US30,2021-02-16T03:30:00+01:00,31710.75,31711.75,31708.75,31708.75,9
SQ:US30,2021-02-16T03:31:00+01:00,31708.75,31708.75,31705.75,31705.75,18
SQ:US30,2021-02-16T03:32:00+01:00,31705.75,31709.75,31704.75,31708.75,21
SQ:US30,2021-02-16T03:33:00+01:00,31708.75,31711.75,31708.75,31711.75,4
SQ:US30,2021-02-16T03:34:00+01:00,31712.75,31712.75,31710.75,31710.75,8
SQ:US30,2021-02-16T03:35:00+01:00,31710.75,31710.75,31707.75,31709.75,26
SQ:US30,2021-02-16T03:36:00+01:00,31709.75,31710.75,31708.75,31709.75,7
SQ:US30,2021-02-16T03:37:00+01:00,31709.75,31709.75,31707.75,31708.75,8
SQ:US30,2021-02-16T03:38:00+01:00,31708.75,31710.75,31707.75,31707.75,8
SQ:US30,2021-02-16T03:39:00+01:00,31707.75,31707.75,31703.75,31705.75,17
SQ:US30,2021-02-16T03:40:00+01:00,31705.75,31707.75,31704.75,31707.75,9
SQ:US30,2021-02-16T03:41:00+01:00,31707.75,31707.75,31705.75,31706.75,12
SQ:US30,2021-02-16T03:42:00+01:00,31706.75,31707.75,31706.75,31706.75,7
SQ:US30,2021-02-16T03:43:00+01:00,31706.75,31708.75,31706.75,31707.75,4
SQ:US30,2021-02-16T03:44:00+01:00,31707.75,31708.75,31705.75,31706.75,8
SQ:US30,2021-02-16T03:45:00+01:00,31706.75,31706.75,31703.75,31703.75,16
SQ:US30,2021-02-16T03:46:00+01:00,31703.75,31705.75,31703.75,31703.75,9
SQ:US30,2021-02-16T03:47:00+01:00,31703.75,31704.75,31701.75,31702.75,22
SQ:US30,2021-02-16T03:48:00+01:00,31702.75,31702.75,31701.75,31702.75,5
SQ:US30,2021-02-16T03:49:00+01:00,31702.75,31702.75,31698.75,31699.75,16
SQ:US30,2021-02-16T03:50:00+01:00,31699.75,31701.75,31699.75,31699.75,9
SQ:US30,2021-02-16T03:51:00+01:00,31699.75,31700.75,31698.75,31698.75,6
SQ:US30,2021-02-16T03:52:00+01:00,31697.75,31698.75,31695.75,31697.75,9
SQ:US30,2021-02-16T03:53:00+01:00,31697.75,31701.75,31697.75,31700.75,14
SQ:US30,2021-02-16T03:54:00+01:00,31700.75,31701.75,31700.75,31700.75,11
SQ:US30,2021-02-16T03:55:00+01:00,31700.75,31701.75,31699.75,31700.75,5
SQ:US30,2021-02-16T03:56:00+01:00,31700.75,31703.75,31700.75,31702.75,7
SQ:US30,2021-02-16T03:57:00+01:00,31702.75,31702.75,31700.75,31700.75,11
SQ:US30,2021-02-16T03:58:00+01:00,31701.75,31701.75,31700.75,31700.75,4
SQ:US30,2021-02-16T03:59:00+01:00,31700.75,31702.75,31700.75,31700.75,7
SQ:US30,2021-02-16T04:00:00+01:00,31700.75,31700.75,31697.75,31697.75,3
SQ:US30,2021-02-16T04:01:00+01:00,31697.75,31697.75,31694.75,31695.75,12
SQ:US30,2021-02-16T04:02:00+01:00,31695.75,31696.75,31695.75,31696.75,10
SQ:US30,2021-02-16T04:03:00+01:00,31696.75,31697.75,31695.75,31696.75,9
SQ:US30,2021-02-16T04:04:00+01:00,31695.75,31695.75,31690.75,31692.75,15
SQ:US30,2021-02-16T04:05:00+01:00,31692.75,31695.75,31691.75,31694.75,13
SQ:US30,2021-02-16T04:06:00+01:00,31695.75,31695.75,31693.75,31693.75,9
SQ:US30,2021-02-16T04:07:00+01:00,31693.75,31695.75,31692.75,31692.75,8
SQ:US30,2021-02-16T04:08:00+01:00,31692.75,31692.75,31691.75,31692.75,7
SQ:US30,2021-02-16T04:09:00+01:00,31692.75,31697.75,31692.75,31696.75,13
SQ:US30,2021-02-16T04:10:00+01:00,31696.75,31696.75,31692.75,31693.75,10
SQ:US30,2021-02-16T04:11:00+01:00,31693.75,31696.75,31693.75,31695.75,13
SQ:US30,2021-02-16T04:12:00+01:00,31695.75,31695.75,31694.75,31695.75,9
SQ:US30,2021-02-16T04:13:00+01:00,31694.75,31697.75,31694.75,31696.75,9
SQ:US30,2021-02-16T04:14:00+01:00,31696.75,31696.75,31694.75,31695.75,12
SQ:US30,2021-02-16T04:15:00+01:00,31695.75,31699.75,31694.75,31697.75,23
SQ:US30,2021-02-16T04:16:00+01:00,31697.75,31698.75,31696.75,31696.75,10
SQ:US30,2021-02-16T04:17:00+01:00,31696.75,31699.75,31696.75,31699.75,8
SQ:US30,2021-02-16T04:18:00+01:00,31698.75,31701.75,31698.75,31699.75,12
SQ:US30,2021-02-16T04:19:00+01:00,31699.75,31701.75,31699.75,31700.75,4
SQ:US30,2021-02-16T04:20:00+01:00,31701.75,31701.75,31699.75,31699.75,15
SQ:US30,2021-02-16T04:21:00+01:00,31699.75,31699.75,31697.75,31697.75,9
SQ:US30,2021-02-16T04:22:00+01:00,31697.75,31697.75,31696.75,31696.75,4
SQ:US30,2021-02-16T04:23:00+01:00,31697.75,31697.75,31696.75,31696.75,10
SQ:US30,2021-02-16T04:24:00+01:00,31696.75,31698.75,31696.75,31698.75,7
SQ:US30,2021-02-16T04:25:00+01:00,31698.75,31699.75,31698.75,31698.75,7
SQ:US30,2021-02-16T04:26:00+01:00,31698.75,31700.75,31698.75,31698.75,7
SQ:US30,2021-02-16T04:27:00+01:00,31698.75,31699.75,31697.75,31698.75,13
SQ:US30,2021-02-16T04:28:00+01:00,31698.75,31702.75,31698.75,31701.75,12
SQ:US30,2021-02-16T04:29:00+01:00,31701.75,31705.75,31701.75,31704.75,18
SQ:US30,2021-02-16T04:30:00+01:00,31704.75,31704.75,31700.75,31704.75,25
SQ:US30,2021-02-16T04:31:00+01:00,31704.75,31707.75,31703.75,31705.75,26
SQ:US30,2021-02-16T04:32:00+01:00,31706.75,31706.75,31702.75,31703.75,14
SQ:US30,2021-02-16T04:33:00+01:00,31702.75,31702.75,31697.75,31697.75,18
SQ:US30,2021-02-16T04:34:00+01:00,31698.75,31698.75,31693.75,31694.75,15
SQ:US30,2021-02-16T04:35:00+01:00,31694.75,31695.75,31691.75,31693.75,22
SQ:US30,2021-02-16T04:36:00+01:00,31693.75,31695.75,31692.75,31693.75,27
SQ:US30,2021-02-16T04:37:00+01:00,31693.75,31706.75,31693.75,31706.75,39
SQ:US30,2021-02-16T04:38:00+01:00,31705.75,31707.75,31703.75,31706.75,37
SQ:US30,2021-02-16T04:39:00+01:00,31707.75,31708.75,31702.75,31702.75,28
SQ:US30,2021-02-16T04:40:00+01:00,31702.75,31703.75,31701.75,31702.75,15
SQ:US30,2021-02-16T04:41:00+01:00,31702.75,31704.75,31701.75,31702.75,19
SQ:US30,2021-02-16T04:42:00+01:00,31702.75,31704.75,31702.75,31702.75,15
SQ:US30,2021-02-16T04:43:00+01:00,31703.75,31705.75,31702.75,31703.75,16
SQ:US30,2021-02-16T04:44:00+01:00,31702.75,31704.75,31700.75,31703.75,25
SQ:US30,2021-02-16T04:45:00+01:00,31703.75,31705.75,31702.75,31703.75,15
SQ:US30,2021-02-16T04:46:00+01:00,31703.75,31706.75,31703.75,31706.75,17
SQ:US30,2021-02-16T04:47:00+01:00,31706.75,31709.75,31704.75,31705.75,10
SQ:US30,2021-02-16T04:48:00+01:00,31704.75,31704.75,31700.75,31701.75,27
SQ:US30,2021-02-16T04:49:00+01:00,31701.75,31703.75,31700.75,31703.75,9
SQ:US30,2021-02-16T04:50:00+01:00,31703.75,31704.75,31701.75,31704.75,14
SQ:US30,2021-02-16T04:51:00+01:00,31704.75,31706.75,31703.75,31706.75,15
SQ:US30,2021-02-16T04:52:00+01:00,31706.75,31706.75,31703.75,31703.75,13
SQ:US30,2021-02-16T04:53:00+01:00,31704.75,31705.75,31703.75,31704.75,19
SQ:US30,2021-02-16T04:54:00+01:00,31705.75,31708.75,31705.75,31708.75,15
SQ:US30,2021-02-16T04:55:00+01:00,31708.75,31710.75,31707.75,31709.75,14
SQ:US30,2021-02-16T04:56:00+01:00,31708.75,31710.75,31708.75,31709.75,18
SQ:US30,2021-02-16T04:57:00+01:00,31709.75,31710.75,31708.75,31710.75,10
SQ:US30,2021-02-16T04:58:00+01:00,31710.75,31711.75,31708.75,31708.75,9
SQ:US30,2021-02-16T04:59:00+01:00,31708.75,31710.75,31708.75,31710.75,9
SQ:US30,2021-02-16T05:00:00+01:00,31710.75,31711.75,31709.75,31709.75,12
SQ:US30,2021-02-16T05:01:00+01:00,31709.75,31711.75,31708.75,31710.75,18
SQ:US30,2021-02-16T05:02:00+01:00,31710.75,31714.75,31709.75,31713.75,26
SQ:US30,2021-02-16T05:03:00+01:00,31712.75,31713.75,31711.75,31712.75,9
SQ:US30,2021-02-16T05:04:00+01:00,31712.75,31712.75,31709.75,31710.75,13
SQ:US30,2021-02-16T05:05:00+01:00,31710.75,31711.75,31709.75,31710.75,21
SQ:US30,2021-02-16T05:06:00+01:00,31710.75,31711.75,31709.75,31710.75,19
SQ:US30,2021-02-16T05:07:00+01:00,31710.75,31712.75,31709.75,31712.75,21
SQ:US30,2021-02-16T05:08:00+01:00,31712.75,31717.75,31711.75,31717.75,14
SQ:US30,2021-02-16T05:09:00+01:00,31717.75,31721.75,31714.75,31715.75,17
SQ:US30,2021-02-16T05:10:00+01:00,31716.75,31717.75,31712.75,31712.75,12
SQ:US30,2021-02-16T05:11:00+01:00,31712.75,31713.75,31710.75,31711.75,14
SQ:US30,2021-02-16T05:12:00+01:00,31711.75,31712.75,31709.75,31709.75,7
SQ:US30,2021-02-16T05:13:00+01:00,31709.75,31710.75,31708.75,31708.75,10
SQ:US30,2021-02-16T05:14:00+01:00,31709.75,31711.75,31708.75,31711.75,11
SQ:US30,2021-02-16T05:15:00+01:00,31710.75,31711.75,31706.75,31708.75,19
SQ:US30,2021-02-16T05:16:00+01:00,31708.75,31709.75,31708.75,31709.75,4
SQ:US30,2021-02-16T05:17:00+01:00,31709.75,31709.75,31706.75,31707.75,11
SQ:US30,2021-02-16T05:18:00+01:00,31707.75,31708.75,31706.75,31706.75,12
SQ:US30,2021-02-16T05:19:00+01:00,31707.75,31707.75,31704.75,31705.75,15
SQ:US30,2021-02-16T05:20:00+01:00,31705.75,31705.75,31700.75,31701.75,23
SQ:US30,2021-02-16T05:21:00+01:00,31701.75,31702.75,31700.75,31702.75,8
SQ:US30,2021-02-16T05:22:00+01:00,31703.75,31703.75,31696.75,31702.75,30
SQ:US30,2021-02-16T05:23:00+01:00,31702.75,31702.75,31701.75,31701.75,4
SQ:US30,2021-02-16T05:24:00+01:00,31701.75,31701.75,31698.75,31699.75,9
SQ:US30,2021-02-16T05:25:00+01:00,31698.75,31702.75,31698.75,31701.75,16
SQ:US30,2021-02-16T05:26:00+01:00,31701.75,31703.75,31701.75,31702.75,4
SQ:US30,2021-02-16T05:27:00+01:00,31703.75,31704.75,31701.75,31701.75,9
SQ:US30,2021-02-16T05:28:00+01:00,31701.75,31702.75,31698.75,31700.75,18
SQ:US30,2021-02-16T05:29:00+01:00,31699.75,31700.75,31698.75,31699.75,9
SQ:US30,2021-02-16T05:30:00+01:00,31699.75,31700.75,31698.75,31700.75,8
SQ:US30,2021-02-16T05:31:00+01:00,31700.75,31702.75,31699.75,31699.75,20
SQ:US30,2021-02-16T05:32:00+01:00,31700.75,31700.75,31698.75,31699.75,10
SQ:US30,2021-02-16T05:33:00+01:00,31699.75,31700.75,31699.75,31700.75,6
SQ:US30,2021-02-16T05:34:00+01:00,31700.75,31701.75,31700.75,31701.75,8
SQ:US30,2021-02-16T05:35:00+01:00,31701.75,31701.75,31700.75,31701.75,11
SQ:US30,2021-02-16T05:36:00+01:00,31701.75,31703.75,31701.75,31703.75,13
SQ:US30,2021-02-16T05:37:00+01:00,31702.75,31703.75,31701.75,31702.75,7
SQ:US30,2021-02-16T05:38:00+01:00,31702.75,31704.75,31701.75,31701.75,10
SQ:US30,2021-02-16T05:39:00+01:00,31702.75,31703.75,31700.75,31702.75,13
SQ:US30,2021-02-16T05:40:00+01:00,31702.75,31704.75,31702.75,31703.75,8
SQ:US30,2021-02-16T05:41:00+01:00,31703.75,31704.75,31702.75,31703.75,5
SQ:US30,2021-02-16T05:42:00+01:00,31703.75,31704.75,31703.75,31704.75,10
SQ:US30,2021-02-16T05:43:00+01:00,31705.75,31705.75,31703.75,31704.75,17
SQ:US30,2021-02-16T05:44:00+01:00,31704.75,31707.75,31704.75,31706.75,16
SQ:US30,2021-02-16T05:45:00+01:00,31706.75,31707.75,31704.75,31704.75,9
SQ:US30,2021-02-16T05:46:00+01:00,31704.75,31704.75,31702.75,31702.75,5
SQ:US30,2021-02-16T05:47:00+01:00,31702.75,31703.75,31701.75,31703.75,8
SQ:US30,2021-02-16T05:48:00+01:00,31704.75,31706.75,31703.75,31704.75,16
SQ:US30,2021-02-16T05:49:00+01:00,31704.75,31706.75,31703.75,31703.75,13
SQ:US30,2021-02-16T05:50:00+01:00,31703.75,31704.75,31703.75,31703.75,3
SQ:US30,2021-02-16T05:51:00+01:00,31703.75,31704.75,31703.75,31703.75,3
SQ:US30,2021-02-16T05:52:00+01:00,31703.75,31704.75,31701.75,31701.75,9
SQ:US30,2021-02-16T05:53:00+01:00,31701.75,31702.75,31701.75,31702.75,6
SQ:US30,2021-02-16T05:54:00+01:00,31702.75,31705.75,31702.75,31704.75,12
SQ:US30,2021-02-16T05:55:00+01:00,31704.75,31705.75,31703.75,31704.75,11
SQ:US30,2021-02-16T05:56:00+01:00,31705.75,31707.75,31704.75,31707.75,12
SQ:US30,2021-02-16T05:57:00+01:00,31707.75,31710.75,31707.75,31709.75,5
SQ:US30,2021-02-16T05:58:00+01:00,31709.75,31709.75,31707.75,31708.75,6
SQ:US30,2021-02-16T05:59:00+01:00,31708.75,31709.75,31707.75,31708.75,17
SQ:US30,2021-02-16T06:00:00+01:00,31708.75,31709.75,31707.75,31708.75,15
SQ:US30,2021-02-16T06:01:00+01:00,31709.75,31710.75,31707.75,31710.75,18
SQ:US30,2021-02-16T06:02:00+01:00,31710.75,31713.75,31710.75,31712.75,17
SQ:US30,2021-02-16T06:03:00+01:00,31713.75,31713.75,31708.75,31709.75,12
SQ:US30,2021-02-16T06:04:00+01:00,31709.75,31709.75,31707.75,31708.75,23
SQ:US30,2021-02-16T06:05:00+01:00,31708.75,31711.75,31707.75,31709.75,19
SQ:US30,2021-02-16T06:06:00+01:00,31709.75,31711.75,31709.75,31709.75,9
SQ:US30,2021-02-16T06:07:00+01:00,31709.75,31710.75,31708.75,31709.75,9
SQ:US30,2021-02-16T06:08:00+01:00,31710.75,31711.75,31708.75,31708.75,17
SQ:US30,2021-02-16T06:09:00+01:00,31709.75,31710.75,31707.75,31708.75,38
SQ:US30,2021-02-16T06:10:00+01:00,31708.75,31711.75,31708.75,31709.75,19
SQ:US30,2021-02-16T06:11:00+01:00,31709.75,31709.75,31707.75,31707.75,9
SQ:US30,2021-02-16T06:12:00+01:00,31707.75,31707.75,31703.75,31705.75,7
SQ:US30,2021-02-16T06:13:00+01:00,31706.75,31706.75,31702.75,31703.75,16
SQ:US30,2021-02-16T06:14:00+01:00,31703.75,31704.75,31701.75,31702.75,16
SQ:US30,2021-02-16T06:15:00+01:00,31701.75,31702.75,31699.75,31699.75,13
SQ:US30,2021-02-16T06:16:00+01:00,31700.75,31700.75,31696.75,31698.75,29
SQ:US30,2021-02-16T06:17:00+01:00,31698.75,31700.75,31695.75,31700.75,25
SQ:US30,2021-02-16T06:18:00+01:00,31700.75,31703.75,31698.75,31702.75,25
SQ:US30,2021-02-16T06:19:00+01:00,31702.75,31704.75,31700.75,31703.75,16
SQ:US30,2021-02-16T06:20:00+01:00,31703.75,31706.75,31703.75,31706.75,8
SQ:US30,2021-02-16T06:21:00+01:00,31706.75,31706.75,31703.75,31704.75,15
SQ:US30,2021-02-16T06:22:00+01:00,31704.75,31706.75,31700.75,31700.75,31
SQ:US30,2021-02-16T06:23:00+01:00,31700.75,31703.75,31700.75,31700.75,11
SQ:US30,2021-02-16T06:24:00+01:00,31700.75,31700.75,31699.75,31699.75,8
SQ:US30,2021-02-16T06:25:00+01:00,31700.75,31703.75,31699.75,31701.75,14
SQ:US30,2021-02-16T06:26:00+01:00,31701.75,31702.75,31698.75,31698.75,17
SQ:US30,2021-02-16T06:27:00+01:00,31697.75,31698.75,31697.75,31698.75,6
SQ:US30,2021-02-16T06:28:00+01:00,31698.75,31702.75,31698.75,31701.75,8
SQ:US30,2021-02-16T06:29:00+01:00,31701.75,31707.75,31701.75,31707.75,25
SQ:US30,2021-02-16T06:30:00+01:00,31707.75,31707.75,31703.75,31703.75,15
SQ:US30,2021-02-16T06:31:00+01:00,31703.75,31704.75,31701.75,31704.75,12
SQ:US30,2021-02-16T06:32:00+01:00,31704.75,31705.75,31702.75,31703.75,12
SQ:US30,2021-02-16T06:33:00+01:00,31703.75,31704.75,31702.75,31702.75,8
SQ:US30,2021-02-16T06:34:00+01:00,31702.75,31704.75,31701.75,31702.75,16
SQ:US30,2021-02-16T06:35:00+01:00,31703.75,31704.75,31701.75,31703.75,25
SQ:US30,2021-02-16T06:36:00+01:00,31703.75,31703.75,31701.75,31703.75,7
SQ:US30,2021-02-16T06:37:00+01:00,31703.75,31703.75,31692.75,31692.75,26
SQ:US30,2021-02-16T06:38:00+01:00,31692.75,31693.75,31677.75,31678.75,125
SQ:US30,2021-02-16T06:39:00+01:00,31678.75,31680.75,31671.75,31676.75,105
SQ:US30,2021-02-16T06:40:00+01:00,31676.75,31676.75,31661.75,31667.75,108
SQ:US30,2021-02-16T06:41:00+01:00,31667.75,31673.75,31665.75,31671.75,93
SQ:US30,2021-02-16T06:42:00+01:00,31672.75,31673.75,31665.75,31667.75,73
SQ:US30,2021-02-16T06:43:00+01:00,31667.75,31667.75,31661.75,31663.75,57
SQ:US30,2021-02-16T06:44:00+01:00,31663.75,31668.75,31661.75,31664.75,50
SQ:US30,2021-02-16T06:45:00+01:00,31664.75,31664.75,31657.75,31657.75,86
SQ:US30,2021-02-16T06:46:00+01:00,31657.75,31660.75,31654.75,31659.75,56
SQ:US30,2021-02-16T06:47:00+01:00,31660.75,31660.75,31651.75,31651.75,34
SQ:US30,2021-02-16T06:48:00+01:00,31650.75,31660.75,31650.75,31655.75,85
SQ:US30,2021-02-16T06:49:00+01:00,31655.75,31660.75,31651.75,31659.75,34
SQ:US30,2021-02-16T06:50:00+01:00,31659.75,31663.75,31658.75,31661.75,49
SQ:US30,2021-02-16T06:51:00+01:00,31661.75,31665.75,31660.75,31665.75,53
SQ:US30,2021-02-16T06:52:00+01:00,31665.75,31667.75,31663.75,31667.75,40
SQ:US30,2021-02-16T06:53:00+01:00,31668.75,31669.75,31667.75,31667.75,36
SQ:US30,2021-02-16T06:54:00+01:00,31667.75,31667.75,31662.75,31666.75,32
SQ:US30,2021-02-16T06:55:00+01:00,31666.75,31669.75,31664.75,31664.75,35
SQ:US30,2021-02-16T06:56:00+01:00,31664.75,31664.75,31657.75,31659.75,48
SQ:US30,2021-02-16T06:57:00+01:00,31660.75,31668.75,31659.75,31666.75,48
SQ:US30,2021-02-16T06:58:00+01:00,31666.75,31671.75,31665.75,31670.75,22
SQ:US30,2021-02-16T06:59:00+01:00,31670.75,31670.75,31666.75,31670.75,44
SQ:US30,2021-02-16T07:00:00+01:00,31670.75,31674.75,31667.75,31673.75,55
SQ:US30,2021-02-16T07:01:00+01:00,31673.75,31675.75,31668.75,31670.75,29
SQ:US30,2021-02-16T07:02:00+01:00,31670.75,31672.75,31669.75,31669.75,31
SQ:US30,2021-02-16T07:03:00+01:00,31668.75,31674.75,31668.75,31673.75,30
SQ:US30,2021-02-16T07:04:00+01:00,31673.75,31674.75,31670.75,31673.75,19
SQ:US30,2021-02-16T07:05:00+01:00,31673.75,31676.75,31669.75,31673.75,27
SQ:US30,2021-02-16T07:06:00+01:00,31674.75,31676.75,31672.75,31673.75,20
SQ:US30,2021-02-16T07:07:00+01:00,31674.75,31675.75,31669.75,31674.75,28
SQ:US30,2021-02-16T07:08:00+01:00,31674.75,31679.75,31673.75,31675.75,22
SQ:US30,2021-02-16T07:09:00+01:00,31675.75,31675.75,31668.75,31669.75,22
SQ:US30,2021-02-16T07:10:00+01:00,31669.75,31678.75,31669.75,31675.75,30
SQ:US30,2021-02-16T07:11:00+01:00,31676.75,31680.75,31676.75,31678.75,26
SQ:US30,2021-02-16T07:12:00+01:00,31678.75,31679.75,31676.75,31679.75,16
SQ:US30,2021-02-16T07:13:00+01:00,31678.75,31679.75,31677.75,31679.75,18
SQ:US30,2021-02-16T07:14:00+01:00,31679.75,31686.75,31679.75,31683.75,50
SQ:US30,2021-02-16T07:15:00+01:00,31683.75,31688.75,31682.75,31682.75,40
SQ:US30,2021-02-16T07:16:00+01:00,31683.75,31686.75,31682.75,31683.75,12
SQ:US30,2021-02-16T07:17:00+01:00,31683.75,31684.75,31682.75,31683.75,9
SQ:US30,2021-02-16T07:18:00+01:00,31683.75,31686.75,31680.75,31680.75,14
SQ:US30,2021-02-16T07:19:00+01:00,31680.75,31680.75,31679.75,31680.75,15
SQ:US30,2021-02-16T07:20:00+01:00,31680.75,31680.75,31679.75,31679.75,10
SQ:US30,2021-02-16T07:21:00+01:00,31679.75,31681.75,31679.75,31680.75,4
SQ:US30,2021-02-16T07:22:00+01:00,31681.75,31681.75,31678.75,31679.75,11
SQ:US30,2021-02-16T07:23:00+01:00,31679.75,31681.75,31678.75,31679.75,17
SQ:US30,2021-02-16T07:24:00+01:00,31679.75,31682.75,31678.75,31678.75,9
SQ:US30,2021-02-16T07:25:00+01:00,31678.75,31679.75,31676.75,31676.75,15
SQ:US30,2021-02-16T07:26:00+01:00,31676.75,31680.75,31676.75,31680.75,10
SQ:US30,2021-02-16T07:27:00+01:00,31680.75,31682.75,31677.75,31679.75,15
SQ:US30,2021-02-16T07:28:00+01:00,31678.75,31680.75,31678.75,31679.75,4
SQ:US30,2021-02-16T07:29:00+01:00,31679.75,31680.75,31676.75,31677.75,9
SQ:US30,2021-02-16T07:30:00+01:00,31678.75,31680.75,31678.75,31679.75,16
SQ:US30,2021-02-16T07:31:00+01:00,31680.75,31682.75,31680.75,31682.75,9
SQ:US30,2021-02-16T07:32:00+01:00,31682.75,31682.75,31679.75,31682.75,10
SQ:US30,2021-02-16T07:33:00+01:00,31682.75,31683.75,31679.75,31682.75,19
SQ:US30,2021-02-16T07:34:00+01:00,31682.75,31684.75,31680.75,31681.75,20
SQ:US30,2021-02-16T07:35:00+01:00,31681.75,31682.75,31680.75,31680.75,8
SQ:US30,2021-02-16T07:36:00+01:00,31680.75,31682.75,31679.75,31681.75,10
SQ:US30,2021-02-16T07:37:00+01:00,31681.75,31682.75,31679.75,31679.75,11
SQ:US30,2021-02-16T07:38:00+01:00,31679.75,31680.75,31679.75,31679.75,3
SQ:US30,2021-02-16T07:39:00+01:00,31678.75,31681.75,31678.75,31681.75,10
SQ:US30,2021-02-16T07:40:00+01:00,31681.75,31682.75,31679.75,31680.75,12
SQ:US30,2021-02-16T07:41:00+01:00,31680.75,31680.75,31677.75,31679.75,13
SQ:US30,2021-02-16T07:42:00+01:00,31679.75,31680.75,31678.75,31679.75,7
SQ:US30,2021-02-16T07:43:00+01:00,31679.75,31680.75,31678.75,31680.75,12
SQ:US30,2021-02-16T07:44:00+01:00,31680.75,31682.75,31679.75,31680.75,15
SQ:US30,2021-02-16T07:45:00+01:00,31680.75,31681.75,31679.75,31680.75,9
SQ:US30,2021-02-16T07:46:00+01:00,31680.75,31682.75,31678.75,31680.75,10
SQ:US30,2021-02-16T07:47:00+01:00,31680.75,31682.75,31680.75,31682.75,7
SQ:US30,2021-02-16T07:48:00+01:00,31682.75,31683.75,31681.75,31681.75,6
SQ:US30,2021-02-16T07:49:00+01:00,31682.75,31682.75,31680.75,31680.75,6
SQ:US30,2021-02-16T07:50:00+01:00,31680.75,31681.75,31678.75,31681.75,5
SQ:US30,2021-02-16T07:51:00+01:00,31681.75,31681.75,31678.75,31678.75,8
SQ:US30,2021-02-16T07:52:00+01:00,31678.75,31679.75,31675.75,31676.75,13
SQ:US30,2021-02-16T07:53:00+01:00,31676.75,31678.75,31676.75,31677.75,11
SQ:US30,2021-02-16T07:54:00+01:00,31677.75,31677.75,31674.75,31674.75,12
SQ:US30,2021-02-16T07:55:00+01:00,31674.75,31677.75,31672.75,31673.75,14
SQ:US30,2021-02-16T07:56:00+01:00,31673.75,31674.75,31669.75,31671.75,23
SQ:US30,2021-02-16T07:57:00+01:00,31671.75,31675.75,31670.75,31671.75,15
SQ:US30,2021-02-16T07:58:00+01:00,31671.75,31676.75,31671.75,31675.75,21
SQ:US30,2021-02-16T07:59:00+01:00,31674.75,31677.75,31674.75,31677.75,13
SQ:US30,2021-02-16T08:00:00+01:00,31679.75,31684.75,31677.75,31681.75,55
SQ:US30,2021-02-16T08:01:00+01:00,31681.75,31691.75,31681.75,31685.75,41
SQ:US30,2021-02-16T08:02:00+01:00,31685.75,31688.75,31681.75,31681.75,21
SQ:US30,2021-02-16T08:03:00+01:00,31681.75,31684.75,31681.75,31683.75,10
SQ:US30,2021-02-16T08:04:00+01:00,31683.75,31684.75,31680.75,31680.75,7
SQ:US30,2021-02-16T08:05:00+01:00,31680.75,31680.75,31676.75,31676.75,19
SQ:US30,2021-02-16T08:06:00+01:00,31676.75,31680.75,31674.75,31675.75,32
SQ:US30,2021-02-16T08:07:00+01:00,31675.75,31677.75,31675.75,31676.75,11
SQ:US30,2021-02-16T08:08:00+01:00,31676.75,31677.75,31671.75,31672.75,17
SQ:US30,2021-02-16T08:09:00+01:00,31672.75,31675.75,31669.75,31673.75,26
SQ:US30,2021-02-16T08:10:00+01:00,31673.75,31673.75,31670.75,31670.75,6
SQ:US30,2021-02-16T08:11:00+01:00,31670.75,31671.75,31669.75,31671.75,10
SQ:US30,2021-02-16T08:12:00+01:00,31671.75,31675.75,31671.75,31671.75,12
SQ:US30,2021-02-16T08:13:00+01:00,31672.75,31673.75,31670.75,31670.75,17
SQ:US30,2021-02-16T08:14:00+01:00,31670.75,31672.75,31667.75,31667.75,10
SQ:US30,2021-02-16T08:15:00+01:00,31667.75,31669.75,31667.75,31667.75,19
SQ:US30,2021-02-16T08:16:00+01:00,31666.75,31671.75,31666.75,31671.75,18
SQ:US30,2021-02-16T08:17:00+01:00,31671.75,31675.75,31670.75,31674.75,39
SQ:US30,2021-02-16T08:18:00+01:00,31674.75,31674.75,31670.75,31670.75,21
SQ:US30,2021-02-16T08:19:00+01:00,31670.75,31672.75,31669.75,31671.75,12
SQ:US30,2021-02-16T08:20:00+01:00,31671.75,31671.75,31669.75,31669.75,5
SQ:US30,2021-02-16T08:21:00+01:00,31669.75,31669.75,31665.75,31666.75,22
SQ:US30,2021-02-16T08:22:00+01:00,31666.75,31668.75,31665.75,31666.75,15
SQ:US30,2021-02-16T08:23:00+01:00,31666.75,31667.75,31663.75,31664.75,18
SQ:US30,2021-02-16T08:24:00+01:00,31664.75,31668.75,31664.75,31667.75,16
SQ:US30,2021-02-16T08:25:00+01:00,31667.75,31669.75,31666.75,31667.75,21
SQ:US30,2021-02-16T08:26:00+01:00,31667.75,31667.75,31661.75,31664.75,35
SQ:US30,2021-02-16T08:27:00+01:00,31664.75,31668.75,31663.75,31668.75,13
SQ:US30,2021-02-16T08:28:00+01:00,31668.75,31671.75,31668.75,31669.75,24
SQ:US30,2021-02-16T08:29:00+01:00,31669.75,31671.75,31668.75,31671.75,23
SQ:US30,2021-02-16T08:30:00+01:00,31672.75,31675.75,31668.75,31668.75,31
SQ:US30,2021-02-16T08:31:00+01:00,31669.75,31672.75,31665.75,31665.75,25
SQ:US30,2021-02-16T08:32:00+01:00,31665.75,31670.75,31665.75,31669.75,30
SQ:US30,2021-02-16T08:33:00+01:00,31669.75,31670.75,31664.75,31665.75,13
SQ:US30,2021-02-16T08:34:00+01:00,31666.75,31670.75,31664.75,31666.75,26
SQ:US30,2021-02-16T08:35:00+01:00,31666.75,31671.75,31665.75,31670.75,15
SQ:US30,2021-02-16T08:36:00+01:00,31670.75,31675.75,31670.75,31672.75,23
SQ:US30,2021-02-16T08:37:00+01:00,31672.75,31676.75,31671.75,31673.75,20
SQ:US30,2021-02-16T08:38:00+01:00,31674.75,31678.75,31672.75,31677.75,27
SQ:US30,2021-02-16T08:39:00+01:00,31677.75,31677.75,31668.75,31671.75,33
SQ:US30,2021-02-16T08:40:00+01:00,31671.75,31672.75,31670.75,31671.75,15
SQ:US30,2021-02-16T08:41:00+01:00,31671.75,31671.75,31668.75,31669.75,9
SQ:US30,2021-02-16T08:42:00+01:00,31669.75,31671.75,31668.75,31671.75,11
SQ:US30,2021-02-16T08:43:00+01:00,31671.75,31674.75,31670.75,31670.75,14
SQ:US30,2021-02-16T08:44:00+01:00,31670.75,31671.75,31665.75,31665.75,15
SQ:US30,2021-02-16T08:45:00+01:00,31665.75,31666.75,31661.75,31664.75,14
SQ:US30,2021-02-16T08:46:00+01:00,31664.75,31666.75,31662.75,31662.75,12
SQ:US30,2021-02-16T08:47:00+01:00,31662.75,31662.75,31656.75,31659.75,16
SQ:US30,2021-02-16T08:48:00+01:00,31659.75,31662.75,31657.75,31662.75,36
SQ:US30,2021-02-16T08:49:00+01:00,31662.75,31670.75,31662.75,31669.75,22
SQ:US30,2021-02-16T08:50:00+01:00,31669.75,31672.75,31669.75,31669.75,21
SQ:US30,2021-02-16T08:51:00+01:00,31669.75,31670.75,31666.75,31668.75,14
SQ:US30,2021-02-16T08:52:00+01:00,31668.75,31668.75,31664.75,31664.75,5
SQ:US30,2021-02-16T08:53:00+01:00,31664.75,31665.75,31662.75,31664.75,7
SQ:US30,2021-02-16T08:54:00+01:00,31664.75,31667.75,31662.75,31663.75,20
SQ:US30,2021-02-16T08:55:00+01:00,31663.75,31664.75,31656.75,31657.75,23
SQ:US30,2021-02-16T08:56:00+01:00,31657.75,31661.75,31656.75,31660.75,38
SQ:US30,2021-02-16T08:57:00+01:00,31660.75,31660.75,31655.75,31657.75,22
SQ:US30,2021-02-16T08:58:00+01:00,31658.75,31659.75,31654.75,31655.75,20
SQ:US30,2021-02-16T08:59:00+01:00,31655.75,31664.75,31655.75,31661.75,40
SQ:US30,2021-02-16T09:00:00+01:00,31661.75,31671.75,31654.75,31666.75,104
SQ:US30,2021-02-16T09:01:00+01:00,31666.75,31668.75,31659.75,31664.75,54
SQ:US30,2021-02-16T09:02:00+01:00,31664.75,31664.75,31657.75,31658.75,69
SQ:US30,2021-02-16T09:03:00+01:00,31658.75,31665.75,31651.75,31662.75,74
SQ:US30,2021-02-16T09:04:00+01:00,31662.75,31668.75,31660.75,31660.75,55
SQ:US30,2021-02-16T09:05:00+01:00,31660.75,31669.75,31659.75,31665.75,68
SQ:US30,2021-02-16T09:06:00+01:00,31665.75,31673.75,31665.75,31673.75,78
SQ:US30,2021-02-16T09:07:00+01:00,31673.75,31673.75,31667.75,31670.75,38
SQ:US30,2021-02-16T09:08:00+01:00,31671.75,31671.75,31665.75,31665.75,38
SQ:US30,2021-02-16T09:09:00+01:00,31666.75,31667.75,31663.75,31665.75,38
SQ:US30,2021-02-16T09:10:00+01:00,31665.75,31667.75,31662.75,31662.75,32
SQ:US30,2021-02-16T09:11:00+01:00,31662.75,31663.75,31660.75,31660.75,34
SQ:US30,2021-02-16T09:12:00+01:00,31660.75,31666.75,31652.75,31664.75,74
SQ:US30,2021-02-16T09:13:00+01:00,31664.75,31672.75,31662.75,31670.75,59
SQ:US30,2021-02-16T09:14:00+01:00,31670.75,31673.75,31667.75,31670.75,51
SQ:US30,2021-02-16T09:15:00+01:00,31670.75,31670.75,31664.75,31666.75,36
SQ:US30,2021-02-16T09:16:00+01:00,31666.75,31670.75,31661.75,31669.75,52
SQ:US30,2021-02-16T09:17:00+01:00,31669.75,31671.75,31663.75,31668.75,42
SQ:US30,2021-02-16T09:18:00+01:00,31668.75,31668.75,31663.75,31666.75,42
SQ:US30,2021-02-16T09:19:00+01:00,31665.75,31665.75,31659.75,31659.75,41
SQ:US30,2021-02-16T09:20:00+01:00,31659.75,31660.75,31655.75,31658.75,55
SQ:US30,2021-02-16T09:21:00+01:00,31658.75,31660.75,31655.75,31658.75,33
SQ:US30,2021-02-16T09:22:00+01:00,31658.75,31662.75,31656.75,31662.75,35
SQ:US30,2021-02-16T09:23:00+01:00,31662.75,31664.75,31658.75,31658.75,53
SQ:US30,2021-02-16T09:24:00+01:00,31658.75,31661.75,31657.75,31661.75,26
SQ:US30,2021-02-16T09:25:00+01:00,31661.75,31662.75,31656.75,31659.75,43
SQ:US30,2021-02-16T09:26:00+01:00,31659.75,31660.75,31656.75,31660.75,25
SQ:US30,2021-02-16T09:27:00+01:00,31660.75,31660.75,31657.75,31659.75,34
SQ:US30,2021-02-16T09:28:00+01:00,31659.75,31659.75,31652.75,31657.75,40
SQ:US30,2021-02-16T09:29:00+01:00,31656.75,31667.75,31655.75,31661.75,63
SQ:US30,2021-02-16T09:30:00+01:00,31661.75,31662.75,31657.75,31657.75,46
SQ:US30,2021-02-16T09:31:00+01:00,31657.75,31657.75,31653.75,31657.75,37
SQ:US30,2021-02-16T09:32:00+01:00,31657.75,31659.75,31654.75,31655.75,36
SQ:US30,2021-02-16T09:33:00+01:00,31654.75,31659.75,31649.75,31656.75,42
SQ:US30,2021-02-16T09:34:00+01:00,31656.75,31662.75,31655.75,31659.75,43
SQ:US30,2021-02-16T09:35:00+01:00,31659.75,31660.75,31653.75,31653.75,28
SQ:US30,2021-02-16T09:36:00+01:00,31653.75,31653.75,31645.75,31648.75,53
SQ:US30,2021-02-16T09:37:00+01:00,31648.75,31651.75,31645.75,31650.75,42
SQ:US30,2021-02-16T09:38:00+01:00,31650.75,31653.75,31647.75,31648.75,19
SQ:US30,2021-02-16T09:39:00+01:00,31647.75,31654.75,31647.75,31654.75,25
SQ:US30,2021-02-16T09:40:00+01:00,31654.75,31658.75,31654.75,31656.75,41
SQ:US30,2021-02-16T09:41:00+01:00,31656.75,31659.75,31656.75,31658.75,17
SQ:US30,2021-02-16T09:42:00+01:00,31660.75,31662.75,31658.75,31661.75,17
SQ:US30,2021-02-16T09:43:00+01:00,31661.75,31661.75,31657.75,31659.75,13
SQ:US30,2021-02-16T09:44:00+01:00,31660.75,31661.75,31655.75,31656.75,22
SQ:US30,2021-02-16T09:45:00+01:00,31656.75,31657.75,31653.75,31657.75,23
SQ:US30,2021-02-16T09:46:00+01:00,31658.75,31666.75,31657.75,31662.75,40
SQ:US30,2021-02-16T09:47:00+01:00,31662.75,31663.75,31658.75,31658.75,28
SQ:US30,2021-02-16T09:48:00+01:00,31658.75,31661.75,31657.75,31657.75,16
SQ:US30,2021-02-16T09:49:00+01:00,31657.75,31659.75,31653.75,31654.75,23
SQ:US30,2021-02-16T09:50:00+01:00,31654.75,31660.75,31654.75,31659.75,34
SQ:US30,2021-02-16T09:51:00+01:00,31660.75,31661.75,31659.75,31661.75,13
SQ:US30,2021-02-16T09:52:00+01:00,31661.75,31661.75,31652.75,31657.75,37
SQ:US30,2021-02-16T09:53:00+01:00,31658.75,31660.75,31657.75,31659.75,30
SQ:US30,2021-02-16T09:54:00+01:00,31660.75,31661.75,31657.75,31659.75,36
SQ:US30,2021-02-16T09:55:00+01:00,31659.75,31659.75,31655.75,31656.75,22
SQ:US30,2021-02-16T09:56:00+01:00,31656.75,31658.75,31654.75,31657.75,21
SQ:US30,2021-02-16T09:57:00+01:00,31657.75,31659.75,31656.75,31659.75,35
SQ:US30,2021-02-16T09:58:00+01:00,31660.75,31665.75,31659.75,31665.75,26
SQ:US30,2021-02-16T09:59:00+01:00,31665.75,31669.75,31664.75,31668.75,41
SQ:US30,2021-02-16T10:00:00+01:00,31667.75,31668.75,31663.75,31665.75,43
SQ:US30,2021-02-16T10:01:00+01:00,31666.75,31667.75,31665.75,31665.75,22
SQ:US30,2021-02-16T10:02:00+01:00,31665.75,31666.75,31662.75,31664.75,24
SQ:US30,2021-02-16T10:03:00+01:00,31665.75,31665.75,31659.75,31661.75,25
SQ:US30,2021-02-16T10:04:00+01:00,31662.75,31664.75,31659.75,31660.75,40
SQ:US30,2021-02-16T10:05:00+01:00,31660.75,31662.75,31658.75,31659.75,29
SQ:US30,2021-02-16T10:06:00+01:00,31659.75,31660.75,31657.75,31658.75,28
SQ:US30,2021-02-16T10:07:00+01:00,31659.75,31659.75,31653.75,31654.75,34
SQ:US30,2021-02-16T10:08:00+01:00,31655.75,31658.75,31654.75,31658.75,38
SQ:US30,2021-02-16T10:09:00+01:00,31658.75,31661.75,31654.75,31655.75,30
SQ:US30,2021-02-16T10:10:00+01:00,31655.75,31655.75,31651.75,31654.75,35
SQ:US30,2021-02-16T10:11:00+01:00,31655.75,31660.75,31653.75,31659.75,43
SQ:US30,2021-02-16T10:12:00+01:00,31659.75,31662.75,31658.75,31660.75,23
SQ:US30,2021-02-16T10:13:00+01:00,31660.75,31662.75,31656.75,31658.75,24
SQ:US30,2021-02-16T10:14:00+01:00,31658.75,31659.75,31656.75,31656.75,16
SQ:US30,2021-02-16T10:15:00+01:00,31656.75,31658.75,31654.75,31654.75,25
SQ:US30,2021-02-16T10:16:00+01:00,31654.75,31654.75,31650.75,31651.75,26
SQ:US30,2021-02-16T10:17:00+01:00,31651.75,31653.75,31647.75,31652.75,37
SQ:US30,2021-02-16T10:18:00+01:00,31652.75,31653.75,31647.75,31647.75,34
SQ:US30,2021-02-16T10:19:00+01:00,31647.75,31650.75,31643.75,31647.75,27
SQ:US30,2021-02-16T10:20:00+01:00,31647.75,31652.75,31645.75,31650.75,20
SQ:US30,2021-02-16T10:21:00+01:00,31650.75,31651.75,31648.75,31650.75,18
SQ:US30,2021-02-16T10:22:00+01:00,31650.75,31653.75,31649.75,31650.75,21
SQ:US30,2021-02-16T10:23:00+01:00,31649.75,31649.75,31645.75,31645.75,27
SQ:US30,2021-02-16T10:24:00+01:00,31645.75,31645.75,31639.75,31643.75,35
SQ:US30,2021-02-16T10:25:00+01:00,31643.75,31647.75,31641.75,31645.75,26
SQ:US30,2021-02-16T10:26:00+01:00,31645.75,31648.75,31644.75,31647.75,14
SQ:US30,2021-02-16T10:27:00+01:00,31647.75,31651.75,31647.75,31648.75,32
SQ:US30,2021-02-16T10:28:00+01:00,31648.75,31649.75,31643.75,31647.75,29
SQ:US30,2021-02-16T10:29:00+01:00,31647.75,31649.75,31647.75,31649.75,23
SQ:US30,2021-02-16T10:30:00+01:00,31649.75,31649.75,31645.75,31645.75,17
SQ:US30,2021-02-16T10:31:00+01:00,31645.75,31646.75,31638.75,31640.75,38
SQ:US30,2021-02-16T10:32:00+01:00,31640.75,31644.75,31639.75,31643.75,30
SQ:US30,2021-02-16T10:33:00+01:00,31643.75,31646.75,31638.75,31639.75,41
SQ:US30,2021-02-16T10:34:00+01:00,31639.75,31640.75,31638.75,31640.75,30
SQ:US30,2021-02-16T10:35:00+01:00,31640.75,31640.75,31635.75,31635.75,25
SQ:US30,2021-02-16T10:36:00+01:00,31635.75,31635.75,31625.75,31627.75,49
SQ:US30,2021-02-16T10:37:00+01:00,31627.75,31628.75,31619.75,31623.75,40
SQ:US30,2021-02-16T10:38:00+01:00,31623.75,31631.75,31623.75,31624.75,46
SQ:US30,2021-02-16T10:39:00+01:00,31628.75,31633.75,31628.75,31632.75,43
SQ:US30,2021-02-16T10:40:00+01:00,31633.75,31640.75,31633.75,31637.75,37
SQ:US30,2021-02-16T10:41:00+01:00,31637.75,31640.75,31637.75,31638.75,26
SQ:US30,2021-02-16T10:42:00+01:00,31638.75,31644.75,31638.75,31642.75,25
SQ:US30,2021-02-16T10:43:00+01:00,31642.75,31645.75,31642.75,31644.75,43
SQ:US30,2021-02-16T10:44:00+01:00,31643.75,31647.75,31643.75,31644.75,28
SQ:US30,2021-02-16T10:45:00+01:00,31644.75,31645.75,31642.75,31643.75,24
SQ:US30,2021-02-16T10:46:00+01:00,31643.75,31644.75,31641.75,31643.75,17
SQ:US30,2021-02-16T10:47:00+01:00,31643.75,31643.75,31641.75,31643.75,14
SQ:US30,2021-02-16T10:48:00+01:00,31644.75,31649.75,31643.75,31648.75,15
SQ:US30,2021-02-16T10:49:00+01:00,31648.75,31650.75,31647.75,31648.75,21
SQ:US30,2021-02-16T10:50:00+01:00,31648.75,31651.75,31647.75,31648.75,32
SQ:US30,2021-02-16T10:51:00+01:00,31648.75,31650.75,31646.75,31649.75,22
SQ:US30,2021-02-16T10:52:00+01:00,31650.75,31652.75,31650.75,31651.75,31
SQ:US30,2021-02-16T10:53:00+01:00,31651.75,31652.75,31650.75,31651.75,11
SQ:US30,2021-02-16T10:54:00+01:00,31651.75,31654.75,31651.75,31653.75,29
SQ:US30,2021-02-16T10:55:00+01:00,31653.75,31654.75,31649.75,31650.75,20
SQ:US30,2021-02-16T10:56:00+01:00,31650.75,31652.75,31650.75,31651.75,12
SQ:US30,2021-02-16T10:57:00+01:00,31651.75,31652.75,31648.75,31649.75,17
SQ:US30,2021-02-16T10:58:00+01:00,31649.75,31652.75,31649.75,31651.75,16
SQ:US30,2021-02-16T10:59:00+01:00,31652.75,31654.75,31651.75,31654.75,22
SQ:US30,2021-02-16T11:00:00+01:00,31654.75,31661.75,31653.75,31660.75,38
SQ:US30,2021-02-16T11:01:00+01:00,31660.75,31664.75,31660.75,31664.75,27
SQ:US30,2021-02-16T11:02:00+01:00,31664.75,31664.75,31661.75,31661.75,23
SQ:US30,2021-02-16T11:03:00+01:00,31661.75,31664.75,31661.75,31662.75,18
SQ:US30,2021-02-16T11:04:00+01:00,31662.75,31662.75,31660.75,31660.75,21
SQ:US30,2021-02-16T11:05:00+01:00,31660.75,31663.75,31659.75,31659.75,28
SQ:US30,2021-02-16T11:06:00+01:00,31659.75,31659.75,31652.75,31654.75,18
SQ:US30,2021-02-16T11:07:00+01:00,31654.75,31655.75,31651.75,31654.75,19
SQ:US30,2021-02-16T11:08:00+01:00,31655.75,31658.75,31654.75,31657.75,23
SQ:US30,2021-02-16T11:09:00+01:00,31657.75,31660.75,31657.75,31659.75,17
SQ:US30,2021-02-16T11:10:00+01:00,31658.75,31658.75,31655.75,31655.75,14
SQ:US30,2021-02-16T11:11:00+01:00,31655.75,31656.75,31652.75,31653.75,19
SQ:US30,2021-02-16T11:12:00+01:00,31653.75,31656.75,31651.75,31653.75,23
SQ:US30,2021-02-16T11:13:00+01:00,31653.75,31655.75,31651.75,31652.75,15
SQ:US30,2021-02-16T11:14:00+01:00,31651.75,31654.75,31651.75,31653.75,17
SQ:US30,2021-02-16T11:15:00+01:00,31653.75,31653.75,31651.75,31652.75,12
SQ:US30,2021-02-16T11:16:00+01:00,31652.75,31655.75,31652.75,31652.75,17
SQ:US30,2021-02-16T11:17:00+01:00,31652.75,31653.75,31650.75,31651.75,16
SQ:US30,2021-02-16T11:18:00+01:00,31651.75,31654.75,31651.75,31653.75,9
SQ:US30,2021-02-16T11:19:00+01:00,31653.75,31654.75,31653.75,31653.75,5
SQ:US30,2021-02-16T11:20:00+01:00,31653.75,31653.75,31649.75,31650.75,11
SQ:US30,2021-02-16T11:21:00+01:00,31650.75,31650.75,31646.75,31647.75,15
SQ:US30,2021-02-16T11:22:00+01:00,31647.75,31651.75,31646.75,31646.75,15
SQ:US30,2021-02-16T11:23:00+01:00,31646.75,31647.75,31646.75,31646.75,3
SQ:US30,2021-02-16T11:24:00+01:00,31646.75,31647.75,31646.75,31646.75,7
SQ:US30,2021-02-16T11:25:00+01:00,31646.75,31648.75,31644.75,31644.75,12
SQ:US30,2021-02-16T11:26:00+01:00,31644.75,31648.75,31642.75,31648.75,14
SQ:US30,2021-02-16T11:27:00+01:00,31648.75,31649.75,31647.75,31649.75,8
SQ:US30,2021-02-16T11:28:00+01:00,31649.75,31651.75,31648.75,31651.75,16
SQ:US30,2021-02-16T11:29:00+01:00,31651.75,31651.75,31646.75,31648.75,19
SQ:US30,2021-02-16T11:30:00+01:00,31648.75,31651.75,31647.75,31650.75,21
SQ:US30,2021-02-16T11:31:00+01:00,31650.75,31651.75,31647.75,31650.75,18
SQ:US30,2021-02-16T11:32:00+01:00,31650.75,31656.75,31650.75,31653.75,38
SQ:US30,2021-02-16T11:33:00+01:00,31653.75,31654.75,31653.75,31654.75,8
SQ:US30,2021-02-16T11:34:00+01:00,31655.75,31658.75,31654.75,31655.75,31
SQ:US30,2021-02-16T11:35:00+01:00,31655.75,31658.75,31654.75,31654.75,33
SQ:US30,2021-02-16T11:36:00+01:00,31654.75,31654.75,31652.75,31654.75,11
SQ:US30,2021-02-16T11:37:00+01:00,31654.75,31654.75,31650.75,31652.75,22
SQ:US30,2021-02-16T11:38:00+01:00,31652.75,31654.75,31650.75,31654.75,15
SQ:US30,2021-02-16T11:39:00+01:00,31654.75,31655.75,31653.75,31655.75,8
SQ:US30,2021-02-16T11:40:00+01:00,31654.75,31655.75,31652.75,31653.75,14
SQ:US30,2021-02-16T11:41:00+01:00,31653.75,31656.75,31652.75,31653.75,20
SQ:US30,2021-02-16T11:42:00+01:00,31653.75,31656.75,31650.75,31654.75,18
SQ:US30,2021-02-16T11:43:00+01:00,31653.75,31658.75,31653.75,31657.75,18
SQ:US30,2021-02-16T11:44:00+01:00,31657.75,31662.75,31657.75,31661.75,31
SQ:US30,2021-02-16T11:45:00+01:00,31661.75,31666.75,31661.75,31662.75,26
SQ:US30,2021-02-16T11:46:00+01:00,31662.75,31664.75,31662.75,31663.75,10
SQ:US30,2021-02-16T11:47:00+01:00,31664.75,31664.75,31660.75,31661.75,14
SQ:US30,2021-02-16T11:48:00+01:00,31660.75,31665.75,31659.75,31663.75,25
SQ:US30,2021-02-16T11:49:00+01:00,31663.75,31664.75,31661.75,31663.75,13
SQ:US30,2021-02-16T11:50:00+01:00,31664.75,31665.75,31656.75,31656.75,33
SQ:US30,2021-02-16T11:51:00+01:00,31656.75,31659.75,31655.75,31657.75,31
SQ:US30,2021-02-16T11:52:00+01:00,31658.75,31658.75,31655.75,31655.75,24
SQ:US30,2021-02-16T11:53:00+01:00,31655.75,31659.75,31655.75,31658.75,26
SQ:US30,2021-02-16T11:54:00+01:00,31658.75,31659.75,31656.75,31656.75,30
SQ:US30,2021-02-16T11:55:00+01:00,31657.75,31657.75,31653.75,31653.75,21
SQ:US30,2021-02-16T11:56:00+01:00,31654.75,31655.75,31653.75,31655.75,18
SQ:US30,2021-02-16T11:57:00+01:00,31654.75,31656.75,31653.75,31654.75,14
SQ:US30,2021-02-16T11:58:00+01:00,31654.75,31655.75,31651.75,31654.75,22
SQ:US30,2021-02-16T11:59:00+01:00,31655.75,31655.75,31653.75,31654.75,12
SQ:US30,2021-02-16T12:00:00+01:00,31654.75,31656.75,31649.75,31650.75,46
SQ:US30,2021-02-16T12:01:00+01:00,31650.75,31651.75,31643.75,31645.75,25
SQ:US30,2021-02-16T12:02:00+01:00,31645.75,31645.75,31634.75,31639.75,34
SQ:US30,2021-02-16T12:03:00+01:00,31639.75,31642.75,31639.75,31639.75,13
SQ:US30,2021-02-16T12:04:00+01:00,31639.75,31639.75,31636.75,31638.75,32
SQ:US30,2021-02-16T12:05:00+01:00,31637.75,31638.75,31624.75,31624.75,42
SQ:US30,2021-02-16T12:06:00+01:00,31624.75,31629.75,31623.75,31626.75,43
SQ:US30,2021-02-16T12:07:00+01:00,31626.75,31628.75,31617.75,31618.75,43
SQ:US30,2021-02-16T12:08:00+01:00,31618.75,31619.75,31611.75,31615.75,40
SQ:US30,2021-02-16T12:09:00+01:00,31615.75,31620.75,31614.75,31619.75,27
SQ:US30,2021-02-16T12:10:00+01:00,31619.75,31621.75,31617.75,31619.75,24
SQ:US30,2021-02-16T12:11:00+01:00,31619.75,31620.75,31612.75,31612.75,28
SQ:US30,2021-02-16T12:12:00+01:00,31612.75,31619.75,31611.75,31613.75,49
SQ:US30,2021-02-16T12:13:00+01:00,31612.75,31622.75,31611.75,31618.75,42
SQ:US30,2021-02-16T12:14:00+01:00,31618.75,31620.75,31617.75,31618.75,26
SQ:US30,2021-02-16T12:15:00+01:00,31618.75,31619.75,31611.75,31615.75,32
SQ:US30,2021-02-16T12:16:00+01:00,31615.75,31621.75,31615.75,31621.75,29
SQ:US30,2021-02-16T12:17:00+01:00,31621.75,31623.75,31619.75,31622.75,21
SQ:US30,2021-02-16T12:18:00+01:00,31623.75,31626.75,31621.75,31623.75,32
SQ:US30,2021-02-16T12:19:00+01:00,31623.75,31626.75,31623.75,31624.75,17
SQ:US30,2021-02-16T12:20:00+01:00,31624.75,31630.75,31624.75,31628.75,31
SQ:US30,2021-02-16T12:21:00+01:00,31628.75,31634.75,31627.75,31632.75,45
SQ:US30,2021-02-16T12:22:00+01:00,31632.75,31637.75,31631.75,31635.75,28
SQ:US30,2021-02-16T12:23:00+01:00,31636.75,31638.75,31635.75,31635.75,18
SQ:US30,2021-02-16T12:24:00+01:00,31635.75,31636.75,31635.75,31635.75,9
SQ:US30,2021-02-16T12:25:00+01:00,31635.75,31644.75,31635.75,31641.75,17
SQ:US30,2021-02-16T12:26:00+01:00,31642.75,31642.75,31637.75,31639.75,17
SQ:US30,2021-02-16T12:27:00+01:00,31639.75,31644.75,31639.75,31640.75,9
SQ:US30,2021-02-16T12:28:00+01:00,31640.75,31643.75,31640.75,31641.75,14
SQ:US30,2021-02-16T12:29:00+01:00,31641.75,31643.75,31641.75,31642.75,10
SQ:US30,2021-02-16T12:30:00+01:00,31642.75,31649.75,31641.75,31648.75,26
SQ:US30,2021-02-16T12:31:00+01:00,31648.75,31650.75,31646.75,31648.75,11
SQ:US30,2021-02-16T12:32:00+01:00,31648.75,31649.75,31648.75,31648.75,7
SQ:US30,2021-02-16T12:33:00+01:00,31648.75,31649.75,31646.75,31648.75,11
SQ:US30,2021-02-16T12:34:00+01:00,31648.75,31649.75,31644.75,31647.75,20
SQ:US30,2021-02-16T12:35:00+01:00,31647.75,31649.75,31644.75,31644.75,17
SQ:US30,2021-02-16T12:36:00+01:00,31644.75,31650.75,31643.75,31645.75,14
SQ:US30,2021-02-16T12:37:00+01:00,31645.75,31646.75,31642.75,31644.75,16
SQ:US30,2021-02-16T12:38:00+01:00,31644.75,31646.75,31643.75,31645.75,18
SQ:US30,2021-02-16T12:39:00+01:00,31646.75,31648.75,31645.75,31648.75,18
SQ:US30,2021-02-16T12:40:00+01:00,31648.75,31652.75,31647.75,31650.75,20
SQ:US30,2021-02-16T12:41:00+01:00,31651.75,31655.75,31649.75,31655.75,26
SQ:US30,2021-02-16T12:42:00+01:00,31655.75,31659.75,31655.75,31657.75,29
SQ:US30,2021-02-16T12:43:00+01:00,31657.75,31659.75,31655.75,31657.75,13
SQ:US30,2021-02-16T12:44:00+01:00,31657.75,31659.75,31657.75,31659.75,5
SQ:US30,2021-02-16T12:45:00+01:00,31659.75,31664.75,31659.75,31661.75,39
SQ:US30,2021-02-16T12:46:00+01:00,31660.75,31661.75,31658.75,31661.75,8
SQ:US30,2021-02-16T12:47:00+01:00,31660.75,31664.75,31659.75,31662.75,15
SQ:US30,2021-02-16T12:48:00+01:00,31662.75,31663.75,31657.75,31657.75,16
SQ:US30,2021-02-16T12:49:00+01:00,31656.75,31657.75,31649.75,31650.75,27
SQ:US30,2021-02-16T12:50:00+01:00,31650.75,31651.75,31646.75,31648.75,27
SQ:US30,2021-02-16T12:51:00+01:00,31648.75,31649.75,31643.75,31643.75,14
SQ:US30,2021-02-16T12:52:00+01:00,31643.75,31650.75,31643.75,31649.75,29
SQ:US30,2021-02-16T12:53:00+01:00,31649.75,31650.75,31647.75,31650.75,18
SQ:US30,2021-02-16T12:54:00+01:00,31650.75,31651.75,31649.75,31650.75,7
SQ:US30,2021-02-16T12:55:00+01:00,31651.75,31652.75,31649.75,31650.75,15
SQ:US30,2021-02-16T12:56:00+01:00,31650.75,31653.75,31650.75,31652.75,14
SQ:US30,2021-02-16T12:57:00+01:00,31652.75,31657.75,31652.75,31657.75,20
SQ:US30,2021-02-16T12:58:00+01:00,31656.75,31662.75,31656.75,31659.75,24
SQ:US30,2021-02-16T12:59:00+01:00,31659.75,31662.75,31657.75,31661.75,36
SQ:US30,2021-02-16T13:00:00+01:00,31662.75,31662.75,31645.75,31650.75,64
SQ:US30,2021-02-16T13:01:00+01:00,31649.75,31653.75,31645.75,31647.75,36
SQ:US30,2021-02-16T13:02:00+01:00,31647.75,31656.75,31647.75,31656.75,33
SQ:US30,2021-02-16T13:03:00+01:00,31656.75,31664.75,31655.75,31664.75,37
SQ:US30,2021-02-16T13:04:00+01:00,31664.75,31670.75,31659.75,31660.75,37
SQ:US30,2021-02-16T13:05:00+01:00,31660.75,31661.75,31657.75,31660.75,17
SQ:US30,2021-02-16T13:06:00+01:00,31660.75,31664.75,31660.75,31663.75,18
SQ:US30,2021-02-16T13:07:00+01:00,31663.75,31665.75,31662.75,31663.75,28
SQ:US30,2021-02-16T13:08:00+01:00,31664.75,31666.75,31661.75,31661.75,13
SQ:US30,2021-02-16T13:09:00+01:00,31661.75,31666.75,31661.75,31666.75,24
SQ:US30,2021-02-16T13:10:00+01:00,31666.75,31666.75,31661.75,31663.75,26
SQ:US30,2021-02-16T13:11:00+01:00,31663.75,31667.75,31663.75,31667.75,17
SQ:US30,2021-02-16T13:12:00+01:00,31667.75,31669.75,31663.75,31666.75,38
SQ:US30,2021-02-16T13:13:00+01:00,31666.75,31666.75,31663.75,31664.75,9
SQ:US30,2021-02-16T13:14:00+01:00,31664.75,31667.75,31664.75,31666.75,27
SQ:US30,2021-02-16T13:15:00+01:00,31665.75,31666.75,31662.75,31662.75,24
SQ:US30,2021-02-16T13:16:00+01:00,31662.75,31664.75,31659.75,31662.75,24
SQ:US30,2021-02-16T13:17:00+01:00,31662.75,31664.75,31659.75,31662.75,15
SQ:US30,2021-02-16T13:18:00+01:00,31662.75,31662.75,31658.75,31659.75,12
SQ:US30,2021-02-16T13:19:00+01:00,31659.75,31661.75,31654.75,31657.75,24
SQ:US30,2021-02-16T13:20:00+01:00,31657.75,31658.75,31653.75,31655.75,32
SQ:US30,2021-02-16T13:21:00+01:00,31655.75,31658.75,31653.75,31658.75,13
SQ:US30,2021-02-16T13:22:00+01:00,31659.75,31660.75,31656.75,31658.75,21
SQ:US30,2021-02-16T13:23:00+01:00,31658.75,31658.75,31652.75,31652.75,16
SQ:US30,2021-02-16T13:24:00+01:00,31653.75,31656.75,31651.75,31655.75,17
SQ:US30,2021-02-16T13:25:00+01:00,31654.75,31657.75,31653.75,31654.75,19
SQ:US30,2021-02-16T13:26:00+01:00,31653.75,31654.75,31652.75,31653.75,15
SQ:US30,2021-02-16T13:27:00+01:00,31653.75,31653.75,31649.75,31649.75,28
SQ:US30,2021-02-16T13:28:00+01:00,31649.75,31651.75,31648.75,31650.75,28
SQ:US30,2021-02-16T13:29:00+01:00,31650.75,31650.75,31647.75,31648.75,36
SQ:US30,2021-02-16T13:30:00+01:00,31647.75,31649.75,31642.75,31643.75,36
SQ:US30,2021-02-16T13:31:00+01:00,31643.75,31647.75,31643.75,31646.75,24
SQ:US30,2021-02-16T13:32:00+01:00,31646.75,31647.75,31643.75,31644.75,19
SQ:US30,2021-02-16T13:33:00+01:00,31644.75,31645.75,31642.75,31642.75,11
SQ:US30,2021-02-16T13:34:00+01:00,31642.75,31643.75,31639.75,31642.75,31
SQ:US30,2021-02-16T13:35:00+01:00,31642.75,31643.75,31638.75,31641.75,24
SQ:US30,2021-02-16T13:36:00+01:00,31641.75,31642.75,31638.75,31639.75,24
SQ:US30,2021-02-16T13:37:00+01:00,31638.75,31643.75,31638.75,31642.75,26
SQ:US30,2021-02-16T13:38:00+01:00,31642.75,31645.75,31640.75,31642.75,29
SQ:US30,2021-02-16T13:39:00+01:00,31643.75,31643.75,31638.75,31640.75,16
SQ:US30,2021-02-16T13:40:00+01:00,31640.75,31640.75,31637.75,31638.75,13
SQ:US30,2021-02-16T13:41:00+01:00,31638.75,31639.75,31632.75,31633.75,15
SQ:US30,2021-02-16T13:42:00+01:00,31634.75,31635.75,31630.75,31631.75,28
SQ:US30,2021-02-16T13:43:00+01:00,31631.75,31636.75,31627.75,31629.75,42
SQ:US30,2021-02-16T13:44:00+01:00,31630.75,31635.75,31630.75,31635.75,18
SQ:US30,2021-02-16T13:45:00+01:00,31635.75,31635.75,31630.75,31635.75,42
SQ:US30,2021-02-16T13:46:00+01:00,31635.75,31635.75,31627.75,31630.75,33
SQ:US30,2021-02-16T13:47:00+01:00,31630.75,31633.75,31630.75,31632.75,11
SQ:US30,2021-02-16T13:48:00+01:00,31632.75,31634.75,31631.75,31634.75,24
SQ:US30,2021-02-16T13:49:00+01:00,31632.75,31638.75,31632.75,31637.75,18
SQ:US30,2021-02-16T13:50:00+01:00,31637.75,31639.75,31632.75,31632.75,37
SQ:US30,2021-02-16T13:51:00+01:00,31633.75,31636.75,31631.75,31633.75,26
SQ:US30,2021-02-16T13:52:00+01:00,31634.75,31637.75,31633.75,31634.75,25
SQ:US30,2021-02-16T13:53:00+01:00,31634.75,31635.75,31630.75,31631.75,10
SQ:US30,2021-02-16T13:54:00+01:00,31631.75,31632.75,31630.75,31631.75,12
SQ:US30,2021-02-16T13:55:00+01:00,31632.75,31632.75,31630.75,31630.75,9
SQ:US30,2021-02-16T13:56:00+01:00,31630.75,31631.75,31627.75,31628.75,17
SQ:US30,2021-02-16T13:57:00+01:00,31628.75,31630.75,31627.75,31630.75,17
SQ:US30,2021-02-16T13:58:00+01:00,31630.75,31633.75,31630.75,31632.75,15
SQ:US30,2021-02-16T13:59:00+01:00,31632.75,31632.75,31626.75,31628.75,17
SQ:US30,2021-02-16T14:00:00+01:00,31628.75,31630.75,31622.75,31625.75,32
SQ:US30,2021-02-16T14:01:00+01:00,31625.75,31632.75,31624.75,31628.75,28
SQ:US30,2021-02-16T14:02:00+01:00,31629.75,31629.75,31619.75,31621.75,29
SQ:US30,2021-02-16T14:03:00+01:00,31621.75,31621.75,31613.75,31613.75,22
SQ:US30,2021-02-16T14:04:00+01:00,31614.75,31616.75,31594.75,31594.75,71
SQ:US30,2021-02-16T14:05:00+01:00,31595.75,31617.75,31595.75,31615.75,65
SQ:US30,2021-02-16T14:06:00+01:00,31614.75,31621.75,31614.75,31619.75,44
SQ:US30,2021-02-16T14:07:00+01:00,31620.75,31622.75,31619.75,31622.75,17
SQ:US30,2021-02-16T14:08:00+01:00,31622.75,31624.75,31619.75,31621.75,23
SQ:US30,2021-02-16T14:09:00+01:00,31621.75,31622.75,31618.75,31620.75,15
SQ:US30,2021-02-16T14:10:00+01:00,31620.75,31622.75,31614.75,31615.75,29
SQ:US30,2021-02-16T14:11:00+01:00,31615.75,31616.75,31613.75,31615.75,27
SQ:US30,2021-02-16T14:12:00+01:00,31615.75,31616.75,31613.75,31616.75,20
SQ:US30,2021-02-16T14:13:00+01:00,31616.75,31622.75,31616.75,31619.75,32
SQ:US30,2021-02-16T14:14:00+01:00,31619.75,31621.75,31615.75,31618.75,28
SQ:US30,2021-02-16T14:15:00+01:00,31619.75,31624.75,31619.75,31624.75,25
SQ:US30,2021-02-16T14:16:00+01:00,31624.75,31624.75,31621.75,31622.75,15
SQ:US30,2021-02-16T14:17:00+01:00,31622.75,31626.75,31622.75,31625.75,30
SQ:US30,2021-02-16T14:18:00+01:00,31624.75,31627.75,31623.75,31624.75,22
SQ:US30,2021-02-16T14:19:00+01:00,31624.75,31626.75,31624.75,31625.75,6
SQ:US30,2021-02-16T14:20:00+01:00,31625.75,31627.75,31624.75,31624.75,27
SQ:US30,2021-02-16T14:21:00+01:00,31625.75,31630.75,31624.75,31629.75,25
SQ:US30,2021-02-16T14:22:00+01:00,31629.75,31631.75,31628.75,31628.75,22
SQ:US30,2021-02-16T14:23:00+01:00,31629.75,31630.75,31625.75,31626.75,35
SQ:US30,2021-02-16T14:24:00+01:00,31626.75,31628.75,31625.75,31627.75,16
SQ:US30,2021-02-16T14:25:00+01:00,31627.75,31629.75,31625.75,31627.75,17
SQ:US30,2021-02-16T14:26:00+01:00,31627.75,31629.75,31626.75,31627.75,17
SQ:US30,2021-02-16T14:27:00+01:00,31627.75,31629.75,31626.75,31629.75,17
SQ:US30,2021-02-16T14:28:00+01:00,31629.75,31631.75,31628.75,31630.75,21
SQ:US30,2021-02-16T14:29:00+01:00,31630.75,31631.75,31628.75,31629.75,10
SQ:US30,2021-02-16T14:30:00+01:00,31629.75,31633.75,31623.75,31623.75,37
SQ:US30,2021-02-16T14:31:00+01:00,31623.75,31626.75,31621.75,31622.75,20
SQ:US30,2021-02-16T14:32:00+01:00,31622.75,31623.75,31616.75,31616.75,25
SQ:US30,2021-02-16T14:33:00+01:00,31616.75,31617.75,31605.75,31608.75,57
SQ:US30,2021-02-16T14:34:00+01:00,31607.75,31607.75,31598.75,31601.75,85
SQ:US30,2021-02-16T14:35:00+01:00,31602.75,31609.75,31600.75,31608.75,37
SQ:US30,2021-02-16T14:36:00+01:00,31608.75,31610.75,31605.75,31609.75,28
SQ:US30,2021-02-16T14:37:00+01:00,31609.75,31610.75,31604.75,31610.75,37
SQ:US30,2021-02-16T14:38:00+01:00,31610.75,31610.75,31602.75,31609.75,41
SQ:US30,2021-02-16T14:39:00+01:00,31609.75,31611.75,31604.75,31604.75,32
SQ:US30,2021-02-16T14:40:00+01:00,31604.75,31605.75,31585.75,31590.75,72
SQ:US30,2021-02-16T14:41:00+01:00,31590.75,31594.75,31589.75,31593.75,41
SQ:US30,2021-02-16T14:42:00+01:00,31593.75,31598.75,31593.75,31597.75,51
SQ:US30,2021-02-16T14:43:00+01:00,31598.75,31600.75,31591.75,31596.75,52
SQ:US30,2021-02-16T14:44:00+01:00,31596.75,31597.75,31591.75,31595.75,64
SQ:US30,2021-02-16T14:45:00+01:00,31594.75,31597.75,31589.75,31594.75,62
SQ:US30,2021-02-16T14:46:00+01:00,31594.75,31599.75,31591.75,31599.75,45
SQ:US30,2021-02-16T14:47:00+01:00,31599.75,31606.75,31599.75,31606.75,56
SQ:US30,2021-02-16T14:48:00+01:00,31606.75,31607.75,31604.75,31606.75,42
SQ:US30,2021-02-16T14:49:00+01:00,31607.75,31610.75,31604.75,31610.75,59
SQ:US30,2021-02-16T14:50:00+01:00,31609.75,31612.75,31606.75,31608.75,52
SQ:US30,2021-02-16T14:51:00+01:00,31608.75,31609.75,31607.75,31607.75,24
SQ:US30,2021-02-16T14:52:00+01:00,31607.75,31609.75,31605.75,31605.75,20
SQ:US30,2021-02-16T14:53:00+01:00,31606.75,31609.75,31605.75,31606.75,11
SQ:US30,2021-02-16T14:54:00+01:00,31606.75,31609.75,31605.75,31606.75,12
SQ:US30,2021-02-16T14:55:00+01:00,31606.75,31607.75,31598.75,31598.75,23
SQ:US30,2021-02-16T14:56:00+01:00,31598.75,31598.75,31590.75,31593.75,34
SQ:US30,2021-02-16T14:57:00+01:00,31594.75,31594.75,31581.75,31583.75,45
SQ:US30,2021-02-16T14:58:00+01:00,31583.75,31586.75,31575.75,31579.75,73
SQ:US30,2021-02-16T14:59:00+01:00,31579.75,31586.75,31578.75,31586.75,53
SQ:US30,2021-02-16T15:00:00+01:00,31586.75,31587.75,31575.75,31576.75,35
SQ:US30,2021-02-16T15:01:00+01:00,31576.75,31577.75,31558.75,31558.75,64
SQ:US30,2021-02-16T15:02:00+01:00,31558.75,31562.75,31549.75,31561.75,83
SQ:US30,2021-02-16T15:03:00+01:00,31562.75,31562.75,31542.75,31542.75,80
SQ:US30,2021-02-16T15:04:00+01:00,31542.75,31556.75,31541.75,31556.75,62
SQ:US30,2021-02-16T15:05:00+01:00,31556.75,31569.75,31555.75,31567.75,93
SQ:US30,2021-02-16T15:06:00+01:00,31567.75,31576.75,31566.75,31574.75,86
SQ:US30,2021-02-16T15:07:00+01:00,31575.75,31582.75,31574.75,31582.75,75
SQ:US30,2021-02-16T15:08:00+01:00,31583.75,31584.75,31578.75,31581.75,55
SQ:US30,2021-02-16T15:09:00+01:00,31581.75,31583.75,31580.75,31581.75,31
SQ:US30,2021-02-16T15:10:00+01:00,31581.75,31584.75,31580.75,31581.75,42
SQ:US30,2021-02-16T15:11:00+01:00,31581.75,31583.75,31570.75,31571.75,40
SQ:US30,2021-02-16T15:12:00+01:00,31571.75,31572.75,31566.75,31567.75,52
SQ:US30,2021-02-16T15:13:00+01:00,31567.75,31568.75,31562.75,31566.75,45
SQ:US30,2021-02-16T15:14:00+01:00,31566.75,31570.75,31563.75,31566.75,50
SQ:US30,2021-02-16T15:15:00+01:00,31566.75,31566.75,31558.75,31560.75,40
SQ:US30,2021-02-16T15:16:00+01:00,31560.75,31573.75,31559.75,31573.75,50
SQ:US30,2021-02-16T15:17:00+01:00,31573.75,31575.75,31571.75,31573.75,33
SQ:US30,2021-02-16T15:18:00+01:00,31573.75,31574.75,31566.75,31571.75,50
SQ:US30,2021-02-16T15:19:00+01:00,31571.75,31573.75,31570.75,31571.75,28
SQ:US30,2021-02-16T15:20:00+01:00,31571.75,31572.75,31568.75,31570.75,30
SQ:US30,2021-02-16T15:21:00+01:00,31570.75,31579.75,31568.75,31577.75,40
SQ:US30,2021-02-16T15:22:00+01:00,31577.75,31578.75,31572.75,31572.75,34
SQ:US30,2021-02-16T15:23:00+01:00,31572.75,31576.75,31569.75,31576.75,44
SQ:US30,2021-02-16T15:24:00+01:00,31576.75,31578.75,31573.75,31577.75,36
SQ:US30,2021-02-16T15:25:00+01:00,31577.75,31578.75,31572.75,31573.75,34
SQ:US30,2021-02-16T15:26:00+01:00,31573.75,31573.75,31570.75,31571.75,27
SQ:US30,2021-02-16T15:27:00+01:00,31571.75,31574.75,31565.75,31566.75,80
SQ:US30,2021-02-16T15:28:00+01:00,31566.75,31572.75,31562.75,31571.75,85
SQ:US30,2021-02-16T15:29:00+01:00,31571.75,31585.75,31563.75,31584.75,96
SQ:US30,2021-02-16T15:30:00+01:00,31584.75,31591.75,31568.75,31572.75,285
SQ:US30,2021-02-16T15:31:00+01:00,31573.75,31584.75,31566.75,31566.75,208
SQ:US30,2021-02-16T15:32:00+01:00,31567.75,31579.75,31561.75,31573.75,288
SQ:US30,2021-02-16T15:33:00+01:00,31572.75,31584.75,31563.75,31565.75,309
SQ:US30,2021-02-16T15:34:00+01:00,31564.75,31575.75,31540.75,31569.75,380
SQ:US30,2021-02-16T15:35:00+01:00,31567.75,31581.75,31562.75,31572.75,336
SQ:US30,2021-02-16T15:36:00+01:00,31571.75,31574.75,31545.75,31548.75,274
SQ:US30,2021-02-16T15:37:00+01:00,31548.75,31551.75,31530.75,31548.75,294
SQ:US30,2021-02-16T15:38:00+01:00,31548.75,31564.75,31543.75,31557.75,273
SQ:US30,2021-02-16T15:39:00+01:00,31557.75,31564.75,31554.75,31560.75,217
SQ:US30,2021-02-16T15:40:00+01:00,31561.75,31561.75,31517.75,31534.75,311
SQ:US30,2021-02-16T15:41:00+01:00,31535.75,31550.75,31530.75,31545.75,261
SQ:US30,2021-02-16T15:42:00+01:00,31546.75,31552.75,31536.75,31550.75,234
SQ:US30,2021-02-16T15:43:00+01:00,31551.75,31565.75,31543.75,31562.75,219
SQ:US30,2021-02-16T15:44:00+01:00,31562.75,31575.75,31559.75,31568.75,181
SQ:US30,2021-02-16T15:45:00+01:00,31567.75,31569.75,31554.75,31562.75,209
SQ:US30,2021-02-16T15:46:00+01:00,31562.75,31574.75,31560.75,31563.75,179
SQ:US30,2021-02-16T15:47:00+01:00,31563.75,31566.75,31551.75,31553.75,198
SQ:US30,2021-02-16T15:48:00+01:00,31553.75,31570.75,31553.75,31565.75,158
SQ:US30,2021-02-16T15:49:00+01:00,31565.75,31569.75,31561.75,31563.75,145
SQ:US30,2021-02-16T15:50:00+01:00,31564.75,31566.75,31548.75,31551.75,190
SQ:US30,2021-02-16T15:51:00+01:00,31551.75,31555.75,31535.75,31536.75,181
SQ:US30,2021-02-16T15:52:00+01:00,31536.75,31548.75,31533.75,31547.75,149
SQ:US30,2021-02-16T15:53:00+01:00,31546.75,31564.75,31545.75,31561.75,177
SQ:US30,2021-02-16T15:54:00+01:00,31561.75,31570.75,31561.75,31569.75,164
SQ:US30,2021-02-16T15:55:00+01:00,31568.75,31569.75,31556.75,31561.75,169
SQ:US30,2021-02-16T15:56:00+01:00,31560.75,31561.75,31548.75,31552.75,168
SQ:US30,2021-02-16T15:57:00+01:00,31553.75,31555.75,31543.75,31552.75,156
SQ:US30,2021-02-16T15:58:00+01:00,31552.75,31553.75,31534.75,31543.75,185
SQ:US30,2021-02-16T15:59:00+01:00,31543.75,31551.75,31534.75,31537.75,179
SQ:US30,2021-02-16T16:00:00+01:00,31537.75,31553.75,31526.75,31553.75,215
SQ:US30,2021-02-16T16:01:00+01:00,31552.75,31566.75,31537.75,31539.75,211
SQ:US30,2021-02-16T16:02:00+01:00,31539.75,31560.75,31533.75,31555.75,178
SQ:US30,2021-02-16T16:03:00+01:00,31555.75,31573.75,31553.75,31553.75,183
SQ:US30,2021-02-16T16:04:00+01:00,31552.75,31559.75,31547.75,31547.75,193
SQ:US30,2021-02-16T16:05:00+01:00,31547.75,31551.75,31538.75,31540.75,203
SQ:US30,2021-02-16T16:06:00+01:00,31540.75,31544.75,31530.75,31539.75,199
SQ:US30,2021-02-16T16:07:00+01:00,31539.75,31544.75,31534.75,31536.75,196
SQ:US30,2021-02-16T16:08:00+01:00,31537.75,31551.75,31534.75,31548.75,149
SQ:US30,2021-02-16T16:09:00+01:00,31548.75,31558.75,31548.75,31549.75,144
SQ:US30,2021-02-16T16:10:00+01:00,31549.75,31558.75,31543.75,31553.75,176
SQ:US30,2021-02-16T16:11:00+01:00,31552.75,31553.75,31533.75,31537.75,147
SQ:US30,2021-02-16T16:12:00+01:00,31537.75,31539.75,31523.75,31528.75,196
SQ:US30,2021-02-16T16:13:00+01:00,31528.75,31533.75,31524.75,31527.75,155
SQ:US30,2021-02-16T16:14:00+01:00,31526.75,31532.75,31510.75,31514.75,206
SQ:US30,2021-02-16T16:15:00+01:00,31514.75,31532.75,31514.75,31516.75,181
SQ:US30,2021-02-16T16:16:00+01:00,31517.75,31519.75,31496.75,31503.75,196
SQ:US30,2021-02-16T16:17:00+01:00,31503.75,31519.75,31502.75,31518.75,187
SQ:US30,2021-02-16T16:18:00+01:00,31518.75,31540.75,31516.75,31536.75,189
SQ:US30,2021-02-16T16:19:00+01:00,31536.75,31554.75,31536.75,31549.75,163
SQ:US30,2021-02-16T16:20:00+01:00,31549.75,31557.75,31548.75,31555.75,152
SQ:US30,2021-02-16T16:21:00+01:00,31554.75,31563.75,31554.75,31556.75,131
SQ:US30,2021-02-16T16:22:00+01:00,31557.75,31565.75,31556.75,31562.75,123
SQ:US30,2021-02-16T16:23:00+01:00,31562.75,31569.75,31560.75,31568.75,93
SQ:US30,2021-02-16T16:24:00+01:00,31568.75,31572.75,31565.75,31571.75,71
SQ:US30,2021-02-16T16:25:00+01:00,31571.75,31575.75,31564.75,31575.75,117
SQ:US30,2021-02-16T16:26:00+01:00,31574.75,31583.75,31568.75,31573.75,118
SQ:US30,2021-02-16T16:27:00+01:00,31573.75,31575.75,31571.75,31575.75,76
SQ:US30,2021-02-16T16:28:00+01:00,31575.75,31577.75,31571.75,31574.75,69
SQ:US30,2021-02-16T16:29:00+01:00,31574.75,31605.75,31571.75,31601.75,164
SQ:US30,2021-02-16T16:30:00+01:00,31601.75,31608.75,31592.75,31596.75,191
SQ:US30,2021-02-16T16:31:00+01:00,31596.75,31600.75,31592.75,31593.75,130
SQ:US30,2021-02-16T16:32:00+01:00,31593.75,31602.75,31593.75,31599.75,107
SQ:US30,2021-02-16T16:33:00+01:00,31599.75,31602.75,31591.75,31597.75,105
SQ:US30,2021-02-16T16:34:00+01:00,31596.75,31599.75,31591.75,31596.75,84
SQ:US30,2021-02-16T16:35:00+01:00,31596.75,31598.75,31591.75,31598.75,101
SQ:US30,2021-02-16T16:36:00+01:00,31597.75,31603.75,31591.75,31593.75,114
SQ:US30,2021-02-16T16:37:00+01:00,31593.75,31600.75,31593.75,31595.75,109
SQ:US30,2021-02-16T16:38:00+01:00,31595.75,31597.75,31591.75,31595.75,75
SQ:US30,2021-02-16T16:39:00+01:00,31596.75,31600.75,31593.75,31598.75,106
SQ:US30,2021-02-16T16:40:00+01:00,31599.75,31599.75,31591.75,31592.75,96
SQ:US30,2021-02-16T16:41:00+01:00,31592.75,31595.75,31589.75,31590.75,83
SQ:US30,2021-02-16T16:42:00+01:00,31590.75,31593.75,31586.75,31589.75,82
SQ:US30,2021-02-16T16:43:00+01:00,31588.75,31590.75,31583.75,31586.75,70
SQ:US30,2021-02-16T16:44:00+01:00,31586.75,31587.75,31577.75,31582.75,87
SQ:US30,2021-02-16T16:45:00+01:00,31582.75,31583.75,31571.75,31576.75,106
SQ:US30,2021-02-16T16:46:00+01:00,31577.75,31583.75,31567.75,31567.75,99
SQ:US30,2021-02-16T16:47:00+01:00,31567.75,31576.75,31556.75,31556.75,124
SQ:US30,2021-02-16T16:48:00+01:00,31556.75,31567.75,31524.75,31531.75,173
SQ:US30,2021-02-16T16:49:00+01:00,31531.75,31534.75,31510.75,31522.75,244
SQ:US30,2021-02-16T16:50:00+01:00,31522.75,31530.75,31515.75,31515.75,148
SQ:US30,2021-02-16T16:51:00+01:00,31514.75,31525.75,31511.75,31518.75,156
SQ:US30,2021-02-16T16:52:00+01:00,31518.75,31519.75,31489.75,31495.75,175
SQ:US30,2021-02-16T16:53:00+01:00,31495.75,31499.75,31470.75,31476.75,207
SQ:US30,2021-02-16T16:54:00+01:00,31476.75,31481.75,31459.75,31472.75,186
SQ:US30,2021-02-16T16:55:00+01:00,31474.75,31477.75,31457.75,31476.75,246
SQ:US30,2021-02-16T16:56:00+01:00,31476.75,31499.75,31476.75,31499.75,191
SQ:US30,2021-02-16T16:57:00+01:00,31499.75,31516.75,31495.75,31512.75,182
SQ:US30,2021-02-16T16:58:00+01:00,31512.75,31522.75,31511.75,31516.75,143
SQ:US30,2021-02-16T16:59:00+01:00,31516.75,31524.75,31513.75,31523.75,139
SQ:US30,2021-02-16T17:00:00+01:00,31523.75,31523.75,31513.75,31514.75,145
SQ:US30,2021-02-16T17:01:00+01:00,31514.75,31522.75,31512.75,31518.75,104
SQ:US30,2021-02-16T17:02:00+01:00,31518.75,31528.75,31517.75,31525.75,124
SQ:US30,2021-02-16T17:03:00+01:00,31525.75,31536.75,31524.75,31530.75,151
SQ:US30,2021-02-16T17:04:00+01:00,31530.75,31541.75,31527.75,31536.75,122
SQ:US30,2021-02-16T17:05:00+01:00,31536.75,31540.75,31527.75,31539.75,126
SQ:US30,2021-02-16T17:06:00+01:00,31539.75,31539.75,31520.75,31524.75,155
SQ:US30,2021-02-16T17:07:00+01:00,31524.75,31531.75,31516.75,31522.75,126
SQ:US30,2021-02-16T17:08:00+01:00,31521.75,31524.75,31503.75,31512.75,156
SQ:US30,2021-02-16T17:09:00+01:00,31512.75,31518.75,31510.75,31513.75,156
SQ:US30,2021-02-16T17:10:00+01:00,31513.75,31535.75,31513.75,31526.75,169
SQ:US30,2021-02-16T17:11:00+01:00,31526.75,31533.75,31519.75,31523.75,122
SQ:US30,2021-02-16T17:12:00+01:00,31522.75,31531.75,31518.75,31519.75,133
SQ:US30,2021-02-16T17:13:00+01:00,31520.75,31524.75,31514.75,31517.75,101
SQ:US30,2021-02-16T17:14:00+01:00,31517.75,31520.75,31513.75,31514.75,97
SQ:US30,2021-02-16T17:15:00+01:00,31514.75,31521.75,31498.75,31513.75,189
SQ:US30,2021-02-16T17:16:00+01:00,31507.75,31509.75,31498.75,31500.75,187
SQ:US30,2021-02-16T17:17:00+01:00,31500.75,31508.75,31497.75,31503.75,171
SQ:US30,2021-02-16T17:18:00+01:00,31503.75,31511.75,31501.75,31511.75,124
SQ:US30,2021-02-16T17:19:00+01:00,31511.75,31516.75,31506.75,31507.75,129
SQ:US30,2021-02-16T17:20:00+01:00,31506.75,31516.75,31504.75,31513.75,134
SQ:US30,2021-02-16T17:21:00+01:00,31513.75,31524.75,31512.75,31513.75,130
SQ:US30,2021-02-16T17:22:00+01:00,31512.75,31512.75,31499.75,31504.75,137
SQ:US30,2021-02-16T17:23:00+01:00,31503.75,31520.75,31501.75,31511.75,169
SQ:US30,2021-02-16T17:24:00+01:00,31511.75,31511.75,31494.75,31500.75,176
SQ:US30,2021-02-16T17:25:00+01:00,31501.75,31502.75,31482.75,31486.75,169
SQ:US30,2021-02-16T17:26:00+01:00,31486.75,31497.75,31482.75,31497.75,130
SQ:US30,2021-02-16T17:27:00+01:00,31496.75,31509.75,31494.75,31497.75,164
SQ:US30,2021-02-16T17:28:00+01:00,31498.75,31500.75,31490.75,31490.75,138
SQ:US30,2021-02-16T17:29:00+01:00,31490.75,31502.75,31488.75,31501.75,131
SQ:US30,2021-02-16T17:30:00+01:00,31499.75,31500.75,31468.75,31471.75,232
SQ:US30,2021-02-16T17:31:00+01:00,31471.75,31487.75,31471.75,31483.75,135
SQ:US30,2021-02-16T17:32:00+01:00,31483.75,31490.75,31472.75,31476.75,153
SQ:US30,2021-02-16T17:33:00+01:00,31476.75,31484.75,31476.75,31478.75,126
SQ:US30,2021-02-16T17:34:00+01:00,31479.75,31504.75,31478.75,31500.75,188
SQ:US30,2021-02-16T17:35:00+01:00,31500.75,31513.75,31498.75,31512.75,175
SQ:US30,2021-02-16T17:36:00+01:00,31513.75,31514.75,31507.75,31512.75,108
SQ:US30,2021-02-16T17:37:00+01:00,31511.75,31517.75,31507.75,31511.75,117
SQ:US30,2021-02-16T17:38:00+01:00,31512.75,31523.75,31511.75,31519.75,123
SQ:US30,2021-02-16T17:39:00+01:00,31519.75,31524.75,31514.75,31515.75,101
SQ:US30,2021-02-16T17:40:00+01:00,31515.75,31523.75,31515.75,31519.75,98
SQ:US30,2021-02-16T17:41:00+01:00,31518.75,31523.75,31517.75,31518.75,63
SQ:US30,2021-02-16T17:42:00+01:00,31518.75,31519.75,31509.75,31519.75,67
SQ:US30,2021-02-16T17:43:00+01:00,31519.75,31520.75,31510.75,31518.75,91
SQ:US30,2021-02-16T17:44:00+01:00,31518.75,31519.75,31508.75,31508.75,73
SQ:US30,2021-02-16T17:45:00+01:00,31508.75,31508.75,31497.75,31501.75,104
SQ:US30,2021-02-16T17:46:00+01:00,31501.75,31512.75,31497.75,31498.75,94
SQ:US30,2021-02-16T17:47:00+01:00,31498.75,31500.75,31488.75,31490.75,101
SQ:US30,2021-02-16T17:48:00+01:00,31491.75,31492.75,31484.75,31490.75,120
SQ:US30,2021-02-16T17:49:00+01:00,31489.75,31489.75,31476.75,31477.75,96
SQ:US30,2021-02-16T17:50:00+01:00,31477.75,31478.75,31465.75,31469.75,108
SQ:US30,2021-02-16T17:51:00+01:00,31469.75,31472.75,31454.75,31459.75,153
SQ:US30,2021-02-16T17:52:00+01:00,31458.75,31481.75,31453.75,31477.75,166
SQ:US30,2021-02-16T17:53:00+01:00,31478.75,31491.75,31477.75,31486.75,156
SQ:US30,2021-02-16T17:54:00+01:00,31486.75,31492.75,31483.75,31491.75,109
SQ:US30,2021-02-16T17:55:00+01:00,31491.75,31493.75,31486.75,31491.75,121
SQ:US30,2021-02-16T17:56:00+01:00,31491.75,31491.75,31479.75,31485.75,126
SQ:US30,2021-02-16T17:57:00+01:00,31485.75,31485.75,31467.75,31468.75,124
SQ:US30,2021-02-16T17:58:00+01:00,31468.75,31486.75,31464.75,31484.75,125
SQ:US30,2021-02-16T17:59:00+01:00,31484.75,31484.75,31460.75,31465.75,161
SQ:US30,2021-02-16T18:00:00+01:00,31466.75,31466.75,31451.75,31457.75,200
SQ:US30,2021-02-16T18:01:00+01:00,31456.75,31488.75,31456.75,31481.75,214
SQ:US30,2021-02-16T18:02:00+01:00,31480.75,31485.75,31472.75,31474.75,162
SQ:US30,2021-02-16T18:03:00+01:00,31474.75,31488.75,31473.75,31486.75,129
SQ:US30,2021-02-16T18:04:00+01:00,31486.75,31498.75,31484.75,31489.75,147
SQ:US30,2021-02-16T18:05:00+01:00,31487.75,31490.75,31475.75,31478.75,171
SQ:US30,2021-02-16T18:06:00+01:00,31477.75,31481.75,31469.75,31471.75,216
SQ:US30,2021-02-16T18:07:00+01:00,31470.75,31474.75,31452.75,31455.75,210
SQ:US30,2021-02-16T18:08:00+01:00,31456.75,31459.75,31442.75,31448.75,200
SQ:US30,2021-02-16T18:09:00+01:00,31449.75,31458.75,31440.75,31441.75,189
SQ:US30,2021-02-16T18:10:00+01:00,31440.75,31452.75,31438.75,31447.75,216
SQ:US30,2021-02-16T18:11:00+01:00,31447.75,31469.75,31445.75,31465.75,234
SQ:US30,2021-02-16T18:12:00+01:00,31463.75,31491.75,31460.75,31487.75,201
SQ:US30,2021-02-16T18:13:00+01:00,31487.75,31496.75,31483.75,31493.75,202
SQ:US30,2021-02-16T18:14:00+01:00,31493.75,31506.75,31493.75,31496.75,138
SQ:US30,2021-02-16T18:15:00+01:00,31496.75,31505.75,31495.75,31502.75,140
SQ:US30,2021-02-16T18:16:00+01:00,31502.75,31507.75,31498.75,31500.75,134
SQ:US30,2021-02-16T18:17:00+01:00,31500.75,31500.75,31489.75,31492.75,106
SQ:US30,2021-02-16T18:18:00+01:00,31493.75,31500.75,31492.75,31499.75,120
SQ:US30,2021-02-16T18:19:00+01:00,31499.75,31504.75,31497.75,31500.75,87
SQ:US30,2021-02-16T18:20:00+01:00,31501.75,31510.75,31500.75,31508.75,121
SQ:US30,2021-02-16T18:21:00+01:00,31507.75,31522.75,31507.75,31517.75,116
SQ:US30,2021-02-16T18:22:00+01:00,31517.75,31521.75,31512.75,31519.75,98
SQ:US30,2021-02-16T18:23:00+01:00,31519.75,31526.75,31517.75,31522.75,109
SQ:US30,2021-02-16T18:24:00+01:00,31522.75,31528.75,31517.75,31525.75,83
SQ:US30,2021-02-16T18:25:00+01:00,31525.75,31529.75,31521.75,31529.75,73
SQ:US30,2021-02-16T18:26:00+01:00,31529.75,31529.75,31523.75,31526.75,76
SQ:US30,2021-02-16T18:27:00+01:00,31526.75,31532.75,31526.75,31529.75,93
SQ:US30,2021-02-16T18:28:00+01:00,31529.75,31537.75,31529.75,31531.75,83
SQ:US30,2021-02-16T18:29:00+01:00,31531.75,31536.75,31530.75,31530.75,92
SQ:US30,2021-02-16T18:30:00+01:00,31530.75,31539.75,31530.75,31537.75,93
SQ:US30,2021-02-16T18:31:00+01:00,31537.75,31538.75,31526.75,31529.75,114
SQ:US30,2021-02-16T18:32:00+01:00,31529.75,31540.75,31529.75,31539.75,96
SQ:US30,2021-02-16T18:33:00+01:00,31538.75,31540.75,31530.75,31532.75,79
SQ:US30,2021-02-16T18:34:00+01:00,31532.75,31537.75,31529.75,31534.75,81
SQ:US30,2021-02-16T18:35:00+01:00,31534.75,31546.75,31529.75,31545.75,101
SQ:US30,2021-02-16T18:36:00+01:00,31545.75,31546.75,31536.75,31537.75,97
SQ:US30,2021-02-16T18:37:00+01:00,31537.75,31537.75,31527.75,31530.75,68
SQ:US30,2021-02-16T18:38:00+01:00,31529.75,31534.75,31529.75,31533.75,69
SQ:US30,2021-02-16T18:39:00+01:00,31533.75,31535.75,31519.75,31520.75,114
SQ:US30,2021-02-16T18:40:00+01:00,31520.75,31535.75,31519.75,31535.75,99
SQ:US30,2021-02-16T18:41:00+01:00,31535.75,31535.75,31524.75,31525.75,102
SQ:US30,2021-02-16T18:42:00+01:00,31525.75,31528.75,31520.75,31523.75,76
SQ:US30,2021-02-16T18:43:00+01:00,31523.75,31534.75,31522.75,31525.75,108
SQ:US30,2021-02-16T18:44:00+01:00,31525.75,31531.75,31519.75,31519.75,105
SQ:US30,2021-02-16T18:45:00+01:00,31519.75,31528.75,31515.75,31518.75,107
SQ:US30,2021-02-16T18:46:00+01:00,31518.75,31522.75,31513.75,31520.75,86
SQ:US30,2021-02-16T18:47:00+01:00,31520.75,31532.75,31520.75,31531.75,100
SQ:US30,2021-02-16T18:48:00+01:00,31531.75,31533.75,31526.75,31533.75,86
SQ:US30,2021-02-16T18:49:00+01:00,31532.75,31533.75,31522.75,31526.75,88
SQ:US30,2021-02-16T18:50:00+01:00,31526.75,31529.75,31519.75,31525.75,83
SQ:US30,2021-02-16T18:51:00+01:00,31525.75,31529.75,31523.75,31524.75,72
SQ:US30,2021-02-16T18:52:00+01:00,31524.75,31532.75,31524.75,31529.75,60
SQ:US30,2021-02-16T18:53:00+01:00,31529.75,31537.75,31529.75,31533.75,108
SQ:US30,2021-02-16T18:54:00+01:00,31533.75,31535.75,31530.75,31530.75,52
SQ:US30,2021-02-16T18:55:00+01:00,31530.75,31539.75,31530.75,31533.75,107
SQ:US30,2021-02-16T18:56:00+01:00,31533.75,31534.75,31527.75,31531.75,72
SQ:US30,2021-02-16T18:57:00+01:00,31530.75,31532.75,31529.75,31531.75,51
SQ:US30,2021-02-16T18:58:00+01:00,31531.75,31535.75,31527.75,31529.75,82
SQ:US30,2021-02-16T18:59:00+01:00,31529.75,31533.75,31524.75,31532.75,73
SQ:US30,2021-02-16T19:00:00+01:00,31532.75,31535.75,31526.75,31529.75,58
SQ:US30,2021-02-16T19:01:00+01:00,31529.75,31531.75,31525.75,31531.75,62
SQ:US30,2021-02-16T19:02:00+01:00,31532.75,31537.75,31527.75,31535.75,49
SQ:US30,2021-02-16T19:03:00+01:00,31535.75,31543.75,31532.75,31542.75,73
SQ:US30,2021-02-16T19:04:00+01:00,31542.75,31545.75,31539.75,31542.75,82
SQ:US30,2021-02-16T19:05:00+01:00,31542.75,31543.75,31536.75,31538.75,59
SQ:US30,2021-02-16T19:06:00+01:00,31539.75,31541.75,31537.75,31540.75,46
SQ:US30,2021-02-16T19:07:00+01:00,31540.75,31543.75,31538.75,31541.75,20
SQ:US30,2021-02-16T19:08:00+01:00,31541.75,31546.75,31540.75,31540.75,33
SQ:US30,2021-02-16T19:09:00+01:00,31540.75,31542.75,31536.75,31539.75,54
SQ:US30,2021-02-16T19:10:00+01:00,31539.75,31543.75,31534.75,31540.75,67
SQ:US30,2021-02-16T19:11:00+01:00,31540.75,31545.75,31539.75,31539.75,65
SQ:US30,2021-02-16T19:12:00+01:00,31540.75,31542.75,31538.75,31539.75,52
SQ:US30,2021-02-16T19:13:00+01:00,31539.75,31541.75,31538.75,31538.75,36
SQ:US30,2021-02-16T19:14:00+01:00,31538.75,31541.75,31536.75,31537.75,48
SQ:US30,2021-02-16T19:15:00+01:00,31537.75,31546.75,31537.75,31544.75,44
SQ:US30,2021-02-16T19:16:00+01:00,31544.75,31547.75,31538.75,31538.75,51
SQ:US30,2021-02-16T19:17:00+01:00,31538.75,31540.75,31530.75,31531.75,63
SQ:US30,2021-02-16T19:18:00+01:00,31531.75,31534.75,31526.75,31527.75,68
SQ:US30,2021-02-16T19:19:00+01:00,31527.75,31534.75,31524.75,31524.75,92
SQ:US30,2021-02-16T19:20:00+01:00,31524.75,31531.75,31524.75,31530.75,68
SQ:US30,2021-02-16T19:21:00+01:00,31530.75,31531.75,31527.75,31527.75,54
SQ:US30,2021-02-16T19:22:00+01:00,31527.75,31532.75,31526.75,31531.75,35
SQ:US30,2021-02-16T19:23:00+01:00,31531.75,31537.75,31531.75,31536.75,52
SQ:US30,2021-02-16T19:24:00+01:00,31536.75,31543.75,31535.75,31543.75,48
SQ:US30,2021-02-16T19:25:00+01:00,31543.75,31545.75,31537.75,31541.75,62
SQ:US30,2021-02-16T19:26:00+01:00,31541.75,31542.75,31539.75,31540.75,48
SQ:US30,2021-02-16T19:27:00+01:00,31540.75,31540.75,31530.75,31533.75,75
SQ:US30,2021-02-16T19:28:00+01:00,31534.75,31539.75,31533.75,31535.75,60
SQ:US30,2021-02-16T19:29:00+01:00,31535.75,31541.75,31534.75,31539.75,47
SQ:US30,2021-02-16T19:30:00+01:00,31539.75,31546.75,31537.75,31545.75,65
SQ:US30,2021-02-16T19:31:00+01:00,31545.75,31548.75,31544.75,31547.75,39
SQ:US30,2021-02-16T19:32:00+01:00,31547.75,31554.75,31541.75,31542.75,74
SQ:US30,2021-02-16T19:33:00+01:00,31542.75,31557.75,31542.75,31555.75,69
SQ:US30,2021-02-16T19:34:00+01:00,31555.75,31562.75,31555.75,31561.75,54
SQ:US30,2021-02-16T19:35:00+01:00,31561.75,31567.75,31559.75,31565.75,75
SQ:US30,2021-02-16T19:36:00+01:00,31565.75,31565.75,31554.75,31555.75,62
SQ:US30,2021-02-16T19:37:00+01:00,31555.75,31558.75,31553.75,31554.75,78
SQ:US30,2021-02-16T19:38:00+01:00,31554.75,31560.75,31551.75,31558.75,69
SQ:US30,2021-02-16T19:39:00+01:00,31559.75,31560.75,31552.75,31558.75,69
SQ:US30,2021-02-16T19:40:00+01:00,31559.75,31560.75,31545.75,31546.75,69
SQ:US30,2021-02-16T19:41:00+01:00,31546.75,31548.75,31542.75,31544.75,84
SQ:US30,2021-02-16T19:42:00+01:00,31544.75,31545.75,31535.75,31539.75,94
SQ:US30,2021-02-16T19:43:00+01:00,31539.75,31541.75,31533.75,31537.75,82
SQ:US30,2021-02-16T19:44:00+01:00,31537.75,31549.75,31537.75,31548.75,85
SQ:US30,2021-02-16T19:45:00+01:00,31548.75,31549.75,31540.75,31541.75,64
SQ:US30,2021-02-16T19:46:00+01:00,31541.75,31543.75,31538.75,31539.75,77
SQ:US30,2021-02-16T19:47:00+01:00,31539.75,31541.75,31538.75,31540.75,40
SQ:US30,2021-02-16T19:48:00+01:00,31540.75,31547.75,31540.75,31545.75,64
SQ:US30,2021-02-16T19:49:00+01:00,31545.75,31554.75,31544.75,31551.75,51
SQ:US30,2021-02-16T19:50:00+01:00,31551.75,31553.75,31542.75,31544.75,78
SQ:US30,2021-02-16T19:51:00+01:00,31544.75,31546.75,31539.75,31540.75,63
SQ:US30,2021-02-16T19:52:00+01:00,31540.75,31546.75,31539.75,31540.75,51
SQ:US30,2021-02-16T19:53:00+01:00,31540.75,31543.75,31535.75,31535.75,55
SQ:US30,2021-02-16T19:54:00+01:00,31535.75,31538.75,31532.75,31533.75,65
SQ:US30,2021-02-16T19:55:00+01:00,31533.75,31533.75,31525.75,31526.75,72
SQ:US30,2021-02-16T19:56:00+01:00,31526.75,31529.75,31521.75,31525.75,63
SQ:US30,2021-02-16T19:57:00+01:00,31526.75,31534.75,31522.75,31529.75,68
SQ:US30,2021-02-16T19:58:00+01:00,31529.75,31536.75,31529.75,31531.75,62
SQ:US30,2021-02-16T19:59:00+01:00,31531.75,31532.75,31523.75,31523.75,46
SQ:US30,2021-02-16T20:00:00+01:00,31523.75,31530.75,31522.75,31529.75,59
SQ:US30,2021-02-16T20:01:00+01:00,31529.75,31534.75,31526.75,31531.75,58
SQ:US30,2021-02-16T20:02:00+01:00,31531.75,31540.75,31530.75,31539.75,74
SQ:US30,2021-02-16T20:03:00+01:00,31539.75,31542.75,31537.75,31540.75,50
SQ:US30,2021-02-16T20:04:00+01:00,31540.75,31548.75,31540.75,31548.75,69
SQ:US30,2021-02-16T20:05:00+01:00,31548.75,31553.75,31547.75,31551.75,82
SQ:US30,2021-02-16T20:06:00+01:00,31551.75,31551.75,31545.75,31548.75,62
SQ:US30,2021-02-16T20:07:00+01:00,31549.75,31549.75,31545.75,31549.75,47
SQ:US30,2021-02-16T20:08:00+01:00,31549.75,31551.75,31543.75,31546.75,68
SQ:US30,2021-02-16T20:09:00+01:00,31546.75,31548.75,31544.75,31546.75,54
SQ:US30,2021-02-16T20:10:00+01:00,31545.75,31545.75,31533.75,31539.75,64
SQ:US30,2021-02-16T20:11:00+01:00,31539.75,31543.75,31537.75,31541.75,73
SQ:US30,2021-02-16T20:12:00+01:00,31541.75,31543.75,31538.75,31541.75,49
SQ:US30,2021-02-16T20:13:00+01:00,31541.75,31548.75,31540.75,31543.75,76
SQ:US30,2021-02-16T20:14:00+01:00,31543.75,31548.75,31541.75,31547.75,72
SQ:US30,2021-02-16T20:15:00+01:00,31546.75,31549.75,31542.75,31546.75,61
SQ:US30,2021-02-16T20:16:00+01:00,31547.75,31559.75,31547.75,31557.75,51
SQ:US30,2021-02-16T20:17:00+01:00,31557.75,31563.75,31557.75,31560.75,55
SQ:US30,2021-02-16T20:18:00+01:00,31559.75,31561.75,31555.75,31559.75,45
SQ:US30,2021-02-16T20:19:00+01:00,31559.75,31560.75,31556.75,31559.75,50
SQ:US30,2021-02-16T20:20:00+01:00,31559.75,31563.75,31558.75,31561.75,64
SQ:US30,2021-02-16T20:21:00+01:00,31562.75,31564.75,31556.75,31557.75,45
SQ:US30,2021-02-16T20:22:00+01:00,31557.75,31562.75,31556.75,31558.75,53
SQ:US30,2021-02-16T20:23:00+01:00,31559.75,31561.75,31558.75,31560.75,50
SQ:US30,2021-02-16T20:24:00+01:00,31560.75,31563.75,31559.75,31561.75,46
SQ:US30,2021-02-16T20:25:00+01:00,31561.75,31563.75,31556.75,31559.75,77
SQ:US30,2021-02-16T20:26:00+01:00,31559.75,31560.75,31552.75,31553.75,73
SQ:US30,2021-02-16T20:27:00+01:00,31553.75,31559.75,31553.75,31554.75,43
SQ:US30,2021-02-16T20:28:00+01:00,31554.75,31556.75,31551.75,31554.75,56
SQ:US30,2021-02-16T20:29:00+01:00,31553.75,31566.75,31553.75,31565.75,77
SQ:US30,2021-02-16T20:30:00+01:00,31565.75,31566.75,31561.75,31566.75,60
SQ:US30,2021-02-16T20:31:00+01:00,31566.75,31571.75,31561.75,31562.75,67
SQ:US30,2021-02-16T20:32:00+01:00,31562.75,31575.75,31562.75,31568.75,62
SQ:US30,2021-02-16T20:33:00+01:00,31569.75,31570.75,31563.75,31564.75,33
SQ:US30,2021-02-16T20:34:00+01:00,31564.75,31574.75,31564.75,31571.75,70
SQ:US30,2021-02-16T20:35:00+01:00,31571.75,31575.75,31571.75,31574.75,54
SQ:US30,2021-02-16T20:36:00+01:00,31574.75,31574.75,31569.75,31570.75,54
SQ:US30,2021-02-16T20:37:00+01:00,31570.75,31571.75,31562.75,31564.75,41
SQ:US30,2021-02-16T20:38:00+01:00,31564.75,31565.75,31555.75,31556.75,62
SQ:US30,2021-02-16T20:39:00+01:00,31557.75,31558.75,31550.75,31557.75,67
SQ:US30,2021-02-16T20:40:00+01:00,31557.75,31559.75,31551.75,31554.75,58
SQ:US30,2021-02-16T20:41:00+01:00,31554.75,31554.75,31545.75,31549.75,41
SQ:US30,2021-02-16T20:42:00+01:00,31549.75,31555.75,31547.75,31555.75,62
SQ:US30,2021-02-16T20:43:00+01:00,31556.75,31559.75,31555.75,31557.75,65
SQ:US30,2021-02-16T20:44:00+01:00,31557.75,31557.75,31552.75,31554.75,52
SQ:US30,2021-02-16T20:45:00+01:00,31554.75,31559.75,31549.75,31549.75,51
SQ:US30,2021-02-16T20:46:00+01:00,31549.75,31549.75,31538.75,31544.75,89
SQ:US30,2021-02-16T20:47:00+01:00,31545.75,31545.75,31540.75,31545.75,36
SQ:US30,2021-02-16T20:48:00+01:00,31545.75,31546.75,31541.75,31545.75,35
SQ:US30,2021-02-16T20:49:00+01:00,31545.75,31545.75,31541.75,31544.75,44
SQ:US30,2021-02-16T20:50:00+01:00,31544.75,31545.75,31536.75,31536.75,51
SQ:US30,2021-02-16T20:51:00+01:00,31536.75,31537.75,31530.75,31533.75,98
SQ:US30,2021-02-16T20:52:00+01:00,31533.75,31541.75,31532.75,31536.75,66
SQ:US30,2021-02-16T20:53:00+01:00,31536.75,31538.75,31524.75,31526.75,55
SQ:US30,2021-02-16T20:54:00+01:00,31526.75,31526.75,31517.75,31524.75,81
SQ:US30,2021-02-16T20:55:00+01:00,31523.75,31531.75,31523.75,31529.75,76
SQ:US30,2021-02-16T20:56:00+01:00,31528.75,31537.75,31528.75,31535.75,58
SQ:US30,2021-02-16T20:57:00+01:00,31536.75,31540.75,31535.75,31539.75,50
SQ:US30,2021-02-16T20:58:00+01:00,31539.75,31542.75,31537.75,31538.75,57
SQ:US30,2021-02-16T20:59:00+01:00,31538.75,31544.75,31538.75,31539.75,68
SQ:US30,2021-02-16T21:00:00+01:00,31540.75,31540.75,31529.75,31535.75,81
SQ:US30,2021-02-16T21:01:00+01:00,31536.75,31537.75,31521.75,31522.75,83
SQ:US30,2021-02-16T21:02:00+01:00,31522.75,31529.75,31508.75,31513.75,114
SQ:US30,2021-02-16T21:03:00+01:00,31514.75,31529.75,31513.75,31525.75,128
SQ:US30,2021-02-16T21:04:00+01:00,31526.75,31533.75,31524.75,31532.75,90
SQ:US30,2021-02-16T21:05:00+01:00,31533.75,31543.75,31529.75,31540.75,105
SQ:US30,2021-02-16T21:06:00+01:00,31540.75,31544.75,31534.75,31539.75,77
SQ:US30,2021-02-16T21:07:00+01:00,31539.75,31543.75,31537.75,31543.75,66
SQ:US30,2021-02-16T21:08:00+01:00,31543.75,31550.75,31541.75,31549.75,67
SQ:US30,2021-02-16T21:09:00+01:00,31549.75,31552.75,31544.75,31544.75,68
SQ:US30,2021-02-16T21:10:00+01:00,31544.75,31548.75,31537.75,31539.75,80
SQ:US30,2021-02-16T21:11:00+01:00,31539.75,31544.75,31523.75,31523.75,98
SQ:US30,2021-02-16T21:12:00+01:00,31524.75,31536.75,31524.75,31535.75,81
SQ:US30,2021-02-16T21:13:00+01:00,31535.75,31540.75,31523.75,31524.75,72
SQ:US30,2021-02-16T21:14:00+01:00,31524.75,31535.75,31524.75,31529.75,82
SQ:US30,2021-02-16T21:15:00+01:00,31529.75,31533.75,31524.75,31533.75,79
SQ:US30,2021-02-16T21:16:00+01:00,31533.75,31551.75,31532.75,31550.75,115
SQ:US30,2021-02-16T21:17:00+01:00,31550.75,31550.75,31528.75,31530.75,101
SQ:US30,2021-02-16T21:18:00+01:00,31529.75,31533.75,31523.75,31528.75,115
SQ:US30,2021-02-16T21:19:00+01:00,31528.75,31531.75,31514.75,31522.75,112
SQ:US30,2021-02-16T21:20:00+01:00,31522.75,31535.75,31518.75,31532.75,138
SQ:US30,2021-02-16T21:21:00+01:00,31533.75,31533.75,31522.75,31527.75,101
SQ:US30,2021-02-16T21:22:00+01:00,31528.75,31530.75,31520.75,31527.75,88
SQ:US30,2021-02-16T21:23:00+01:00,31528.75,31531.75,31524.75,31526.75,76
SQ:US30,2021-02-16T21:24:00+01:00,31526.75,31535.75,31526.75,31530.75,90
SQ:US30,2021-02-16T21:25:00+01:00,31530.75,31541.75,31529.75,31536.75,98
SQ:US30,2021-02-16T21:26:00+01:00,31537.75,31545.75,31535.75,31541.75,74
SQ:US30,2021-02-16T21:27:00+01:00,31541.75,31544.75,31534.75,31534.75,67
SQ:US30,2021-02-16T21:28:00+01:00,31535.75,31535.75,31526.75,31528.75,92
SQ:US30,2021-02-16T21:29:00+01:00,31529.75,31537.75,31527.75,31534.75,112
SQ:US30,2021-02-16T21:30:00+01:00,31533.75,31533.75,31518.75,31521.75,104
SQ:US30,2021-02-16T21:31:00+01:00,31521.75,31531.75,31521.75,31529.75,102
SQ:US30,2021-02-16T21:32:00+01:00,31529.75,31539.75,31528.75,31528.75,74
SQ:US30,2021-02-16T21:33:00+01:00,31528.75,31536.75,31527.75,31530.75,101
SQ:US30,2021-02-16T21:34:00+01:00,31530.75,31545.75,31528.75,31544.75,107
SQ:US30,2021-02-16T21:35:00+01:00,31545.75,31555.75,31544.75,31544.75,111
SQ:US30,2021-02-16T21:36:00+01:00,31544.75,31544.75,31527.75,31528.75,94
SQ:US30,2021-02-16T21:37:00+01:00,31528.75,31529.75,31522.75,31525.75,88
SQ:US30,2021-02-16T21:38:00+01:00,31525.75,31529.75,31521.75,31525.75,66
SQ:US30,2021-02-16T21:39:00+01:00,31525.75,31527.75,31507.75,31515.75,162
SQ:US30,2021-02-16T21:40:00+01:00,31515.75,31518.75,31506.75,31511.75,144
SQ:US30,2021-02-16T21:41:00+01:00,31511.75,31513.75,31508.75,31509.75,108
SQ:US30,2021-02-16T21:42:00+01:00,31508.75,31525.75,31508.75,31525.75,134
SQ:US30,2021-02-16T21:43:00+01:00,31525.75,31538.75,31524.75,31532.75,106
SQ:US30,2021-02-16T21:44:00+01:00,31532.75,31536.75,31526.75,31530.75,88
SQ:US30,2021-02-16T21:45:00+01:00,31530.75,31535.75,31526.75,31528.75,94
SQ:US30,2021-02-16T21:46:00+01:00,31529.75,31532.75,31521.75,31522.75,64
SQ:US30,2021-02-16T21:47:00+01:00,31522.75,31530.75,31511.75,31530.75,116
SQ:US30,2021-02-16T21:48:00+01:00,31531.75,31537.75,31521.75,31526.75,101
SQ:US30,2021-02-16T21:49:00+01:00,31526.75,31526.75,31520.75,31523.75,68
SQ:US30,2021-02-16T21:50:00+01:00,31525.75,31526.75,31501.75,31503.75,178
SQ:US30,2021-02-16T21:51:00+01:00,31504.75,31507.75,31490.75,31502.75,217
SQ:US30,2021-02-16T21:52:00+01:00,31501.75,31503.75,31488.75,31498.75,159
SQ:US30,2021-02-16T21:53:00+01:00,31498.75,31518.75,31496.75,31513.75,168
SQ:US30,2021-02-16T21:54:00+01:00,31514.75,31524.75,31509.75,31521.75,160
SQ:US30,2021-02-16T21:55:00+01:00,31521.75,31530.75,31517.75,31520.75,148
SQ:US30,2021-02-16T21:56:00+01:00,31523.75,31531.75,31513.75,31529.75,146
SQ:US30,2021-02-16T21:57:00+01:00,31529.75,31535.75,31523.75,31533.75,92
SQ:US30,2021-02-16T21:58:00+01:00,31534.75,31537.75,31525.75,31535.75,114
SQ:US30,2021-02-16T21:59:00+01:00,31534.75,31534.75,31510.75,31516.75,212
SQ:US30,2021-02-16T22:00:00+01:00,31518.75,31532.75,31512.75,31518.75,126
SQ:US30,2021-02-16T22:01:00+01:00,31517.75,31520.75,31506.75,31514.75,99
SQ:US30,2021-02-16T22:02:00+01:00,31515.75,31523.75,31505.75,31507.75,102
SQ:US30,2021-02-16T22:03:00+01:00,31506.75,31516.75,31505.75,31516.75,60
SQ:US30,2021-02-16T22:04:00+01:00,31516.75,31516.75,31507.75,31513.75,62
SQ:US30,2021-02-16T22:05:00+01:00,31513.75,31519.75,31511.75,31518.75,31
SQ:US30,2021-02-16T22:06:00+01:00,31518.75,31521.75,31514.75,31521.75,27
SQ:US30,2021-02-16T22:07:00+01:00,31521.75,31523.75,31509.75,31511.75,47
SQ:US30,2021-02-16T22:08:00+01:00,31511.75,31518.75,31508.75,31516.75,49
SQ:US30,2021-02-16T22:09:00+01:00,31516.75,31524.75,31511.75,31523.75,41
SQ:US30,2021-02-16T22:10:00+01:00,31524.75,31527.75,31520.75,31527.75,42
SQ:US30,2021-02-16T22:11:00+01:00,31527.75,31531.75,31522.75,31527.75,48
SQ:US30,2021-02-16T22:12:00+01:00,31527.75,31527.75,31522.75,31522.75,36
SQ:US30,2021-02-16T22:13:00+01:00,31522.75,31526.75,31518.75,31523.75,49
SQ:US30,2021-02-16T22:14:00+01:00,31524.75,31534.75,31524.75,31528.75,40
SQ:US30,2021-02-16T22:30:00+01:00,31512.75,31522.75,31512.75,31519.75,26
SQ:US30,2021-02-16T22:31:00+01:00,31520.75,31528.75,31520.75,31526.75,13
SQ:US30,2021-02-16T22:32:00+01:00,31526.75,31532.75,31525.75,31532.75,7
SQ:US30,2021-02-16T22:33:00+01:00,31532.75,31536.75,31532.75,31536.75,8
SQ:US30,2021-02-16T22:34:00+01:00,31535.75,31541.75,31535.75,31538.75,12
SQ:US30,2021-02-16T22:35:00+01:00,31538.75,31539.75,31535.75,31535.75,10
SQ:US30,2021-02-16T22:36:00+01:00,31535.75,31535.75,31533.75,31534.75,6
SQ:US30,2021-02-16T22:37:00+01:00,31534.75,31538.75,31534.75,31535.75,7
SQ:US30,2021-02-16T22:38:00+01:00,31535.75,31538.75,31535.75,31537.75,7
SQ:US30,2021-02-16T22:39:00+01:00,31537.75,31537.75,31534.75,31535.75,8
SQ:US30,2021-02-16T22:40:00+01:00,31535.75,31535.75,31532.75,31533.75,10
SQ:US30,2021-02-16T22:41:00+01:00,31532.75,31535.75,31532.75,31534.75,10
SQ:US30,2021-02-16T22:42:00+01:00,31534.75,31536.75,31533.75,31533.75,14
SQ:US30,2021-02-16T22:43:00+01:00,31533.75,31537.75,31533.75,31537.75,9
SQ:US30,2021-02-16T22:44:00+01:00,31537.75,31537.75,31535.75,31535.75,3
SQ:US30,2021-02-16T22:45:00+01:00,31535.75,31539.75,31535.75,31537.75,7
SQ:US30,2021-02-16T22:46:00+01:00,31537.75,31538.75,31533.75,31538.75,14
SQ:US30,2021-02-16T22:47:00+01:00,31537.75,31542.75,31536.75,31541.75,11
SQ:US30,2021-02-16T22:48:00+01:00,31541.75,31543.75,31540.75,31541.75,17
SQ:US30,2021-02-16T22:49:00+01:00,31541.75,31546.75,31540.75,31545.75,11
SQ:US30,2021-02-16T22:50:00+01:00,31545.75,31549.75,31543.75,31544.75,22
SQ:US30,2021-02-16T22:51:00+01:00,31544.75,31545.75,31543.75,31543.75,10
SQ:US30,2021-02-16T22:52:00+01:00,31543.75,31546.75,31543.75,31546.75,8
SQ:US30,2021-02-16T22:53:00+01:00,31546.75,31546.75,31544.75,31545.75,8
SQ:US30,2021-02-16T22:54:00+01:00,31545.75,31547.75,31543.75,31546.75,13
