SQ:AUDUSD,2023-05-19T00:00:00+02:00,0.66195,0.66213,0.66195,0.66211,61
SQ:AUDUSD,2023-05-19T00:01:00+02:00,0.66211,0.66216,0.66211,0.66214,19
SQ:AUDUSD,2023-05-19T00:02:00+02:00,0.66214,0.66218,0.66214,0.66218,7
SQ:AUDUSD,2023-05-19T00:03:00+02:00,0.66218,0.66224,0.66218,0.66219,10
SQ:AUDUSD,2023-05-19T00:04:00+02:00,0.66219,0.66221,0.66219,0.66221,2
SQ:AUDUSD,2023-05-19T00:05:00+02:00,0.66221,0.66221,0.66220,0.66220,4
SQ:AUDUSD,2023-05-19T00:06:00+02:00,0.66221,0.66230,0.66220,0.66230,12
SQ:AUDUSD,2023-05-19T00:07:00+02:00,0.66230,0.66238,0.66230,0.66236,6
SQ:AUDUSD,2023-05-19T00:08:00+02:00,0.66236,0.66258,0.66236,0.66255,15
SQ:AUDUSD,2023-05-19T00:09:00+02:00,0.66255,0.66255,0.66241,0.66246,23
SQ:AUDUSD,2023-05-19T00:10:00+02:00,0.66245,0.66247,0.66237,0.66237,31
SQ:AUDUSD,2023-05-19T00:11:00+02:00,0.66236,0.66236,0.66233,0.66234,6
SQ:AUDUSD,2023-05-19T00:12:00+02:00,0.66235,0.66252,0.66235,0.66250,34
SQ:AUDUSD,2023-05-19T00:13:00+02:00,0.66250,0.66250,0.66243,0.66244,14
SQ:AUDUSD,2023-05-19T00:14:00+02:00,0.66243,0.66252,0.66240,0.66252,17
SQ:AUDUSD,2023-05-19T00:15:00+02:00,0.66252,0.66255,0.66241,0.66242,39
SQ:AUDUSD,2023-05-19T00:16:00+02:00,0.66243,0.66251,0.66241,0.66247,32
SQ:AUDUSD,2023-05-19T00:17:00+02:00,0.66246,0.66251,0.66246,0.66246,22
SQ:AUDUSD,2023-05-19T00:18:00+02:00,0.66247,0.66250,0.66246,0.66249,21
SQ:AUDUSD,2023-05-19T00:19:00+02:00,0.66249,0.66251,0.66245,0.66246,15
SQ:AUDUSD,2023-05-19T00:20:00+02:00,0.66245,0.66250,0.66245,0.66248,15
SQ:AUDUSD,2023-05-19T00:21:00+02:00,0.66248,0.66249,0.66242,0.66243,14
SQ:AUDUSD,2023-05-19T00:22:00+02:00,0.66242,0.66249,0.66242,0.66246,26
SQ:AUDUSD,2023-05-19T00:23:00+02:00,0.66248,0.66254,0.66246,0.66252,27
SQ:AUDUSD,2023-05-19T00:24:00+02:00,0.66253,0.66253,0.66244,0.66246,28
SQ:AUDUSD,2023-05-19T00:25:00+02:00,0.66247,0.66252,0.66246,0.66251,19
SQ:AUDUSD,2023-05-19T00:26:00+02:00,0.66251,0.66255,0.66244,0.66246,22
SQ:AUDUSD,2023-05-19T00:27:00+02:00,0.66246,0.66253,0.66246,0.66251,16
SQ:AUDUSD,2023-05-19T00:28:00+02:00,0.66252,0.66260,0.66251,0.66260,13
SQ:AUDUSD,2023-05-19T00:29:00+02:00,0.66259,0.66260,0.66255,0.66260,26
SQ:AUDUSD,2023-05-19T00:30:00+02:00,0.66260,0.66260,0.66252,0.66256,22
SQ:AUDUSD,2023-05-19T00:31:00+02:00,0.66256,0.66257,0.66254,0.66255,20
SQ:AUDUSD,2023-05-19T00:32:00+02:00,0.66256,0.66266,0.66256,0.66261,26
SQ:AUDUSD,2023-05-19T00:33:00+02:00,0.66263,0.66265,0.66261,0.66263,20
SQ:AUDUSD,2023-05-19T00:34:00+02:00,0.66262,0.66266,0.66261,0.66263,10
SQ:AUDUSD,2023-05-19T00:35:00+02:00,0.66262,0.66266,0.66257,0.66263,29
SQ:AUDUSD,2023-05-19T00:36:00+02:00,0.66263,0.66270,0.66260,0.66264,21
SQ:AUDUSD,2023-05-19T00:37:00+02:00,0.66264,0.66269,0.66258,0.66268,32
SQ:AUDUSD,2023-05-19T00:38:00+02:00,0.66269,0.66269,0.66267,0.66269,14
SQ:AUDUSD,2023-05-19T00:39:00+02:00,0.66268,0.66274,0.66267,0.66272,29
SQ:AUDUSD,2023-05-19T00:40:00+02:00,0.66273,0.66282,0.66269,0.66274,40
SQ:AUDUSD,2023-05-19T00:41:00+02:00,0.66275,0.66283,0.66272,0.66278,24
SQ:AUDUSD,2023-05-19T00:42:00+02:00,0.66277,0.66289,0.66277,0.66279,34
SQ:AUDUSD,2023-05-19T00:43:00+02:00,0.66279,0.66280,0.66272,0.66278,25
SQ:AUDUSD,2023-05-19T00:44:00+02:00,0.66279,0.66284,0.66275,0.66277,22
SQ:AUDUSD,2023-05-19T00:45:00+02:00,0.66277,0.66281,0.66274,0.66279,17
SQ:AUDUSD,2023-05-19T00:46:00+02:00,0.66280,0.66287,0.66279,0.66280,25
SQ:AUDUSD,2023-05-19T00:47:00+02:00,0.66280,0.66285,0.66278,0.66281,33
SQ:AUDUSD,2023-05-19T00:48:00+02:00,0.66281,0.66287,0.66281,0.66286,10
SQ:AUDUSD,2023-05-19T00:49:00+02:00,0.66286,0.66286,0.66283,0.66286,20
SQ:AUDUSD,2023-05-19T00:50:00+02:00,0.66284,0.66285,0.66272,0.66274,26
SQ:AUDUSD,2023-05-19T00:51:00+02:00,0.66275,0.66275,0.66269,0.66269,7
SQ:AUDUSD,2023-05-19T00:52:00+02:00,0.66269,0.66273,0.66268,0.66273,5
SQ:AUDUSD,2023-05-19T00:53:00+02:00,0.66272,0.66282,0.66272,0.66279,22
SQ:AUDUSD,2023-05-19T00:54:00+02:00,0.66280,0.66280,0.66277,0.66277,3
SQ:AUDUSD,2023-05-19T00:55:00+02:00,0.66277,0.66277,0.66273,0.66273,6
SQ:AUDUSD,2023-05-19T00:56:00+02:00,0.66273,0.66281,0.66272,0.66275,12
SQ:AUDUSD,2023-05-19T00:57:00+02:00,0.66276,0.66277,0.66270,0.66273,27
SQ:AUDUSD,2023-05-19T00:58:00+02:00,0.66273,0.66279,0.66272,0.66274,19
SQ:AUDUSD,2023-05-19T00:59:00+02:00,0.66274,0.66276,0.66273,0.66273,5
SQ:AUDUSD,2023-05-19T01:00:00+02:00,0.66272,0.66272,0.66263,0.66265,24
SQ:AUDUSD,2023-05-19T01:01:00+02:00,0.66264,0.66266,0.66261,0.66261,13
SQ:AUDUSD,2023-05-19T01:02:00+02:00,0.66261,0.66269,0.66261,0.66269,25
SQ:AUDUSD,2023-05-19T01:03:00+02:00,0.66267,0.66269,0.66261,0.66261,36
SQ:AUDUSD,2023-05-19T01:04:00+02:00,0.66261,0.66262,0.66258,0.66262,10
SQ:AUDUSD,2023-05-19T01:05:00+02:00,0.66263,0.66265,0.66231,0.66234,65
SQ:AUDUSD,2023-05-19T01:06:00+02:00,0.66236,0.66246,0.66229,0.66237,40
SQ:AUDUSD,2023-05-19T01:07:00+02:00,0.66238,0.66251,0.66231,0.66238,52
SQ:AUDUSD,2023-05-19T01:08:00+02:00,0.66238,0.66249,0.66232,0.66246,72
SQ:AUDUSD,2023-05-19T01:09:00+02:00,0.66247,0.66250,0.66242,0.66250,39
SQ:AUDUSD,2023-05-19T01:10:00+02:00,0.66250,0.66250,0.66234,0.66234,63
SQ:AUDUSD,2023-05-19T01:11:00+02:00,0.66235,0.66241,0.66234,0.66234,37
SQ:AUDUSD,2023-05-19T01:12:00+02:00,0.66234,0.66248,0.66233,0.66237,38
SQ:AUDUSD,2023-05-19T01:13:00+02:00,0.66237,0.66241,0.66232,0.66233,26
SQ:AUDUSD,2023-05-19T01:14:00+02:00,0.66233,0.66235,0.66228,0.66233,27
SQ:AUDUSD,2023-05-19T01:15:00+02:00,0.66232,0.66238,0.66232,0.66235,29
SQ:AUDUSD,2023-05-19T01:16:00+02:00,0.66235,0.66259,0.66235,0.66259,45
SQ:AUDUSD,2023-05-19T01:17:00+02:00,0.66258,0.66261,0.66253,0.66254,26
SQ:AUDUSD,2023-05-19T01:18:00+02:00,0.66254,0.66254,0.66248,0.66252,13
SQ:AUDUSD,2023-05-19T01:19:00+02:00,0.66252,0.66254,0.66250,0.66254,17
SQ:AUDUSD,2023-05-19T01:20:00+02:00,0.66253,0.66261,0.66253,0.66259,16
SQ:AUDUSD,2023-05-19T01:21:00+02:00,0.66260,0.66266,0.66254,0.66257,42
SQ:AUDUSD,2023-05-19T01:22:00+02:00,0.66255,0.66262,0.66255,0.66258,45
SQ:AUDUSD,2023-05-19T01:23:00+02:00,0.66258,0.66260,0.66254,0.66256,23
SQ:AUDUSD,2023-05-19T01:24:00+02:00,0.66257,0.66260,0.66256,0.66258,16
SQ:AUDUSD,2023-05-19T01:25:00+02:00,0.66256,0.66261,0.66256,0.66260,13
SQ:AUDUSD,2023-05-19T01:26:00+02:00,0.66260,0.66261,0.66258,0.66258,18
SQ:AUDUSD,2023-05-19T01:27:00+02:00,0.66258,0.66266,0.66258,0.66264,17
SQ:AUDUSD,2023-05-19T01:28:00+02:00,0.66265,0.66265,0.66260,0.66261,18
SQ:AUDUSD,2023-05-19T01:29:00+02:00,0.66265,0.66265,0.66251,0.66253,27
SQ:AUDUSD,2023-05-19T01:30:00+02:00,0.66251,0.66251,0.66239,0.66241,19
SQ:AUDUSD,2023-05-19T01:31:00+02:00,0.66241,0.66243,0.66237,0.66243,17
SQ:AUDUSD,2023-05-19T01:32:00+02:00,0.66243,0.66246,0.66240,0.66245,26
SQ:AUDUSD,2023-05-19T01:33:00+02:00,0.66247,0.66259,0.66245,0.66257,47
SQ:AUDUSD,2023-05-19T01:34:00+02:00,0.66258,0.66259,0.66255,0.66257,12
SQ:AUDUSD,2023-05-19T01:35:00+02:00,0.66257,0.66258,0.66254,0.66255,18
SQ:AUDUSD,2023-05-19T01:36:00+02:00,0.66256,0.66259,0.66251,0.66256,32
SQ:AUDUSD,2023-05-19T01:37:00+02:00,0.66257,0.66274,0.66256,0.66269,53
SQ:AUDUSD,2023-05-19T01:38:00+02:00,0.66270,0.66280,0.66268,0.66278,29
SQ:AUDUSD,2023-05-19T01:39:00+02:00,0.66279,0.66284,0.66278,0.66283,28
SQ:AUDUSD,2023-05-19T01:40:00+02:00,0.66283,0.66285,0.66273,0.66283,57
SQ:AUDUSD,2023-05-19T01:41:00+02:00,0.66284,0.66287,0.66275,0.66275,27
SQ:AUDUSD,2023-05-19T01:42:00+02:00,0.66275,0.66278,0.66267,0.66273,25
SQ:AUDUSD,2023-05-19T01:43:00+02:00,0.66272,0.66273,0.66268,0.66271,14
SQ:AUDUSD,2023-05-19T01:44:00+02:00,0.66272,0.66279,0.66272,0.66277,20
SQ:AUDUSD,2023-05-19T01:45:00+02:00,0.66277,0.66277,0.66270,0.66274,22
SQ:AUDUSD,2023-05-19T01:46:00+02:00,0.66273,0.66274,0.66268,0.66273,10
SQ:AUDUSD,2023-05-19T01:47:00+02:00,0.66272,0.66278,0.66272,0.66277,13
SQ:AUDUSD,2023-05-19T01:48:00+02:00,0.66278,0.66283,0.66275,0.66281,21
SQ:AUDUSD,2023-05-19T01:49:00+02:00,0.66281,0.66282,0.66274,0.66275,20
SQ:AUDUSD,2023-05-19T01:50:00+02:00,0.66276,0.66280,0.66276,0.66279,17
SQ:AUDUSD,2023-05-19T01:51:00+02:00,0.66279,0.66284,0.66279,0.66282,19
SQ:AUDUSD,2023-05-19T01:52:00+02:00,0.66281,0.66286,0.66278,0.66278,26
SQ:AUDUSD,2023-05-19T01:53:00+02:00,0.66278,0.66279,0.66267,0.66269,16
SQ:AUDUSD,2023-05-19T01:54:00+02:00,0.66269,0.66273,0.66267,0.66268,12
SQ:AUDUSD,2023-05-19T01:55:00+02:00,0.66268,0.66272,0.66260,0.66261,35
SQ:AUDUSD,2023-05-19T01:56:00+02:00,0.66261,0.66267,0.66257,0.66267,29
SQ:AUDUSD,2023-05-19T01:57:00+02:00,0.66267,0.66268,0.66261,0.66267,36
SQ:AUDUSD,2023-05-19T01:58:00+02:00,0.66267,0.66267,0.66254,0.66261,25
SQ:AUDUSD,2023-05-19T01:59:00+02:00,0.66262,0.66263,0.66256,0.66259,40
SQ:AUDUSD,2023-05-19T02:00:00+02:00,0.66259,0.66282,0.66259,0.66278,66
SQ:AUDUSD,2023-05-19T02:01:00+02:00,0.66278,0.66278,0.66270,0.66271,32
SQ:AUDUSD,2023-05-19T02:02:00+02:00,0.66272,0.66284,0.66265,0.66265,48
SQ:AUDUSD,2023-05-19T02:03:00+02:00,0.66265,0.66300,0.66263,0.66298,52
SQ:AUDUSD,2023-05-19T02:04:00+02:00,0.66298,0.66298,0.66277,0.66281,39
SQ:AUDUSD,2023-05-19T02:05:00+02:00,0.66281,0.66293,0.66274,0.66289,58
SQ:AUDUSD,2023-05-19T02:06:00+02:00,0.66290,0.66290,0.66260,0.66260,61
SQ:AUDUSD,2023-05-19T02:07:00+02:00,0.66260,0.66275,0.66254,0.66270,44
SQ:AUDUSD,2023-05-19T02:08:00+02:00,0.66270,0.66270,0.66240,0.66247,61
SQ:AUDUSD,2023-05-19T02:09:00+02:00,0.66247,0.66263,0.66245,0.66263,29
SQ:AUDUSD,2023-05-19T02:10:00+02:00,0.66262,0.66274,0.66262,0.66266,57
SQ:AUDUSD,2023-05-19T02:11:00+02:00,0.66266,0.66290,0.66263,0.66290,45
SQ:AUDUSD,2023-05-19T02:12:00+02:00,0.66290,0.66294,0.66276,0.66282,49
SQ:AUDUSD,2023-05-19T02:13:00+02:00,0.66282,0.66283,0.66259,0.66271,78
SQ:AUDUSD,2023-05-19T02:14:00+02:00,0.66271,0.66285,0.66266,0.66269,62
SQ:AUDUSD,2023-05-19T02:15:00+02:00,0.66269,0.66280,0.66262,0.66278,89
SQ:AUDUSD,2023-05-19T02:16:00+02:00,0.66278,0.66294,0.66275,0.66294,70
SQ:AUDUSD,2023-05-19T02:17:00+02:00,0.66293,0.66293,0.66276,0.66285,78
SQ:AUDUSD,2023-05-19T02:18:00+02:00,0.66284,0.66288,0.66276,0.66280,72
SQ:AUDUSD,2023-05-19T02:19:00+02:00,0.66280,0.66282,0.66269,0.66269,50
SQ:AUDUSD,2023-05-19T02:20:00+02:00,0.66271,0.66285,0.66271,0.66281,65
SQ:AUDUSD,2023-05-19T02:21:00+02:00,0.66280,0.66289,0.66278,0.66280,36
SQ:AUDUSD,2023-05-19T02:22:00+02:00,0.66280,0.66287,0.66276,0.66283,35
SQ:AUDUSD,2023-05-19T02:23:00+02:00,0.66283,0.66286,0.66281,0.66285,21
SQ:AUDUSD,2023-05-19T02:24:00+02:00,0.66285,0.66290,0.66283,0.66288,30
SQ:AUDUSD,2023-05-19T02:25:00+02:00,0.66289,0.66304,0.66285,0.66300,44
SQ:AUDUSD,2023-05-19T02:26:00+02:00,0.66300,0.66321,0.66300,0.66321,23
SQ:AUDUSD,2023-05-19T02:27:00+02:00,0.66319,0.66343,0.66319,0.66336,79
SQ:AUDUSD,2023-05-19T02:28:00+02:00,0.66336,0.66344,0.66328,0.66329,57
SQ:AUDUSD,2023-05-19T02:29:00+02:00,0.66329,0.66339,0.66329,0.66334,68
SQ:AUDUSD,2023-05-19T02:30:00+02:00,0.66334,0.66334,0.66317,0.66318,48
SQ:AUDUSD,2023-05-19T02:31:00+02:00,0.66319,0.66344,0.66319,0.66343,50
SQ:AUDUSD,2023-05-19T02:32:00+02:00,0.66343,0.66344,0.66328,0.66328,37
SQ:AUDUSD,2023-05-19T02:33:00+02:00,0.66328,0.66332,0.66319,0.66320,50
SQ:AUDUSD,2023-05-19T02:34:00+02:00,0.66321,0.66322,0.66313,0.66314,32
SQ:AUDUSD,2023-05-19T02:35:00+02:00,0.66314,0.66320,0.66313,0.66318,29
SQ:AUDUSD,2023-05-19T02:36:00+02:00,0.66319,0.66344,0.66318,0.66336,65
SQ:AUDUSD,2023-05-19T02:37:00+02:00,0.66337,0.66337,0.66324,0.66329,28
SQ:AUDUSD,2023-05-19T02:38:00+02:00,0.66328,0.66333,0.66313,0.66315,80
SQ:AUDUSD,2023-05-19T02:39:00+02:00,0.66315,0.66317,0.66302,0.66312,29
SQ:AUDUSD,2023-05-19T02:40:00+02:00,0.66312,0.66312,0.66306,0.66306,32
SQ:AUDUSD,2023-05-19T02:41:00+02:00,0.66306,0.66315,0.66299,0.66314,57
SQ:AUDUSD,2023-05-19T02:42:00+02:00,0.66315,0.66316,0.66304,0.66305,47
SQ:AUDUSD,2023-05-19T02:43:00+02:00,0.66304,0.66307,0.66299,0.66305,31
SQ:AUDUSD,2023-05-19T02:44:00+02:00,0.66304,0.66306,0.66294,0.66298,28
SQ:AUDUSD,2023-05-19T02:45:00+02:00,0.66298,0.66299,0.66284,0.66291,65
SQ:AUDUSD,2023-05-19T02:46:00+02:00,0.66291,0.66298,0.66289,0.66297,46
SQ:AUDUSD,2023-05-19T02:47:00+02:00,0.66298,0.66302,0.66288,0.66288,36
SQ:AUDUSD,2023-05-19T02:48:00+02:00,0.66289,0.66289,0.66280,0.66284,17
SQ:AUDUSD,2023-05-19T02:49:00+02:00,0.66283,0.66283,0.66271,0.66274,33
SQ:AUDUSD,2023-05-19T02:50:00+02:00,0.66273,0.66277,0.66262,0.66270,61
SQ:AUDUSD,2023-05-19T02:51:00+02:00,0.66272,0.66286,0.66271,0.66286,77
SQ:AUDUSD,2023-05-19T02:52:00+02:00,0.66286,0.66297,0.66285,0.66297,68
SQ:AUDUSD,2023-05-19T02:53:00+02:00,0.66298,0.66315,0.66294,0.66314,63
SQ:AUDUSD,2023-05-19T02:54:00+02:00,0.66314,0.66329,0.66309,0.66314,103
SQ:AUDUSD,2023-05-19T02:55:00+02:00,0.66317,0.66326,0.66304,0.66317,95
SQ:AUDUSD,2023-05-19T02:56:00+02:00,0.66317,0.66327,0.66315,0.66315,61
SQ:AUDUSD,2023-05-19T02:57:00+02:00,0.66316,0.66316,0.66298,0.66300,35
SQ:AUDUSD,2023-05-19T02:58:00+02:00,0.66301,0.66303,0.66296,0.66296,34
SQ:AUDUSD,2023-05-19T02:59:00+02:00,0.66296,0.66296,0.66285,0.66286,45
SQ:AUDUSD,2023-05-19T03:00:00+02:00,0.66286,0.66287,0.66273,0.66275,56
SQ:AUDUSD,2023-05-19T03:01:00+02:00,0.66276,0.66280,0.66264,0.66276,40
SQ:AUDUSD,2023-05-19T03:02:00+02:00,0.66276,0.66305,0.66276,0.66302,62
SQ:AUDUSD,2023-05-19T03:03:00+02:00,0.66301,0.66306,0.66293,0.66294,38
SQ:AUDUSD,2023-05-19T03:04:00+02:00,0.66295,0.66304,0.66294,0.66300,54
SQ:AUDUSD,2023-05-19T03:05:00+02:00,0.66301,0.66301,0.66290,0.66300,59
SQ:AUDUSD,2023-05-19T03:06:00+02:00,0.66305,0.66320,0.66304,0.66320,44
SQ:AUDUSD,2023-05-19T03:07:00+02:00,0.66319,0.66321,0.66304,0.66309,46
SQ:AUDUSD,2023-05-19T03:08:00+02:00,0.66308,0.66323,0.66306,0.66319,53
SQ:AUDUSD,2023-05-19T03:09:00+02:00,0.66318,0.66322,0.66310,0.66320,69
SQ:AUDUSD,2023-05-19T03:10:00+02:00,0.66320,0.66328,0.66311,0.66323,43
SQ:AUDUSD,2023-05-19T03:11:00+02:00,0.66322,0.66324,0.66315,0.66320,38
SQ:AUDUSD,2023-05-19T03:12:00+02:00,0.66321,0.66321,0.66314,0.66316,32
SQ:AUDUSD,2023-05-19T03:13:00+02:00,0.66317,0.66321,0.66313,0.66313,31
SQ:AUDUSD,2023-05-19T03:14:00+02:00,0.66313,0.66315,0.66296,0.66308,40
SQ:AUDUSD,2023-05-19T03:15:00+02:00,0.66309,0.66319,0.66278,0.66285,119
SQ:AUDUSD,2023-05-19T03:16:00+02:00,0.66285,0.66289,0.66271,0.66280,83
SQ:AUDUSD,2023-05-19T03:17:00+02:00,0.66280,0.66285,0.66235,0.66235,85
SQ:AUDUSD,2023-05-19T03:18:00+02:00,0.66235,0.66240,0.66218,0.66218,87
SQ:AUDUSD,2023-05-19T03:19:00+02:00,0.66218,0.66234,0.66218,0.66230,48
SQ:AUDUSD,2023-05-19T03:20:00+02:00,0.66230,0.66246,0.66230,0.66233,51
SQ:AUDUSD,2023-05-19T03:21:00+02:00,0.66233,0.66235,0.66221,0.66221,52
SQ:AUDUSD,2023-05-19T03:22:00+02:00,0.66221,0.66221,0.66192,0.66195,125
SQ:AUDUSD,2023-05-19T03:23:00+02:00,0.66196,0.66211,0.66193,0.66207,51
SQ:AUDUSD,2023-05-19T03:24:00+02:00,0.66207,0.66219,0.66207,0.66210,42
SQ:AUDUSD,2023-05-19T03:25:00+02:00,0.66210,0.66217,0.66209,0.66216,34
SQ:AUDUSD,2023-05-19T03:26:00+02:00,0.66216,0.66231,0.66215,0.66216,53
SQ:AUDUSD,2023-05-19T03:27:00+02:00,0.66219,0.66236,0.66216,0.66233,52
SQ:AUDUSD,2023-05-19T03:28:00+02:00,0.66233,0.66241,0.66230,0.66236,35
SQ:AUDUSD,2023-05-19T03:29:00+02:00,0.66236,0.66239,0.66227,0.66230,30
SQ:AUDUSD,2023-05-19T03:30:00+02:00,0.66230,0.66231,0.66205,0.66205,70
SQ:AUDUSD,2023-05-19T03:31:00+02:00,0.66205,0.66207,0.66181,0.66200,81
SQ:AUDUSD,2023-05-19T03:32:00+02:00,0.66197,0.66204,0.66191,0.66200,69
SQ:AUDUSD,2023-05-19T03:33:00+02:00,0.66201,0.66201,0.66191,0.66193,50
SQ:AUDUSD,2023-05-19T03:34:00+02:00,0.66194,0.66201,0.66180,0.66185,74
SQ:AUDUSD,2023-05-19T03:35:00+02:00,0.66185,0.66187,0.66177,0.66179,52
SQ:AUDUSD,2023-05-19T03:36:00+02:00,0.66179,0.66189,0.66178,0.66186,40
SQ:AUDUSD,2023-05-19T03:37:00+02:00,0.66185,0.66189,0.66170,0.66170,47
SQ:AUDUSD,2023-05-19T03:38:00+02:00,0.66170,0.66194,0.66169,0.66194,66
SQ:AUDUSD,2023-05-19T03:39:00+02:00,0.66194,0.66200,0.66181,0.66200,57
SQ:AUDUSD,2023-05-19T03:40:00+02:00,0.66201,0.66210,0.66198,0.66206,55
SQ:AUDUSD,2023-05-19T03:41:00+02:00,0.66206,0.66241,0.66205,0.66239,73
SQ:AUDUSD,2023-05-19T03:42:00+02:00,0.66240,0.66248,0.66229,0.66235,102
SQ:AUDUSD,2023-05-19T03:43:00+02:00,0.66235,0.66242,0.66229,0.66242,72
SQ:AUDUSD,2023-05-19T03:44:00+02:00,0.66242,0.66253,0.66238,0.66250,62
SQ:AUDUSD,2023-05-19T03:45:00+02:00,0.66250,0.66267,0.66245,0.66267,61
SQ:AUDUSD,2023-05-19T03:46:00+02:00,0.66267,0.66267,0.66258,0.66261,39
SQ:AUDUSD,2023-05-19T03:47:00+02:00,0.66261,0.66261,0.66240,0.66250,74
SQ:AUDUSD,2023-05-19T03:48:00+02:00,0.66251,0.66255,0.66209,0.66209,57
SQ:AUDUSD,2023-05-19T03:49:00+02:00,0.66210,0.66214,0.66191,0.66206,59
SQ:AUDUSD,2023-05-19T03:50:00+02:00,0.66207,0.66216,0.66194,0.66194,80
SQ:AUDUSD,2023-05-19T03:51:00+02:00,0.66194,0.66196,0.66181,0.66182,44
SQ:AUDUSD,2023-05-19T03:52:00+02:00,0.66182,0.66182,0.66158,0.66176,79
SQ:AUDUSD,2023-05-19T03:53:00+02:00,0.66174,0.66202,0.66174,0.66200,79
SQ:AUDUSD,2023-05-19T03:54:00+02:00,0.66200,0.66208,0.66194,0.66202,43
SQ:AUDUSD,2023-05-19T03:55:00+02:00,0.66199,0.66199,0.66175,0.66177,41
SQ:AUDUSD,2023-05-19T03:56:00+02:00,0.66177,0.66177,0.66168,0.66173,23
SQ:AUDUSD,2023-05-19T03:57:00+02:00,0.66173,0.66176,0.66168,0.66174,34
SQ:AUDUSD,2023-05-19T03:58:00+02:00,0.66175,0.66214,0.66175,0.66202,77
SQ:AUDUSD,2023-05-19T03:59:00+02:00,0.66202,0.66204,0.66190,0.66194,56
SQ:AUDUSD,2023-05-19T04:00:00+02:00,0.66194,0.66195,0.66168,0.66171,63
SQ:AUDUSD,2023-05-19T04:01:00+02:00,0.66171,0.66171,0.66153,0.66165,46
SQ:AUDUSD,2023-05-19T04:02:00+02:00,0.66165,0.66185,0.66165,0.66177,73
SQ:AUDUSD,2023-05-19T04:03:00+02:00,0.66176,0.66179,0.66163,0.66170,56
SQ:AUDUSD,2023-05-19T04:04:00+02:00,0.66170,0.66183,0.66170,0.66179,42
SQ:AUDUSD,2023-05-19T04:05:00+02:00,0.66180,0.66180,0.66165,0.66180,42
SQ:AUDUSD,2023-05-19T04:06:00+02:00,0.66180,0.66180,0.66168,0.66176,80
SQ:AUDUSD,2023-05-19T04:07:00+02:00,0.66176,0.66191,0.66176,0.66185,79
SQ:AUDUSD,2023-05-19T04:08:00+02:00,0.66185,0.66186,0.66167,0.66176,49
SQ:AUDUSD,2023-05-19T04:09:00+02:00,0.66176,0.66201,0.66172,0.66201,66
SQ:AUDUSD,2023-05-19T04:10:00+02:00,0.66200,0.66207,0.66197,0.66207,43
SQ:AUDUSD,2023-05-19T04:11:00+02:00,0.66207,0.66213,0.66205,0.66209,68
SQ:AUDUSD,2023-05-19T04:12:00+02:00,0.66209,0.66213,0.66203,0.66209,32
SQ:AUDUSD,2023-05-19T04:13:00+02:00,0.66209,0.66216,0.66205,0.66214,51
SQ:AUDUSD,2023-05-19T04:14:00+02:00,0.66214,0.66214,0.66203,0.66204,24
SQ:AUDUSD,2023-05-19T04:15:00+02:00,0.66204,0.66213,0.66198,0.66205,49
SQ:AUDUSD,2023-05-19T04:16:00+02:00,0.66205,0.66210,0.66202,0.66202,30
SQ:AUDUSD,2023-05-19T04:17:00+02:00,0.66202,0.66207,0.66200,0.66204,37
SQ:AUDUSD,2023-05-19T04:18:00+02:00,0.66204,0.66209,0.66193,0.66204,50
SQ:AUDUSD,2023-05-19T04:19:00+02:00,0.66203,0.66203,0.66189,0.66194,66
SQ:AUDUSD,2023-05-19T04:20:00+02:00,0.66195,0.66196,0.66187,0.66192,38
SQ:AUDUSD,2023-05-19T04:21:00+02:00,0.66192,0.66203,0.66187,0.66203,42
SQ:AUDUSD,2023-05-19T04:22:00+02:00,0.66204,0.66211,0.66200,0.66204,43
SQ:AUDUSD,2023-05-19T04:23:00+02:00,0.66206,0.66210,0.66198,0.66202,35
SQ:AUDUSD,2023-05-19T04:24:00+02:00,0.66203,0.66208,0.66201,0.66205,26
SQ:AUDUSD,2023-05-19T04:25:00+02:00,0.66205,0.66210,0.66198,0.66200,31
SQ:AUDUSD,2023-05-19T04:26:00+02:00,0.66199,0.66200,0.66191,0.66200,20
SQ:AUDUSD,2023-05-19T04:27:00+02:00,0.66199,0.66215,0.66198,0.66215,36
SQ:AUDUSD,2023-05-19T04:28:00+02:00,0.66216,0.66229,0.66214,0.66229,53
SQ:AUDUSD,2023-05-19T04:29:00+02:00,0.66229,0.66230,0.66224,0.66225,44
SQ:AUDUSD,2023-05-19T04:30:00+02:00,0.66225,0.66249,0.66225,0.66245,84
SQ:AUDUSD,2023-05-19T04:31:00+02:00,0.66245,0.66251,0.66240,0.66244,59
SQ:AUDUSD,2023-05-19T04:32:00+02:00,0.66244,0.66251,0.66242,0.66248,44
SQ:AUDUSD,2023-05-19T04:33:00+02:00,0.66249,0.66249,0.66237,0.66237,35
SQ:AUDUSD,2023-05-19T04:34:00+02:00,0.66237,0.66243,0.66227,0.66229,33
SQ:AUDUSD,2023-05-19T04:35:00+02:00,0.66227,0.66229,0.66210,0.66211,49
SQ:AUDUSD,2023-05-19T04:36:00+02:00,0.66211,0.66233,0.66208,0.66230,68
SQ:AUDUSD,2023-05-19T04:37:00+02:00,0.66230,0.66230,0.66209,0.66214,40
SQ:AUDUSD,2023-05-19T04:38:00+02:00,0.66214,0.66221,0.66207,0.66217,72
SQ:AUDUSD,2023-05-19T04:39:00+02:00,0.66218,0.66225,0.66216,0.66222,48
SQ:AUDUSD,2023-05-19T04:40:00+02:00,0.66223,0.66237,0.66219,0.66236,90
SQ:AUDUSD,2023-05-19T04:41:00+02:00,0.66236,0.66241,0.66233,0.66234,55
SQ:AUDUSD,2023-05-19T04:42:00+02:00,0.66235,0.66258,0.66234,0.66255,81
SQ:AUDUSD,2023-05-19T04:43:00+02:00,0.66254,0.66262,0.66251,0.66256,52
SQ:AUDUSD,2023-05-19T04:44:00+02:00,0.66256,0.66276,0.66256,0.66275,74
SQ:AUDUSD,2023-05-19T04:45:00+02:00,0.66275,0.66281,0.66271,0.66274,83
SQ:AUDUSD,2023-05-19T04:46:00+02:00,0.66274,0.66275,0.66260,0.66270,72
SQ:AUDUSD,2023-05-19T04:47:00+02:00,0.66269,0.66271,0.66254,0.66260,42
SQ:AUDUSD,2023-05-19T04:48:00+02:00,0.66260,0.66286,0.66260,0.66281,86
SQ:AUDUSD,2023-05-19T04:49:00+02:00,0.66281,0.66282,0.66275,0.66279,54
SQ:AUDUSD,2023-05-19T04:50:00+02:00,0.66280,0.66295,0.66280,0.66286,86
SQ:AUDUSD,2023-05-19T04:51:00+02:00,0.66286,0.66306,0.66280,0.66306,59
SQ:AUDUSD,2023-05-19T04:52:00+02:00,0.66306,0.66320,0.66305,0.66319,42
SQ:AUDUSD,2023-05-19T04:53:00+02:00,0.66318,0.66323,0.66309,0.66321,80
SQ:AUDUSD,2023-05-19T04:54:00+02:00,0.66321,0.66327,0.66316,0.66321,55
SQ:AUDUSD,2023-05-19T04:55:00+02:00,0.66320,0.66343,0.66320,0.66342,58
SQ:AUDUSD,2023-05-19T04:56:00+02:00,0.66342,0.66378,0.66336,0.66378,116
SQ:AUDUSD,2023-05-19T04:57:00+02:00,0.66380,0.66390,0.66375,0.66380,102
SQ:AUDUSD,2023-05-19T04:58:00+02:00,0.66380,0.66382,0.66363,0.66378,79
SQ:AUDUSD,2023-05-19T04:59:00+02:00,0.66379,0.66387,0.66363,0.66368,85
SQ:AUDUSD,2023-05-19T05:00:00+02:00,0.66368,0.66372,0.66359,0.66364,51
SQ:AUDUSD,2023-05-19T05:01:00+02:00,0.66364,0.66376,0.66360,0.66360,62
SQ:AUDUSD,2023-05-19T05:02:00+02:00,0.66360,0.66360,0.66345,0.66351,50
SQ:AUDUSD,2023-05-19T05:03:00+02:00,0.66351,0.66360,0.66347,0.66351,75
SQ:AUDUSD,2023-05-19T05:04:00+02:00,0.66351,0.66351,0.66342,0.66349,38
SQ:AUDUSD,2023-05-19T05:05:00+02:00,0.66349,0.66356,0.66344,0.66351,40
SQ:AUDUSD,2023-05-19T05:06:00+02:00,0.66350,0.66351,0.66336,0.66338,31
SQ:AUDUSD,2023-05-19T05:07:00+02:00,0.66337,0.66340,0.66330,0.66331,27
SQ:AUDUSD,2023-05-19T05:08:00+02:00,0.66330,0.66346,0.66330,0.66343,46
SQ:AUDUSD,2023-05-19T05:09:00+02:00,0.66343,0.66346,0.66341,0.66344,25
SQ:AUDUSD,2023-05-19T05:10:00+02:00,0.66344,0.66348,0.66342,0.66346,24
SQ:AUDUSD,2023-05-19T05:11:00+02:00,0.66345,0.66363,0.66342,0.66363,31
SQ:AUDUSD,2023-05-19T05:12:00+02:00,0.66360,0.66368,0.66358,0.66365,22
SQ:AUDUSD,2023-05-19T05:13:00+02:00,0.66365,0.66366,0.66358,0.66362,24
SQ:AUDUSD,2023-05-19T05:14:00+02:00,0.66362,0.66363,0.66358,0.66360,28
SQ:AUDUSD,2023-05-19T05:15:00+02:00,0.66360,0.66360,0.66349,0.66351,40
SQ:AUDUSD,2023-05-19T05:16:00+02:00,0.66351,0.66363,0.66348,0.66359,33
SQ:AUDUSD,2023-05-19T05:17:00+02:00,0.66360,0.66383,0.66360,0.66383,42
SQ:AUDUSD,2023-05-19T05:18:00+02:00,0.66384,0.66385,0.66353,0.66355,52
SQ:AUDUSD,2023-05-19T05:19:00+02:00,0.66355,0.66361,0.66353,0.66358,22
SQ:AUDUSD,2023-05-19T05:20:00+02:00,0.66358,0.66370,0.66357,0.66358,42
SQ:AUDUSD,2023-05-19T05:21:00+02:00,0.66360,0.66366,0.66359,0.66364,49
SQ:AUDUSD,2023-05-19T05:22:00+02:00,0.66364,0.66371,0.66360,0.66366,39
SQ:AUDUSD,2023-05-19T05:23:00+02:00,0.66367,0.66371,0.66355,0.66355,34
SQ:AUDUSD,2023-05-19T05:24:00+02:00,0.66354,0.66365,0.66347,0.66364,37
SQ:AUDUSD,2023-05-19T05:25:00+02:00,0.66365,0.66385,0.66362,0.66363,56
SQ:AUDUSD,2023-05-19T05:26:00+02:00,0.66363,0.66366,0.66355,0.66355,16
SQ:AUDUSD,2023-05-19T05:27:00+02:00,0.66355,0.66361,0.66351,0.66360,42
SQ:AUDUSD,2023-05-19T05:28:00+02:00,0.66359,0.66369,0.66359,0.66368,35
SQ:AUDUSD,2023-05-19T05:29:00+02:00,0.66366,0.66370,0.66355,0.66370,41
SQ:AUDUSD,2023-05-19T05:30:00+02:00,0.66370,0.66373,0.66362,0.66363,48
SQ:AUDUSD,2023-05-19T05:31:00+02:00,0.66363,0.66364,0.66354,0.66361,37
SQ:AUDUSD,2023-05-19T05:32:00+02:00,0.66361,0.66365,0.66359,0.66359,26
SQ:AUDUSD,2023-05-19T05:33:00+02:00,0.66360,0.66365,0.66358,0.66364,30
SQ:AUDUSD,2023-05-19T05:34:00+02:00,0.66365,0.66373,0.66365,0.66370,34
SQ:AUDUSD,2023-05-19T05:35:00+02:00,0.66370,0.66381,0.66369,0.66380,16
SQ:AUDUSD,2023-05-19T05:36:00+02:00,0.66380,0.66389,0.66366,0.66369,37
SQ:AUDUSD,2023-05-19T05:37:00+02:00,0.66369,0.66375,0.66369,0.66371,36
SQ:AUDUSD,2023-05-19T05:38:00+02:00,0.66369,0.66377,0.66369,0.66376,23
SQ:AUDUSD,2023-05-19T05:39:00+02:00,0.66376,0.66391,0.66375,0.66391,35
SQ:AUDUSD,2023-05-19T05:40:00+02:00,0.66391,0.66396,0.66389,0.66395,36
SQ:AUDUSD,2023-05-19T05:41:00+02:00,0.66395,0.66397,0.66390,0.66394,42
SQ:AUDUSD,2023-05-19T05:42:00+02:00,0.66394,0.66400,0.66392,0.66400,16
SQ:AUDUSD,2023-05-19T05:43:00+02:00,0.66399,0.66401,0.66392,0.66394,42
SQ:AUDUSD,2023-05-19T05:44:00+02:00,0.66394,0.66394,0.66381,0.66382,29
SQ:AUDUSD,2023-05-19T05:45:00+02:00,0.66382,0.66388,0.66380,0.66380,39
SQ:AUDUSD,2023-05-19T05:46:00+02:00,0.66380,0.66384,0.66373,0.66381,34
SQ:AUDUSD,2023-05-19T05:47:00+02:00,0.66381,0.66388,0.66378,0.66385,40
SQ:AUDUSD,2023-05-19T05:48:00+02:00,0.66386,0.66391,0.66384,0.66386,31
SQ:AUDUSD,2023-05-19T05:49:00+02:00,0.66386,0.66386,0.66378,0.66379,32
SQ:AUDUSD,2023-05-19T05:50:00+02:00,0.66379,0.66379,0.66369,0.66372,21
SQ:AUDUSD,2023-05-19T05:51:00+02:00,0.66372,0.66372,0.66364,0.66369,37
SQ:AUDUSD,2023-05-19T05:52:00+02:00,0.66369,0.66376,0.66368,0.66370,32
SQ:AUDUSD,2023-05-19T05:53:00+02:00,0.66370,0.66382,0.66370,0.66374,55
SQ:AUDUSD,2023-05-19T05:54:00+02:00,0.66374,0.66380,0.66373,0.66380,29
SQ:AUDUSD,2023-05-19T05:55:00+02:00,0.66380,0.66388,0.66378,0.66379,25
SQ:AUDUSD,2023-05-19T05:56:00+02:00,0.66379,0.66383,0.66375,0.66381,33
SQ:AUDUSD,2023-05-19T05:57:00+02:00,0.66381,0.66381,0.66368,0.66368,30
SQ:AUDUSD,2023-05-19T05:58:00+02:00,0.66368,0.66368,0.66354,0.66360,61
SQ:AUDUSD,2023-05-19T05:59:00+02:00,0.66360,0.66362,0.66358,0.66359,30
SQ:AUDUSD,2023-05-19T06:00:00+02:00,0.66358,0.66360,0.66349,0.66349,34
SQ:AUDUSD,2023-05-19T06:01:00+02:00,0.66349,0.66349,0.66338,0.66339,46
SQ:AUDUSD,2023-05-19T06:02:00+02:00,0.66339,0.66348,0.66338,0.66344,31
SQ:AUDUSD,2023-05-19T06:03:00+02:00,0.66345,0.66345,0.66337,0.66340,18
SQ:AUDUSD,2023-05-19T06:04:00+02:00,0.66341,0.66345,0.66338,0.66345,18
SQ:AUDUSD,2023-05-19T06:05:00+02:00,0.66345,0.66351,0.66339,0.66350,30
SQ:AUDUSD,2023-05-19T06:06:00+02:00,0.66350,0.66350,0.66325,0.66329,35
SQ:AUDUSD,2023-05-19T06:07:00+02:00,0.66328,0.66332,0.66328,0.66328,11
SQ:AUDUSD,2023-05-19T06:08:00+02:00,0.66328,0.66332,0.66328,0.66330,16
SQ:AUDUSD,2023-05-19T06:09:00+02:00,0.66331,0.66336,0.66331,0.66333,15
SQ:AUDUSD,2023-05-19T06:10:00+02:00,0.66334,0.66345,0.66334,0.66339,28
SQ:AUDUSD,2023-05-19T06:11:00+02:00,0.66340,0.66344,0.66339,0.66344,26
SQ:AUDUSD,2023-05-19T06:12:00+02:00,0.66344,0.66344,0.66329,0.66342,35
SQ:AUDUSD,2023-05-19T06:13:00+02:00,0.66341,0.66344,0.66339,0.66339,33
SQ:AUDUSD,2023-05-19T06:14:00+02:00,0.66340,0.66351,0.66340,0.66350,22
SQ:AUDUSD,2023-05-19T06:15:00+02:00,0.66350,0.66351,0.66340,0.66342,21
SQ:AUDUSD,2023-05-19T06:16:00+02:00,0.66342,0.66364,0.66342,0.66364,36
SQ:AUDUSD,2023-05-19T06:17:00+02:00,0.66364,0.66365,0.66348,0.66362,29
SQ:AUDUSD,2023-05-19T06:18:00+02:00,0.66363,0.66364,0.66351,0.66352,25
SQ:AUDUSD,2023-05-19T06:19:00+02:00,0.66351,0.66353,0.66346,0.66349,20
SQ:AUDUSD,2023-05-19T06:20:00+02:00,0.66348,0.66352,0.66347,0.66348,18
SQ:AUDUSD,2023-05-19T06:21:00+02:00,0.66349,0.66349,0.66340,0.66346,38
SQ:AUDUSD,2023-05-19T06:22:00+02:00,0.66346,0.66346,0.66334,0.66334,27
SQ:AUDUSD,2023-05-19T06:23:00+02:00,0.66334,0.66335,0.66332,0.66334,24
SQ:AUDUSD,2023-05-19T06:24:00+02:00,0.66335,0.66344,0.66335,0.66339,33
SQ:AUDUSD,2023-05-19T06:25:00+02:00,0.66339,0.66341,0.66334,0.66336,34
SQ:AUDUSD,2023-05-19T06:26:00+02:00,0.66335,0.66339,0.66329,0.66330,39
SQ:AUDUSD,2023-05-19T06:27:00+02:00,0.66330,0.66331,0.66325,0.66328,35
SQ:AUDUSD,2023-05-19T06:28:00+02:00,0.66330,0.66330,0.66317,0.66318,24
SQ:AUDUSD,2023-05-19T06:29:00+02:00,0.66319,0.66321,0.66314,0.66318,14
SQ:AUDUSD,2023-05-19T06:30:00+02:00,0.66319,0.66324,0.66316,0.66321,23
SQ:AUDUSD,2023-05-19T06:31:00+02:00,0.66321,0.66322,0.66315,0.66316,16
SQ:AUDUSD,2023-05-19T06:32:00+02:00,0.66316,0.66323,0.66316,0.66319,24
SQ:AUDUSD,2023-05-19T06:33:00+02:00,0.66319,0.66321,0.66317,0.66319,19
SQ:AUDUSD,2023-05-19T06:34:00+02:00,0.66320,0.66325,0.66310,0.66311,36
SQ:AUDUSD,2023-05-19T06:35:00+02:00,0.66312,0.66320,0.66310,0.66320,16
SQ:AUDUSD,2023-05-19T06:36:00+02:00,0.66319,0.66319,0.66312,0.66312,14
SQ:AUDUSD,2023-05-19T06:37:00+02:00,0.66312,0.66319,0.66312,0.66317,29
SQ:AUDUSD,2023-05-19T06:38:00+02:00,0.66318,0.66320,0.66313,0.66320,23
SQ:AUDUSD,2023-05-19T06:39:00+02:00,0.66319,0.66322,0.66313,0.66313,13
SQ:AUDUSD,2023-05-19T06:40:00+02:00,0.66313,0.66324,0.66312,0.66324,29
SQ:AUDUSD,2023-05-19T06:41:00+02:00,0.66324,0.66325,0.66319,0.66319,12
SQ:AUDUSD,2023-05-19T06:42:00+02:00,0.66319,0.66320,0.66315,0.66315,14
SQ:AUDUSD,2023-05-19T06:43:00+02:00,0.66315,0.66315,0.66307,0.66310,9
SQ:AUDUSD,2023-05-19T06:44:00+02:00,0.66310,0.66317,0.66310,0.66312,13
SQ:AUDUSD,2023-05-19T06:45:00+02:00,0.66312,0.66321,0.66311,0.66321,27
SQ:AUDUSD,2023-05-19T06:46:00+02:00,0.66320,0.66321,0.66314,0.66316,9
SQ:AUDUSD,2023-05-19T06:47:00+02:00,0.66316,0.66323,0.66315,0.66323,16
SQ:AUDUSD,2023-05-19T06:48:00+02:00,0.66323,0.66325,0.66320,0.66323,28
SQ:AUDUSD,2023-05-19T06:49:00+02:00,0.66324,0.66327,0.66322,0.66323,37
SQ:AUDUSD,2023-05-19T06:50:00+02:00,0.66323,0.66324,0.66316,0.66321,32
SQ:AUDUSD,2023-05-19T06:51:00+02:00,0.66321,0.66323,0.66315,0.66322,25
SQ:AUDUSD,2023-05-19T06:52:00+02:00,0.66322,0.66326,0.66317,0.66318,18
SQ:AUDUSD,2023-05-19T06:53:00+02:00,0.66318,0.66321,0.66314,0.66321,24
SQ:AUDUSD,2023-05-19T06:54:00+02:00,0.66321,0.66321,0.66319,0.66321,26
SQ:AUDUSD,2023-05-19T06:55:00+02:00,0.66320,0.66324,0.66319,0.66320,33
SQ:AUDUSD,2023-05-19T06:56:00+02:00,0.66320,0.66323,0.66317,0.66319,44
SQ:AUDUSD,2023-05-19T06:57:00+02:00,0.66319,0.66320,0.66314,0.66318,23
SQ:AUDUSD,2023-05-19T06:58:00+02:00,0.66319,0.66323,0.66313,0.66321,28
SQ:AUDUSD,2023-05-19T06:59:00+02:00,0.66321,0.66325,0.66319,0.66324,21
SQ:AUDUSD,2023-05-19T07:00:00+02:00,0.66324,0.66324,0.66316,0.66320,38
SQ:AUDUSD,2023-05-19T07:01:00+02:00,0.66321,0.66326,0.66320,0.66323,26
SQ:AUDUSD,2023-05-19T07:02:00+02:00,0.66323,0.66329,0.66317,0.66317,51
SQ:AUDUSD,2023-05-19T07:03:00+02:00,0.66317,0.66324,0.66312,0.66320,55
SQ:AUDUSD,2023-05-19T07:04:00+02:00,0.66319,0.66321,0.66315,0.66321,22
SQ:AUDUSD,2023-05-19T07:05:00+02:00,0.66322,0.66330,0.66317,0.66317,34
SQ:AUDUSD,2023-05-19T07:06:00+02:00,0.66317,0.66327,0.66313,0.66323,46
SQ:AUDUSD,2023-05-19T07:07:00+02:00,0.66322,0.66338,0.66319,0.66335,35
SQ:AUDUSD,2023-05-19T07:08:00+02:00,0.66334,0.66339,0.66331,0.66332,30
SQ:AUDUSD,2023-05-19T07:09:00+02:00,0.66332,0.66335,0.66328,0.66330,23
SQ:AUDUSD,2023-05-19T07:10:00+02:00,0.66331,0.66341,0.66331,0.66341,39
SQ:AUDUSD,2023-05-19T07:11:00+02:00,0.66341,0.66347,0.66338,0.66340,43
SQ:AUDUSD,2023-05-19T07:12:00+02:00,0.66341,0.66351,0.66339,0.66351,46
SQ:AUDUSD,2023-05-19T07:13:00+02:00,0.66350,0.66365,0.66350,0.66365,52
SQ:AUDUSD,2023-05-19T07:14:00+02:00,0.66365,0.66365,0.66351,0.66357,61
SQ:AUDUSD,2023-05-19T07:15:00+02:00,0.66356,0.66359,0.66345,0.66349,37
SQ:AUDUSD,2023-05-19T07:16:00+02:00,0.66349,0.66355,0.66346,0.66346,41
SQ:AUDUSD,2023-05-19T07:17:00+02:00,0.66347,0.66350,0.66344,0.66345,30
SQ:AUDUSD,2023-05-19T07:18:00+02:00,0.66345,0.66346,0.66339,0.66340,17
SQ:AUDUSD,2023-05-19T07:19:00+02:00,0.66340,0.66341,0.66321,0.66322,33
SQ:AUDUSD,2023-05-19T07:20:00+02:00,0.66322,0.66334,0.66322,0.66333,39
SQ:AUDUSD,2023-05-19T07:21:00+02:00,0.66333,0.66339,0.66333,0.66337,26
SQ:AUDUSD,2023-05-19T07:22:00+02:00,0.66338,0.66345,0.66335,0.66344,19
SQ:AUDUSD,2023-05-19T07:23:00+02:00,0.66344,0.66352,0.66341,0.66342,30
SQ:AUDUSD,2023-05-19T07:24:00+02:00,0.66342,0.66343,0.66340,0.66341,22
SQ:AUDUSD,2023-05-19T07:25:00+02:00,0.66341,0.66343,0.66340,0.66340,17
SQ:AUDUSD,2023-05-19T07:26:00+02:00,0.66340,0.66341,0.66325,0.66330,28
SQ:AUDUSD,2023-05-19T07:27:00+02:00,0.66330,0.66337,0.66324,0.66331,37
SQ:AUDUSD,2023-05-19T07:28:00+02:00,0.66331,0.66332,0.66328,0.66329,18
SQ:AUDUSD,2023-05-19T07:29:00+02:00,0.66329,0.66338,0.66329,0.66336,30
SQ:AUDUSD,2023-05-19T07:30:00+02:00,0.66336,0.66340,0.66323,0.66328,55
SQ:AUDUSD,2023-05-19T07:31:00+02:00,0.66329,0.66330,0.66308,0.66318,47
SQ:AUDUSD,2023-05-19T07:32:00+02:00,0.66318,0.66330,0.66315,0.66327,41
SQ:AUDUSD,2023-05-19T07:33:00+02:00,0.66327,0.66335,0.66327,0.66334,55
SQ:AUDUSD,2023-05-19T07:34:00+02:00,0.66334,0.66337,0.66330,0.66333,38
SQ:AUDUSD,2023-05-19T07:35:00+02:00,0.66333,0.66344,0.66329,0.66344,51
SQ:AUDUSD,2023-05-19T07:36:00+02:00,0.66345,0.66345,0.66331,0.66332,40
SQ:AUDUSD,2023-05-19T07:37:00+02:00,0.66331,0.66336,0.66321,0.66323,58
SQ:AUDUSD,2023-05-19T07:38:00+02:00,0.66324,0.66324,0.66315,0.66320,38
SQ:AUDUSD,2023-05-19T07:39:00+02:00,0.66319,0.66334,0.66319,0.66332,19
SQ:AUDUSD,2023-05-19T07:40:00+02:00,0.66333,0.66340,0.66331,0.66340,25
SQ:AUDUSD,2023-05-19T07:41:00+02:00,0.66340,0.66340,0.66328,0.66329,25
SQ:AUDUSD,2023-05-19T07:42:00+02:00,0.66329,0.66334,0.66327,0.66330,22
SQ:AUDUSD,2023-05-19T07:43:00+02:00,0.66330,0.66341,0.66329,0.66341,8
SQ:AUDUSD,2023-05-19T07:44:00+02:00,0.66340,0.66354,0.66340,0.66354,33
SQ:AUDUSD,2023-05-19T07:45:00+02:00,0.66354,0.66361,0.66343,0.66360,74
SQ:AUDUSD,2023-05-19T07:46:00+02:00,0.66359,0.66375,0.66358,0.66373,41
SQ:AUDUSD,2023-05-19T07:47:00+02:00,0.66374,0.66391,0.66374,0.66380,40
SQ:AUDUSD,2023-05-19T07:48:00+02:00,0.66380,0.66380,0.66354,0.66360,47
SQ:AUDUSD,2023-05-19T07:49:00+02:00,0.66360,0.66362,0.66348,0.66351,49
SQ:AUDUSD,2023-05-19T07:50:00+02:00,0.66350,0.66351,0.66343,0.66349,47
SQ:AUDUSD,2023-05-19T07:51:00+02:00,0.66349,0.66350,0.66334,0.66334,44
SQ:AUDUSD,2023-05-19T07:52:00+02:00,0.66334,0.66340,0.66330,0.66339,40
SQ:AUDUSD,2023-05-19T07:53:00+02:00,0.66339,0.66342,0.66334,0.66340,53
SQ:AUDUSD,2023-05-19T07:54:00+02:00,0.66343,0.66359,0.66342,0.66345,65
SQ:AUDUSD,2023-05-19T07:55:00+02:00,0.66345,0.66348,0.66333,0.66348,28
SQ:AUDUSD,2023-05-19T07:56:00+02:00,0.66350,0.66352,0.66322,0.66325,49
SQ:AUDUSD,2023-05-19T07:57:00+02:00,0.66325,0.66325,0.66312,0.66318,39
SQ:AUDUSD,2023-05-19T07:58:00+02:00,0.66318,0.66334,0.66318,0.66329,45
SQ:AUDUSD,2023-05-19T07:59:00+02:00,0.66330,0.66339,0.66327,0.66335,48
SQ:AUDUSD,2023-05-19T08:00:00+02:00,0.66335,0.66335,0.66294,0.66309,84
SQ:AUDUSD,2023-05-19T08:01:00+02:00,0.66309,0.66309,0.66298,0.66298,61
SQ:AUDUSD,2023-05-19T08:02:00+02:00,0.66298,0.66301,0.66286,0.66288,58
SQ:AUDUSD,2023-05-19T08:03:00+02:00,0.66288,0.66300,0.66287,0.66294,76
SQ:AUDUSD,2023-05-19T08:04:00+02:00,0.66293,0.66303,0.66293,0.66295,59
SQ:AUDUSD,2023-05-19T08:05:00+02:00,0.66295,0.66329,0.66295,0.66327,69
SQ:AUDUSD,2023-05-19T08:06:00+02:00,0.66327,0.66339,0.66323,0.66335,52
SQ:AUDUSD,2023-05-19T08:07:00+02:00,0.66338,0.66343,0.66327,0.66341,66
SQ:AUDUSD,2023-05-19T08:08:00+02:00,0.66342,0.66365,0.66342,0.66363,103
SQ:AUDUSD,2023-05-19T08:09:00+02:00,0.66366,0.66408,0.66366,0.66403,102
SQ:AUDUSD,2023-05-19T08:10:00+02:00,0.66403,0.66407,0.66371,0.66372,116
SQ:AUDUSD,2023-05-19T08:11:00+02:00,0.66372,0.66391,0.66369,0.66385,114
SQ:AUDUSD,2023-05-19T08:12:00+02:00,0.66385,0.66390,0.66380,0.66387,84
SQ:AUDUSD,2023-05-19T08:13:00+02:00,0.66386,0.66396,0.66384,0.66392,78
SQ:AUDUSD,2023-05-19T08:14:00+02:00,0.66392,0.66411,0.66390,0.66408,82
SQ:AUDUSD,2023-05-19T08:15:00+02:00,0.66408,0.66421,0.66402,0.66421,46
SQ:AUDUSD,2023-05-19T08:16:00+02:00,0.66420,0.66420,0.66400,0.66417,75
SQ:AUDUSD,2023-05-19T08:17:00+02:00,0.66417,0.66422,0.66413,0.66413,64
SQ:AUDUSD,2023-05-19T08:18:00+02:00,0.66413,0.66432,0.66407,0.66421,71
SQ:AUDUSD,2023-05-19T08:19:00+02:00,0.66421,0.66421,0.66407,0.66410,32
SQ:AUDUSD,2023-05-19T08:20:00+02:00,0.66409,0.66433,0.66409,0.66433,83
SQ:AUDUSD,2023-05-19T08:21:00+02:00,0.66432,0.66448,0.66429,0.66438,60
SQ:AUDUSD,2023-05-19T08:22:00+02:00,0.66438,0.66462,0.66438,0.66461,64
SQ:AUDUSD,2023-05-19T08:23:00+02:00,0.66460,0.66505,0.66460,0.66496,108
SQ:AUDUSD,2023-05-19T08:24:00+02:00,0.66497,0.66509,0.66485,0.66491,139
SQ:AUDUSD,2023-05-19T08:25:00+02:00,0.66491,0.66507,0.66477,0.66507,106
SQ:AUDUSD,2023-05-19T08:26:00+02:00,0.66509,0.66523,0.66502,0.66513,99
SQ:AUDUSD,2023-05-19T08:27:00+02:00,0.66514,0.66515,0.66493,0.66500,81
SQ:AUDUSD,2023-05-19T08:28:00+02:00,0.66500,0.66515,0.66487,0.66487,72
SQ:AUDUSD,2023-05-19T08:29:00+02:00,0.66487,0.66518,0.66484,0.66514,84
SQ:AUDUSD,2023-05-19T08:30:00+02:00,0.66514,0.66519,0.66490,0.66490,53
SQ:AUDUSD,2023-05-19T08:31:00+02:00,0.66491,0.66491,0.66469,0.66480,67
SQ:AUDUSD,2023-05-19T08:32:00+02:00,0.66480,0.66484,0.66466,0.66468,81
SQ:AUDUSD,2023-05-19T08:33:00+02:00,0.66469,0.66470,0.66451,0.66452,56
SQ:AUDUSD,2023-05-19T08:34:00+02:00,0.66453,0.66457,0.66435,0.66438,53
SQ:AUDUSD,2023-05-19T08:35:00+02:00,0.66439,0.66443,0.66431,0.66433,81
SQ:AUDUSD,2023-05-19T08:36:00+02:00,0.66433,0.66446,0.66432,0.66445,39
SQ:AUDUSD,2023-05-19T08:37:00+02:00,0.66442,0.66452,0.66440,0.66440,47
SQ:AUDUSD,2023-05-19T08:38:00+02:00,0.66440,0.66445,0.66430,0.66430,44
SQ:AUDUSD,2023-05-19T08:39:00+02:00,0.66430,0.66440,0.66430,0.66437,58
SQ:AUDUSD,2023-05-19T08:40:00+02:00,0.66437,0.66439,0.66431,0.66432,50
SQ:AUDUSD,2023-05-19T08:41:00+02:00,0.66433,0.66446,0.66429,0.66444,65
SQ:AUDUSD,2023-05-19T08:42:00+02:00,0.66445,0.66446,0.66432,0.66436,49
SQ:AUDUSD,2023-05-19T08:43:00+02:00,0.66437,0.66440,0.66428,0.66437,60
SQ:AUDUSD,2023-05-19T08:44:00+02:00,0.66437,0.66444,0.66437,0.66440,50
SQ:AUDUSD,2023-05-19T08:45:00+02:00,0.66440,0.66446,0.66428,0.66445,54
SQ:AUDUSD,2023-05-19T08:46:00+02:00,0.66445,0.66445,0.66426,0.66431,41
SQ:AUDUSD,2023-05-19T08:47:00+02:00,0.66431,0.66437,0.66430,0.66435,16
SQ:AUDUSD,2023-05-19T08:48:00+02:00,0.66435,0.66437,0.66430,0.66433,22
SQ:AUDUSD,2023-05-19T08:49:00+02:00,0.66433,0.66441,0.66429,0.66436,45
SQ:AUDUSD,2023-05-19T08:50:00+02:00,0.66436,0.66437,0.66429,0.66436,30
SQ:AUDUSD,2023-05-19T08:51:00+02:00,0.66436,0.66438,0.66430,0.66431,38
SQ:AUDUSD,2023-05-19T08:52:00+02:00,0.66431,0.66440,0.66428,0.66440,36
SQ:AUDUSD,2023-05-19T08:53:00+02:00,0.66440,0.66440,0.66427,0.66436,33
SQ:AUDUSD,2023-05-19T08:54:00+02:00,0.66435,0.66438,0.66430,0.66434,23
SQ:AUDUSD,2023-05-19T08:55:00+02:00,0.66434,0.66439,0.66429,0.66432,43
SQ:AUDUSD,2023-05-19T08:56:00+02:00,0.66432,0.66433,0.66427,0.66428,65
SQ:AUDUSD,2023-05-19T08:57:00+02:00,0.66428,0.66439,0.66428,0.66438,36
SQ:AUDUSD,2023-05-19T08:58:00+02:00,0.66437,0.66447,0.66436,0.66439,48
SQ:AUDUSD,2023-05-19T08:59:00+02:00,0.66439,0.66441,0.66429,0.66441,37
SQ:AUDUSD,2023-05-19T09:00:00+02:00,0.66441,0.66460,0.66434,0.66449,121
SQ:AUDUSD,2023-05-19T09:01:00+02:00,0.66449,0.66462,0.66441,0.66445,79
SQ:AUDUSD,2023-05-19T09:02:00+02:00,0.66444,0.66467,0.66444,0.66467,77
SQ:AUDUSD,2023-05-19T09:03:00+02:00,0.66468,0.66484,0.66467,0.66482,82
SQ:AUDUSD,2023-05-19T09:04:00+02:00,0.66481,0.66490,0.66472,0.66486,59
SQ:AUDUSD,2023-05-19T09:05:00+02:00,0.66485,0.66490,0.66478,0.66486,65
SQ:AUDUSD,2023-05-19T09:06:00+02:00,0.66486,0.66499,0.66481,0.66499,94
SQ:AUDUSD,2023-05-19T09:07:00+02:00,0.66499,0.66507,0.66499,0.66506,70
SQ:AUDUSD,2023-05-19T09:08:00+02:00,0.66506,0.66511,0.66491,0.66500,76
SQ:AUDUSD,2023-05-19T09:09:00+02:00,0.66497,0.66501,0.66485,0.66486,62
SQ:AUDUSD,2023-05-19T09:10:00+02:00,0.66486,0.66490,0.66467,0.66467,34
SQ:AUDUSD,2023-05-19T09:11:00+02:00,0.66467,0.66470,0.66453,0.66468,50
SQ:AUDUSD,2023-05-19T09:12:00+02:00,0.66469,0.66491,0.66469,0.66483,70
SQ:AUDUSD,2023-05-19T09:13:00+02:00,0.66483,0.66486,0.66464,0.66474,62
SQ:AUDUSD,2023-05-19T09:14:00+02:00,0.66474,0.66474,0.66461,0.66467,49
SQ:AUDUSD,2023-05-19T09:15:00+02:00,0.66467,0.66471,0.66459,0.66465,52
SQ:AUDUSD,2023-05-19T09:16:00+02:00,0.66466,0.66475,0.66461,0.66475,51
SQ:AUDUSD,2023-05-19T09:17:00+02:00,0.66475,0.66486,0.66470,0.66486,58
SQ:AUDUSD,2023-05-19T09:18:00+02:00,0.66486,0.66487,0.66473,0.66475,33
SQ:AUDUSD,2023-05-19T09:19:00+02:00,0.66475,0.66476,0.66459,0.66470,45
SQ:AUDUSD,2023-05-19T09:20:00+02:00,0.66470,0.66470,0.66451,0.66461,46
SQ:AUDUSD,2023-05-19T09:21:00+02:00,0.66463,0.66467,0.66452,0.66452,40
SQ:AUDUSD,2023-05-19T09:22:00+02:00,0.66452,0.66459,0.66450,0.66450,35
SQ:AUDUSD,2023-05-19T09:23:00+02:00,0.66450,0.66462,0.66447,0.66459,39
SQ:AUDUSD,2023-05-19T09:24:00+02:00,0.66459,0.66461,0.66445,0.66458,49
SQ:AUDUSD,2023-05-19T09:25:00+02:00,0.66458,0.66479,0.66458,0.66479,60
SQ:AUDUSD,2023-05-19T09:26:00+02:00,0.66479,0.66482,0.66454,0.66456,47
SQ:AUDUSD,2023-05-19T09:27:00+02:00,0.66455,0.66478,0.66449,0.66475,80
SQ:AUDUSD,2023-05-19T09:28:00+02:00,0.66475,0.66481,0.66474,0.66475,27
SQ:AUDUSD,2023-05-19T09:29:00+02:00,0.66475,0.66476,0.66467,0.66471,38
SQ:AUDUSD,2023-05-19T09:30:00+02:00,0.66472,0.66476,0.66469,0.66474,33
SQ:AUDUSD,2023-05-19T09:31:00+02:00,0.66474,0.66475,0.66462,0.66464,35
SQ:AUDUSD,2023-05-19T09:32:00+02:00,0.66464,0.66476,0.66460,0.66462,56
SQ:AUDUSD,2023-05-19T09:33:00+02:00,0.66462,0.66463,0.66454,0.66459,20
SQ:AUDUSD,2023-05-19T09:34:00+02:00,0.66459,0.66467,0.66455,0.66466,28
SQ:AUDUSD,2023-05-19T09:35:00+02:00,0.66467,0.66477,0.66462,0.66476,62
SQ:AUDUSD,2023-05-19T09:36:00+02:00,0.66476,0.66480,0.66467,0.66477,79
SQ:AUDUSD,2023-05-19T09:37:00+02:00,0.66477,0.66495,0.66475,0.66494,81
SQ:AUDUSD,2023-05-19T09:38:00+02:00,0.66494,0.66516,0.66490,0.66499,109
SQ:AUDUSD,2023-05-19T09:39:00+02:00,0.66499,0.66502,0.66491,0.66498,64
SQ:AUDUSD,2023-05-19T09:40:00+02:00,0.66497,0.66500,0.66478,0.66482,70
SQ:AUDUSD,2023-05-19T09:41:00+02:00,0.66482,0.66482,0.66459,0.66464,87
SQ:AUDUSD,2023-05-19T09:42:00+02:00,0.66465,0.66465,0.66450,0.66451,64
SQ:AUDUSD,2023-05-19T09:43:00+02:00,0.66452,0.66464,0.66438,0.66462,76
SQ:AUDUSD,2023-05-19T09:44:00+02:00,0.66461,0.66466,0.66461,0.66464,47
SQ:AUDUSD,2023-05-19T09:45:00+02:00,0.66464,0.66477,0.66457,0.66475,54
SQ:AUDUSD,2023-05-19T09:46:00+02:00,0.66476,0.66486,0.66475,0.66481,47
SQ:AUDUSD,2023-05-19T09:47:00+02:00,0.66481,0.66516,0.66481,0.66501,86
SQ:AUDUSD,2023-05-19T09:48:00+02:00,0.66501,0.66501,0.66478,0.66479,75
SQ:AUDUSD,2023-05-19T09:49:00+02:00,0.66480,0.66484,0.66473,0.66474,56
SQ:AUDUSD,2023-05-19T09:50:00+02:00,0.66474,0.66477,0.66466,0.66476,58
SQ:AUDUSD,2023-05-19T09:51:00+02:00,0.66477,0.66491,0.66475,0.66490,48
SQ:AUDUSD,2023-05-19T09:52:00+02:00,0.66491,0.66496,0.66491,0.66496,33
SQ:AUDUSD,2023-05-19T09:53:00+02:00,0.66497,0.66505,0.66487,0.66502,51
SQ:AUDUSD,2023-05-19T09:54:00+02:00,0.66503,0.66516,0.66503,0.66509,37
SQ:AUDUSD,2023-05-19T09:55:00+02:00,0.66509,0.66511,0.66484,0.66484,50
SQ:AUDUSD,2023-05-19T09:56:00+02:00,0.66484,0.66494,0.66482,0.66494,36
SQ:AUDUSD,2023-05-19T09:57:00+02:00,0.66494,0.66507,0.66494,0.66501,53
SQ:AUDUSD,2023-05-19T09:58:00+02:00,0.66501,0.66504,0.66494,0.66497,41
SQ:AUDUSD,2023-05-19T09:59:00+02:00,0.66496,0.66500,0.66485,0.66487,42
SQ:AUDUSD,2023-05-19T10:00:00+02:00,0.66487,0.66488,0.66465,0.66467,73
SQ:AUDUSD,2023-05-19T10:01:00+02:00,0.66468,0.66474,0.66465,0.66473,64
SQ:AUDUSD,2023-05-19T10:02:00+02:00,0.66473,0.66473,0.66456,0.66456,56
SQ:AUDUSD,2023-05-19T10:03:00+02:00,0.66456,0.66467,0.66449,0.66453,78
SQ:AUDUSD,2023-05-19T10:04:00+02:00,0.66454,0.66473,0.66454,0.66464,61
SQ:AUDUSD,2023-05-19T10:05:00+02:00,0.66461,0.66477,0.66459,0.66467,64
SQ:AUDUSD,2023-05-19T10:06:00+02:00,0.66466,0.66471,0.66462,0.66462,31
SQ:AUDUSD,2023-05-19T10:07:00+02:00,0.66462,0.66462,0.66427,0.66427,50
SQ:AUDUSD,2023-05-19T10:08:00+02:00,0.66427,0.66441,0.66422,0.66441,52
SQ:AUDUSD,2023-05-19T10:09:00+02:00,0.66440,0.66443,0.66429,0.66435,59
SQ:AUDUSD,2023-05-19T10:10:00+02:00,0.66435,0.66437,0.66429,0.66434,43
SQ:AUDUSD,2023-05-19T10:11:00+02:00,0.66434,0.66437,0.66413,0.66425,75
SQ:AUDUSD,2023-05-19T10:12:00+02:00,0.66425,0.66456,0.66421,0.66456,81
SQ:AUDUSD,2023-05-19T10:13:00+02:00,0.66457,0.66470,0.66451,0.66459,69
SQ:AUDUSD,2023-05-19T10:14:00+02:00,0.66459,0.66468,0.66456,0.66468,59
SQ:AUDUSD,2023-05-19T10:15:00+02:00,0.66468,0.66472,0.66461,0.66469,56
SQ:AUDUSD,2023-05-19T10:16:00+02:00,0.66469,0.66469,0.66450,0.66454,67
SQ:AUDUSD,2023-05-19T10:17:00+02:00,0.66455,0.66473,0.66454,0.66471,54
SQ:AUDUSD,2023-05-19T10:18:00+02:00,0.66470,0.66476,0.66470,0.66473,32
SQ:AUDUSD,2023-05-19T10:19:00+02:00,0.66474,0.66487,0.66472,0.66473,48
SQ:AUDUSD,2023-05-19T10:20:00+02:00,0.66473,0.66476,0.66460,0.66460,41
SQ:AUDUSD,2023-05-19T10:21:00+02:00,0.66460,0.66475,0.66459,0.66472,41
SQ:AUDUSD,2023-05-19T10:22:00+02:00,0.66472,0.66472,0.66460,0.66466,60
SQ:AUDUSD,2023-05-19T10:23:00+02:00,0.66466,0.66473,0.66463,0.66466,35
SQ:AUDUSD,2023-05-19T10:24:00+02:00,0.66467,0.66482,0.66467,0.66477,46
SQ:AUDUSD,2023-05-19T10:25:00+02:00,0.66476,0.66482,0.66470,0.66480,30
SQ:AUDUSD,2023-05-19T10:26:00+02:00,0.66481,0.66501,0.66480,0.66501,45
SQ:AUDUSD,2023-05-19T10:27:00+02:00,0.66500,0.66505,0.66499,0.66505,30
SQ:AUDUSD,2023-05-19T10:28:00+02:00,0.66506,0.66515,0.66500,0.66507,58
SQ:AUDUSD,2023-05-19T10:29:00+02:00,0.66506,0.66507,0.66486,0.66492,55
SQ:AUDUSD,2023-05-19T10:30:00+02:00,0.66490,0.66503,0.66490,0.66503,41
SQ:AUDUSD,2023-05-19T10:31:00+02:00,0.66503,0.66528,0.66503,0.66526,70
SQ:AUDUSD,2023-05-19T10:32:00+02:00,0.66528,0.66532,0.66524,0.66525,30
SQ:AUDUSD,2023-05-19T10:33:00+02:00,0.66524,0.66525,0.66518,0.66521,29
SQ:AUDUSD,2023-05-19T10:34:00+02:00,0.66522,0.66538,0.66521,0.66534,60
SQ:AUDUSD,2023-05-19T10:35:00+02:00,0.66534,0.66538,0.66529,0.66529,20
SQ:AUDUSD,2023-05-19T10:36:00+02:00,0.66529,0.66530,0.66503,0.66512,69
SQ:AUDUSD,2023-05-19T10:37:00+02:00,0.66513,0.66530,0.66513,0.66525,60
SQ:AUDUSD,2023-05-19T10:38:00+02:00,0.66525,0.66540,0.66524,0.66540,45
SQ:AUDUSD,2023-05-19T10:39:00+02:00,0.66540,0.66553,0.66536,0.66537,62
SQ:AUDUSD,2023-05-19T10:40:00+02:00,0.66536,0.66544,0.66530,0.66536,49
SQ:AUDUSD,2023-05-19T10:41:00+02:00,0.66536,0.66536,0.66525,0.66526,51
SQ:AUDUSD,2023-05-19T10:42:00+02:00,0.66526,0.66536,0.66518,0.66519,68
SQ:AUDUSD,2023-05-19T10:43:00+02:00,0.66520,0.66521,0.66510,0.66515,48
SQ:AUDUSD,2023-05-19T10:44:00+02:00,0.66515,0.66522,0.66511,0.66518,45
SQ:AUDUSD,2023-05-19T10:45:00+02:00,0.66518,0.66523,0.66513,0.66521,37
SQ:AUDUSD,2023-05-19T10:46:00+02:00,0.66520,0.66527,0.66520,0.66522,33
SQ:AUDUSD,2023-05-19T10:47:00+02:00,0.66523,0.66526,0.66512,0.66515,35
SQ:AUDUSD,2023-05-19T10:48:00+02:00,0.66515,0.66524,0.66514,0.66520,20
SQ:AUDUSD,2023-05-19T10:49:00+02:00,0.66520,0.66522,0.66512,0.66515,34
SQ:AUDUSD,2023-05-19T10:50:00+02:00,0.66515,0.66515,0.66510,0.66510,17
SQ:AUDUSD,2023-05-19T10:51:00+02:00,0.66510,0.66510,0.66499,0.66499,33
SQ:AUDUSD,2023-05-19T10:52:00+02:00,0.66499,0.66504,0.66495,0.66497,48
SQ:AUDUSD,2023-05-19T10:53:00+02:00,0.66499,0.66508,0.66498,0.66505,52
SQ:AUDUSD,2023-05-19T10:54:00+02:00,0.66505,0.66512,0.66494,0.66494,51
SQ:AUDUSD,2023-05-19T10:55:00+02:00,0.66495,0.66513,0.66495,0.66509,48
SQ:AUDUSD,2023-05-19T10:56:00+02:00,0.66509,0.66513,0.66499,0.66499,28
SQ:AUDUSD,2023-05-19T10:57:00+02:00,0.66500,0.66511,0.66500,0.66510,31
SQ:AUDUSD,2023-05-19T10:58:00+02:00,0.66511,0.66518,0.66500,0.66500,55
SQ:AUDUSD,2023-05-19T10:59:00+02:00,0.66501,0.66510,0.66495,0.66495,36
SQ:AUDUSD,2023-05-19T11:00:00+02:00,0.66496,0.66525,0.66496,0.66517,58
SQ:AUDUSD,2023-05-19T11:01:00+02:00,0.66517,0.66525,0.66510,0.66525,65
SQ:AUDUSD,2023-05-19T11:02:00+02:00,0.66524,0.66546,0.66524,0.66544,69
SQ:AUDUSD,2023-05-19T11:03:00+02:00,0.66544,0.66544,0.66534,0.66537,35
SQ:AUDUSD,2023-05-19T11:04:00+02:00,0.66537,0.66545,0.66531,0.66535,54
SQ:AUDUSD,2023-05-19T11:05:00+02:00,0.66536,0.66541,0.66534,0.66536,31
SQ:AUDUSD,2023-05-19T11:06:00+02:00,0.66536,0.66536,0.66516,0.66519,23
SQ:AUDUSD,2023-05-19T11:07:00+02:00,0.66519,0.66536,0.66518,0.66532,42
SQ:AUDUSD,2023-05-19T11:08:00+02:00,0.66533,0.66534,0.66518,0.66519,32
SQ:AUDUSD,2023-05-19T11:09:00+02:00,0.66519,0.66526,0.66519,0.66523,24
SQ:AUDUSD,2023-05-19T11:10:00+02:00,0.66525,0.66530,0.66521,0.66524,50
SQ:AUDUSD,2023-05-19T11:11:00+02:00,0.66525,0.66527,0.66520,0.66525,36
SQ:AUDUSD,2023-05-19T11:12:00+02:00,0.66525,0.66528,0.66515,0.66520,36
SQ:AUDUSD,2023-05-19T11:13:00+02:00,0.66520,0.66520,0.66502,0.66504,38
SQ:AUDUSD,2023-05-19T11:14:00+02:00,0.66504,0.66507,0.66500,0.66504,25
SQ:AUDUSD,2023-05-19T11:15:00+02:00,0.66504,0.66507,0.66500,0.66500,29
SQ:AUDUSD,2023-05-19T11:16:00+02:00,0.66498,0.66517,0.66493,0.66515,72
SQ:AUDUSD,2023-05-19T11:17:00+02:00,0.66515,0.66524,0.66514,0.66515,43
SQ:AUDUSD,2023-05-19T11:18:00+02:00,0.66516,0.66525,0.66512,0.66519,47
SQ:AUDUSD,2023-05-19T11:19:00+02:00,0.66519,0.66521,0.66510,0.66511,34
SQ:AUDUSD,2023-05-19T11:20:00+02:00,0.66510,0.66512,0.66507,0.66509,26
SQ:AUDUSD,2023-05-19T11:21:00+02:00,0.66507,0.66507,0.66500,0.66500,9
SQ:AUDUSD,2023-05-19T11:22:00+02:00,0.66500,0.66500,0.66489,0.66499,28
SQ:AUDUSD,2023-05-19T11:23:00+02:00,0.66499,0.66500,0.66489,0.66494,21
SQ:AUDUSD,2023-05-19T11:24:00+02:00,0.66492,0.66496,0.66488,0.66490,25
SQ:AUDUSD,2023-05-19T11:25:00+02:00,0.66490,0.66490,0.66481,0.66485,22
SQ:AUDUSD,2023-05-19T11:26:00+02:00,0.66485,0.66499,0.66485,0.66490,61
SQ:AUDUSD,2023-05-19T11:27:00+02:00,0.66491,0.66500,0.66491,0.66500,41
SQ:AUDUSD,2023-05-19T11:28:00+02:00,0.66500,0.66503,0.66499,0.66499,27
SQ:AUDUSD,2023-05-19T11:29:00+02:00,0.66499,0.66500,0.66495,0.66496,15
SQ:AUDUSD,2023-05-19T11:30:00+02:00,0.66496,0.66497,0.66488,0.66488,32
SQ:AUDUSD,2023-05-19T11:31:00+02:00,0.66489,0.66495,0.66479,0.66490,48
SQ:AUDUSD,2023-05-19T11:32:00+02:00,0.66490,0.66501,0.66489,0.66495,67
SQ:AUDUSD,2023-05-19T11:33:00+02:00,0.66495,0.66510,0.66489,0.66504,65
SQ:AUDUSD,2023-05-19T11:34:00+02:00,0.66505,0.66536,0.66504,0.66530,78
SQ:AUDUSD,2023-05-19T11:35:00+02:00,0.66531,0.66532,0.66517,0.66530,73
SQ:AUDUSD,2023-05-19T11:36:00+02:00,0.66531,0.66575,0.66531,0.66575,138
SQ:AUDUSD,2023-05-19T11:37:00+02:00,0.66575,0.66621,0.66575,0.66614,209
SQ:AUDUSD,2023-05-19T11:38:00+02:00,0.66614,0.66624,0.66574,0.66584,144
SQ:AUDUSD,2023-05-19T11:39:00+02:00,0.66584,0.66592,0.66576,0.66585,110
SQ:AUDUSD,2023-05-19T11:40:00+02:00,0.66584,0.66589,0.66576,0.66576,93
SQ:AUDUSD,2023-05-19T11:41:00+02:00,0.66574,0.66577,0.66561,0.66565,59
SQ:AUDUSD,2023-05-19T11:42:00+02:00,0.66565,0.66566,0.66556,0.66560,68
SQ:AUDUSD,2023-05-19T11:43:00+02:00,0.66560,0.66582,0.66559,0.66570,73
SQ:AUDUSD,2023-05-19T11:44:00+02:00,0.66573,0.66583,0.66566,0.66567,75
SQ:AUDUSD,2023-05-19T11:45:00+02:00,0.66567,0.66571,0.66560,0.66569,99
SQ:AUDUSD,2023-05-19T11:46:00+02:00,0.66569,0.66579,0.66564,0.66564,94
SQ:AUDUSD,2023-05-19T11:47:00+02:00,0.66564,0.66572,0.66559,0.66561,57
SQ:AUDUSD,2023-05-19T11:48:00+02:00,0.66561,0.66567,0.66557,0.66560,34
SQ:AUDUSD,2023-05-19T11:49:00+02:00,0.66560,0.66573,0.66557,0.66573,40
SQ:AUDUSD,2023-05-19T11:50:00+02:00,0.66572,0.66604,0.66570,0.66602,56
SQ:AUDUSD,2023-05-19T11:51:00+02:00,0.66602,0.66609,0.66595,0.66599,70
SQ:AUDUSD,2023-05-19T11:52:00+02:00,0.66599,0.66599,0.66579,0.66579,44
SQ:AUDUSD,2023-05-19T11:53:00+02:00,0.66577,0.66577,0.66565,0.66566,28
SQ:AUDUSD,2023-05-19T11:54:00+02:00,0.66566,0.66581,0.66565,0.66579,38
SQ:AUDUSD,2023-05-19T11:55:00+02:00,0.66579,0.66581,0.66560,0.66563,40
SQ:AUDUSD,2023-05-19T11:56:00+02:00,0.66563,0.66567,0.66561,0.66566,31
SQ:AUDUSD,2023-05-19T11:57:00+02:00,0.66566,0.66568,0.66560,0.66560,38
SQ:AUDUSD,2023-05-19T11:58:00+02:00,0.66560,0.66582,0.66560,0.66571,53
SQ:AUDUSD,2023-05-19T11:59:00+02:00,0.66571,0.66571,0.66552,0.66567,55
SQ:AUDUSD,2023-05-19T12:00:00+02:00,0.66566,0.66568,0.66554,0.66556,72
SQ:AUDUSD,2023-05-19T12:01:00+02:00,0.66556,0.66565,0.66545,0.66545,58
SQ:AUDUSD,2023-05-19T12:02:00+02:00,0.66546,0.66549,0.66538,0.66540,44
SQ:AUDUSD,2023-05-19T12:03:00+02:00,0.66540,0.66555,0.66538,0.66549,32
SQ:AUDUSD,2023-05-19T12:04:00+02:00,0.66547,0.66550,0.66534,0.66535,27
SQ:AUDUSD,2023-05-19T12:05:00+02:00,0.66534,0.66534,0.66520,0.66520,33
SQ:AUDUSD,2023-05-19T12:06:00+02:00,0.66521,0.66526,0.66509,0.66510,31
SQ:AUDUSD,2023-05-19T12:07:00+02:00,0.66508,0.66512,0.66505,0.66509,34
SQ:AUDUSD,2023-05-19T12:08:00+02:00,0.66509,0.66511,0.66487,0.66488,41
SQ:AUDUSD,2023-05-19T12:09:00+02:00,0.66487,0.66528,0.66486,0.66514,62
SQ:AUDUSD,2023-05-19T12:10:00+02:00,0.66515,0.66524,0.66515,0.66523,42
SQ:AUDUSD,2023-05-19T12:11:00+02:00,0.66523,0.66530,0.66515,0.66529,49
SQ:AUDUSD,2023-05-19T12:12:00+02:00,0.66529,0.66531,0.66521,0.66524,56
SQ:AUDUSD,2023-05-19T12:13:00+02:00,0.66524,0.66534,0.66520,0.66526,53
SQ:AUDUSD,2023-05-19T12:14:00+02:00,0.66526,0.66526,0.66518,0.66525,30
SQ:AUDUSD,2023-05-19T12:15:00+02:00,0.66524,0.66527,0.66513,0.66517,57
SQ:AUDUSD,2023-05-19T12:16:00+02:00,0.66517,0.66521,0.66500,0.66514,50
SQ:AUDUSD,2023-05-19T12:17:00+02:00,0.66514,0.66515,0.66488,0.66488,66
SQ:AUDUSD,2023-05-19T12:18:00+02:00,0.66488,0.66493,0.66482,0.66482,56
SQ:AUDUSD,2023-05-19T12:19:00+02:00,0.66482,0.66488,0.66472,0.66479,75
SQ:AUDUSD,2023-05-19T12:20:00+02:00,0.66479,0.66489,0.66476,0.66479,73
SQ:AUDUSD,2023-05-19T12:21:00+02:00,0.66479,0.66488,0.66478,0.66487,48
SQ:AUDUSD,2023-05-19T12:22:00+02:00,0.66487,0.66511,0.66487,0.66504,68
SQ:AUDUSD,2023-05-19T12:23:00+02:00,0.66504,0.66505,0.66482,0.66490,46
SQ:AUDUSD,2023-05-19T12:24:00+02:00,0.66490,0.66495,0.66479,0.66489,44
SQ:AUDUSD,2023-05-19T12:25:00+02:00,0.66489,0.66504,0.66488,0.66488,60
SQ:AUDUSD,2023-05-19T12:26:00+02:00,0.66489,0.66505,0.66488,0.66490,62
SQ:AUDUSD,2023-05-19T12:27:00+02:00,0.66490,0.66499,0.66486,0.66495,37
SQ:AUDUSD,2023-05-19T12:28:00+02:00,0.66495,0.66502,0.66489,0.66491,39
SQ:AUDUSD,2023-05-19T12:29:00+02:00,0.66491,0.66499,0.66486,0.66490,52
SQ:AUDUSD,2023-05-19T12:30:00+02:00,0.66490,0.66495,0.66488,0.66491,38
SQ:AUDUSD,2023-05-19T12:31:00+02:00,0.66490,0.66490,0.66480,0.66487,42
SQ:AUDUSD,2023-05-19T12:32:00+02:00,0.66488,0.66489,0.66469,0.66469,41
SQ:AUDUSD,2023-05-19T12:33:00+02:00,0.66470,0.66480,0.66470,0.66474,46
SQ:AUDUSD,2023-05-19T12:34:00+02:00,0.66474,0.66475,0.66462,0.66462,34
SQ:AUDUSD,2023-05-19T12:35:00+02:00,0.66463,0.66475,0.66463,0.66463,61
SQ:AUDUSD,2023-05-19T12:36:00+02:00,0.66463,0.66470,0.66463,0.66464,48
SQ:AUDUSD,2023-05-19T12:37:00+02:00,0.66464,0.66470,0.66463,0.66465,49
SQ:AUDUSD,2023-05-19T12:38:00+02:00,0.66465,0.66471,0.66465,0.66469,20
SQ:AUDUSD,2023-05-19T12:39:00+02:00,0.66470,0.66481,0.66469,0.66481,40
SQ:AUDUSD,2023-05-19T12:40:00+02:00,0.66480,0.66501,0.66479,0.66495,57
SQ:AUDUSD,2023-05-19T12:41:00+02:00,0.66496,0.66500,0.66485,0.66490,35
SQ:AUDUSD,2023-05-19T12:42:00+02:00,0.66490,0.66490,0.66474,0.66476,24
SQ:AUDUSD,2023-05-19T12:43:00+02:00,0.66475,0.66490,0.66475,0.66485,42
SQ:AUDUSD,2023-05-19T12:44:00+02:00,0.66485,0.66489,0.66480,0.66485,32
SQ:AUDUSD,2023-05-19T12:45:00+02:00,0.66485,0.66496,0.66484,0.66495,21
SQ:AUDUSD,2023-05-19T12:46:00+02:00,0.66496,0.66507,0.66495,0.66505,48
SQ:AUDUSD,2023-05-19T12:47:00+02:00,0.66505,0.66511,0.66503,0.66511,42
SQ:AUDUSD,2023-05-19T12:48:00+02:00,0.66510,0.66516,0.66507,0.66513,45
SQ:AUDUSD,2023-05-19T12:49:00+02:00,0.66514,0.66517,0.66510,0.66513,31
SQ:AUDUSD,2023-05-19T12:50:00+02:00,0.66513,0.66529,0.66511,0.66528,45
SQ:AUDUSD,2023-05-19T12:51:00+02:00,0.66528,0.66530,0.66519,0.66520,28
SQ:AUDUSD,2023-05-19T12:52:00+02:00,0.66520,0.66525,0.66502,0.66503,93
SQ:AUDUSD,2023-05-19T12:53:00+02:00,0.66503,0.66505,0.66497,0.66500,71
SQ:AUDUSD,2023-05-19T12:54:00+02:00,0.66500,0.66504,0.66492,0.66496,44
SQ:AUDUSD,2023-05-19T12:55:00+02:00,0.66497,0.66502,0.66496,0.66501,29
SQ:AUDUSD,2023-05-19T12:56:00+02:00,0.66502,0.66503,0.66486,0.66488,41
SQ:AUDUSD,2023-05-19T12:57:00+02:00,0.66489,0.66496,0.66486,0.66495,32
SQ:AUDUSD,2023-05-19T12:58:00+02:00,0.66495,0.66496,0.66486,0.66489,34
SQ:AUDUSD,2023-05-19T12:59:00+02:00,0.66489,0.66500,0.66489,0.66498,41
SQ:AUDUSD,2023-05-19T13:00:00+02:00,0.66498,0.66505,0.66496,0.66502,33
SQ:AUDUSD,2023-05-19T13:01:00+02:00,0.66502,0.66509,0.66497,0.66497,24
SQ:AUDUSD,2023-05-19T13:02:00+02:00,0.66497,0.66514,0.66493,0.66513,67
SQ:AUDUSD,2023-05-19T13:03:00+02:00,0.66513,0.66522,0.66501,0.66503,61
SQ:AUDUSD,2023-05-19T13:04:00+02:00,0.66503,0.66521,0.66503,0.66510,47
SQ:AUDUSD,2023-05-19T13:05:00+02:00,0.66509,0.66528,0.66506,0.66524,56
SQ:AUDUSD,2023-05-19T13:06:00+02:00,0.66524,0.66524,0.66514,0.66516,53
SQ:AUDUSD,2023-05-19T13:07:00+02:00,0.66516,0.66516,0.66482,0.66483,56
SQ:AUDUSD,2023-05-19T13:08:00+02:00,0.66483,0.66495,0.66481,0.66488,38
SQ:AUDUSD,2023-05-19T13:09:00+02:00,0.66489,0.66495,0.66489,0.66491,30
SQ:AUDUSD,2023-05-19T13:10:00+02:00,0.66491,0.66501,0.66490,0.66490,37
SQ:AUDUSD,2023-05-19T13:11:00+02:00,0.66489,0.66492,0.66471,0.66471,57
SQ:AUDUSD,2023-05-19T13:12:00+02:00,0.66471,0.66473,0.66467,0.66470,48
SQ:AUDUSD,2023-05-19T13:13:00+02:00,0.66471,0.66471,0.66463,0.66464,22
SQ:AUDUSD,2023-05-19T13:14:00+02:00,0.66465,0.66476,0.66463,0.66476,33
SQ:AUDUSD,2023-05-19T13:15:00+02:00,0.66477,0.66482,0.66472,0.66474,37
SQ:AUDUSD,2023-05-19T13:16:00+02:00,0.66473,0.66475,0.66464,0.66465,44
SQ:AUDUSD,2023-05-19T13:17:00+02:00,0.66464,0.66468,0.66453,0.66453,41
SQ:AUDUSD,2023-05-19T13:18:00+02:00,0.66453,0.66460,0.66450,0.66456,39
SQ:AUDUSD,2023-05-19T13:19:00+02:00,0.66455,0.66471,0.66455,0.66465,48
SQ:AUDUSD,2023-05-19T13:20:00+02:00,0.66466,0.66469,0.66454,0.66454,57
SQ:AUDUSD,2023-05-19T13:21:00+02:00,0.66455,0.66467,0.66455,0.66467,25
SQ:AUDUSD,2023-05-19T13:22:00+02:00,0.66468,0.66494,0.66464,0.66464,51
SQ:AUDUSD,2023-05-19T13:23:00+02:00,0.66464,0.66484,0.66464,0.66480,44
SQ:AUDUSD,2023-05-19T13:24:00+02:00,0.66481,0.66493,0.66477,0.66477,37
SQ:AUDUSD,2023-05-19T13:25:00+02:00,0.66477,0.66481,0.66459,0.66460,53
SQ:AUDUSD,2023-05-19T13:26:00+02:00,0.66461,0.66466,0.66453,0.66453,43
SQ:AUDUSD,2023-05-19T13:27:00+02:00,0.66453,0.66469,0.66453,0.66465,60
SQ:AUDUSD,2023-05-19T13:28:00+02:00,0.66466,0.66468,0.66454,0.66456,29
SQ:AUDUSD,2023-05-19T13:29:00+02:00,0.66457,0.66461,0.66457,0.66458,37
SQ:AUDUSD,2023-05-19T13:30:00+02:00,0.66459,0.66470,0.66459,0.66470,57
SQ:AUDUSD,2023-05-19T13:31:00+02:00,0.66470,0.66489,0.66470,0.66484,61
SQ:AUDUSD,2023-05-19T13:32:00+02:00,0.66485,0.66499,0.66480,0.66496,40
SQ:AUDUSD,2023-05-19T13:33:00+02:00,0.66496,0.66505,0.66495,0.66501,51
SQ:AUDUSD,2023-05-19T13:34:00+02:00,0.66501,0.66506,0.66494,0.66494,45
SQ:AUDUSD,2023-05-19T13:35:00+02:00,0.66494,0.66511,0.66494,0.66501,57
SQ:AUDUSD,2023-05-19T13:36:00+02:00,0.66501,0.66507,0.66496,0.66502,55
SQ:AUDUSD,2023-05-19T13:37:00+02:00,0.66503,0.66508,0.66500,0.66502,18
SQ:AUDUSD,2023-05-19T13:38:00+02:00,0.66503,0.66531,0.66503,0.66531,37
SQ:AUDUSD,2023-05-19T13:39:00+02:00,0.66529,0.66544,0.66525,0.66528,74
SQ:AUDUSD,2023-05-19T13:40:00+02:00,0.66527,0.66534,0.66522,0.66525,58
SQ:AUDUSD,2023-05-19T13:41:00+02:00,0.66527,0.66527,0.66519,0.66521,37
SQ:AUDUSD,2023-05-19T13:42:00+02:00,0.66521,0.66543,0.66520,0.66535,70
SQ:AUDUSD,2023-05-19T13:43:00+02:00,0.66537,0.66540,0.66525,0.66525,47
SQ:AUDUSD,2023-05-19T13:44:00+02:00,0.66524,0.66529,0.66518,0.66520,47
SQ:AUDUSD,2023-05-19T13:45:00+02:00,0.66519,0.66530,0.66514,0.66526,44
SQ:AUDUSD,2023-05-19T13:46:00+02:00,0.66527,0.66528,0.66517,0.66517,26
SQ:AUDUSD,2023-05-19T13:47:00+02:00,0.66517,0.66517,0.66494,0.66499,56
SQ:AUDUSD,2023-05-19T13:48:00+02:00,0.66503,0.66506,0.66495,0.66505,47
SQ:AUDUSD,2023-05-19T13:49:00+02:00,0.66504,0.66504,0.66488,0.66501,47
SQ:AUDUSD,2023-05-19T13:50:00+02:00,0.66499,0.66520,0.66497,0.66519,59
SQ:AUDUSD,2023-05-19T13:51:00+02:00,0.66519,0.66520,0.66508,0.66510,28
SQ:AUDUSD,2023-05-19T13:52:00+02:00,0.66510,0.66512,0.66505,0.66509,38
SQ:AUDUSD,2023-05-19T13:53:00+02:00,0.66510,0.66521,0.66510,0.66520,29
SQ:AUDUSD,2023-05-19T13:54:00+02:00,0.66521,0.66532,0.66518,0.66526,49
SQ:AUDUSD,2023-05-19T13:55:00+02:00,0.66527,0.66535,0.66527,0.66534,36
SQ:AUDUSD,2023-05-19T13:56:00+02:00,0.66534,0.66541,0.66531,0.66540,29
SQ:AUDUSD,2023-05-19T13:57:00+02:00,0.66539,0.66549,0.66530,0.66548,53
SQ:AUDUSD,2023-05-19T13:58:00+02:00,0.66549,0.66565,0.66548,0.66562,50
SQ:AUDUSD,2023-05-19T13:59:00+02:00,0.66563,0.66573,0.66562,0.66571,55
SQ:AUDUSD,2023-05-19T14:00:00+02:00,0.66570,0.66576,0.66565,0.66569,44
SQ:AUDUSD,2023-05-19T14:01:00+02:00,0.66570,0.66588,0.66570,0.66588,66
SQ:AUDUSD,2023-05-19T14:02:00+02:00,0.66589,0.66594,0.66569,0.66572,71
SQ:AUDUSD,2023-05-19T14:03:00+02:00,0.66572,0.66572,0.66558,0.66569,52
SQ:AUDUSD,2023-05-19T14:04:00+02:00,0.66570,0.66575,0.66566,0.66573,29
SQ:AUDUSD,2023-05-19T14:05:00+02:00,0.66573,0.66573,0.66560,0.66560,32
SQ:AUDUSD,2023-05-19T14:06:00+02:00,0.66560,0.66581,0.66556,0.66581,50
SQ:AUDUSD,2023-05-19T14:07:00+02:00,0.66580,0.66580,0.66561,0.66564,52
SQ:AUDUSD,2023-05-19T14:08:00+02:00,0.66564,0.66571,0.66560,0.66569,28
SQ:AUDUSD,2023-05-19T14:09:00+02:00,0.66571,0.66580,0.66569,0.66575,50
SQ:AUDUSD,2023-05-19T14:10:00+02:00,0.66575,0.66575,0.66560,0.66560,76
SQ:AUDUSD,2023-05-19T14:11:00+02:00,0.66560,0.66565,0.66551,0.66561,68
SQ:AUDUSD,2023-05-19T14:12:00+02:00,0.66562,0.66578,0.66560,0.66564,67
SQ:AUDUSD,2023-05-19T14:13:00+02:00,0.66564,0.66585,0.66561,0.66585,68
SQ:AUDUSD,2023-05-19T14:14:00+02:00,0.66585,0.66585,0.66578,0.66579,68
SQ:AUDUSD,2023-05-19T14:15:00+02:00,0.66579,0.66583,0.66578,0.66581,19
SQ:AUDUSD,2023-05-19T14:16:00+02:00,0.66581,0.66592,0.66579,0.66589,49
SQ:AUDUSD,2023-05-19T14:17:00+02:00,0.66589,0.66594,0.66585,0.66592,50
SQ:AUDUSD,2023-05-19T14:18:00+02:00,0.66591,0.66616,0.66591,0.66604,65
SQ:AUDUSD,2023-05-19T14:19:00+02:00,0.66604,0.66616,0.66603,0.66610,58
SQ:AUDUSD,2023-05-19T14:20:00+02:00,0.66610,0.66618,0.66608,0.66609,71
SQ:AUDUSD,2023-05-19T14:21:00+02:00,0.66609,0.66630,0.66609,0.66630,49
SQ:AUDUSD,2023-05-19T14:22:00+02:00,0.66631,0.66631,0.66612,0.66617,55
SQ:AUDUSD,2023-05-19T14:23:00+02:00,0.66617,0.66634,0.66617,0.66625,80
SQ:AUDUSD,2023-05-19T14:24:00+02:00,0.66625,0.66634,0.66625,0.66626,43
SQ:AUDUSD,2023-05-19T14:25:00+02:00,0.66626,0.66631,0.66621,0.66628,34
SQ:AUDUSD,2023-05-19T14:26:00+02:00,0.66629,0.66635,0.66627,0.66627,36
SQ:AUDUSD,2023-05-19T14:27:00+02:00,0.66628,0.66633,0.66624,0.66631,40
SQ:AUDUSD,2023-05-19T14:28:00+02:00,0.66631,0.66637,0.66630,0.66630,15
SQ:AUDUSD,2023-05-19T14:29:00+02:00,0.66632,0.66640,0.66629,0.66638,41
SQ:AUDUSD,2023-05-19T14:30:00+02:00,0.66638,0.66648,0.66630,0.66635,43
SQ:AUDUSD,2023-05-19T14:31:00+02:00,0.66636,0.66637,0.66626,0.66627,24
SQ:AUDUSD,2023-05-19T14:32:00+02:00,0.66627,0.66633,0.66626,0.66629,35
SQ:AUDUSD,2023-05-19T14:33:00+02:00,0.66630,0.66663,0.66629,0.66650,86
SQ:AUDUSD,2023-05-19T14:34:00+02:00,0.66650,0.66651,0.66643,0.66648,53
SQ:AUDUSD,2023-05-19T14:35:00+02:00,0.66648,0.66677,0.66648,0.66675,75
SQ:AUDUSD,2023-05-19T14:36:00+02:00,0.66675,0.66693,0.66674,0.66688,66
SQ:AUDUSD,2023-05-19T14:37:00+02:00,0.66687,0.66701,0.66673,0.66673,55
SQ:AUDUSD,2023-05-19T14:38:00+02:00,0.66673,0.66673,0.66647,0.66654,84
SQ:AUDUSD,2023-05-19T14:39:00+02:00,0.66654,0.66654,0.66637,0.66649,83
SQ:AUDUSD,2023-05-19T14:40:00+02:00,0.66649,0.66655,0.66641,0.66644,59
SQ:AUDUSD,2023-05-19T14:41:00+02:00,0.66644,0.66645,0.66634,0.66643,61
SQ:AUDUSD,2023-05-19T14:42:00+02:00,0.66643,0.66643,0.66612,0.66612,66
SQ:AUDUSD,2023-05-19T14:43:00+02:00,0.66614,0.66617,0.66606,0.66612,59
SQ:AUDUSD,2023-05-19T14:44:00+02:00,0.66612,0.66615,0.66606,0.66611,41
SQ:AUDUSD,2023-05-19T14:45:00+02:00,0.66612,0.66625,0.66612,0.66614,61
SQ:AUDUSD,2023-05-19T14:46:00+02:00,0.66614,0.66621,0.66609,0.66609,32
SQ:AUDUSD,2023-05-19T14:47:00+02:00,0.66610,0.66631,0.66608,0.66629,52
SQ:AUDUSD,2023-05-19T14:48:00+02:00,0.66626,0.66626,0.66609,0.66609,40
SQ:AUDUSD,2023-05-19T14:49:00+02:00,0.66609,0.66613,0.66597,0.66606,70
SQ:AUDUSD,2023-05-19T14:50:00+02:00,0.66607,0.66621,0.66604,0.66607,43
SQ:AUDUSD,2023-05-19T14:51:00+02:00,0.66607,0.66618,0.66602,0.66603,57
SQ:AUDUSD,2023-05-19T14:52:00+02:00,0.66603,0.66610,0.66600,0.66605,63
SQ:AUDUSD,2023-05-19T14:53:00+02:00,0.66607,0.66608,0.66584,0.66587,69
SQ:AUDUSD,2023-05-19T14:54:00+02:00,0.66589,0.66596,0.66586,0.66590,28
SQ:AUDUSD,2023-05-19T14:55:00+02:00,0.66590,0.66602,0.66587,0.66588,68
SQ:AUDUSD,2023-05-19T14:56:00+02:00,0.66588,0.66596,0.66582,0.66595,52
SQ:AUDUSD,2023-05-19T14:57:00+02:00,0.66595,0.66604,0.66594,0.66602,91
SQ:AUDUSD,2023-05-19T14:58:00+02:00,0.66602,0.66613,0.66594,0.66594,39
SQ:AUDUSD,2023-05-19T14:59:00+02:00,0.66594,0.66603,0.66588,0.66594,36
SQ:AUDUSD,2023-05-19T15:00:00+02:00,0.66591,0.66593,0.66578,0.66578,47
SQ:AUDUSD,2023-05-19T15:01:00+02:00,0.66578,0.66587,0.66573,0.66582,55
SQ:AUDUSD,2023-05-19T15:02:00+02:00,0.66582,0.66604,0.66578,0.66597,52
SQ:AUDUSD,2023-05-19T15:03:00+02:00,0.66597,0.66619,0.66596,0.66619,72
SQ:AUDUSD,2023-05-19T15:04:00+02:00,0.66619,0.66619,0.66605,0.66605,42
SQ:AUDUSD,2023-05-19T15:05:00+02:00,0.66605,0.66611,0.66596,0.66611,48
SQ:AUDUSD,2023-05-19T15:06:00+02:00,0.66611,0.66618,0.66601,0.66618,62
SQ:AUDUSD,2023-05-19T15:07:00+02:00,0.66619,0.66620,0.66594,0.66594,92
SQ:AUDUSD,2023-05-19T15:08:00+02:00,0.66595,0.66601,0.66584,0.66597,71
SQ:AUDUSD,2023-05-19T15:09:00+02:00,0.66597,0.66602,0.66592,0.66597,38
SQ:AUDUSD,2023-05-19T15:10:00+02:00,0.66597,0.66600,0.66585,0.66587,29
SQ:AUDUSD,2023-05-19T15:11:00+02:00,0.66587,0.66587,0.66563,0.66570,49
SQ:AUDUSD,2023-05-19T15:12:00+02:00,0.66571,0.66573,0.66549,0.66549,48
SQ:AUDUSD,2023-05-19T15:13:00+02:00,0.66549,0.66552,0.66535,0.66538,49
SQ:AUDUSD,2023-05-19T15:14:00+02:00,0.66539,0.66542,0.66524,0.66530,61
SQ:AUDUSD,2023-05-19T15:15:00+02:00,0.66529,0.66531,0.66504,0.66508,48
SQ:AUDUSD,2023-05-19T15:16:00+02:00,0.66508,0.66527,0.66507,0.66520,71
SQ:AUDUSD,2023-05-19T15:17:00+02:00,0.66520,0.66528,0.66516,0.66519,38
SQ:AUDUSD,2023-05-19T15:18:00+02:00,0.66519,0.66535,0.66505,0.66535,76
SQ:AUDUSD,2023-05-19T15:19:00+02:00,0.66534,0.66564,0.66534,0.66564,58
SQ:AUDUSD,2023-05-19T15:20:00+02:00,0.66564,0.66571,0.66560,0.66571,54
SQ:AUDUSD,2023-05-19T15:21:00+02:00,0.66572,0.66572,0.66544,0.66551,57
SQ:AUDUSD,2023-05-19T15:22:00+02:00,0.66551,0.66565,0.66548,0.66564,44
SQ:AUDUSD,2023-05-19T15:23:00+02:00,0.66564,0.66586,0.66564,0.66586,78
SQ:AUDUSD,2023-05-19T15:24:00+02:00,0.66587,0.66602,0.66586,0.66595,83
SQ:AUDUSD,2023-05-19T15:25:00+02:00,0.66596,0.66596,0.66577,0.66584,40
SQ:AUDUSD,2023-05-19T15:26:00+02:00,0.66584,0.66584,0.66574,0.66579,53
SQ:AUDUSD,2023-05-19T15:27:00+02:00,0.66579,0.66579,0.66566,0.66568,42
SQ:AUDUSD,2023-05-19T15:28:00+02:00,0.66568,0.66568,0.66551,0.66551,52
SQ:AUDUSD,2023-05-19T15:29:00+02:00,0.66551,0.66558,0.66545,0.66553,78
SQ:AUDUSD,2023-05-19T15:30:00+02:00,0.66556,0.66558,0.66537,0.66545,119
SQ:AUDUSD,2023-05-19T15:31:00+02:00,0.66544,0.66545,0.66520,0.66536,114
SQ:AUDUSD,2023-05-19T15:32:00+02:00,0.66536,0.66576,0.66536,0.66571,121
SQ:AUDUSD,2023-05-19T15:33:00+02:00,0.66571,0.66572,0.66560,0.66564,81
SQ:AUDUSD,2023-05-19T15:34:00+02:00,0.66565,0.66586,0.66562,0.66584,105
SQ:AUDUSD,2023-05-19T15:35:00+02:00,0.66582,0.66590,0.66573,0.66576,122
SQ:AUDUSD,2023-05-19T15:36:00+02:00,0.66576,0.66580,0.66558,0.66578,84
SQ:AUDUSD,2023-05-19T15:37:00+02:00,0.66578,0.66587,0.66560,0.66567,93
SQ:AUDUSD,2023-05-19T15:38:00+02:00,0.66567,0.66596,0.66566,0.66591,94
SQ:AUDUSD,2023-05-19T15:39:00+02:00,0.66592,0.66597,0.66576,0.66582,99
SQ:AUDUSD,2023-05-19T15:40:00+02:00,0.66581,0.66587,0.66566,0.66579,98
SQ:AUDUSD,2023-05-19T15:41:00+02:00,0.66578,0.66591,0.66573,0.66573,103
SQ:AUDUSD,2023-05-19T15:42:00+02:00,0.66574,0.66596,0.66571,0.66594,94
SQ:AUDUSD,2023-05-19T15:43:00+02:00,0.66594,0.66594,0.66571,0.66575,87
SQ:AUDUSD,2023-05-19T15:44:00+02:00,0.66573,0.66583,0.66571,0.66580,38
SQ:AUDUSD,2023-05-19T15:45:00+02:00,0.66581,0.66608,0.66576,0.66603,107
SQ:AUDUSD,2023-05-19T15:46:00+02:00,0.66603,0.66606,0.66593,0.66593,95
SQ:AUDUSD,2023-05-19T15:47:00+02:00,0.66593,0.66594,0.66571,0.66579,88
SQ:AUDUSD,2023-05-19T15:48:00+02:00,0.66580,0.66587,0.66549,0.66549,88
SQ:AUDUSD,2023-05-19T15:49:00+02:00,0.66549,0.66551,0.66522,0.66522,82
SQ:AUDUSD,2023-05-19T15:50:00+02:00,0.66523,0.66529,0.66512,0.66513,65
SQ:AUDUSD,2023-05-19T15:51:00+02:00,0.66513,0.66536,0.66513,0.66536,92
SQ:AUDUSD,2023-05-19T15:52:00+02:00,0.66537,0.66557,0.66537,0.66550,94
SQ:AUDUSD,2023-05-19T15:53:00+02:00,0.66551,0.66575,0.66551,0.66573,129
SQ:AUDUSD,2023-05-19T15:54:00+02:00,0.66573,0.66593,0.66573,0.66574,99
SQ:AUDUSD,2023-05-19T15:55:00+02:00,0.66574,0.66581,0.66569,0.66572,83
SQ:AUDUSD,2023-05-19T15:56:00+02:00,0.66573,0.66577,0.66558,0.66560,80
SQ:AUDUSD,2023-05-19T15:57:00+02:00,0.66560,0.66563,0.66551,0.66556,47
SQ:AUDUSD,2023-05-19T15:58:00+02:00,0.66555,0.66577,0.66552,0.66570,89
SQ:AUDUSD,2023-05-19T15:59:00+02:00,0.66570,0.66587,0.66565,0.66581,67
SQ:AUDUSD,2023-05-19T16:00:00+02:00,0.66582,0.66584,0.66558,0.66581,92
SQ:AUDUSD,2023-05-19T16:01:00+02:00,0.66580,0.66585,0.66575,0.66581,80
SQ:AUDUSD,2023-05-19T16:02:00+02:00,0.66583,0.66590,0.66561,0.66566,78
SQ:AUDUSD,2023-05-19T16:03:00+02:00,0.66566,0.66567,0.66543,0.66544,78
SQ:AUDUSD,2023-05-19T16:04:00+02:00,0.66544,0.66555,0.66531,0.66535,74
SQ:AUDUSD,2023-05-19T16:05:00+02:00,0.66535,0.66545,0.66529,0.66538,79
SQ:AUDUSD,2023-05-19T16:06:00+02:00,0.66538,0.66538,0.66521,0.66523,59
SQ:AUDUSD,2023-05-19T16:07:00+02:00,0.66525,0.66525,0.66503,0.66514,116
SQ:AUDUSD,2023-05-19T16:08:00+02:00,0.66515,0.66524,0.66508,0.66518,79
SQ:AUDUSD,2023-05-19T16:09:00+02:00,0.66518,0.66518,0.66506,0.66510,49
SQ:AUDUSD,2023-05-19T16:10:00+02:00,0.66510,0.66510,0.66496,0.66505,72
SQ:AUDUSD,2023-05-19T16:11:00+02:00,0.66504,0.66519,0.66504,0.66519,58
SQ:AUDUSD,2023-05-19T16:12:00+02:00,0.66519,0.66539,0.66519,0.66539,49
SQ:AUDUSD,2023-05-19T16:13:00+02:00,0.66539,0.66576,0.66536,0.66576,58
SQ:AUDUSD,2023-05-19T16:14:00+02:00,0.66575,0.66581,0.66565,0.66566,64
SQ:AUDUSD,2023-05-19T16:15:00+02:00,0.66566,0.66572,0.66548,0.66553,53
SQ:AUDUSD,2023-05-19T16:16:00+02:00,0.66554,0.66571,0.66549,0.66554,75
SQ:AUDUSD,2023-05-19T16:17:00+02:00,0.66553,0.66575,0.66550,0.66568,73
SQ:AUDUSD,2023-05-19T16:18:00+02:00,0.66568,0.66581,0.66568,0.66576,45
SQ:AUDUSD,2023-05-19T16:19:00+02:00,0.66576,0.66589,0.66576,0.66583,56
SQ:AUDUSD,2023-05-19T16:20:00+02:00,0.66584,0.66604,0.66584,0.66601,46
SQ:AUDUSD,2023-05-19T16:21:00+02:00,0.66600,0.66600,0.66574,0.66574,55
SQ:AUDUSD,2023-05-19T16:22:00+02:00,0.66574,0.66586,0.66571,0.66585,43
SQ:AUDUSD,2023-05-19T16:23:00+02:00,0.66584,0.66595,0.66579,0.66587,69
SQ:AUDUSD,2023-05-19T16:24:00+02:00,0.66586,0.66586,0.66565,0.66573,47
SQ:AUDUSD,2023-05-19T16:25:00+02:00,0.66573,0.66592,0.66571,0.66578,93
SQ:AUDUSD,2023-05-19T16:26:00+02:00,0.66579,0.66595,0.66573,0.66595,86
SQ:AUDUSD,2023-05-19T16:27:00+02:00,0.66596,0.66602,0.66588,0.66600,82
SQ:AUDUSD,2023-05-19T16:28:00+02:00,0.66599,0.66601,0.66586,0.66592,104
SQ:AUDUSD,2023-05-19T16:29:00+02:00,0.66593,0.66609,0.66592,0.66601,89
SQ:AUDUSD,2023-05-19T16:30:00+02:00,0.66600,0.66605,0.66573,0.66584,64
SQ:AUDUSD,2023-05-19T16:31:00+02:00,0.66584,0.66584,0.66562,0.66563,55
SQ:AUDUSD,2023-05-19T16:32:00+02:00,0.66563,0.66580,0.66563,0.66574,63
SQ:AUDUSD,2023-05-19T16:33:00+02:00,0.66574,0.66588,0.66564,0.66568,68
SQ:AUDUSD,2023-05-19T16:34:00+02:00,0.66568,0.66571,0.66554,0.66557,72
SQ:AUDUSD,2023-05-19T16:35:00+02:00,0.66558,0.66569,0.66553,0.66555,59
SQ:AUDUSD,2023-05-19T16:36:00+02:00,0.66553,0.66553,0.66543,0.66546,54
SQ:AUDUSD,2023-05-19T16:37:00+02:00,0.66545,0.66549,0.66534,0.66540,61
SQ:AUDUSD,2023-05-19T16:38:00+02:00,0.66540,0.66553,0.66533,0.66553,64
SQ:AUDUSD,2023-05-19T16:39:00+02:00,0.66553,0.66568,0.66551,0.66564,57
SQ:AUDUSD,2023-05-19T16:40:00+02:00,0.66564,0.66576,0.66551,0.66574,70
SQ:AUDUSD,2023-05-19T16:41:00+02:00,0.66572,0.66591,0.66565,0.66565,90
SQ:AUDUSD,2023-05-19T16:42:00+02:00,0.66564,0.66572,0.66535,0.66535,65
SQ:AUDUSD,2023-05-19T16:43:00+02:00,0.66535,0.66536,0.66524,0.66533,64
SQ:AUDUSD,2023-05-19T16:44:00+02:00,0.66533,0.66538,0.66520,0.66536,61
SQ:AUDUSD,2023-05-19T16:45:00+02:00,0.66536,0.66540,0.66509,0.66509,55
SQ:AUDUSD,2023-05-19T16:46:00+02:00,0.66509,0.66509,0.66489,0.66494,83
SQ:AUDUSD,2023-05-19T16:47:00+02:00,0.66493,0.66500,0.66486,0.66489,83
SQ:AUDUSD,2023-05-19T16:48:00+02:00,0.66489,0.66513,0.66483,0.66511,109
SQ:AUDUSD,2023-05-19T16:49:00+02:00,0.66511,0.66528,0.66506,0.66521,107
SQ:AUDUSD,2023-05-19T16:50:00+02:00,0.66521,0.66544,0.66521,0.66544,97
SQ:AUDUSD,2023-05-19T16:51:00+02:00,0.66545,0.66555,0.66544,0.66548,71
SQ:AUDUSD,2023-05-19T16:52:00+02:00,0.66546,0.66550,0.66535,0.66547,89
SQ:AUDUSD,2023-05-19T16:53:00+02:00,0.66547,0.66550,0.66534,0.66550,81
SQ:AUDUSD,2023-05-19T16:54:00+02:00,0.66549,0.66549,0.66537,0.66539,85
SQ:AUDUSD,2023-05-19T16:55:00+02:00,0.66540,0.66544,0.66534,0.66534,44
SQ:AUDUSD,2023-05-19T16:56:00+02:00,0.66534,0.66534,0.66524,0.66529,34
SQ:AUDUSD,2023-05-19T16:57:00+02:00,0.66529,0.66553,0.66526,0.66553,96
SQ:AUDUSD,2023-05-19T16:58:00+02:00,0.66553,0.66566,0.66552,0.66557,87
SQ:AUDUSD,2023-05-19T16:59:00+02:00,0.66557,0.66558,0.66542,0.66554,126
SQ:AUDUSD,2023-05-19T17:00:00+02:00,0.66553,0.66555,0.66539,0.66545,119
SQ:AUDUSD,2023-05-19T17:01:00+02:00,0.66545,0.66563,0.66545,0.66562,82
SQ:AUDUSD,2023-05-19T17:02:00+02:00,0.66560,0.66560,0.66543,0.66547,50
SQ:AUDUSD,2023-05-19T17:03:00+02:00,0.66546,0.66546,0.66523,0.66523,43
SQ:AUDUSD,2023-05-19T17:04:00+02:00,0.66523,0.66526,0.66520,0.66521,34
SQ:AUDUSD,2023-05-19T17:05:00+02:00,0.66521,0.66522,0.66502,0.66502,81
SQ:AUDUSD,2023-05-19T17:06:00+02:00,0.66502,0.66530,0.66502,0.66522,127
SQ:AUDUSD,2023-05-19T17:07:00+02:00,0.66522,0.66523,0.66499,0.66502,71
SQ:AUDUSD,2023-05-19T17:08:00+02:00,0.66503,0.66511,0.66483,0.66483,50
SQ:AUDUSD,2023-05-19T17:09:00+02:00,0.66483,0.66485,0.66460,0.66471,56
SQ:AUDUSD,2023-05-19T17:10:00+02:00,0.66470,0.66491,0.66468,0.66478,61
SQ:AUDUSD,2023-05-19T17:11:00+02:00,0.66478,0.66511,0.66476,0.66498,121
SQ:AUDUSD,2023-05-19T17:12:00+02:00,0.66499,0.66507,0.66468,0.66476,142
SQ:AUDUSD,2023-05-19T17:13:00+02:00,0.66477,0.66528,0.66477,0.66526,146
SQ:AUDUSD,2023-05-19T17:14:00+02:00,0.66528,0.66573,0.66525,0.66560,249
SQ:AUDUSD,2023-05-19T17:15:00+02:00,0.66560,0.66579,0.66551,0.66551,215
SQ:AUDUSD,2023-05-19T17:16:00+02:00,0.66551,0.66646,0.66551,0.66642,294
SQ:AUDUSD,2023-05-19T17:17:00+02:00,0.66643,0.66729,0.66642,0.66677,415
SQ:AUDUSD,2023-05-19T17:18:00+02:00,0.66676,0.66700,0.66661,0.66694,264
SQ:AUDUSD,2023-05-19T17:19:00+02:00,0.66694,0.66704,0.66661,0.66690,280
SQ:AUDUSD,2023-05-19T17:20:00+02:00,0.66692,0.66730,0.66676,0.66721,213
SQ:AUDUSD,2023-05-19T17:21:00+02:00,0.66722,0.66736,0.66706,0.66713,206
SQ:AUDUSD,2023-05-19T17:22:00+02:00,0.66713,0.66720,0.66670,0.66689,148
SQ:AUDUSD,2023-05-19T17:23:00+02:00,0.66689,0.66699,0.66640,0.66648,104
SQ:AUDUSD,2023-05-19T17:24:00+02:00,0.66649,0.66654,0.66619,0.66619,150
SQ:AUDUSD,2023-05-19T17:25:00+02:00,0.66621,0.66658,0.66621,0.66645,159
SQ:AUDUSD,2023-05-19T17:26:00+02:00,0.66645,0.66650,0.66624,0.66626,146
SQ:AUDUSD,2023-05-19T17:27:00+02:00,0.66626,0.66644,0.66618,0.66618,166
SQ:AUDUSD,2023-05-19T17:28:00+02:00,0.66618,0.66662,0.66615,0.66653,213
SQ:AUDUSD,2023-05-19T17:29:00+02:00,0.66654,0.66661,0.66605,0.66607,133
SQ:AUDUSD,2023-05-19T17:30:00+02:00,0.66608,0.66613,0.66569,0.66571,114
SQ:AUDUSD,2023-05-19T17:31:00+02:00,0.66571,0.66591,0.66537,0.66543,135
SQ:AUDUSD,2023-05-19T17:32:00+02:00,0.66544,0.66559,0.66510,0.66525,157
SQ:AUDUSD,2023-05-19T17:33:00+02:00,0.66526,0.66573,0.66522,0.66560,203
SQ:AUDUSD,2023-05-19T17:34:00+02:00,0.66565,0.66583,0.66552,0.66581,202
SQ:AUDUSD,2023-05-19T17:35:00+02:00,0.66582,0.66588,0.66552,0.66570,193
SQ:AUDUSD,2023-05-19T17:36:00+02:00,0.66573,0.66586,0.66542,0.66582,226
SQ:AUDUSD,2023-05-19T17:37:00+02:00,0.66582,0.66588,0.66527,0.66530,224
SQ:AUDUSD,2023-05-19T17:38:00+02:00,0.66530,0.66551,0.66515,0.66530,192
SQ:AUDUSD,2023-05-19T17:39:00+02:00,0.66530,0.66555,0.66524,0.66533,224
SQ:AUDUSD,2023-05-19T17:40:00+02:00,0.66532,0.66542,0.66521,0.66528,155
SQ:AUDUSD,2023-05-19T17:41:00+02:00,0.66528,0.66538,0.66507,0.66538,108
SQ:AUDUSD,2023-05-19T17:42:00+02:00,0.66539,0.66557,0.66522,0.66527,122
SQ:AUDUSD,2023-05-19T17:43:00+02:00,0.66527,0.66542,0.66507,0.66527,124
SQ:AUDUSD,2023-05-19T17:44:00+02:00,0.66529,0.66541,0.66521,0.66527,116
SQ:AUDUSD,2023-05-19T17:45:00+02:00,0.66527,0.66540,0.66517,0.66523,135
SQ:AUDUSD,2023-05-19T17:46:00+02:00,0.66523,0.66564,0.66523,0.66563,139
SQ:AUDUSD,2023-05-19T17:47:00+02:00,0.66563,0.66579,0.66556,0.66572,94
SQ:AUDUSD,2023-05-19T17:48:00+02:00,0.66572,0.66580,0.66561,0.66570,106
SQ:AUDUSD,2023-05-19T17:49:00+02:00,0.66570,0.66578,0.66561,0.66564,94
SQ:AUDUSD,2023-05-19T17:50:00+02:00,0.66564,0.66569,0.66549,0.66554,98
SQ:AUDUSD,2023-05-19T17:51:00+02:00,0.66553,0.66560,0.66541,0.66550,120
SQ:AUDUSD,2023-05-19T17:52:00+02:00,0.66550,0.66572,0.66543,0.66572,103
SQ:AUDUSD,2023-05-19T17:53:00+02:00,0.66572,0.66576,0.66567,0.66575,98
SQ:AUDUSD,2023-05-19T17:54:00+02:00,0.66574,0.66585,0.66568,0.66584,99
SQ:AUDUSD,2023-05-19T17:55:00+02:00,0.66583,0.66591,0.66577,0.66589,90
SQ:AUDUSD,2023-05-19T17:56:00+02:00,0.66589,0.66601,0.66562,0.66562,144
SQ:AUDUSD,2023-05-19T17:57:00+02:00,0.66562,0.66600,0.66552,0.66600,102
SQ:AUDUSD,2023-05-19T17:58:00+02:00,0.66601,0.66613,0.66580,0.66582,105
SQ:AUDUSD,2023-05-19T17:59:00+02:00,0.66581,0.66584,0.66567,0.66583,129
SQ:AUDUSD,2023-05-19T18:00:00+02:00,0.66583,0.66605,0.66574,0.66603,110
SQ:AUDUSD,2023-05-19T18:01:00+02:00,0.66602,0.66619,0.66601,0.66607,116
SQ:AUDUSD,2023-05-19T18:02:00+02:00,0.66608,0.66608,0.66583,0.66598,99
SQ:AUDUSD,2023-05-19T18:03:00+02:00,0.66598,0.66619,0.66588,0.66618,94
SQ:AUDUSD,2023-05-19T18:04:00+02:00,0.66618,0.66646,0.66618,0.66639,88
SQ:AUDUSD,2023-05-19T18:05:00+02:00,0.66639,0.66639,0.66612,0.66613,68
SQ:AUDUSD,2023-05-19T18:06:00+02:00,0.66613,0.66621,0.66611,0.66617,95
SQ:AUDUSD,2023-05-19T18:07:00+02:00,0.66618,0.66620,0.66602,0.66609,102
SQ:AUDUSD,2023-05-19T18:08:00+02:00,0.66609,0.66610,0.66598,0.66604,70
SQ:AUDUSD,2023-05-19T18:09:00+02:00,0.66603,0.66612,0.66588,0.66588,88
SQ:AUDUSD,2023-05-19T18:10:00+02:00,0.66588,0.66601,0.66583,0.66586,87
SQ:AUDUSD,2023-05-19T18:11:00+02:00,0.66588,0.66591,0.66581,0.66588,71
SQ:AUDUSD,2023-05-19T18:12:00+02:00,0.66587,0.66606,0.66587,0.66601,89
SQ:AUDUSD,2023-05-19T18:13:00+02:00,0.66601,0.66620,0.66598,0.66611,82
SQ:AUDUSD,2023-05-19T18:14:00+02:00,0.66611,0.66615,0.66598,0.66598,73
SQ:AUDUSD,2023-05-19T18:15:00+02:00,0.66597,0.66598,0.66582,0.66589,60
SQ:AUDUSD,2023-05-19T18:16:00+02:00,0.66588,0.66613,0.66581,0.66608,70
SQ:AUDUSD,2023-05-19T18:17:00+02:00,0.66608,0.66608,0.66574,0.66576,72
SQ:AUDUSD,2023-05-19T18:18:00+02:00,0.66576,0.66585,0.66569,0.66581,69
SQ:AUDUSD,2023-05-19T18:19:00+02:00,0.66582,0.66582,0.66559,0.66560,57
SQ:AUDUSD,2023-05-19T18:20:00+02:00,0.66560,0.66573,0.66558,0.66570,68
SQ:AUDUSD,2023-05-19T18:21:00+02:00,0.66571,0.66571,0.66555,0.66567,67
SQ:AUDUSD,2023-05-19T18:22:00+02:00,0.66567,0.66582,0.66566,0.66569,58
SQ:AUDUSD,2023-05-19T18:23:00+02:00,0.66569,0.66571,0.66550,0.66554,41
SQ:AUDUSD,2023-05-19T18:24:00+02:00,0.66554,0.66555,0.66547,0.66553,42
SQ:AUDUSD,2023-05-19T18:25:00+02:00,0.66553,0.66558,0.66547,0.66556,59
SQ:AUDUSD,2023-05-19T18:26:00+02:00,0.66556,0.66557,0.66550,0.66552,57
SQ:AUDUSD,2023-05-19T18:27:00+02:00,0.66552,0.66566,0.66545,0.66561,59
SQ:AUDUSD,2023-05-19T18:28:00+02:00,0.66561,0.66573,0.66559,0.66571,54
SQ:AUDUSD,2023-05-19T18:29:00+02:00,0.66571,0.66582,0.66571,0.66581,45
SQ:AUDUSD,2023-05-19T18:30:00+02:00,0.66581,0.66581,0.66544,0.66552,76
SQ:AUDUSD,2023-05-19T18:31:00+02:00,0.66552,0.66552,0.66543,0.66550,45
SQ:AUDUSD,2023-05-19T18:32:00+02:00,0.66551,0.66558,0.66546,0.66550,50
SQ:AUDUSD,2023-05-19T18:33:00+02:00,0.66550,0.66553,0.66539,0.66549,44
SQ:AUDUSD,2023-05-19T18:34:00+02:00,0.66549,0.66565,0.66540,0.66563,58
SQ:AUDUSD,2023-05-19T18:35:00+02:00,0.66564,0.66567,0.66559,0.66564,41
SQ:AUDUSD,2023-05-19T18:36:00+02:00,0.66564,0.66583,0.66561,0.66583,44
SQ:AUDUSD,2023-05-19T18:37:00+02:00,0.66583,0.66589,0.66582,0.66588,24
SQ:AUDUSD,2023-05-19T18:38:00+02:00,0.66587,0.66589,0.66578,0.66588,43
SQ:AUDUSD,2023-05-19T18:39:00+02:00,0.66587,0.66605,0.66587,0.66604,38
SQ:AUDUSD,2023-05-19T18:40:00+02:00,0.66604,0.66607,0.66599,0.66600,24
SQ:AUDUSD,2023-05-19T18:41:00+02:00,0.66599,0.66608,0.66596,0.66606,30
SQ:AUDUSD,2023-05-19T18:42:00+02:00,0.66605,0.66611,0.66603,0.66606,37
SQ:AUDUSD,2023-05-19T18:43:00+02:00,0.66606,0.66615,0.66606,0.66614,26
SQ:AUDUSD,2023-05-19T18:44:00+02:00,0.66614,0.66617,0.66612,0.66616,38
SQ:AUDUSD,2023-05-19T18:45:00+02:00,0.66615,0.66633,0.66613,0.66631,51
SQ:AUDUSD,2023-05-19T18:46:00+02:00,0.66631,0.66633,0.66625,0.66633,28
SQ:AUDUSD,2023-05-19T18:47:00+02:00,0.66632,0.66642,0.66632,0.66637,23
SQ:AUDUSD,2023-05-19T18:48:00+02:00,0.66637,0.66653,0.66637,0.66652,41
SQ:AUDUSD,2023-05-19T18:49:00+02:00,0.66652,0.66656,0.66648,0.66650,36
SQ:AUDUSD,2023-05-19T18:50:00+02:00,0.66650,0.66659,0.66643,0.66659,37
SQ:AUDUSD,2023-05-19T18:51:00+02:00,0.66658,0.66658,0.66645,0.66648,39
SQ:AUDUSD,2023-05-19T18:52:00+02:00,0.66648,0.66661,0.66646,0.66660,28
SQ:AUDUSD,2023-05-19T18:53:00+02:00,0.66660,0.66672,0.66657,0.66668,47
SQ:AUDUSD,2023-05-19T18:54:00+02:00,0.66668,0.66683,0.66668,0.66682,51
SQ:AUDUSD,2023-05-19T18:55:00+02:00,0.66682,0.66693,0.66677,0.66680,55
SQ:AUDUSD,2023-05-19T18:56:00+02:00,0.66679,0.66687,0.66679,0.66685,45
SQ:AUDUSD,2023-05-19T18:57:00+02:00,0.66685,0.66685,0.66676,0.66678,25
SQ:AUDUSD,2023-05-19T18:58:00+02:00,0.66677,0.66677,0.66641,0.66642,41
SQ:AUDUSD,2023-05-19T18:59:00+02:00,0.66642,0.66652,0.66634,0.66651,44
SQ:AUDUSD,2023-05-19T19:00:00+02:00,0.66651,0.66657,0.66646,0.66648,48
SQ:AUDUSD,2023-05-19T19:01:00+02:00,0.66648,0.66664,0.66640,0.66654,53
SQ:AUDUSD,2023-05-19T19:02:00+02:00,0.66654,0.66663,0.66651,0.66662,49
SQ:AUDUSD,2023-05-19T19:03:00+02:00,0.66662,0.66670,0.66662,0.66664,38
SQ:AUDUSD,2023-05-19T19:04:00+02:00,0.66664,0.66665,0.66660,0.66663,14
SQ:AUDUSD,2023-05-19T19:05:00+02:00,0.66663,0.66663,0.66649,0.66649,29
SQ:AUDUSD,2023-05-19T19:06:00+02:00,0.66649,0.66660,0.66646,0.66660,27
SQ:AUDUSD,2023-05-19T19:07:00+02:00,0.66660,0.66664,0.66656,0.66664,20
SQ:AUDUSD,2023-05-19T19:08:00+02:00,0.66664,0.66664,0.66651,0.66656,31
SQ:AUDUSD,2023-05-19T19:09:00+02:00,0.66656,0.66656,0.66642,0.66648,36
SQ:AUDUSD,2023-05-19T19:10:00+02:00,0.66648,0.66648,0.66629,0.66629,31
SQ:AUDUSD,2023-05-19T19:11:00+02:00,0.66629,0.66630,0.66621,0.66624,43
SQ:AUDUSD,2023-05-19T19:12:00+02:00,0.66624,0.66626,0.66619,0.66623,29
SQ:AUDUSD,2023-05-19T19:13:00+02:00,0.66623,0.66626,0.66618,0.66620,26
SQ:AUDUSD,2023-05-19T19:14:00+02:00,0.66621,0.66624,0.66619,0.66621,27
SQ:AUDUSD,2023-05-19T19:15:00+02:00,0.66620,0.66628,0.66619,0.66625,29
SQ:AUDUSD,2023-05-19T19:16:00+02:00,0.66626,0.66628,0.66622,0.66624,24
SQ:AUDUSD,2023-05-19T19:17:00+02:00,0.66625,0.66631,0.66620,0.66629,28
SQ:AUDUSD,2023-05-19T19:18:00+02:00,0.66629,0.66642,0.66629,0.66641,46
SQ:AUDUSD,2023-05-19T19:19:00+02:00,0.66639,0.66639,0.66629,0.66635,29
SQ:AUDUSD,2023-05-19T19:20:00+02:00,0.66635,0.66635,0.66623,0.66623,28
SQ:AUDUSD,2023-05-19T19:21:00+02:00,0.66623,0.66625,0.66615,0.66616,27
SQ:AUDUSD,2023-05-19T19:22:00+02:00,0.66616,0.66621,0.66613,0.66614,25
SQ:AUDUSD,2023-05-19T19:23:00+02:00,0.66615,0.66615,0.66609,0.66610,14
SQ:AUDUSD,2023-05-19T19:24:00+02:00,0.66611,0.66619,0.66610,0.66616,34
SQ:AUDUSD,2023-05-19T19:25:00+02:00,0.66616,0.66616,0.66603,0.66609,32
SQ:AUDUSD,2023-05-19T19:26:00+02:00,0.66609,0.66609,0.66602,0.66604,31
SQ:AUDUSD,2023-05-19T19:27:00+02:00,0.66604,0.66604,0.66592,0.66596,33
SQ:AUDUSD,2023-05-19T19:28:00+02:00,0.66595,0.66602,0.66595,0.66597,46
SQ:AUDUSD,2023-05-19T19:29:00+02:00,0.66598,0.66610,0.66598,0.66609,43
SQ:AUDUSD,2023-05-19T19:30:00+02:00,0.66610,0.66613,0.66607,0.66609,38
SQ:AUDUSD,2023-05-19T19:31:00+02:00,0.66609,0.66620,0.66601,0.66620,57
SQ:AUDUSD,2023-05-19T19:32:00+02:00,0.66621,0.66627,0.66616,0.66624,50
SQ:AUDUSD,2023-05-19T19:33:00+02:00,0.66625,0.66640,0.66623,0.66635,47
SQ:AUDUSD,2023-05-19T19:34:00+02:00,0.66635,0.66643,0.66631,0.66641,29
SQ:AUDUSD,2023-05-19T19:35:00+02:00,0.66642,0.66642,0.66638,0.66639,20
SQ:AUDUSD,2023-05-19T19:36:00+02:00,0.66638,0.66645,0.66636,0.66642,36
SQ:AUDUSD,2023-05-19T19:37:00+02:00,0.66643,0.66645,0.66639,0.66640,43
SQ:AUDUSD,2023-05-19T19:38:00+02:00,0.66640,0.66641,0.66635,0.66635,28
SQ:AUDUSD,2023-05-19T19:39:00+02:00,0.66635,0.66638,0.66634,0.66635,14
SQ:AUDUSD,2023-05-19T19:40:00+02:00,0.66635,0.66637,0.66628,0.66635,26
SQ:AUDUSD,2023-05-19T19:41:00+02:00,0.66635,0.66635,0.66626,0.66628,24
SQ:AUDUSD,2023-05-19T19:42:00+02:00,0.66626,0.66629,0.66622,0.66624,32
SQ:AUDUSD,2023-05-19T19:43:00+02:00,0.66625,0.66629,0.66623,0.66628,22
SQ:AUDUSD,2023-05-19T19:44:00+02:00,0.66628,0.66632,0.66621,0.66630,44
SQ:AUDUSD,2023-05-19T19:45:00+02:00,0.66630,0.66630,0.66622,0.66627,35
SQ:AUDUSD,2023-05-19T19:46:00+02:00,0.66627,0.66627,0.66611,0.66612,33
SQ:AUDUSD,2023-05-19T19:47:00+02:00,0.66613,0.66615,0.66601,0.66610,59
SQ:AUDUSD,2023-05-19T19:48:00+02:00,0.66611,0.66612,0.66603,0.66603,17
SQ:AUDUSD,2023-05-19T19:49:00+02:00,0.66603,0.66603,0.66598,0.66599,18
SQ:AUDUSD,2023-05-19T19:50:00+02:00,0.66599,0.66599,0.66573,0.66578,29
SQ:AUDUSD,2023-05-19T19:51:00+02:00,0.66578,0.66583,0.66570,0.66583,38
SQ:AUDUSD,2023-05-19T19:52:00+02:00,0.66583,0.66583,0.66564,0.66564,29
SQ:AUDUSD,2023-05-19T19:53:00+02:00,0.66564,0.66582,0.66563,0.66581,24
SQ:AUDUSD,2023-05-19T19:54:00+02:00,0.66582,0.66586,0.66581,0.66585,42
SQ:AUDUSD,2023-05-19T19:55:00+02:00,0.66584,0.66584,0.66566,0.66570,33
SQ:AUDUSD,2023-05-19T19:56:00+02:00,0.66570,0.66573,0.66566,0.66571,25
SQ:AUDUSD,2023-05-19T19:57:00+02:00,0.66571,0.66572,0.66563,0.66566,39
SQ:AUDUSD,2023-05-19T19:58:00+02:00,0.66565,0.66574,0.66563,0.66569,33
SQ:AUDUSD,2023-05-19T19:59:00+02:00,0.66565,0.66565,0.66550,0.66551,33
SQ:AUDUSD,2023-05-19T20:00:00+02:00,0.66551,0.66557,0.66549,0.66550,42
SQ:AUDUSD,2023-05-19T20:01:00+02:00,0.66548,0.66549,0.66535,0.66535,25
SQ:AUDUSD,2023-05-19T20:02:00+02:00,0.66536,0.66536,0.66529,0.66529,23
SQ:AUDUSD,2023-05-19T20:03:00+02:00,0.66530,0.66535,0.66530,0.66534,22
SQ:AUDUSD,2023-05-19T20:04:00+02:00,0.66533,0.66533,0.66510,0.66512,38
SQ:AUDUSD,2023-05-19T20:05:00+02:00,0.66513,0.66516,0.66510,0.66514,29
SQ:AUDUSD,2023-05-19T20:06:00+02:00,0.66514,0.66517,0.66511,0.66515,24
SQ:AUDUSD,2023-05-19T20:07:00+02:00,0.66515,0.66515,0.66508,0.66508,19
SQ:AUDUSD,2023-05-19T20:08:00+02:00,0.66509,0.66509,0.66502,0.66507,19
SQ:AUDUSD,2023-05-19T20:09:00+02:00,0.66508,0.66510,0.66502,0.66505,24
SQ:AUDUSD,2023-05-19T20:10:00+02:00,0.66505,0.66511,0.66499,0.66506,62
SQ:AUDUSD,2023-05-19T20:11:00+02:00,0.66505,0.66515,0.66505,0.66513,66
SQ:AUDUSD,2023-05-19T20:12:00+02:00,0.66513,0.66520,0.66510,0.66519,81
SQ:AUDUSD,2023-05-19T20:13:00+02:00,0.66519,0.66520,0.66508,0.66512,43
SQ:AUDUSD,2023-05-19T20:14:00+02:00,0.66513,0.66521,0.66511,0.66518,39
SQ:AUDUSD,2023-05-19T20:15:00+02:00,0.66518,0.66528,0.66510,0.66514,56
SQ:AUDUSD,2023-05-19T20:16:00+02:00,0.66514,0.66525,0.66508,0.66516,40
SQ:AUDUSD,2023-05-19T20:17:00+02:00,0.66517,0.66527,0.66517,0.66521,37
SQ:AUDUSD,2023-05-19T20:18:00+02:00,0.66520,0.66533,0.66520,0.66533,26
SQ:AUDUSD,2023-05-19T20:19:00+02:00,0.66534,0.66545,0.66533,0.66545,23
SQ:AUDUSD,2023-05-19T20:20:00+02:00,0.66545,0.66552,0.66544,0.66546,21
SQ:AUDUSD,2023-05-19T20:21:00+02:00,0.66547,0.66558,0.66547,0.66557,15
SQ:AUDUSD,2023-05-19T20:22:00+02:00,0.66558,0.66558,0.66552,0.66554,16
SQ:AUDUSD,2023-05-19T20:23:00+02:00,0.66554,0.66555,0.66546,0.66546,17
SQ:AUDUSD,2023-05-19T20:24:00+02:00,0.66547,0.66551,0.66546,0.66549,23
SQ:AUDUSD,2023-05-19T20:25:00+02:00,0.66549,0.66549,0.66543,0.66549,14
SQ:AUDUSD,2023-05-19T20:26:00+02:00,0.66548,0.66548,0.66538,0.66544,20
SQ:AUDUSD,2023-05-19T20:27:00+02:00,0.66544,0.66544,0.66539,0.66539,17
SQ:AUDUSD,2023-05-19T20:28:00+02:00,0.66539,0.66540,0.66530,0.66530,15
SQ:AUDUSD,2023-05-19T20:29:00+02:00,0.66530,0.66534,0.66525,0.66525,16
SQ:AUDUSD,2023-05-19T20:30:00+02:00,0.66525,0.66528,0.66510,0.66514,31
SQ:AUDUSD,2023-05-19T20:31:00+02:00,0.66513,0.66516,0.66502,0.66505,24
SQ:AUDUSD,2023-05-19T20:32:00+02:00,0.66505,0.66511,0.66504,0.66511,31
SQ:AUDUSD,2023-05-19T20:33:00+02:00,0.66510,0.66517,0.66509,0.66516,33
SQ:AUDUSD,2023-05-19T20:34:00+02:00,0.66516,0.66516,0.66505,0.66511,30
SQ:AUDUSD,2023-05-19T20:35:00+02:00,0.66510,0.66510,0.66501,0.66501,9
SQ:AUDUSD,2023-05-19T20:36:00+02:00,0.66501,0.66503,0.66499,0.66500,11
SQ:AUDUSD,2023-05-19T20:37:00+02:00,0.66500,0.66508,0.66496,0.66506,25
SQ:AUDUSD,2023-05-19T20:38:00+02:00,0.66505,0.66510,0.66504,0.66508,34
SQ:AUDUSD,2023-05-19T20:39:00+02:00,0.66509,0.66511,0.66501,0.66503,34
SQ:AUDUSD,2023-05-19T20:40:00+02:00,0.66503,0.66504,0.66486,0.66486,31
SQ:AUDUSD,2023-05-19T20:41:00+02:00,0.66487,0.66499,0.66487,0.66499,22
SQ:AUDUSD,2023-05-19T20:42:00+02:00,0.66499,0.66499,0.66488,0.66488,27
SQ:AUDUSD,2023-05-19T20:43:00+02:00,0.66488,0.66488,0.66477,0.66486,30
SQ:AUDUSD,2023-05-19T20:44:00+02:00,0.66487,0.66499,0.66487,0.66499,26
SQ:AUDUSD,2023-05-19T20:45:00+02:00,0.66500,0.66500,0.66488,0.66488,29
SQ:AUDUSD,2023-05-19T20:46:00+02:00,0.66489,0.66494,0.66489,0.66494,9
SQ:AUDUSD,2023-05-19T20:47:00+02:00,0.66494,0.66494,0.66489,0.66489,11
SQ:AUDUSD,2023-05-19T20:48:00+02:00,0.66489,0.66496,0.66482,0.66495,31
SQ:AUDUSD,2023-05-19T20:49:00+02:00,0.66495,0.66497,0.66488,0.66493,32
SQ:AUDUSD,2023-05-19T20:50:00+02:00,0.66493,0.66495,0.66489,0.66492,31
SQ:AUDUSD,2023-05-19T20:51:00+02:00,0.66491,0.66506,0.66491,0.66506,18
SQ:AUDUSD,2023-05-19T20:52:00+02:00,0.66505,0.66506,0.66504,0.66505,17
SQ:AUDUSD,2023-05-19T20:53:00+02:00,0.66505,0.66514,0.66505,0.66509,29
SQ:AUDUSD,2023-05-19T20:54:00+02:00,0.66508,0.66514,0.66508,0.66513,24
SQ:AUDUSD,2023-05-19T20:55:00+02:00,0.66512,0.66515,0.66507,0.66511,85
SQ:AUDUSD,2023-05-19T20:56:00+02:00,0.66511,0.66512,0.66508,0.66509,21
SQ:AUDUSD,2023-05-19T20:57:00+02:00,0.66509,0.66509,0.66504,0.66509,23
SQ:AUDUSD,2023-05-19T20:58:00+02:00,0.66509,0.66510,0.66495,0.66500,18
SQ:AUDUSD,2023-05-19T20:59:00+02:00,0.66501,0.66507,0.66495,0.66504,39
SQ:AUDUSD,2023-05-19T21:00:00+02:00,0.66505,0.66505,0.66495,0.66495,11
SQ:AUDUSD,2023-05-19T21:01:00+02:00,0.66495,0.66500,0.66491,0.66491,25
SQ:AUDUSD,2023-05-19T21:02:00+02:00,0.66492,0.66495,0.66489,0.66492,27
SQ:AUDUSD,2023-05-19T21:03:00+02:00,0.66491,0.66495,0.66490,0.66494,19
SQ:AUDUSD,2023-05-19T21:04:00+02:00,0.66493,0.66496,0.66493,0.66495,10
SQ:AUDUSD,2023-05-19T21:05:00+02:00,0.66495,0.66495,0.66483,0.66485,16
SQ:AUDUSD,2023-05-19T21:06:00+02:00,0.66484,0.66487,0.66483,0.66483,13
SQ:AUDUSD,2023-05-19T21:07:00+02:00,0.66483,0.66488,0.66483,0.66485,14
SQ:AUDUSD,2023-05-19T21:08:00+02:00,0.66485,0.66486,0.66482,0.66486,14
SQ:AUDUSD,2023-05-19T21:09:00+02:00,0.66486,0.66491,0.66484,0.66486,45
SQ:AUDUSD,2023-05-19T21:10:00+02:00,0.66485,0.66494,0.66484,0.66494,22
SQ:AUDUSD,2023-05-19T21:11:00+02:00,0.66494,0.66494,0.66482,0.66482,15
SQ:AUDUSD,2023-05-19T21:12:00+02:00,0.66482,0.66487,0.66480,0.66484,23
SQ:AUDUSD,2023-05-19T21:13:00+02:00,0.66484,0.66489,0.66483,0.66488,26
SQ:AUDUSD,2023-05-19T21:14:00+02:00,0.66488,0.66488,0.66479,0.66482,18
SQ:AUDUSD,2023-05-19T21:15:00+02:00,0.66482,0.66484,0.66471,0.66471,32
SQ:AUDUSD,2023-05-19T21:16:00+02:00,0.66471,0.66478,0.66470,0.66476,15
SQ:AUDUSD,2023-05-19T21:17:00+02:00,0.66475,0.66476,0.66464,0.66464,14
SQ:AUDUSD,2023-05-19T21:18:00+02:00,0.66464,0.66464,0.66454,0.66454,30
SQ:AUDUSD,2023-05-19T21:19:00+02:00,0.66454,0.66455,0.66450,0.66455,29
SQ:AUDUSD,2023-05-19T21:20:00+02:00,0.66455,0.66461,0.66449,0.66449,22
SQ:AUDUSD,2023-05-19T21:21:00+02:00,0.66449,0.66453,0.66447,0.66453,20
SQ:AUDUSD,2023-05-19T21:22:00+02:00,0.66452,0.66459,0.66452,0.66459,23
SQ:AUDUSD,2023-05-19T21:23:00+02:00,0.66458,0.66458,0.66455,0.66456,12
SQ:AUDUSD,2023-05-19T21:24:00+02:00,0.66455,0.66459,0.66454,0.66458,36
SQ:AUDUSD,2023-05-19T21:25:00+02:00,0.66459,0.66465,0.66456,0.66465,37
SQ:AUDUSD,2023-05-19T21:26:00+02:00,0.66465,0.66465,0.66459,0.66459,20
SQ:AUDUSD,2023-05-19T21:27:00+02:00,0.66459,0.66466,0.66457,0.66463,23
SQ:AUDUSD,2023-05-19T21:28:00+02:00,0.66463,0.66468,0.66460,0.66467,39
SQ:AUDUSD,2023-05-19T21:29:00+02:00,0.66467,0.66468,0.66465,0.66466,12
SQ:AUDUSD,2023-05-19T21:30:00+02:00,0.66467,0.66467,0.66456,0.66457,37
SQ:AUDUSD,2023-05-19T21:31:00+02:00,0.66457,0.66457,0.66452,0.66454,8
SQ:AUDUSD,2023-05-19T21:32:00+02:00,0.66452,0.66456,0.66448,0.66455,15
SQ:AUDUSD,2023-05-19T21:33:00+02:00,0.66454,0.66458,0.66453,0.66457,30
SQ:AUDUSD,2023-05-19T21:34:00+02:00,0.66457,0.66457,0.66445,0.66445,22
SQ:AUDUSD,2023-05-19T21:35:00+02:00,0.66444,0.66447,0.66436,0.66439,39
SQ:AUDUSD,2023-05-19T21:36:00+02:00,0.66439,0.66444,0.66435,0.66436,57
SQ:AUDUSD,2023-05-19T21:37:00+02:00,0.66435,0.66443,0.66435,0.66439,31
SQ:AUDUSD,2023-05-19T21:38:00+02:00,0.66440,0.66440,0.66433,0.66433,28
SQ:AUDUSD,2023-05-19T21:39:00+02:00,0.66433,0.66441,0.66433,0.66440,17
SQ:AUDUSD,2023-05-19T21:40:00+02:00,0.66441,0.66445,0.66439,0.66445,20
SQ:AUDUSD,2023-05-19T21:41:00+02:00,0.66445,0.66446,0.66440,0.66440,8
SQ:AUDUSD,2023-05-19T21:42:00+02:00,0.66440,0.66448,0.66439,0.66446,27
SQ:AUDUSD,2023-05-19T21:43:00+02:00,0.66445,0.66448,0.66438,0.66439,32
SQ:AUDUSD,2023-05-19T21:44:00+02:00,0.66439,0.66440,0.66434,0.66434,15
SQ:AUDUSD,2023-05-19T21:45:00+02:00,0.66434,0.66437,0.66433,0.66435,7
SQ:AUDUSD,2023-05-19T21:46:00+02:00,0.66434,0.66440,0.66434,0.66439,10
SQ:AUDUSD,2023-05-19T21:47:00+02:00,0.66438,0.66442,0.66436,0.66439,14
SQ:AUDUSD,2023-05-19T21:48:00+02:00,0.66439,0.66447,0.66439,0.66447,7
SQ:AUDUSD,2023-05-19T21:49:00+02:00,0.66447,0.66449,0.66444,0.66444,19
SQ:AUDUSD,2023-05-19T21:50:00+02:00,0.66443,0.66446,0.66443,0.66446,11
SQ:AUDUSD,2023-05-19T21:51:00+02:00,0.66447,0.66457,0.66447,0.66457,18
SQ:AUDUSD,2023-05-19T21:52:00+02:00,0.66457,0.66460,0.66455,0.66459,9
SQ:AUDUSD,2023-05-19T21:53:00+02:00,0.66459,0.66470,0.66459,0.66469,20
SQ:AUDUSD,2023-05-19T21:54:00+02:00,0.66469,0.66477,0.66469,0.66477,16
SQ:AUDUSD,2023-05-19T21:55:00+02:00,0.66478,0.66480,0.66474,0.66479,15
SQ:AUDUSD,2023-05-19T21:56:00+02:00,0.66478,0.66478,0.66471,0.66475,19
SQ:AUDUSD,2023-05-19T21:57:00+02:00,0.66475,0.66487,0.66475,0.66486,23
SQ:AUDUSD,2023-05-19T21:58:00+02:00,0.66486,0.66494,0.66486,0.66494,22
SQ:AUDUSD,2023-05-19T21:59:00+02:00,0.66494,0.66498,0.66491,0.66491,50
SQ:AUDUSD,2023-05-19T22:00:00+02:00,0.66491,0.66500,0.66488,0.66500,25
SQ:AUDUSD,2023-05-19T22:01:00+02:00,0.66498,0.66504,0.66497,0.66499,15
SQ:AUDUSD,2023-05-19T22:02:00+02:00,0.66498,0.66498,0.66470,0.66477,21
SQ:AUDUSD,2023-05-19T22:03:00+02:00,0.66474,0.66491,0.66474,0.66489,27
SQ:AUDUSD,2023-05-19T22:04:00+02:00,0.66489,0.66489,0.66473,0.66474,18
SQ:AUDUSD,2023-05-19T22:05:00+02:00,0.66474,0.66484,0.66474,0.66484,10
SQ:AUDUSD,2023-05-19T22:06:00+02:00,0.66484,0.66486,0.66477,0.66483,15
SQ:AUDUSD,2023-05-19T22:07:00+02:00,0.66483,0.66483,0.66476,0.66476,13
SQ:AUDUSD,2023-05-19T22:08:00+02:00,0.66476,0.66479,0.66476,0.66477,9
SQ:AUDUSD,2023-05-19T22:09:00+02:00,0.66477,0.66477,0.66468,0.66468,9
SQ:AUDUSD,2023-05-19T22:10:00+02:00,0.66468,0.66473,0.66466,0.66470,29
SQ:AUDUSD,2023-05-19T22:11:00+02:00,0.66470,0.66471,0.66460,0.66465,28
SQ:AUDUSD,2023-05-19T22:12:00+02:00,0.66465,0.66471,0.66465,0.66470,8
SQ:AUDUSD,2023-05-19T22:13:00+02:00,0.66470,0.66477,0.66470,0.66475,19
SQ:AUDUSD,2023-05-19T22:14:00+02:00,0.66476,0.66480,0.66474,0.66478,18
SQ:AUDUSD,2023-05-19T22:15:00+02:00,0.66478,0.66481,0.66478,0.66480,9
SQ:AUDUSD,2023-05-19T22:16:00+02:00,0.66480,0.66480,0.66469,0.66469,12
SQ:AUDUSD,2023-05-19T22:17:00+02:00,0.66469,0.66470,0.66467,0.66470,5
SQ:AUDUSD,2023-05-19T22:18:00+02:00,0.66469,0.66476,0.66468,0.66475,13
SQ:AUDUSD,2023-05-19T22:19:00+02:00,0.66476,0.66481,0.66476,0.66481,13
SQ:AUDUSD,2023-05-19T22:20:00+02:00,0.66480,0.66484,0.66480,0.66484,11
SQ:AUDUSD,2023-05-19T22:21:00+02:00,0.66484,0.66497,0.66482,0.66492,14
SQ:AUDUSD,2023-05-19T22:22:00+02:00,0.66492,0.66503,0.66492,0.66499,18
SQ:AUDUSD,2023-05-19T22:23:00+02:00,0.66500,0.66508,0.66500,0.66507,14
SQ:AUDUSD,2023-05-19T22:24:00+02:00,0.66506,0.66507,0.66504,0.66507,14
SQ:AUDUSD,2023-05-19T22:25:00+02:00,0.66507,0.66507,0.66498,0.66501,22
SQ:AUDUSD,2023-05-19T22:26:00+02:00,0.66500,0.66500,0.66495,0.66496,28
SQ:AUDUSD,2023-05-19T22:27:00+02:00,0.66496,0.66501,0.66496,0.66500,9
SQ:AUDUSD,2023-05-19T22:28:00+02:00,0.66500,0.66501,0.66494,0.66497,53
SQ:AUDUSD,2023-05-19T22:29:00+02:00,0.66496,0.66500,0.66491,0.66491,29
SQ:AUDUSD,2023-05-19T22:30:00+02:00,0.66490,0.66490,0.66484,0.66489,21
SQ:AUDUSD,2023-05-19T22:31:00+02:00,0.66489,0.66489,0.66489,0.66489,1
SQ:AUDUSD,2023-05-19T22:32:00+02:00,0.66489,0.66489,0.66485,0.66485,4
SQ:AUDUSD,2023-05-19T22:33:00+02:00,0.66485,0.66485,0.66465,0.66465,15
SQ:AUDUSD,2023-05-19T22:34:00+02:00,0.66464,0.66469,0.66459,0.66469,12
SQ:AUDUSD,2023-05-19T22:35:00+02:00,0.66469,0.66469,0.66466,0.66469,7
SQ:AUDUSD,2023-05-19T22:36:00+02:00,0.66468,0.66469,0.66468,0.66469,4
SQ:AUDUSD,2023-05-19T22:37:00+02:00,0.66469,0.66469,0.66469,0.66469,1
SQ:AUDUSD,2023-05-19T22:38:00+02:00,0.66469,0.66469,0.66465,0.66468,6
SQ:AUDUSD,2023-05-19T22:39:00+02:00,0.66468,0.66476,0.66468,0.66476,9
SQ:AUDUSD,2023-05-19T22:40:00+02:00,0.66475,0.66477,0.66473,0.66475,7
SQ:AUDUSD,2023-05-19T22:41:00+02:00,0.66478,0.66479,0.66478,0.66478,3
SQ:AUDUSD,2023-05-19T22:42:00+02:00,0.66478,0.66485,0.66478,0.66485,4
SQ:AUDUSD,2023-05-19T22:43:00+02:00,0.66484,0.66484,0.66480,0.66480,4
SQ:AUDUSD,2023-05-19T22:44:00+02:00,0.66479,0.66484,0.66479,0.66483,5
SQ:AUDUSD,2023-05-19T22:45:00+02:00,0.66483,0.66483,0.66483,0.66483,1
SQ:AUDUSD,2023-05-19T22:46:00+02:00,0.66482,0.66484,0.66482,0.66484,3
SQ:AUDUSD,2023-05-19T22:47:00+02:00,0.66484,0.66484,0.66483,0.66483,4
SQ:AUDUSD,2023-05-19T22:48:00+02:00,0.66484,0.66484,0.66482,0.66482,15
SQ:AUDUSD,2023-05-19T22:49:00+02:00,0.66483,0.66487,0.66478,0.66481,34
SQ:AUDUSD,2023-05-19T22:50:00+02:00,0.66481,0.66490,0.66481,0.66485,25
SQ:AUDUSD,2023-05-19T22:51:00+02:00,0.66485,0.66488,0.66480,0.66483,34
SQ:AUDUSD,2023-05-19T22:52:00+02:00,0.66483,0.66494,0.66454,0.66457,39
SQ:AUDUSD,2023-05-19T22:53:00+02:00,0.66457,0.66465,0.66453,0.66461,51
SQ:AUDUSD,2023-05-19T22:54:00+02:00,0.66462,0.66484,0.66461,0.66479,59
