SQ:USDHKD,2019-10-15T00:00:00+02:00,7.84492,7.84496,7.84492,7.84496,4
SQ:USDHKD,2019-10-15T00:01:00+02:00,7.84496,7.84499,7.84496,7.84499,2
SQ:USDHKD,2019-10-15T00:02:00+02:00,7.84499,7.84499,7.84499,7.84499,1
SQ:USDHKD,2019-10-15T00:03:00+02:00,7.84492,7.84504,7.84492,7.84504,3
SQ:USDHKD,2019-10-15T00:04:00+02:00,7.84509,7.84509,7.84509,7.84509,1
SQ:USDHKD,2019-10-15T00:05:00+02:00,7.84509,7.84509,7.84508,7.84509,3
SQ:USDHKD,2019-10-15T00:06:00+02:00,7.84510,7.84510,7.84510,7.84510,1
SQ:USDHKD,2019-10-15T00:08:00+02:00,7.84492,7.84492,7.84492,7.84492,1
SQ:USDHKD,2019-10-15T00:10:00+02:00,7.84492,7.84492,7.84492,7.84492,1
SQ:USDHKD,2019-10-15T00:13:00+02:00,7.84492,7.84492,7.84492,7.84492,1
SQ:USDHKD,2019-10-15T00:15:00+02:00,7.84492,7.84492,7.84492,7.84492,1
SQ:USDHKD,2019-10-15T00:16:00+02:00,7.84492,7.84492,7.84492,7.84492,1
SQ:USDHKD,2019-10-15T00:17:00+02:00,7.84492,7.84492,7.84492,7.84492,1
SQ:USDHKD,2019-10-15T00:18:00+02:00,7.84492,7.84492,7.84492,7.84492,1
SQ:USDHKD,2019-10-15T00:20:00+02:00,7.84492,7.84492,7.84492,7.84492,1
SQ:USDHKD,2019-10-15T00:21:00+02:00,7.84492,7.84492,7.84492,7.84492,1
SQ:USDHKD,2019-10-15T00:23:00+02:00,7.84492,7.84492,7.84492,7.84492,1
SQ:USDHKD,2019-10-15T00:25:00+02:00,7.84492,7.84492,7.84492,7.84492,1
SQ:USDHKD,2019-10-15T00:26:00+02:00,7.84492,7.84492,7.84492,7.84492,1
SQ:USDHKD,2019-10-15T00:27:00+02:00,7.84492,7.84492,7.84492,7.84492,1
SQ:USDHKD,2019-10-15T00:28:00+02:00,7.84492,7.84492,7.84492,7.84492,1
SQ:USDHKD,2019-10-15T00:29:00+02:00,7.84492,7.84492,7.84492,7.84492,1
SQ:USDHKD,2019-10-15T00:30:00+02:00,7.84492,7.84492,7.84492,7.84492,1
SQ:USDHKD,2019-10-15T00:32:00+02:00,7.84492,7.84492,7.84492,7.84492,1
SQ:USDHKD,2019-10-15T00:36:00+02:00,7.84492,7.84492,7.84492,7.84492,1
SQ:USDHKD,2019-10-15T00:37:00+02:00,7.84492,7.84492,7.84492,7.84492,1
SQ:USDHKD,2019-10-15T00:39:00+02:00,7.84492,7.84492,7.84492,7.84492,1
SQ:USDHKD,2019-10-15T00:40:00+02:00,7.84492,7.84492,7.84492,7.84492,1
SQ:USDHKD,2019-10-15T00:41:00+02:00,7.84492,7.84498,7.84492,7.84498,2
SQ:USDHKD,2019-10-15T00:42:00+02:00,7.84498,7.84498,7.84497,7.84497,2
SQ:USDHKD,2019-10-15T00:43:00+02:00,7.84497,7.84497,7.84497,7.84497,1
SQ:USDHKD,2019-10-15T00:45:00+02:00,7.84497,7.84497,7.84497,7.84497,1
SQ:USDHKD,2019-10-15T00:46:00+02:00,7.84497,7.84497,7.84497,7.84497,1
SQ:USDHKD,2019-10-15T00:48:00+02:00,7.84497,7.84497,7.84497,7.84497,1
SQ:USDHKD,2019-10-15T00:49:00+02:00,7.84497,7.84497,7.84497,7.84497,1
SQ:USDHKD,2019-10-15T00:50:00+02:00,7.84497,7.84497,7.84497,7.84497,1
SQ:USDHKD,2019-10-15T00:51:00+02:00,7.84497,7.84497,7.84497,7.84497,1
SQ:USDHKD,2019-10-15T00:52:00+02:00,7.84497,7.84498,7.84497,7.84498,2
SQ:USDHKD,2019-10-15T00:53:00+02:00,7.84498,7.84498,7.84498,7.84498,1
SQ:USDHKD,2019-10-15T00:54:00+02:00,7.84498,7.84498,7.84488,7.84492,3
SQ:USDHKD,2019-10-15T00:56:00+02:00,7.84492,7.84498,7.84492,7.84492,4
SQ:USDHKD,2019-10-15T00:57:00+02:00,7.84497,7.84532,7.84497,7.84498,7
SQ:USDHKD,2019-10-15T00:58:00+02:00,7.84498,7.84498,7.84498,7.84498,1
SQ:USDHKD,2019-10-15T00:59:00+02:00,7.84497,7.84503,7.84497,7.84503,3
SQ:USDHKD,2019-10-15T01:00:00+02:00,7.84502,7.84503,7.84502,7.84503,2
SQ:USDHKD,2019-10-15T01:01:00+02:00,7.84503,7.84503,7.84503,7.84503,1
SQ:USDHKD,2019-10-15T01:02:00+02:00,7.84502,7.84502,7.84502,7.84502,1
SQ:USDHKD,2019-10-15T01:03:00+02:00,7.84503,7.84503,7.84503,7.84503,1
SQ:USDHKD,2019-10-15T01:04:00+02:00,7.84503,7.84504,7.84503,7.84504,2
SQ:USDHKD,2019-10-15T01:05:00+02:00,7.84504,7.84504,7.84503,7.84503,2
SQ:USDHKD,2019-10-15T01:06:00+02:00,7.84504,7.84504,7.84504,7.84504,1
SQ:USDHKD,2019-10-15T01:07:00+02:00,7.84505,7.84505,7.84505,7.84505,1
SQ:USDHKD,2019-10-15T01:09:00+02:00,7.84505,7.84505,7.84498,7.84498,2
SQ:USDHKD,2019-10-15T01:10:00+02:00,7.84505,7.84505,7.84505,7.84505,1
SQ:USDHKD,2019-10-15T01:11:00+02:00,7.84505,7.84505,7.84505,7.84505,1
SQ:USDHKD,2019-10-15T01:12:00+02:00,7.84506,7.84506,7.84506,7.84506,1
SQ:USDHKD,2019-10-15T01:13:00+02:00,7.84506,7.84506,7.84506,7.84506,1
SQ:USDHKD,2019-10-15T01:14:00+02:00,7.84498,7.84498,7.84498,7.84498,1
SQ:USDHKD,2019-10-15T01:15:00+02:00,7.84506,7.84506,7.84506,7.84506,1
SQ:USDHKD,2019-10-15T01:16:00+02:00,7.84507,7.84507,7.84507,7.84507,1
SQ:USDHKD,2019-10-15T01:17:00+02:00,7.84506,7.84506,7.84506,7.84506,1
SQ:USDHKD,2019-10-15T01:18:00+02:00,7.84506,7.84507,7.84506,7.84507,2
SQ:USDHKD,2019-10-15T01:19:00+02:00,7.84507,7.84507,7.84507,7.84507,1
SQ:USDHKD,2019-10-15T01:20:00+02:00,7.84507,7.84508,7.84507,7.84508,2
SQ:USDHKD,2019-10-15T01:22:00+02:00,7.84508,7.84508,7.84507,7.84507,2
SQ:USDHKD,2019-10-15T01:24:00+02:00,7.84507,7.84507,7.84507,7.84507,1
SQ:USDHKD,2019-10-15T01:25:00+02:00,7.84503,7.84503,7.84499,7.84499,2
SQ:USDHKD,2019-10-15T01:26:00+02:00,7.84508,7.84508,7.84508,7.84508,1
SQ:USDHKD,2019-10-15T01:27:00+02:00,7.84508,7.84508,7.84508,7.84508,1
SQ:USDHKD,2019-10-15T01:28:00+02:00,7.84508,7.84508,7.84508,7.84508,1
SQ:USDHKD,2019-10-15T01:29:00+02:00,7.84499,7.84499,7.84499,7.84499,1
SQ:USDHKD,2019-10-15T01:31:00+02:00,7.84500,7.84500,7.84500,7.84500,1
SQ:USDHKD,2019-10-15T01:32:00+02:00,7.84508,7.84508,7.84508,7.84508,1
SQ:USDHKD,2019-10-15T01:33:00+02:00,7.84508,7.84509,7.84508,7.84509,2
SQ:USDHKD,2019-10-15T01:34:00+02:00,7.84509,7.84509,7.84509,7.84509,1
SQ:USDHKD,2019-10-15T01:36:00+02:00,7.84506,7.84509,7.84506,7.84509,2
SQ:USDHKD,2019-10-15T01:37:00+02:00,7.84509,7.84509,7.84509,7.84509,1
SQ:USDHKD,2019-10-15T01:38:00+02:00,7.84506,7.84506,7.84506,7.84506,1
SQ:USDHKD,2019-10-15T01:39:00+02:00,7.84502,7.84502,7.84501,7.84501,2
SQ:USDHKD,2019-10-15T01:40:00+02:00,7.84506,7.84509,7.84506,7.84509,2
SQ:USDHKD,2019-10-15T01:41:00+02:00,7.84509,7.84509,7.84509,7.84509,1
SQ:USDHKD,2019-10-15T01:42:00+02:00,7.84509,7.84510,7.84509,7.84510,2
SQ:USDHKD,2019-10-15T01:43:00+02:00,7.84510,7.84510,7.84510,7.84510,1
SQ:USDHKD,2019-10-15T01:44:00+02:00,7.84509,7.84509,7.84509,7.84509,1
SQ:USDHKD,2019-10-15T01:45:00+02:00,7.84501,7.84501,7.84501,7.84501,1
SQ:USDHKD,2019-10-15T01:47:00+02:00,7.84506,7.84506,7.84506,7.84506,1
SQ:USDHKD,2019-10-15T01:48:00+02:00,7.84510,7.84510,7.84510,7.84510,1
SQ:USDHKD,2019-10-15T01:50:00+02:00,7.84506,7.84510,7.84484,7.84484,8
SQ:USDHKD,2019-10-15T01:51:00+02:00,7.84484,7.84485,7.84484,7.84485,2
SQ:USDHKD,2019-10-15T01:52:00+02:00,7.84485,7.84485,7.84485,7.84485,1
SQ:USDHKD,2019-10-15T01:53:00+02:00,7.84486,7.84486,7.84486,7.84486,1
SQ:USDHKD,2019-10-15T01:54:00+02:00,7.84486,7.84486,7.84482,7.84482,3
SQ:USDHKD,2019-10-15T01:55:00+02:00,7.84481,7.84481,7.84452,7.84462,6
SQ:USDHKD,2019-10-15T01:56:00+02:00,7.84462,7.84462,7.84460,7.84460,2
SQ:USDHKD,2019-10-15T01:57:00+02:00,7.84460,7.84460,7.84460,7.84460,1
SQ:USDHKD,2019-10-15T01:58:00+02:00,7.84460,7.84462,7.84460,7.84462,2
SQ:USDHKD,2019-10-15T01:59:00+02:00,7.84462,7.84462,7.84462,7.84462,1
SQ:USDHKD,2019-10-15T02:00:00+02:00,7.84462,7.84462,7.84462,7.84462,1
SQ:USDHKD,2019-10-15T02:01:00+02:00,7.84462,7.84462,7.84449,7.84449,4
SQ:USDHKD,2019-10-15T02:02:00+02:00,7.84449,7.84449,7.84449,7.84449,1
SQ:USDHKD,2019-10-15T02:03:00+02:00,7.84446,7.84446,7.84434,7.84446,4
SQ:USDHKD,2019-10-15T02:04:00+02:00,7.84447,7.84448,7.84446,7.84447,4
SQ:USDHKD,2019-10-15T02:05:00+02:00,7.84446,7.84446,7.84445,7.84445,2
SQ:USDHKD,2019-10-15T02:06:00+02:00,7.84448,7.84448,7.84445,7.84445,2
SQ:USDHKD,2019-10-15T02:07:00+02:00,7.84448,7.84448,7.84445,7.84448,3
SQ:USDHKD,2019-10-15T02:08:00+02:00,7.84445,7.84458,7.84445,7.84458,6
SQ:USDHKD,2019-10-15T02:09:00+02:00,7.84462,7.84462,7.84462,7.84462,1
SQ:USDHKD,2019-10-15T02:10:00+02:00,7.84462,7.84462,7.84462,7.84462,1
SQ:USDHKD,2019-10-15T02:11:00+02:00,7.84462,7.84462,7.84458,7.84458,4
SQ:USDHKD,2019-10-15T02:12:00+02:00,7.84458,7.84458,7.84458,7.84458,1
SQ:USDHKD,2019-10-15T02:13:00+02:00,7.84458,7.84458,7.84450,7.84450,3
SQ:USDHKD,2019-10-15T02:14:00+02:00,7.84454,7.84454,7.84454,7.84454,1
SQ:USDHKD,2019-10-15T02:15:00+02:00,7.84458,7.84458,7.84458,7.84458,1
SQ:USDHKD,2019-10-15T02:16:00+02:00,7.84462,7.84462,7.84462,7.84462,1
SQ:USDHKD,2019-10-15T02:17:00+02:00,7.84462,7.84462,7.84462,7.84462,1
SQ:USDHKD,2019-10-15T02:18:00+02:00,7.84462,7.84462,7.84462,7.84462,1
SQ:USDHKD,2019-10-15T02:19:00+02:00,7.84462,7.84462,7.84458,7.84458,2
SQ:USDHKD,2019-10-15T02:20:00+02:00,7.84458,7.84458,7.84458,7.84458,1
SQ:USDHKD,2019-10-15T02:21:00+02:00,7.84455,7.84455,7.84424,7.84425,8
SQ:USDHKD,2019-10-15T02:22:00+02:00,7.84425,7.84425,7.84425,7.84425,1
SQ:USDHKD,2019-10-15T02:23:00+02:00,7.84423,7.84424,7.84421,7.84421,3
SQ:USDHKD,2019-10-15T02:24:00+02:00,7.84421,7.84421,7.84421,7.84421,1
SQ:USDHKD,2019-10-15T02:25:00+02:00,7.84421,7.84421,7.84418,7.84419,6
SQ:USDHKD,2019-10-15T02:26:00+02:00,7.84419,7.84419,7.84419,7.84419,1
SQ:USDHKD,2019-10-15T02:27:00+02:00,7.84419,7.84433,7.84419,7.84419,5
SQ:USDHKD,2019-10-15T02:28:00+02:00,7.84419,7.84419,7.84419,7.84419,1
SQ:USDHKD,2019-10-15T02:29:00+02:00,7.84419,7.84419,7.84415,7.84419,3
SQ:USDHKD,2019-10-15T02:30:00+02:00,7.84419,7.84419,7.84419,7.84419,1
SQ:USDHKD,2019-10-15T02:31:00+02:00,7.84419,7.84419,7.84416,7.84416,2
SQ:USDHKD,2019-10-15T02:32:00+02:00,7.84416,7.84417,7.84415,7.84415,3
SQ:USDHKD,2019-10-15T02:33:00+02:00,7.84415,7.84415,7.84415,7.84415,1
SQ:USDHKD,2019-10-15T02:34:00+02:00,7.84415,7.84423,7.84415,7.84423,2
SQ:USDHKD,2019-10-15T02:35:00+02:00,7.84423,7.84423,7.84419,7.84419,2
SQ:USDHKD,2019-10-15T02:36:00+02:00,7.84419,7.84419,7.84415,7.84415,2
SQ:USDHKD,2019-10-15T02:37:00+02:00,7.84415,7.84417,7.84415,7.84415,7
SQ:USDHKD,2019-10-15T02:38:00+02:00,7.84415,7.84415,7.84415,7.84415,1
SQ:USDHKD,2019-10-15T02:39:00+02:00,7.84415,7.84416,7.84415,7.84416,2
SQ:USDHKD,2019-10-15T02:40:00+02:00,7.84416,7.84416,7.84415,7.84415,2
SQ:USDHKD,2019-10-15T02:41:00+02:00,7.84415,7.84419,7.84415,7.84419,3
SQ:USDHKD,2019-10-15T02:42:00+02:00,7.84419,7.84437,7.84419,7.84433,5
SQ:USDHKD,2019-10-15T02:43:00+02:00,7.84433,7.84433,7.84424,7.84424,4
SQ:USDHKD,2019-10-15T02:44:00+02:00,7.84425,7.84425,7.84420,7.84420,4
SQ:USDHKD,2019-10-15T02:45:00+02:00,7.84420,7.84420,7.84419,7.84419,2
SQ:USDHKD,2019-10-15T02:46:00+02:00,7.84419,7.84421,7.84419,7.84421,2
SQ:USDHKD,2019-10-15T02:47:00+02:00,7.84420,7.84424,7.84420,7.84424,9
SQ:USDHKD,2019-10-15T02:48:00+02:00,7.84422,7.84429,7.84422,7.84423,3
SQ:USDHKD,2019-10-15T02:49:00+02:00,7.84431,7.84465,7.84431,7.84457,15
SQ:USDHKD,2019-10-15T02:50:00+02:00,7.84457,7.84457,7.84456,7.84456,2
SQ:USDHKD,2019-10-15T02:51:00+02:00,7.84455,7.84455,7.84454,7.84455,3
SQ:USDHKD,2019-10-15T02:52:00+02:00,7.84455,7.84455,7.84452,7.84452,4
SQ:USDHKD,2019-10-15T02:53:00+02:00,7.84452,7.84455,7.84452,7.84455,2
SQ:USDHKD,2019-10-15T02:54:00+02:00,7.84455,7.84455,7.84455,7.84455,1
SQ:USDHKD,2019-10-15T02:55:00+02:00,7.84455,7.84455,7.84455,7.84455,1
SQ:USDHKD,2019-10-15T02:56:00+02:00,7.84455,7.84460,7.84453,7.84453,10
SQ:USDHKD,2019-10-15T02:57:00+02:00,7.84453,7.84474,7.84453,7.84469,18
SQ:USDHKD,2019-10-15T02:58:00+02:00,7.84469,7.84476,7.84469,7.84475,5
SQ:USDHKD,2019-10-15T02:59:00+02:00,7.84475,7.84476,7.84456,7.84457,14
SQ:USDHKD,2019-10-15T03:00:00+02:00,7.84460,7.84470,7.84460,7.84463,12
SQ:USDHKD,2019-10-15T03:01:00+02:00,7.84461,7.84461,7.84460,7.84460,2
SQ:USDHKD,2019-10-15T03:02:00+02:00,7.84460,7.84468,7.84459,7.84468,9
SQ:USDHKD,2019-10-15T03:03:00+02:00,7.84468,7.84475,7.84468,7.84475,5
SQ:USDHKD,2019-10-15T03:04:00+02:00,7.84475,7.84478,7.84475,7.84477,4
SQ:USDHKD,2019-10-15T03:05:00+02:00,7.84476,7.84510,7.84475,7.84507,28
SQ:USDHKD,2019-10-15T03:06:00+02:00,7.84507,7.84507,7.84507,7.84507,1
SQ:USDHKD,2019-10-15T03:07:00+02:00,7.84507,7.84512,7.84507,7.84512,5
SQ:USDHKD,2019-10-15T03:08:00+02:00,7.84515,7.84517,7.84509,7.84516,13
SQ:USDHKD,2019-10-15T03:09:00+02:00,7.84516,7.84517,7.84510,7.84510,5
SQ:USDHKD,2019-10-15T03:10:00+02:00,7.84512,7.84512,7.84508,7.84508,4
SQ:USDHKD,2019-10-15T03:11:00+02:00,7.84508,7.84508,7.84508,7.84508,1
SQ:USDHKD,2019-10-15T03:12:00+02:00,7.84506,7.84506,7.84505,7.84505,2
SQ:USDHKD,2019-10-15T03:13:00+02:00,7.84505,7.84505,7.84505,7.84505,1
SQ:USDHKD,2019-10-15T03:14:00+02:00,7.84505,7.84505,7.84505,7.84505,1
SQ:USDHKD,2019-10-15T03:15:00+02:00,7.84502,7.84506,7.84502,7.84505,6
SQ:USDHKD,2019-10-15T03:16:00+02:00,7.84503,7.84503,7.84503,7.84503,1
SQ:USDHKD,2019-10-15T03:17:00+02:00,7.84503,7.84503,7.84500,7.84503,3
SQ:USDHKD,2019-10-15T03:18:00+02:00,7.84500,7.84504,7.84500,7.84503,5
SQ:USDHKD,2019-10-15T03:19:00+02:00,7.84501,7.84501,7.84501,7.84501,1
SQ:USDHKD,2019-10-15T03:20:00+02:00,7.84501,7.84503,7.84500,7.84502,5
SQ:USDHKD,2019-10-15T03:21:00+02:00,7.84501,7.84501,7.84486,7.84487,7
SQ:USDHKD,2019-10-15T03:22:00+02:00,7.84485,7.84487,7.84485,7.84486,3
SQ:USDHKD,2019-10-15T03:23:00+02:00,7.84486,7.84489,7.84486,7.84487,5
SQ:USDHKD,2019-10-15T03:24:00+02:00,7.84487,7.84487,7.84487,7.84487,1
SQ:USDHKD,2019-10-15T03:25:00+02:00,7.84487,7.84487,7.84487,7.84487,1
SQ:USDHKD,2019-10-15T03:26:00+02:00,7.84487,7.84487,7.84487,7.84487,1
SQ:USDHKD,2019-10-15T03:27:00+02:00,7.84487,7.84488,7.84487,7.84488,2
SQ:USDHKD,2019-10-15T03:28:00+02:00,7.84486,7.84492,7.84486,7.84492,7
SQ:USDHKD,2019-10-15T03:29:00+02:00,7.84491,7.84492,7.84490,7.84491,7
SQ:USDHKD,2019-10-15T03:30:00+02:00,7.84490,7.84490,7.84482,7.84487,7
SQ:USDHKD,2019-10-15T03:31:00+02:00,7.84487,7.84487,7.84478,7.84478,8
SQ:USDHKD,2019-10-15T03:32:00+02:00,7.84478,7.84482,7.84478,7.84482,7
SQ:USDHKD,2019-10-15T03:33:00+02:00,7.84482,7.84482,7.84479,7.84479,4
SQ:USDHKD,2019-10-15T03:35:00+02:00,7.84480,7.84480,7.84477,7.84477,2
SQ:USDHKD,2019-10-15T03:36:00+02:00,7.84477,7.84478,7.84473,7.84478,7
SQ:USDHKD,2019-10-15T03:37:00+02:00,7.84479,7.84485,7.84474,7.84485,8
SQ:USDHKD,2019-10-15T03:38:00+02:00,7.84485,7.84485,7.84482,7.84482,2
SQ:USDHKD,2019-10-15T03:39:00+02:00,7.84484,7.84486,7.84481,7.84486,17
SQ:USDHKD,2019-10-15T03:40:00+02:00,7.84484,7.84503,7.84483,7.84502,15
SQ:USDHKD,2019-10-15T03:41:00+02:00,7.84504,7.84511,7.84497,7.84505,30
SQ:USDHKD,2019-10-15T03:42:00+02:00,7.84505,7.84512,7.84505,7.84512,5
SQ:USDHKD,2019-10-15T03:43:00+02:00,7.84510,7.84510,7.84509,7.84509,2
SQ:USDHKD,2019-10-15T03:44:00+02:00,7.84509,7.84510,7.84505,7.84510,4
SQ:USDHKD,2019-10-15T03:45:00+02:00,7.84511,7.84513,7.84508,7.84508,6
SQ:USDHKD,2019-10-15T03:46:00+02:00,7.84508,7.84509,7.84503,7.84503,4
SQ:USDHKD,2019-10-15T03:47:00+02:00,7.84503,7.84513,7.84503,7.84513,11
SQ:USDHKD,2019-10-15T03:48:00+02:00,7.84513,7.84513,7.84512,7.84512,2
SQ:USDHKD,2019-10-15T03:49:00+02:00,7.84512,7.84512,7.84512,7.84512,1
SQ:USDHKD,2019-10-15T03:50:00+02:00,7.84512,7.84514,7.84507,7.84512,7
SQ:USDHKD,2019-10-15T03:51:00+02:00,7.84512,7.84516,7.84512,7.84516,4
SQ:USDHKD,2019-10-15T03:52:00+02:00,7.84516,7.84522,7.84516,7.84520,8
SQ:USDHKD,2019-10-15T03:53:00+02:00,7.84520,7.84520,7.84518,7.84518,2
SQ:USDHKD,2019-10-15T03:54:00+02:00,7.84518,7.84520,7.84514,7.84514,8
SQ:USDHKD,2019-10-15T03:55:00+02:00,7.84515,7.84515,7.84514,7.84514,2
SQ:USDHKD,2019-10-15T03:56:00+02:00,7.84514,7.84514,7.84509,7.84512,6
SQ:USDHKD,2019-10-15T03:57:00+02:00,7.84511,7.84512,7.84511,7.84511,3
SQ:USDHKD,2019-10-15T03:58:00+02:00,7.84511,7.84511,7.84504,7.84504,4
SQ:USDHKD,2019-10-15T03:59:00+02:00,7.84504,7.84504,7.84503,7.84503,6
SQ:USDHKD,2019-10-15T04:00:00+02:00,7.84503,7.84503,7.84497,7.84498,9
SQ:USDHKD,2019-10-15T04:01:00+02:00,7.84500,7.84500,7.84490,7.84500,13
SQ:USDHKD,2019-10-15T04:02:00+02:00,7.84500,7.84500,7.84498,7.84498,2
SQ:USDHKD,2019-10-15T04:03:00+02:00,7.84494,7.84494,7.84488,7.84493,6
SQ:USDHKD,2019-10-15T04:04:00+02:00,7.84494,7.84502,7.84494,7.84502,7
SQ:USDHKD,2019-10-15T04:05:00+02:00,7.84502,7.84502,7.84502,7.84502,1
SQ:USDHKD,2019-10-15T04:06:00+02:00,7.84502,7.84509,7.84502,7.84508,7
SQ:USDHKD,2019-10-15T04:07:00+02:00,7.84508,7.84513,7.84503,7.84513,14
SQ:USDHKD,2019-10-15T04:08:00+02:00,7.84513,7.84513,7.84503,7.84503,3
SQ:USDHKD,2019-10-15T04:09:00+02:00,7.84503,7.84506,7.84503,7.84506,3
SQ:USDHKD,2019-10-15T04:10:00+02:00,7.84506,7.84506,7.84506,7.84506,1
SQ:USDHKD,2019-10-15T04:11:00+02:00,7.84506,7.84510,7.84506,7.84508,9
SQ:USDHKD,2019-10-15T04:12:00+02:00,7.84508,7.84510,7.84508,7.84510,4
SQ:USDHKD,2019-10-15T04:13:00+02:00,7.84510,7.84518,7.84510,7.84512,16
SQ:USDHKD,2019-10-15T04:14:00+02:00,7.84512,7.84530,7.84512,7.84522,12
SQ:USDHKD,2019-10-15T04:15:00+02:00,7.84522,7.84523,7.84521,7.84522,5
SQ:USDHKD,2019-10-15T04:16:00+02:00,7.84522,7.84522,7.84522,7.84522,1
SQ:USDHKD,2019-10-15T04:17:00+02:00,7.84522,7.84522,7.84522,7.84522,1
SQ:USDHKD,2019-10-15T04:18:00+02:00,7.84524,7.84527,7.84522,7.84526,8
SQ:USDHKD,2019-10-15T04:19:00+02:00,7.84529,7.84536,7.84522,7.84535,15
SQ:USDHKD,2019-10-15T04:20:00+02:00,7.84534,7.84534,7.84533,7.84533,2
SQ:USDHKD,2019-10-15T04:21:00+02:00,7.84532,7.84533,7.84532,7.84533,2
SQ:USDHKD,2019-10-15T04:22:00+02:00,7.84533,7.84533,7.84532,7.84533,5
SQ:USDHKD,2019-10-15T04:23:00+02:00,7.84534,7.84534,7.84532,7.84533,3
SQ:USDHKD,2019-10-15T04:24:00+02:00,7.84533,7.84536,7.84532,7.84536,4
SQ:USDHKD,2019-10-15T04:25:00+02:00,7.84536,7.84552,7.84535,7.84539,18
SQ:USDHKD,2019-10-15T04:26:00+02:00,7.84539,7.84539,7.84538,7.84538,2
SQ:USDHKD,2019-10-15T04:27:00+02:00,7.84538,7.84539,7.84537,7.84537,4
SQ:USDHKD,2019-10-15T04:28:00+02:00,7.84537,7.84538,7.84537,7.84538,2
SQ:USDHKD,2019-10-15T04:29:00+02:00,7.84538,7.84541,7.84538,7.84541,2
SQ:USDHKD,2019-10-15T04:30:00+02:00,7.84540,7.84541,7.84537,7.84537,10
SQ:USDHKD,2019-10-15T04:31:00+02:00,7.84537,7.84537,7.84535,7.84535,2
SQ:USDHKD,2019-10-15T04:32:00+02:00,7.84536,7.84536,7.84534,7.84536,3
SQ:USDHKD,2019-10-15T04:33:00+02:00,7.84534,7.84537,7.84534,7.84537,5
SQ:USDHKD,2019-10-15T04:34:00+02:00,7.84537,7.84537,7.84536,7.84536,2
SQ:USDHKD,2019-10-15T04:35:00+02:00,7.84536,7.84536,7.84530,7.84530,4
SQ:USDHKD,2019-10-15T04:36:00+02:00,7.84530,7.84536,7.84528,7.84536,5
SQ:USDHKD,2019-10-15T04:37:00+02:00,7.84537,7.84537,7.84531,7.84536,9
SQ:USDHKD,2019-10-15T04:38:00+02:00,7.84536,7.84538,7.84536,7.84536,79
SQ:USDHKD,2019-10-15T04:39:00+02:00,7.84537,7.84544,7.84535,7.84535,7
SQ:USDHKD,2019-10-15T04:40:00+02:00,7.84535,7.84536,7.84534,7.84534,4
SQ:USDHKD,2019-10-15T04:41:00+02:00,7.84535,7.84537,7.84535,7.84537,3
SQ:USDHKD,2019-10-15T04:42:00+02:00,7.84536,7.84536,7.84536,7.84536,1
SQ:USDHKD,2019-10-15T04:43:00+02:00,7.84535,7.84537,7.84535,7.84537,2
SQ:USDHKD,2019-10-15T04:44:00+02:00,7.84537,7.84537,7.84536,7.84536,2
SQ:USDHKD,2019-10-15T04:45:00+02:00,7.84537,7.84537,7.84537,7.84537,1
SQ:USDHKD,2019-10-15T04:46:00+02:00,7.84536,7.84537,7.84520,7.84520,11
SQ:USDHKD,2019-10-15T04:47:00+02:00,7.84520,7.84520,7.84511,7.84511,6
SQ:USDHKD,2019-10-15T04:48:00+02:00,7.84512,7.84522,7.84510,7.84516,26
SQ:USDHKD,2019-10-15T04:49:00+02:00,7.84516,7.84516,7.84514,7.84516,10
SQ:USDHKD,2019-10-15T04:50:00+02:00,7.84515,7.84515,7.84514,7.84514,4
SQ:USDHKD,2019-10-15T04:51:00+02:00,7.84515,7.84515,7.84515,7.84515,1
SQ:USDHKD,2019-10-15T04:52:00+02:00,7.84516,7.84517,7.84514,7.84514,5
SQ:USDHKD,2019-10-15T04:53:00+02:00,7.84515,7.84516,7.84514,7.84515,4
SQ:USDHKD,2019-10-15T04:54:00+02:00,7.84514,7.84514,7.84505,7.84505,6
SQ:USDHKD,2019-10-15T04:55:00+02:00,7.84505,7.84505,7.84505,7.84505,1
SQ:USDHKD,2019-10-15T04:56:00+02:00,7.84505,7.84510,7.84505,7.84510,2
SQ:USDHKD,2019-10-15T04:57:00+02:00,7.84510,7.84510,7.84500,7.84500,5
SQ:USDHKD,2019-10-15T04:58:00+02:00,7.84500,7.84500,7.84497,7.84497,3
SQ:USDHKD,2019-10-15T04:59:00+02:00,7.84497,7.84500,7.84495,7.84495,8
SQ:USDHKD,2019-10-15T05:00:00+02:00,7.84495,7.84496,7.84492,7.84496,5
SQ:USDHKD,2019-10-15T05:01:00+02:00,7.84497,7.84497,7.84496,7.84496,2
SQ:USDHKD,2019-10-15T05:02:00+02:00,7.84496,7.84508,7.84496,7.84508,4
SQ:USDHKD,2019-10-15T05:03:00+02:00,7.84508,7.84508,7.84497,7.84505,9
SQ:USDHKD,2019-10-15T05:04:00+02:00,7.84503,7.84503,7.84503,7.84503,1
SQ:USDHKD,2019-10-15T05:05:00+02:00,7.84503,7.84503,7.84502,7.84503,3
SQ:USDHKD,2019-10-15T05:06:00+02:00,7.84503,7.84503,7.84503,7.84503,1
SQ:USDHKD,2019-10-15T05:07:00+02:00,7.84503,7.84503,7.84503,7.84503,1
SQ:USDHKD,2019-10-15T05:08:00+02:00,7.84502,7.84503,7.84500,7.84503,3
SQ:USDHKD,2019-10-15T05:09:00+02:00,7.84503,7.84503,7.84491,7.84492,10
SQ:USDHKD,2019-10-15T05:10:00+02:00,7.84493,7.84498,7.84493,7.84495,8
SQ:USDHKD,2019-10-15T05:11:00+02:00,7.84494,7.84517,7.84494,7.84516,12
SQ:USDHKD,2019-10-15T05:12:00+02:00,7.84514,7.84537,7.84514,7.84537,14
SQ:USDHKD,2019-10-15T05:13:00+02:00,7.84537,7.84537,7.84536,7.84536,2
SQ:USDHKD,2019-10-15T05:14:00+02:00,7.84536,7.84536,7.84522,7.84527,10
SQ:USDHKD,2019-10-15T05:15:00+02:00,7.84526,7.84526,7.84515,7.84515,6
SQ:USDHKD,2019-10-15T05:16:00+02:00,7.84515,7.84519,7.84515,7.84517,6
SQ:USDHKD,2019-10-15T05:17:00+02:00,7.84517,7.84517,7.84515,7.84517,3
SQ:USDHKD,2019-10-15T05:18:00+02:00,7.84516,7.84516,7.84516,7.84516,1
SQ:USDHKD,2019-10-15T05:19:00+02:00,7.84517,7.84517,7.84516,7.84516,2
SQ:USDHKD,2019-10-15T05:20:00+02:00,7.84516,7.84516,7.84516,7.84516,1
SQ:USDHKD,2019-10-15T05:21:00+02:00,7.84517,7.84517,7.84517,7.84517,1
SQ:USDHKD,2019-10-15T05:22:00+02:00,7.84517,7.84517,7.84499,7.84503,11
SQ:USDHKD,2019-10-15T05:23:00+02:00,7.84501,7.84503,7.84501,7.84503,2
SQ:USDHKD,2019-10-15T05:24:00+02:00,7.84502,7.84502,7.84498,7.84498,3
SQ:USDHKD,2019-10-15T05:25:00+02:00,7.84498,7.84498,7.84494,7.84494,5
SQ:USDHKD,2019-10-15T05:26:00+02:00,7.84493,7.84497,7.84493,7.84497,2
SQ:USDHKD,2019-10-15T05:27:00+02:00,7.84497,7.84497,7.84497,7.84497,1
SQ:USDHKD,2019-10-15T05:28:00+02:00,7.84498,7.84498,7.84498,7.84498,1
SQ:USDHKD,2019-10-15T05:30:00+02:00,7.84495,7.84495,7.84494,7.84495,3
SQ:USDHKD,2019-10-15T05:31:00+02:00,7.84496,7.84498,7.84496,7.84496,6
SQ:USDHKD,2019-10-15T05:32:00+02:00,7.84497,7.84498,7.84497,7.84498,2
SQ:USDHKD,2019-10-15T05:33:00+02:00,7.84497,7.84498,7.84497,7.84498,98
SQ:USDHKD,2019-10-15T05:34:00+02:00,7.84498,7.84498,7.84495,7.84495,3
SQ:USDHKD,2019-10-15T05:35:00+02:00,7.84496,7.84501,7.84496,7.84501,5
SQ:USDHKD,2019-10-15T05:36:00+02:00,7.84501,7.84502,7.84501,7.84501,5
SQ:USDHKD,2019-10-15T05:37:00+02:00,7.84501,7.84501,7.84500,7.84500,2
SQ:USDHKD,2019-10-15T05:38:00+02:00,7.84500,7.84500,7.84497,7.84497,4
SQ:USDHKD,2019-10-15T05:39:00+02:00,7.84498,7.84500,7.84491,7.84492,10
SQ:USDHKD,2019-10-15T05:40:00+02:00,7.84492,7.84492,7.84492,7.84492,1
SQ:USDHKD,2019-10-15T05:41:00+02:00,7.84492,7.84492,7.84492,7.84492,1
SQ:USDHKD,2019-10-15T05:42:00+02:00,7.84492,7.84492,7.84489,7.84490,4
SQ:USDHKD,2019-10-15T05:43:00+02:00,7.84490,7.84490,7.84490,7.84490,1
SQ:USDHKD,2019-10-15T05:44:00+02:00,7.84490,7.84490,7.84490,7.84490,1
SQ:USDHKD,2019-10-15T05:45:00+02:00,7.84490,7.84490,7.84490,7.84490,1
SQ:USDHKD,2019-10-15T05:46:00+02:00,7.84490,7.84490,7.84490,7.84490,1
SQ:USDHKD,2019-10-15T05:47:00+02:00,7.84490,7.84490,7.84490,7.84490,1
SQ:USDHKD,2019-10-15T05:48:00+02:00,7.84490,7.84490,7.84490,7.84490,1
SQ:USDHKD,2019-10-15T05:49:00+02:00,7.84492,7.84493,7.84492,7.84493,2
SQ:USDHKD,2019-10-15T05:50:00+02:00,7.84493,7.84493,7.84493,7.84493,1
SQ:USDHKD,2019-10-15T05:51:00+02:00,7.84493,7.84513,7.84493,7.84509,16
SQ:USDHKD,2019-10-15T05:52:00+02:00,7.84508,7.84510,7.84507,7.84509,7
SQ:USDHKD,2019-10-15T05:53:00+02:00,7.84508,7.84508,7.84508,7.84508,1
SQ:USDHKD,2019-10-15T05:54:00+02:00,7.84508,7.84508,7.84508,7.84508,1
SQ:USDHKD,2019-10-15T05:55:00+02:00,7.84508,7.84508,7.84508,7.84508,1
SQ:USDHKD,2019-10-15T05:56:00+02:00,7.84508,7.84519,7.84486,7.84515,46
SQ:USDHKD,2019-10-15T05:57:00+02:00,7.84515,7.84516,7.84514,7.84514,17
SQ:USDHKD,2019-10-15T05:58:00+02:00,7.84514,7.84514,7.84500,7.84505,9
SQ:USDHKD,2019-10-15T05:59:00+02:00,7.84504,7.84506,7.84504,7.84506,3
SQ:USDHKD,2019-10-15T06:00:00+02:00,7.84506,7.84507,7.84506,7.84507,2
SQ:USDHKD,2019-10-15T06:01:00+02:00,7.84507,7.84507,7.84506,7.84506,2
SQ:USDHKD,2019-10-15T06:02:00+02:00,7.84506,7.84506,7.84506,7.84506,1
SQ:USDHKD,2019-10-15T06:03:00+02:00,7.84506,7.84507,7.84504,7.84504,6
SQ:USDHKD,2019-10-15T06:04:00+02:00,7.84504,7.84504,7.84504,7.84504,1
SQ:USDHKD,2019-10-15T06:05:00+02:00,7.84504,7.84504,7.84503,7.84503,4
SQ:USDHKD,2019-10-15T06:06:00+02:00,7.84505,7.84505,7.84503,7.84505,4
SQ:USDHKD,2019-10-15T06:07:00+02:00,7.84505,7.84514,7.84494,7.84494,12
SQ:USDHKD,2019-10-15T06:08:00+02:00,7.84494,7.84494,7.84490,7.84490,6
SQ:USDHKD,2019-10-15T06:09:00+02:00,7.84490,7.84490,7.84488,7.84488,3
SQ:USDHKD,2019-10-15T06:10:00+02:00,7.84488,7.84494,7.84488,7.84494,8
SQ:USDHKD,2019-10-15T06:11:00+02:00,7.84493,7.84493,7.84489,7.84490,6
SQ:USDHKD,2019-10-15T06:12:00+02:00,7.84490,7.84490,7.84487,7.84488,3
SQ:USDHKD,2019-10-15T06:13:00+02:00,7.84490,7.84491,7.84490,7.84491,2
SQ:USDHKD,2019-10-15T06:14:00+02:00,7.84491,7.84491,7.84490,7.84490,2
SQ:USDHKD,2019-10-15T06:15:00+02:00,7.84490,7.84490,7.84480,7.84484,6
SQ:USDHKD,2019-10-15T06:16:00+02:00,7.84480,7.84489,7.84474,7.84487,18
SQ:USDHKD,2019-10-15T06:17:00+02:00,7.84487,7.84487,7.84487,7.84487,1
SQ:USDHKD,2019-10-15T06:18:00+02:00,7.84485,7.84485,7.84482,7.84482,2
SQ:USDHKD,2019-10-15T06:19:00+02:00,7.84482,7.84482,7.84482,7.84482,1
SQ:USDHKD,2019-10-15T06:20:00+02:00,7.84482,7.84482,7.84482,7.84482,1
SQ:USDHKD,2019-10-15T06:21:00+02:00,7.84482,7.84487,7.84482,7.84487,3
SQ:USDHKD,2019-10-15T06:23:00+02:00,7.84487,7.84487,7.84487,7.84487,1
SQ:USDHKD,2019-10-15T06:24:00+02:00,7.84485,7.84485,7.84485,7.84485,1
SQ:USDHKD,2019-10-15T06:25:00+02:00,7.84484,7.84485,7.84484,7.84485,2
SQ:USDHKD,2019-10-15T06:26:00+02:00,7.84484,7.84484,7.84484,7.84484,1
SQ:USDHKD,2019-10-15T06:27:00+02:00,7.84484,7.84484,7.84484,7.84484,1
SQ:USDHKD,2019-10-15T06:28:00+02:00,7.84480,7.84480,7.84480,7.84480,1
SQ:USDHKD,2019-10-15T06:29:00+02:00,7.84480,7.84484,7.84480,7.84484,2
SQ:USDHKD,2019-10-15T06:30:00+02:00,7.84480,7.84482,7.84480,7.84482,4
SQ:USDHKD,2019-10-15T06:31:00+02:00,7.84482,7.84482,7.84482,7.84482,1
SQ:USDHKD,2019-10-15T06:32:00+02:00,7.84482,7.84486,7.84481,7.84484,4
SQ:USDHKD,2019-10-15T06:33:00+02:00,7.84484,7.84484,7.84484,7.84484,1
SQ:USDHKD,2019-10-15T06:35:00+02:00,7.84482,7.84482,7.84482,7.84482,1
SQ:USDHKD,2019-10-15T06:36:00+02:00,7.84484,7.84484,7.84484,7.84484,1
SQ:USDHKD,2019-10-15T06:37:00+02:00,7.84484,7.84484,7.84481,7.84481,2
SQ:USDHKD,2019-10-15T06:40:00+02:00,7.84483,7.84492,7.84483,7.84492,4
SQ:USDHKD,2019-10-15T06:42:00+02:00,7.84491,7.84491,7.84491,7.84491,1
SQ:USDHKD,2019-10-15T06:43:00+02:00,7.84491,7.84493,7.84491,7.84491,3
SQ:USDHKD,2019-10-15T06:44:00+02:00,7.84491,7.84504,7.84490,7.84504,25
SQ:USDHKD,2019-10-15T06:45:00+02:00,7.84504,7.84504,7.84502,7.84502,2
SQ:USDHKD,2019-10-15T06:46:00+02:00,7.84501,7.84501,7.84501,7.84501,1
SQ:USDHKD,2019-10-15T06:47:00+02:00,7.84501,7.84501,7.84501,7.84501,1
SQ:USDHKD,2019-10-15T06:49:00+02:00,7.84501,7.84501,7.84501,7.84501,1
SQ:USDHKD,2019-10-15T06:50:00+02:00,7.84501,7.84510,7.84501,7.84504,8
SQ:USDHKD,2019-10-15T06:51:00+02:00,7.84504,7.84504,7.84504,7.84504,1
SQ:USDHKD,2019-10-15T06:52:00+02:00,7.84503,7.84503,7.84503,7.84503,1
SQ:USDHKD,2019-10-15T06:53:00+02:00,7.84503,7.84503,7.84503,7.84503,1
SQ:USDHKD,2019-10-15T06:54:00+02:00,7.84507,7.84507,7.84507,7.84507,1
SQ:USDHKD,2019-10-15T06:55:00+02:00,7.84506,7.84514,7.84506,7.84514,6
SQ:USDHKD,2019-10-15T06:56:00+02:00,7.84516,7.84518,7.84516,7.84517,3
SQ:USDHKD,2019-10-15T06:57:00+02:00,7.84516,7.84530,7.84516,7.84530,9
SQ:USDHKD,2019-10-15T06:58:00+02:00,7.84530,7.84535,7.84524,7.84535,10
SQ:USDHKD,2019-10-15T06:59:00+02:00,7.84535,7.84539,7.84525,7.84531,15
SQ:USDHKD,2019-10-15T07:00:00+02:00,7.84530,7.84542,7.84530,7.84542,9
SQ:USDHKD,2019-10-15T07:01:00+02:00,7.84542,7.84547,7.84542,7.84547,5
SQ:USDHKD,2019-10-15T07:02:00+02:00,7.84547,7.84547,7.84537,7.84537,6
SQ:USDHKD,2019-10-15T07:03:00+02:00,7.84537,7.84537,7.84537,7.84537,1
SQ:USDHKD,2019-10-15T07:05:00+02:00,7.84537,7.84537,7.84536,7.84536,2
SQ:USDHKD,2019-10-15T07:06:00+02:00,7.84536,7.84544,7.84536,7.84543,6
SQ:USDHKD,2019-10-15T07:07:00+02:00,7.84543,7.84549,7.84542,7.84547,5
SQ:USDHKD,2019-10-15T07:08:00+02:00,7.84547,7.84547,7.84547,7.84547,1
SQ:USDHKD,2019-10-15T07:09:00+02:00,7.84547,7.84547,7.84540,7.84540,4
SQ:USDHKD,2019-10-15T07:10:00+02:00,7.84540,7.84540,7.84540,7.84540,1
SQ:USDHKD,2019-10-15T07:11:00+02:00,7.84540,7.84540,7.84537,7.84537,4
SQ:USDHKD,2019-10-15T07:12:00+02:00,7.84537,7.84537,7.84537,7.84537,1
SQ:USDHKD,2019-10-15T07:13:00+02:00,7.84537,7.84540,7.84537,7.84539,4
SQ:USDHKD,2019-10-15T07:14:00+02:00,7.84541,7.84541,7.84541,7.84541,1
SQ:USDHKD,2019-10-15T07:15:00+02:00,7.84540,7.84540,7.84540,7.84540,1
SQ:USDHKD,2019-10-15T07:16:00+02:00,7.84540,7.84540,7.84537,7.84539,6
SQ:USDHKD,2019-10-15T07:17:00+02:00,7.84538,7.84540,7.84538,7.84538,3
SQ:USDHKD,2019-10-15T07:18:00+02:00,7.84537,7.84540,7.84537,7.84539,5
SQ:USDHKD,2019-10-15T07:19:00+02:00,7.84539,7.84539,7.84539,7.84539,1
SQ:USDHKD,2019-10-15T07:20:00+02:00,7.84540,7.84541,7.84540,7.84541,2
SQ:USDHKD,2019-10-15T07:21:00+02:00,7.84541,7.84541,7.84539,7.84539,2
SQ:USDHKD,2019-10-15T07:22:00+02:00,7.84539,7.84539,7.84538,7.84538,2
SQ:USDHKD,2019-10-15T07:23:00+02:00,7.84537,7.84537,7.84535,7.84536,4
SQ:USDHKD,2019-10-15T07:24:00+02:00,7.84536,7.84536,7.84534,7.84534,3
SQ:USDHKD,2019-10-15T07:25:00+02:00,7.84541,7.84544,7.84540,7.84540,4
SQ:USDHKD,2019-10-15T07:26:00+02:00,7.84540,7.84540,7.84518,7.84518,8
SQ:USDHKD,2019-10-15T07:27:00+02:00,7.84518,7.84518,7.84514,7.84517,76
SQ:USDHKD,2019-10-15T07:29:00+02:00,7.84517,7.84522,7.84517,7.84522,6
SQ:USDHKD,2019-10-15T07:30:00+02:00,7.84522,7.84523,7.84518,7.84518,4
SQ:USDHKD,2019-10-15T07:31:00+02:00,7.84518,7.84523,7.84517,7.84523,12
SQ:USDHKD,2019-10-15T07:32:00+02:00,7.84523,7.84523,7.84523,7.84523,1
SQ:USDHKD,2019-10-15T07:33:00+02:00,7.84523,7.84523,7.84522,7.84523,3
SQ:USDHKD,2019-10-15T07:34:00+02:00,7.84524,7.84532,7.84524,7.84530,7
SQ:USDHKD,2019-10-15T07:35:00+02:00,7.84530,7.84531,7.84530,7.84531,2
SQ:USDHKD,2019-10-15T07:36:00+02:00,7.84531,7.84531,7.84531,7.84531,1
SQ:USDHKD,2019-10-15T07:37:00+02:00,7.84531,7.84531,7.84530,7.84530,2
SQ:USDHKD,2019-10-15T07:38:00+02:00,7.84530,7.84532,7.84530,7.84532,3
SQ:USDHKD,2019-10-15T07:39:00+02:00,7.84529,7.84532,7.84529,7.84529,5
SQ:USDHKD,2019-10-15T07:40:00+02:00,7.84530,7.84531,7.84529,7.84529,3
SQ:USDHKD,2019-10-15T07:41:00+02:00,7.84529,7.84532,7.84529,7.84532,2
SQ:USDHKD,2019-10-15T07:42:00+02:00,7.84532,7.84532,7.84531,7.84531,2
SQ:USDHKD,2019-10-15T07:43:00+02:00,7.84527,7.84530,7.84527,7.84527,5
SQ:USDHKD,2019-10-15T07:44:00+02:00,7.84528,7.84528,7.84524,7.84524,39
SQ:USDHKD,2019-10-15T07:45:00+02:00,7.84526,7.84526,7.84523,7.84523,5
SQ:USDHKD,2019-10-15T07:46:00+02:00,7.84523,7.84523,7.84523,7.84523,1
SQ:USDHKD,2019-10-15T07:47:00+02:00,7.84523,7.84524,7.84523,7.84524,2
SQ:USDHKD,2019-10-15T07:48:00+02:00,7.84524,7.84524,7.84515,7.84517,6
SQ:USDHKD,2019-10-15T07:49:00+02:00,7.84515,7.84517,7.84515,7.84517,2
SQ:USDHKD,2019-10-15T07:51:00+02:00,7.84514,7.84514,7.84513,7.84513,2
SQ:USDHKD,2019-10-15T07:52:00+02:00,7.84513,7.84516,7.84513,7.84516,2
SQ:USDHKD,2019-10-15T07:53:00+02:00,7.84516,7.84516,7.84513,7.84513,2
SQ:USDHKD,2019-10-15T07:54:00+02:00,7.84515,7.84515,7.84514,7.84514,2
SQ:USDHKD,2019-10-15T07:55:00+02:00,7.84514,7.84518,7.84514,7.84516,6
SQ:USDHKD,2019-10-15T07:56:00+02:00,7.84517,7.84517,7.84517,7.84517,1
SQ:USDHKD,2019-10-15T07:57:00+02:00,7.84517,7.84517,7.84517,7.84517,1
SQ:USDHKD,2019-10-15T07:58:00+02:00,7.84517,7.84517,7.84515,7.84515,2
SQ:USDHKD,2019-10-15T07:59:00+02:00,7.84515,7.84515,7.84514,7.84514,2
SQ:USDHKD,2019-10-15T08:00:00+02:00,7.84514,7.84518,7.84514,7.84518,3
SQ:USDHKD,2019-10-15T08:01:00+02:00,7.84517,7.84517,7.84514,7.84514,3
SQ:USDHKD,2019-10-15T08:02:00+02:00,7.84514,7.84516,7.84514,7.84514,3
SQ:USDHKD,2019-10-15T08:03:00+02:00,7.84514,7.84516,7.84514,7.84516,3
SQ:USDHKD,2019-10-15T08:04:00+02:00,7.84516,7.84516,7.84516,7.84516,1
SQ:USDHKD,2019-10-15T08:05:00+02:00,7.84516,7.84521,7.84513,7.84521,3
SQ:USDHKD,2019-10-15T08:06:00+02:00,7.84521,7.84522,7.84521,7.84522,2
SQ:USDHKD,2019-10-15T08:07:00+02:00,7.84521,7.84521,7.84519,7.84519,2
SQ:USDHKD,2019-10-15T08:08:00+02:00,7.84519,7.84519,7.84510,7.84510,5
SQ:USDHKD,2019-10-15T08:09:00+02:00,7.84511,7.84515,7.84510,7.84515,6
SQ:USDHKD,2019-10-15T08:10:00+02:00,7.84515,7.84516,7.84512,7.84515,7
SQ:USDHKD,2019-10-15T08:11:00+02:00,7.84514,7.84516,7.84512,7.84515,5
SQ:USDHKD,2019-10-15T08:12:00+02:00,7.84515,7.84515,7.84514,7.84515,5
SQ:USDHKD,2019-10-15T08:13:00+02:00,7.84515,7.84515,7.84510,7.84512,4
SQ:USDHKD,2019-10-15T08:14:00+02:00,7.84512,7.84519,7.84512,7.84519,6
SQ:USDHKD,2019-10-15T08:15:00+02:00,7.84519,7.84519,7.84506,7.84508,7
SQ:USDHKD,2019-10-15T08:16:00+02:00,7.84509,7.84509,7.84506,7.84506,3
SQ:USDHKD,2019-10-15T08:17:00+02:00,7.84506,7.84507,7.84506,7.84507,4
SQ:USDHKD,2019-10-15T08:18:00+02:00,7.84507,7.84507,7.84506,7.84506,8
SQ:USDHKD,2019-10-15T08:19:00+02:00,7.84505,7.84505,7.84498,7.84499,6
SQ:USDHKD,2019-10-15T08:20:00+02:00,7.84499,7.84502,7.84499,7.84502,2
SQ:USDHKD,2019-10-15T08:21:00+02:00,7.84502,7.84502,7.84499,7.84499,2
SQ:USDHKD,2019-10-15T08:22:00+02:00,7.84497,7.84497,7.84487,7.84487,7
SQ:USDHKD,2019-10-15T08:23:00+02:00,7.84488,7.84488,7.84487,7.84488,3
SQ:USDHKD,2019-10-15T08:24:00+02:00,7.84487,7.84487,7.84487,7.84487,1
SQ:USDHKD,2019-10-15T08:25:00+02:00,7.84487,7.84489,7.84487,7.84488,3
SQ:USDHKD,2019-10-15T08:26:00+02:00,7.84488,7.84494,7.84488,7.84493,8
SQ:USDHKD,2019-10-15T08:27:00+02:00,7.84493,7.84494,7.84493,7.84493,3
SQ:USDHKD,2019-10-15T08:28:00+02:00,7.84493,7.84494,7.84490,7.84494,4
SQ:USDHKD,2019-10-15T08:29:00+02:00,7.84494,7.84502,7.84493,7.84499,7
SQ:USDHKD,2019-10-15T08:30:00+02:00,7.84497,7.84497,7.84493,7.84493,4
SQ:USDHKD,2019-10-15T08:31:00+02:00,7.84493,7.84495,7.84489,7.84495,5
SQ:USDHKD,2019-10-15T08:32:00+02:00,7.84495,7.84495,7.84485,7.84487,7
SQ:USDHKD,2019-10-15T08:33:00+02:00,7.84486,7.84486,7.84485,7.84485,4
SQ:USDHKD,2019-10-15T08:34:00+02:00,7.84486,7.84501,7.84484,7.84501,6
SQ:USDHKD,2019-10-15T08:35:00+02:00,7.84501,7.84512,7.84484,7.84500,16
SQ:USDHKD,2019-10-15T08:36:00+02:00,7.84502,7.84502,7.84501,7.84501,2
SQ:USDHKD,2019-10-15T08:37:00+02:00,7.84501,7.84501,7.84498,7.84499,4
SQ:USDHKD,2019-10-15T08:38:00+02:00,7.84499,7.84502,7.84499,7.84502,3
SQ:USDHKD,2019-10-15T08:39:00+02:00,7.84501,7.84502,7.84499,7.84502,8
SQ:USDHKD,2019-10-15T08:40:00+02:00,7.84502,7.84502,7.84494,7.84497,8
SQ:USDHKD,2019-10-15T08:41:00+02:00,7.84497,7.84498,7.84489,7.84489,5
SQ:USDHKD,2019-10-15T08:42:00+02:00,7.84489,7.84507,7.84489,7.84506,9
SQ:USDHKD,2019-10-15T08:43:00+02:00,7.84507,7.84507,7.84503,7.84503,5
SQ:USDHKD,2019-10-15T08:44:00+02:00,7.84503,7.84503,7.84500,7.84500,7
SQ:USDHKD,2019-10-15T08:45:00+02:00,7.84500,7.84503,7.84482,7.84485,18
SQ:USDHKD,2019-10-15T08:46:00+02:00,7.84485,7.84494,7.84478,7.84487,19
SQ:USDHKD,2019-10-15T08:47:00+02:00,7.84487,7.84488,7.84480,7.84480,11
SQ:USDHKD,2019-10-15T08:48:00+02:00,7.84479,7.84491,7.84479,7.84489,8
SQ:USDHKD,2019-10-15T08:49:00+02:00,7.84489,7.84490,7.84485,7.84488,11
SQ:USDHKD,2019-10-15T08:50:00+02:00,7.84488,7.84488,7.84476,7.84478,16
SQ:USDHKD,2019-10-15T08:51:00+02:00,7.84478,7.84478,7.84475,7.84476,3
SQ:USDHKD,2019-10-15T08:52:00+02:00,7.84476,7.84481,7.84475,7.84477,16
SQ:USDHKD,2019-10-15T08:53:00+02:00,7.84474,7.84474,7.84470,7.84470,4
SQ:USDHKD,2019-10-15T08:54:00+02:00,7.84470,7.84479,7.84470,7.84477,11
SQ:USDHKD,2019-10-15T08:55:00+02:00,7.84477,7.84479,7.84472,7.84473,12
SQ:USDHKD,2019-10-15T08:56:00+02:00,7.84474,7.84475,7.84450,7.84463,34
SQ:USDHKD,2019-10-15T08:57:00+02:00,7.84463,7.84466,7.84462,7.84463,17
SQ:USDHKD,2019-10-15T08:58:00+02:00,7.84465,7.84498,7.84462,7.84466,37
SQ:USDHKD,2019-10-15T08:59:00+02:00,7.84462,7.84462,7.84457,7.84457,11
SQ:USDHKD,2019-10-15T09:00:00+02:00,7.84457,7.84460,7.84455,7.84457,12
SQ:USDHKD,2019-10-15T09:01:00+02:00,7.84460,7.84462,7.84454,7.84455,11
SQ:USDHKD,2019-10-15T09:02:00+02:00,7.84455,7.84460,7.84455,7.84460,4
SQ:USDHKD,2019-10-15T09:03:00+02:00,7.84460,7.84460,7.84459,7.84460,3
SQ:USDHKD,2019-10-15T09:04:00+02:00,7.84459,7.84460,7.84452,7.84453,16
SQ:USDHKD,2019-10-15T09:05:00+02:00,7.84453,7.84457,7.84446,7.84453,10
SQ:USDHKD,2019-10-15T09:06:00+02:00,7.84453,7.84465,7.84453,7.84455,20
SQ:USDHKD,2019-10-15T09:07:00+02:00,7.84455,7.84456,7.84449,7.84449,71
SQ:USDHKD,2019-10-15T09:08:00+02:00,7.84449,7.84449,7.84439,7.84442,24
SQ:USDHKD,2019-10-15T09:09:00+02:00,7.84442,7.84451,7.84442,7.84449,9
SQ:USDHKD,2019-10-15T09:10:00+02:00,7.84449,7.84451,7.84435,7.84435,6
SQ:USDHKD,2019-10-15T09:11:00+02:00,7.84435,7.84457,7.84435,7.84453,25
SQ:USDHKD,2019-10-15T09:12:00+02:00,7.84453,7.84460,7.84450,7.84456,17
SQ:USDHKD,2019-10-15T09:13:00+02:00,7.84456,7.84470,7.84450,7.84465,21
SQ:USDHKD,2019-10-15T09:14:00+02:00,7.84464,7.84466,7.84449,7.84455,13
SQ:USDHKD,2019-10-15T09:15:00+02:00,7.84458,7.84458,7.84456,7.84456,2
SQ:USDHKD,2019-10-15T09:16:00+02:00,7.84456,7.84456,7.84446,7.84446,6
SQ:USDHKD,2019-10-15T09:17:00+02:00,7.84444,7.84444,7.84428,7.84429,10
SQ:USDHKD,2019-10-15T09:18:00+02:00,7.84429,7.84429,7.84420,7.84428,8
SQ:USDHKD,2019-10-15T09:19:00+02:00,7.84428,7.84428,7.84420,7.84420,12
SQ:USDHKD,2019-10-15T09:20:00+02:00,7.84420,7.84422,7.84420,7.84422,4
SQ:USDHKD,2019-10-15T09:21:00+02:00,7.84421,7.84422,7.84420,7.84420,4
SQ:USDHKD,2019-10-15T09:22:00+02:00,7.84420,7.84425,7.84420,7.84420,10
SQ:USDHKD,2019-10-15T09:23:00+02:00,7.84420,7.84420,7.84418,7.84419,7
SQ:USDHKD,2019-10-15T09:24:00+02:00,7.84415,7.84425,7.84412,7.84425,7
SQ:USDHKD,2019-10-15T09:25:00+02:00,7.84425,7.84432,7.84424,7.84427,11
SQ:USDHKD,2019-10-15T09:26:00+02:00,7.84428,7.84442,7.84428,7.84442,17
SQ:USDHKD,2019-10-15T09:27:00+02:00,7.84440,7.84442,7.84427,7.84427,37
SQ:USDHKD,2019-10-15T09:28:00+02:00,7.84427,7.84429,7.84426,7.84429,4
SQ:USDHKD,2019-10-15T09:29:00+02:00,7.84429,7.84449,7.84429,7.84449,11
SQ:USDHKD,2019-10-15T09:30:00+02:00,7.84449,7.84450,7.84448,7.84450,12
SQ:USDHKD,2019-10-15T09:31:00+02:00,7.84450,7.84452,7.84449,7.84450,4
SQ:USDHKD,2019-10-15T09:32:00+02:00,7.84450,7.84450,7.84447,7.84449,6
SQ:USDHKD,2019-10-15T09:33:00+02:00,7.84448,7.84451,7.84448,7.84450,8
SQ:USDHKD,2019-10-15T09:34:00+02:00,7.84450,7.84450,7.84447,7.84448,4
SQ:USDHKD,2019-10-15T09:35:00+02:00,7.84448,7.84453,7.84445,7.84446,7
SQ:USDHKD,2019-10-15T09:36:00+02:00,7.84445,7.84462,7.84444,7.84458,12
SQ:USDHKD,2019-10-15T09:37:00+02:00,7.84458,7.84461,7.84453,7.84458,8
SQ:USDHKD,2019-10-15T09:38:00+02:00,7.84458,7.84458,7.84451,7.84454,7
SQ:USDHKD,2019-10-15T09:39:00+02:00,7.84451,7.84458,7.84451,7.84456,10
SQ:USDHKD,2019-10-15T09:40:00+02:00,7.84456,7.84497,7.84453,7.84496,33
SQ:USDHKD,2019-10-15T09:41:00+02:00,7.84496,7.84499,7.84494,7.84499,8
SQ:USDHKD,2019-10-15T09:42:00+02:00,7.84499,7.84505,7.84481,7.84492,38
SQ:USDHKD,2019-10-15T09:43:00+02:00,7.84492,7.84497,7.84490,7.84490,17
SQ:USDHKD,2019-10-15T09:44:00+02:00,7.84490,7.84490,7.84466,7.84466,19
SQ:USDHKD,2019-10-15T09:45:00+02:00,7.84468,7.84468,7.84460,7.84465,11
SQ:USDHKD,2019-10-15T09:46:00+02:00,7.84465,7.84465,7.84457,7.84458,11
SQ:USDHKD,2019-10-15T09:47:00+02:00,7.84458,7.84465,7.84446,7.84446,13
SQ:USDHKD,2019-10-15T09:48:00+02:00,7.84448,7.84448,7.84441,7.84441,5
SQ:USDHKD,2019-10-15T09:49:00+02:00,7.84443,7.84443,7.84441,7.84443,3
SQ:USDHKD,2019-10-15T09:50:00+02:00,7.84443,7.84444,7.84442,7.84444,4
SQ:USDHKD,2019-10-15T09:51:00+02:00,7.84444,7.84444,7.84429,7.84429,12
SQ:USDHKD,2019-10-15T09:52:00+02:00,7.84427,7.84430,7.84426,7.84427,183
SQ:USDHKD,2019-10-15T09:53:00+02:00,7.84426,7.84433,7.84418,7.84432,60
SQ:USDHKD,2019-10-15T09:54:00+02:00,7.84432,7.84435,7.84429,7.84432,5
SQ:USDHKD,2019-10-15T09:55:00+02:00,7.84432,7.84432,7.84419,7.84419,7
SQ:USDHKD,2019-10-15T09:56:00+02:00,7.84419,7.84420,7.84410,7.84410,6
SQ:USDHKD,2019-10-15T09:57:00+02:00,7.84410,7.84416,7.84392,7.84405,26
SQ:USDHKD,2019-10-15T09:58:00+02:00,7.84405,7.84408,7.84401,7.84408,11
SQ:USDHKD,2019-10-15T09:59:00+02:00,7.84406,7.84412,7.84406,7.84411,10
SQ:USDHKD,2019-10-15T10:00:00+02:00,7.84411,7.84412,7.84410,7.84410,6
SQ:USDHKD,2019-10-15T10:01:00+02:00,7.84408,7.84413,7.84408,7.84413,7
SQ:USDHKD,2019-10-15T10:02:00+02:00,7.84412,7.84437,7.84411,7.84421,25
SQ:USDHKD,2019-10-15T10:03:00+02:00,7.84420,7.84436,7.84420,7.84427,30
SQ:USDHKD,2019-10-15T10:04:00+02:00,7.84427,7.84427,7.84412,7.84413,8
SQ:USDHKD,2019-10-15T10:05:00+02:00,7.84415,7.84437,7.84415,7.84437,15
SQ:USDHKD,2019-10-15T10:06:00+02:00,7.84437,7.84439,7.84434,7.84436,18
SQ:USDHKD,2019-10-15T10:07:00+02:00,7.84436,7.84439,7.84435,7.84439,16
SQ:USDHKD,2019-10-15T10:08:00+02:00,7.84439,7.84439,7.84421,7.84424,21
SQ:USDHKD,2019-10-15T10:09:00+02:00,7.84424,7.84424,7.84411,7.84416,21
SQ:USDHKD,2019-10-15T10:10:00+02:00,7.84414,7.84414,7.84410,7.84412,17
SQ:USDHKD,2019-10-15T10:11:00+02:00,7.84410,7.84413,7.84407,7.84407,6
SQ:USDHKD,2019-10-15T10:12:00+02:00,7.84407,7.84407,7.84406,7.84406,2
SQ:USDHKD,2019-10-15T10:13:00+02:00,7.84406,7.84406,7.84406,7.84406,1
SQ:USDHKD,2019-10-15T10:14:00+02:00,7.84408,7.84408,7.84408,7.84408,1
SQ:USDHKD,2019-10-15T10:15:00+02:00,7.84408,7.84410,7.84399,7.84408,17
SQ:USDHKD,2019-10-15T10:16:00+02:00,7.84408,7.84408,7.84400,7.84402,10
SQ:USDHKD,2019-10-15T10:17:00+02:00,7.84402,7.84402,7.84387,7.84387,9
SQ:USDHKD,2019-10-15T10:18:00+02:00,7.84387,7.84388,7.84387,7.84387,3
SQ:USDHKD,2019-10-15T10:19:00+02:00,7.84387,7.84387,7.84384,7.84385,7
SQ:USDHKD,2019-10-15T10:20:00+02:00,7.84385,7.84385,7.84364,7.84369,16
SQ:USDHKD,2019-10-15T10:21:00+02:00,7.84374,7.84374,7.84371,7.84371,3
SQ:USDHKD,2019-10-15T10:22:00+02:00,7.84375,7.84387,7.84373,7.84376,20
SQ:USDHKD,2019-10-15T10:23:00+02:00,7.84376,7.84381,7.84371,7.84381,9
SQ:USDHKD,2019-10-15T10:24:00+02:00,7.84381,7.84392,7.84381,7.84390,6
SQ:USDHKD,2019-10-15T10:25:00+02:00,7.84390,7.84392,7.84386,7.84392,6
SQ:USDHKD,2019-10-15T10:26:00+02:00,7.84392,7.84392,7.84392,7.84392,1
SQ:USDHKD,2019-10-15T10:27:00+02:00,7.84392,7.84393,7.84392,7.84393,2
SQ:USDHKD,2019-10-15T10:28:00+02:00,7.84393,7.84393,7.84386,7.84387,8
SQ:USDHKD,2019-10-15T10:29:00+02:00,7.84385,7.84389,7.84384,7.84387,5
SQ:USDHKD,2019-10-15T10:30:00+02:00,7.84387,7.84387,7.84384,7.84387,5
SQ:USDHKD,2019-10-15T10:31:00+02:00,7.84387,7.84399,7.84382,7.84394,18
SQ:USDHKD,2019-10-15T10:32:00+02:00,7.84393,7.84398,7.84393,7.84394,5
SQ:USDHKD,2019-10-15T10:33:00+02:00,7.84394,7.84402,7.84393,7.84402,7
SQ:USDHKD,2019-10-15T10:34:00+02:00,7.84402,7.84407,7.84398,7.84406,12
SQ:USDHKD,2019-10-15T10:35:00+02:00,7.84405,7.84410,7.84405,7.84408,3
SQ:USDHKD,2019-10-15T10:36:00+02:00,7.84408,7.84412,7.84392,7.84392,26
SQ:USDHKD,2019-10-15T10:37:00+02:00,7.84392,7.84392,7.84392,7.84392,1
SQ:USDHKD,2019-10-15T10:38:00+02:00,7.84393,7.84394,7.84392,7.84392,10
SQ:USDHKD,2019-10-15T10:39:00+02:00,7.84393,7.84394,7.84388,7.84393,28
SQ:USDHKD,2019-10-15T10:40:00+02:00,7.84390,7.84393,7.84390,7.84392,20
SQ:USDHKD,2019-10-15T10:41:00+02:00,7.84392,7.84392,7.84389,7.84389,7
SQ:USDHKD,2019-10-15T10:42:00+02:00,7.84392,7.84392,7.84389,7.84389,2
SQ:USDHKD,2019-10-15T10:43:00+02:00,7.84393,7.84438,7.84393,7.84438,26
SQ:USDHKD,2019-10-15T10:44:00+02:00,7.84438,7.84438,7.84427,7.84428,5
SQ:USDHKD,2019-10-15T10:45:00+02:00,7.84428,7.84428,7.84417,7.84422,5
SQ:USDHKD,2019-10-15T10:46:00+02:00,7.84422,7.84434,7.84422,7.84434,3
SQ:USDHKD,2019-10-15T10:47:00+02:00,7.84434,7.84437,7.84422,7.84422,9
SQ:USDHKD,2019-10-15T10:48:00+02:00,7.84422,7.84423,7.84422,7.84422,3
SQ:USDHKD,2019-10-15T10:49:00+02:00,7.84422,7.84432,7.84421,7.84432,10
SQ:USDHKD,2019-10-15T10:50:00+02:00,7.84440,7.84448,7.84440,7.84448,7
SQ:USDHKD,2019-10-15T10:51:00+02:00,7.84448,7.84448,7.84446,7.84446,2
SQ:USDHKD,2019-10-15T10:52:00+02:00,7.84446,7.84448,7.84446,7.84447,3
SQ:USDHKD,2019-10-15T10:53:00+02:00,7.84447,7.84452,7.84442,7.84442,8
SQ:USDHKD,2019-10-15T10:54:00+02:00,7.84442,7.84442,7.84440,7.84442,3
SQ:USDHKD,2019-10-15T10:55:00+02:00,7.84442,7.84444,7.84441,7.84444,5
SQ:USDHKD,2019-10-15T10:56:00+02:00,7.84444,7.84444,7.84444,7.84444,1
SQ:USDHKD,2019-10-15T10:57:00+02:00,7.84444,7.84447,7.84444,7.84447,5
SQ:USDHKD,2019-10-15T10:58:00+02:00,7.84447,7.84452,7.84444,7.84448,31
SQ:USDHKD,2019-10-15T10:59:00+02:00,7.84448,7.84450,7.84441,7.84442,22
SQ:USDHKD,2019-10-15T11:00:00+02:00,7.84444,7.84449,7.84442,7.84449,9
SQ:USDHKD,2019-10-15T11:01:00+02:00,7.84451,7.84454,7.84451,7.84453,4
SQ:USDHKD,2019-10-15T11:02:00+02:00,7.84453,7.84453,7.84447,7.84447,11
SQ:USDHKD,2019-10-15T11:03:00+02:00,7.84447,7.84447,7.84444,7.84444,3
SQ:USDHKD,2019-10-15T11:04:00+02:00,7.84444,7.84444,7.84444,7.84444,1
SQ:USDHKD,2019-10-15T11:05:00+02:00,7.84444,7.84446,7.84444,7.84444,4
SQ:USDHKD,2019-10-15T11:06:00+02:00,7.84444,7.84445,7.84444,7.84444,3
SQ:USDHKD,2019-10-15T11:07:00+02:00,7.84444,7.84445,7.84442,7.84442,5
SQ:USDHKD,2019-10-15T11:08:00+02:00,7.84442,7.84442,7.84427,7.84427,8
SQ:USDHKD,2019-10-15T11:09:00+02:00,7.84427,7.84429,7.84420,7.84429,13
SQ:USDHKD,2019-10-15T11:10:00+02:00,7.84429,7.84431,7.84428,7.84428,6
SQ:USDHKD,2019-10-15T11:11:00+02:00,7.84429,7.84431,7.84429,7.84431,2
SQ:USDHKD,2019-10-15T11:12:00+02:00,7.84431,7.84436,7.84424,7.84436,14
SQ:USDHKD,2019-10-15T11:13:00+02:00,7.84436,7.84451,7.84436,7.84445,13
SQ:USDHKD,2019-10-15T11:14:00+02:00,7.84445,7.84446,7.84445,7.84445,5
SQ:USDHKD,2019-10-15T11:15:00+02:00,7.84445,7.84446,7.84445,7.84446,2
SQ:USDHKD,2019-10-15T11:16:00+02:00,7.84445,7.84452,7.84445,7.84447,13
SQ:USDHKD,2019-10-15T11:17:00+02:00,7.84446,7.84448,7.84446,7.84448,2
SQ:USDHKD,2019-10-15T11:18:00+02:00,7.84447,7.84447,7.84445,7.84445,3
SQ:USDHKD,2019-10-15T11:19:00+02:00,7.84445,7.84445,7.84439,7.84439,3
SQ:USDHKD,2019-10-15T11:20:00+02:00,7.84438,7.84450,7.84437,7.84449,13
SQ:USDHKD,2019-10-15T11:21:00+02:00,7.84449,7.84452,7.84449,7.84452,3
SQ:USDHKD,2019-10-15T11:22:00+02:00,7.84452,7.84458,7.84452,7.84458,3
SQ:USDHKD,2019-10-15T11:23:00+02:00,7.84458,7.84458,7.84451,7.84451,5
SQ:USDHKD,2019-10-15T11:24:00+02:00,7.84450,7.84452,7.84449,7.84449,7
SQ:USDHKD,2019-10-15T11:25:00+02:00,7.84449,7.84452,7.84449,7.84452,2
SQ:USDHKD,2019-10-15T11:26:00+02:00,7.84452,7.84452,7.84448,7.84448,2
SQ:USDHKD,2019-10-15T11:27:00+02:00,7.84450,7.84450,7.84450,7.84450,1
SQ:USDHKD,2019-10-15T11:28:00+02:00,7.84451,7.84452,7.84451,7.84451,3
SQ:USDHKD,2019-10-15T11:29:00+02:00,7.84451,7.84452,7.84450,7.84452,6
SQ:USDHKD,2019-10-15T11:30:00+02:00,7.84452,7.84452,7.84450,7.84452,5
SQ:USDHKD,2019-10-15T11:31:00+02:00,7.84450,7.84452,7.84450,7.84452,2
SQ:USDHKD,2019-10-15T11:32:00+02:00,7.84455,7.84456,7.84455,7.84456,6
SQ:USDHKD,2019-10-15T11:33:00+02:00,7.84456,7.84491,7.84455,7.84489,14
SQ:USDHKD,2019-10-15T11:34:00+02:00,7.84489,7.84489,7.84459,7.84464,9
SQ:USDHKD,2019-10-15T11:35:00+02:00,7.84467,7.84471,7.84467,7.84468,8
SQ:USDHKD,2019-10-15T11:36:00+02:00,7.84467,7.84467,7.84448,7.84455,13
SQ:USDHKD,2019-10-15T11:37:00+02:00,7.84455,7.84456,7.84455,7.84456,4
SQ:USDHKD,2019-10-15T11:38:00+02:00,7.84456,7.84460,7.84456,7.84460,8
SQ:USDHKD,2019-10-15T11:39:00+02:00,7.84456,7.84460,7.84452,7.84453,10
SQ:USDHKD,2019-10-15T11:40:00+02:00,7.84453,7.84455,7.84452,7.84453,9
SQ:USDHKD,2019-10-15T11:41:00+02:00,7.84453,7.84453,7.84421,7.84425,24
SQ:USDHKD,2019-10-15T11:42:00+02:00,7.84429,7.84441,7.84426,7.84441,13
SQ:USDHKD,2019-10-15T11:43:00+02:00,7.84441,7.84445,7.84438,7.84442,8
SQ:USDHKD,2019-10-15T11:44:00+02:00,7.84442,7.84445,7.84431,7.84431,13
SQ:USDHKD,2019-10-15T11:45:00+02:00,7.84431,7.84434,7.84431,7.84431,11
SQ:USDHKD,2019-10-15T11:46:00+02:00,7.84431,7.84437,7.84431,7.84432,5
SQ:USDHKD,2019-10-15T11:47:00+02:00,7.84432,7.84464,7.84432,7.84464,8
SQ:USDHKD,2019-10-15T11:48:00+02:00,7.84463,7.84463,7.84458,7.84461,7
SQ:USDHKD,2019-10-15T11:49:00+02:00,7.84459,7.84464,7.84449,7.84449,14
SQ:USDHKD,2019-10-15T11:50:00+02:00,7.84449,7.84449,7.84446,7.84446,3
SQ:USDHKD,2019-10-15T11:51:00+02:00,7.84446,7.84447,7.84446,7.84447,2
SQ:USDHKD,2019-10-15T11:52:00+02:00,7.84447,7.84447,7.84444,7.84444,3
SQ:USDHKD,2019-10-15T11:53:00+02:00,7.84444,7.84444,7.84435,7.84435,10
SQ:USDHKD,2019-10-15T11:54:00+02:00,7.84436,7.84438,7.84436,7.84438,2
SQ:USDHKD,2019-10-15T11:55:00+02:00,7.84438,7.84442,7.84436,7.84441,6
SQ:USDHKD,2019-10-15T11:56:00+02:00,7.84441,7.84443,7.84437,7.84437,10
SQ:USDHKD,2019-10-15T11:57:00+02:00,7.84437,7.84447,7.84437,7.84447,7
SQ:USDHKD,2019-10-15T11:58:00+02:00,7.84443,7.84452,7.84443,7.84451,23
SQ:USDHKD,2019-10-15T11:59:00+02:00,7.84450,7.84467,7.84449,7.84465,30
SQ:USDHKD,2019-10-15T12:00:00+02:00,7.84465,7.84483,7.84465,7.84474,11
SQ:USDHKD,2019-10-15T12:01:00+02:00,7.84474,7.84475,7.84473,7.84474,5
SQ:USDHKD,2019-10-15T12:02:00+02:00,7.84474,7.84474,7.84462,7.84464,6
SQ:USDHKD,2019-10-15T12:03:00+02:00,7.84464,7.84464,7.84449,7.84449,8
SQ:USDHKD,2019-10-15T12:04:00+02:00,7.84445,7.84448,7.84445,7.84448,2
SQ:USDHKD,2019-10-15T12:05:00+02:00,7.84448,7.84459,7.84446,7.84454,11
SQ:USDHKD,2019-10-15T12:06:00+02:00,7.84456,7.84456,7.84447,7.84447,4
SQ:USDHKD,2019-10-15T12:07:00+02:00,7.84447,7.84447,7.84436,7.84442,7
SQ:USDHKD,2019-10-15T12:08:00+02:00,7.84436,7.84439,7.84434,7.84434,6
SQ:USDHKD,2019-10-15T12:09:00+02:00,7.84434,7.84447,7.84434,7.84439,6
SQ:USDHKD,2019-10-15T12:10:00+02:00,7.84443,7.84443,7.84438,7.84441,10
SQ:USDHKD,2019-10-15T12:11:00+02:00,7.84441,7.84442,7.84441,7.84442,2
SQ:USDHKD,2019-10-15T12:12:00+02:00,7.84442,7.84442,7.84442,7.84442,1
SQ:USDHKD,2019-10-15T12:13:00+02:00,7.84445,7.84470,7.84442,7.84470,7
SQ:USDHKD,2019-10-15T12:14:00+02:00,7.84470,7.84474,7.84470,7.84471,3
SQ:USDHKD,2019-10-15T12:15:00+02:00,7.84471,7.84471,7.84464,7.84464,2
SQ:USDHKD,2019-10-15T12:16:00+02:00,7.84463,7.84470,7.84463,7.84470,2
SQ:USDHKD,2019-10-15T12:17:00+02:00,7.84470,7.84470,7.84469,7.84469,2
SQ:USDHKD,2019-10-15T12:18:00+02:00,7.84469,7.84469,7.84469,7.84469,1
SQ:USDHKD,2019-10-15T12:19:00+02:00,7.84469,7.84471,7.84467,7.84471,4
SQ:USDHKD,2019-10-15T12:20:00+02:00,7.84471,7.84479,7.84471,7.84471,6
SQ:USDHKD,2019-10-15T12:21:00+02:00,7.84471,7.84475,7.84471,7.84475,4
SQ:USDHKD,2019-10-15T12:22:00+02:00,7.84475,7.84475,7.84475,7.84475,1
SQ:USDHKD,2019-10-15T12:23:00+02:00,7.84469,7.84472,7.84469,7.84471,3
SQ:USDHKD,2019-10-15T12:24:00+02:00,7.84471,7.84474,7.84471,7.84474,2
SQ:USDHKD,2019-10-15T12:25:00+02:00,7.84473,7.84473,7.84466,7.84467,5
SQ:USDHKD,2019-10-15T12:26:00+02:00,7.84466,7.84467,7.84466,7.84467,2
SQ:USDHKD,2019-10-15T12:27:00+02:00,7.84466,7.84466,7.84464,7.84465,4
SQ:USDHKD,2019-10-15T12:28:00+02:00,7.84465,7.84465,7.84465,7.84465,1
SQ:USDHKD,2019-10-15T12:29:00+02:00,7.84464,7.84467,7.84463,7.84467,3
SQ:USDHKD,2019-10-15T12:30:00+02:00,7.84466,7.84466,7.84465,7.84465,2
SQ:USDHKD,2019-10-15T12:31:00+02:00,7.84469,7.84469,7.84469,7.84469,1
SQ:USDHKD,2019-10-15T12:32:00+02:00,7.84468,7.84468,7.84468,7.84468,1
SQ:USDHKD,2019-10-15T12:33:00+02:00,7.84468,7.84468,7.84464,7.84464,3
SQ:USDHKD,2019-10-15T12:34:00+02:00,7.84464,7.84464,7.84464,7.84464,1
SQ:USDHKD,2019-10-15T12:35:00+02:00,7.84464,7.84466,7.84464,7.84464,3
SQ:USDHKD,2019-10-15T12:36:00+02:00,7.84465,7.84465,7.84465,7.84465,1
SQ:USDHKD,2019-10-15T12:37:00+02:00,7.84465,7.84466,7.84465,7.84466,2
SQ:USDHKD,2019-10-15T12:38:00+02:00,7.84466,7.84466,7.84466,7.84466,1
SQ:USDHKD,2019-10-15T12:39:00+02:00,7.84466,7.84467,7.84447,7.84448,10
SQ:USDHKD,2019-10-15T12:40:00+02:00,7.84450,7.84451,7.84448,7.84448,5
SQ:USDHKD,2019-10-15T12:41:00+02:00,7.84448,7.84463,7.84448,7.84462,4
SQ:USDHKD,2019-10-15T12:42:00+02:00,7.84462,7.84463,7.84462,7.84463,2
SQ:USDHKD,2019-10-15T12:43:00+02:00,7.84463,7.84463,7.84463,7.84463,1
SQ:USDHKD,2019-10-15T12:44:00+02:00,7.84462,7.84462,7.84462,7.84462,1
SQ:USDHKD,2019-10-15T12:45:00+02:00,7.84463,7.84463,7.84462,7.84462,2
SQ:USDHKD,2019-10-15T12:46:00+02:00,7.84462,7.84463,7.84462,7.84463,2
SQ:USDHKD,2019-10-15T12:47:00+02:00,7.84464,7.84476,7.84464,7.84476,9
SQ:USDHKD,2019-10-15T12:48:00+02:00,7.84476,7.84476,7.84472,7.84472,4
SQ:USDHKD,2019-10-15T12:49:00+02:00,7.84472,7.84474,7.84472,7.84472,5
SQ:USDHKD,2019-10-15T12:50:00+02:00,7.84471,7.84471,7.84470,7.84470,4
SQ:USDHKD,2019-10-15T12:51:00+02:00,7.84470,7.84472,7.84470,7.84471,4
SQ:USDHKD,2019-10-15T12:52:00+02:00,7.84472,7.84472,7.84469,7.84469,3
SQ:USDHKD,2019-10-15T12:53:00+02:00,7.84469,7.84472,7.84469,7.84472,3
SQ:USDHKD,2019-10-15T12:54:00+02:00,7.84472,7.84481,7.84472,7.84481,3
SQ:USDHKD,2019-10-15T12:55:00+02:00,7.84481,7.84487,7.84481,7.84487,3
SQ:USDHKD,2019-10-15T12:56:00+02:00,7.84487,7.84497,7.84479,7.84497,11
SQ:USDHKD,2019-10-15T12:57:00+02:00,7.84497,7.84508,7.84494,7.84507,12
SQ:USDHKD,2019-10-15T12:58:00+02:00,7.84510,7.84510,7.84510,7.84510,1
SQ:USDHKD,2019-10-15T12:59:00+02:00,7.84510,7.84510,7.84508,7.84508,2
SQ:USDHKD,2019-10-15T13:00:00+02:00,7.84508,7.84509,7.84503,7.84503,6
SQ:USDHKD,2019-10-15T13:01:00+02:00,7.84503,7.84503,7.84501,7.84501,2
SQ:USDHKD,2019-10-15T13:02:00+02:00,7.84501,7.84501,7.84498,7.84498,4
SQ:USDHKD,2019-10-15T13:03:00+02:00,7.84498,7.84504,7.84498,7.84504,6
SQ:USDHKD,2019-10-15T13:04:00+02:00,7.84503,7.84505,7.84501,7.84504,6
SQ:USDHKD,2019-10-15T13:05:00+02:00,7.84503,7.84506,7.84495,7.84504,6
SQ:USDHKD,2019-10-15T13:06:00+02:00,7.84504,7.84506,7.84504,7.84506,2
SQ:USDHKD,2019-10-15T13:07:00+02:00,7.84506,7.84506,7.84498,7.84505,3
SQ:USDHKD,2019-10-15T13:08:00+02:00,7.84505,7.84511,7.84502,7.84508,12
SQ:USDHKD,2019-10-15T13:09:00+02:00,7.84508,7.84508,7.84508,7.84508,1
SQ:USDHKD,2019-10-15T13:10:00+02:00,7.84508,7.84512,7.84508,7.84508,5
SQ:USDHKD,2019-10-15T13:11:00+02:00,7.84508,7.84508,7.84507,7.84508,3
SQ:USDHKD,2019-10-15T13:12:00+02:00,7.84508,7.84508,7.84507,7.84507,2
SQ:USDHKD,2019-10-15T13:13:00+02:00,7.84507,7.84507,7.84501,7.84504,7
SQ:USDHKD,2019-10-15T13:14:00+02:00,7.84504,7.84504,7.84501,7.84502,4
SQ:USDHKD,2019-10-15T13:15:00+02:00,7.84505,7.84505,7.84505,7.84505,1
SQ:USDHKD,2019-10-15T13:16:00+02:00,7.84502,7.84502,7.84502,7.84502,1
SQ:USDHKD,2019-10-15T13:17:00+02:00,7.84502,7.84507,7.84502,7.84507,2
SQ:USDHKD,2019-10-15T13:18:00+02:00,7.84507,7.84507,7.84502,7.84502,2
SQ:USDHKD,2019-10-15T13:20:00+02:00,7.84502,7.84505,7.84501,7.84502,5
SQ:USDHKD,2019-10-15T13:21:00+02:00,7.84502,7.84505,7.84501,7.84501,3
SQ:USDHKD,2019-10-15T13:22:00+02:00,7.84505,7.84505,7.84501,7.84502,5
SQ:USDHKD,2019-10-15T13:23:00+02:00,7.84505,7.84505,7.84504,7.84504,2
SQ:USDHKD,2019-10-15T13:24:00+02:00,7.84504,7.84508,7.84501,7.84508,6
SQ:USDHKD,2019-10-15T13:25:00+02:00,7.84506,7.84506,7.84503,7.84503,2
SQ:USDHKD,2019-10-15T13:26:00+02:00,7.84509,7.84509,7.84500,7.84501,5
SQ:USDHKD,2019-10-15T13:27:00+02:00,7.84501,7.84501,7.84501,7.84501,1
SQ:USDHKD,2019-10-15T13:28:00+02:00,7.84501,7.84505,7.84501,7.84503,5
SQ:USDHKD,2019-10-15T13:29:00+02:00,7.84503,7.84503,7.84501,7.84501,2
SQ:USDHKD,2019-10-15T13:30:00+02:00,7.84501,7.84501,7.84501,7.84501,1
SQ:USDHKD,2019-10-15T13:31:00+02:00,7.84501,7.84508,7.84501,7.84507,3
SQ:USDHKD,2019-10-15T13:32:00+02:00,7.84507,7.84507,7.84507,7.84507,1
SQ:USDHKD,2019-10-15T13:33:00+02:00,7.84507,7.84507,7.84507,7.84507,1
SQ:USDHKD,2019-10-15T13:34:00+02:00,7.84507,7.84507,7.84507,7.84507,1
SQ:USDHKD,2019-10-15T13:35:00+02:00,7.84507,7.84507,7.84507,7.84507,1
SQ:USDHKD,2019-10-15T13:36:00+02:00,7.84507,7.84507,7.84504,7.84504,3
SQ:USDHKD,2019-10-15T13:37:00+02:00,7.84506,7.84509,7.84505,7.84509,5
SQ:USDHKD,2019-10-15T13:38:00+02:00,7.84508,7.84508,7.84508,7.84508,1
SQ:USDHKD,2019-10-15T13:39:00+02:00,7.84509,7.84509,7.84509,7.84509,1
SQ:USDHKD,2019-10-15T13:40:00+02:00,7.84509,7.84509,7.84505,7.84505,3
SQ:USDHKD,2019-10-15T13:41:00+02:00,7.84505,7.84505,7.84505,7.84505,1
SQ:USDHKD,2019-10-15T13:42:00+02:00,7.84505,7.84509,7.84505,7.84509,3
SQ:USDHKD,2019-10-15T13:43:00+02:00,7.84508,7.84510,7.84491,7.84491,6
SQ:USDHKD,2019-10-15T13:44:00+02:00,7.84491,7.84492,7.84491,7.84492,2
SQ:USDHKD,2019-10-15T13:45:00+02:00,7.84490,7.84490,7.84490,7.84490,1
SQ:USDHKD,2019-10-15T13:46:00+02:00,7.84489,7.84492,7.84489,7.84492,2
SQ:USDHKD,2019-10-15T13:47:00+02:00,7.84490,7.84494,7.84490,7.84494,7
SQ:USDHKD,2019-10-15T13:48:00+02:00,7.84494,7.84494,7.84483,7.84484,7
SQ:USDHKD,2019-10-15T13:49:00+02:00,7.84484,7.84485,7.84483,7.84483,3
SQ:USDHKD,2019-10-15T13:50:00+02:00,7.84478,7.84482,7.84478,7.84478,3
SQ:USDHKD,2019-10-15T13:51:00+02:00,7.84478,7.84482,7.84478,7.84482,2
SQ:USDHKD,2019-10-15T13:52:00+02:00,7.84482,7.84482,7.84482,7.84482,1
SQ:USDHKD,2019-10-15T13:53:00+02:00,7.84482,7.84482,7.84482,7.84482,1
SQ:USDHKD,2019-10-15T13:54:00+02:00,7.84482,7.84495,7.84482,7.84483,13
SQ:USDHKD,2019-10-15T13:55:00+02:00,7.84485,7.84493,7.84482,7.84482,4
SQ:USDHKD,2019-10-15T13:56:00+02:00,7.84482,7.84482,7.84482,7.84482,1
SQ:USDHKD,2019-10-15T13:57:00+02:00,7.84482,7.84486,7.84480,7.84482,5
SQ:USDHKD,2019-10-15T13:58:00+02:00,7.84482,7.84482,7.84473,7.84482,7
SQ:USDHKD,2019-10-15T13:59:00+02:00,7.84482,7.84482,7.84482,7.84482,1
SQ:USDHKD,2019-10-15T14:00:00+02:00,7.84482,7.84482,7.84472,7.84482,10
SQ:USDHKD,2019-10-15T14:01:00+02:00,7.84482,7.84487,7.84482,7.84487,4
SQ:USDHKD,2019-10-15T14:02:00+02:00,7.84487,7.84487,7.84478,7.84479,8
SQ:USDHKD,2019-10-15T14:03:00+02:00,7.84477,7.84482,7.84477,7.84480,4
SQ:USDHKD,2019-10-15T14:04:00+02:00,7.84479,7.84482,7.84479,7.84482,2
SQ:USDHKD,2019-10-15T14:05:00+02:00,7.84482,7.84482,7.84481,7.84481,2
SQ:USDHKD,2019-10-15T14:07:00+02:00,7.84482,7.84482,7.84482,7.84482,1
SQ:USDHKD,2019-10-15T14:08:00+02:00,7.84482,7.84482,7.84482,7.84482,1
SQ:USDHKD,2019-10-15T14:09:00+02:00,7.84482,7.84487,7.84482,7.84487,7
SQ:USDHKD,2019-10-15T14:10:00+02:00,7.84487,7.84487,7.84482,7.84482,3
SQ:USDHKD,2019-10-15T14:11:00+02:00,7.84482,7.84482,7.84482,7.84482,1
SQ:USDHKD,2019-10-15T14:12:00+02:00,7.84482,7.84482,7.84482,7.84482,1
SQ:USDHKD,2019-10-15T14:13:00+02:00,7.84482,7.84484,7.84482,7.84482,4
SQ:USDHKD,2019-10-15T14:14:00+02:00,7.84482,7.84483,7.84482,7.84482,3
SQ:USDHKD,2019-10-15T14:15:00+02:00,7.84482,7.84482,7.84482,7.84482,1
SQ:USDHKD,2019-10-15T14:16:00+02:00,7.84482,7.84489,7.84482,7.84488,11
SQ:USDHKD,2019-10-15T14:17:00+02:00,7.84488,7.84488,7.84485,7.84485,3
SQ:USDHKD,2019-10-15T14:18:00+02:00,7.84485,7.84485,7.84482,7.84482,3
SQ:USDHKD,2019-10-15T14:19:00+02:00,7.84482,7.84482,7.84481,7.84481,2
SQ:USDHKD,2019-10-15T14:20:00+02:00,7.84481,7.84481,7.84481,7.84481,1
SQ:USDHKD,2019-10-15T14:21:00+02:00,7.84481,7.84481,7.84481,7.84481,1
SQ:USDHKD,2019-10-15T14:22:00+02:00,7.84481,7.84481,7.84477,7.84477,3
SQ:USDHKD,2019-10-15T14:23:00+02:00,7.84477,7.84477,7.84477,7.84477,1
SQ:USDHKD,2019-10-15T14:24:00+02:00,7.84477,7.84477,7.84477,7.84477,1
SQ:USDHKD,2019-10-15T14:25:00+02:00,7.84478,7.84478,7.84478,7.84478,1
SQ:USDHKD,2019-10-15T14:26:00+02:00,7.84477,7.84479,7.84477,7.84479,2
SQ:USDHKD,2019-10-15T14:27:00+02:00,7.84479,7.84479,7.84479,7.84479,1
SQ:USDHKD,2019-10-15T14:28:00+02:00,7.84479,7.84481,7.84479,7.84481,2
SQ:USDHKD,2019-10-15T14:29:00+02:00,7.84481,7.84482,7.84481,7.84482,2
SQ:USDHKD,2019-10-15T14:30:00+02:00,7.84483,7.84483,7.84482,7.84482,4
SQ:USDHKD,2019-10-15T14:31:00+02:00,7.84482,7.84482,7.84482,7.84482,1
SQ:USDHKD,2019-10-15T14:32:00+02:00,7.84488,7.84488,7.84482,7.84488,6
SQ:USDHKD,2019-10-15T14:33:00+02:00,7.84489,7.84489,7.84489,7.84489,1
SQ:USDHKD,2019-10-15T14:34:00+02:00,7.84489,7.84489,7.84486,7.84486,2
SQ:USDHKD,2019-10-15T14:36:00+02:00,7.84486,7.84488,7.84486,7.84488,2
SQ:USDHKD,2019-10-15T14:37:00+02:00,7.84487,7.84487,7.84487,7.84487,1
SQ:USDHKD,2019-10-15T14:38:00+02:00,7.84487,7.84488,7.84487,7.84488,2
SQ:USDHKD,2019-10-15T14:39:00+02:00,7.84488,7.84488,7.84488,7.84488,1
SQ:USDHKD,2019-10-15T14:40:00+02:00,7.84488,7.84488,7.84488,7.84488,1
SQ:USDHKD,2019-10-15T14:41:00+02:00,7.84488,7.84492,7.84487,7.84492,6
SQ:USDHKD,2019-10-15T14:42:00+02:00,7.84492,7.84492,7.84491,7.84492,3
SQ:USDHKD,2019-10-15T14:43:00+02:00,7.84492,7.84492,7.84492,7.84492,1
SQ:USDHKD,2019-10-15T14:44:00+02:00,7.84491,7.84491,7.84491,7.84491,1
SQ:USDHKD,2019-10-15T14:45:00+02:00,7.84491,7.84494,7.84491,7.84492,4
SQ:USDHKD,2019-10-15T14:46:00+02:00,7.84492,7.84495,7.84492,7.84495,4
SQ:USDHKD,2019-10-15T14:47:00+02:00,7.84493,7.84493,7.84493,7.84493,1
SQ:USDHKD,2019-10-15T14:48:00+02:00,7.84493,7.84496,7.84492,7.84495,10
SQ:USDHKD,2019-10-15T14:49:00+02:00,7.84495,7.84495,7.84495,7.84495,1
SQ:USDHKD,2019-10-15T14:50:00+02:00,7.84495,7.84495,7.84493,7.84494,6
SQ:USDHKD,2019-10-15T14:51:00+02:00,7.84494,7.84494,7.84494,7.84494,1
SQ:USDHKD,2019-10-15T14:52:00+02:00,7.84495,7.84502,7.84495,7.84499,7
SQ:USDHKD,2019-10-15T14:53:00+02:00,7.84500,7.84500,7.84497,7.84497,6
SQ:USDHKD,2019-10-15T14:54:00+02:00,7.84497,7.84497,7.84495,7.84496,4
SQ:USDHKD,2019-10-15T14:55:00+02:00,7.84497,7.84515,7.84497,7.84515,3
SQ:USDHKD,2019-10-15T14:56:00+02:00,7.84515,7.84515,7.84515,7.84515,1
SQ:USDHKD,2019-10-15T14:58:00+02:00,7.84515,7.84515,7.84515,7.84515,1
SQ:USDHKD,2019-10-15T14:59:00+02:00,7.84515,7.84515,7.84513,7.84513,2
SQ:USDHKD,2019-10-15T15:00:00+02:00,7.84513,7.84513,7.84513,7.84513,1
SQ:USDHKD,2019-10-15T15:01:00+02:00,7.84513,7.84513,7.84513,7.84513,1
SQ:USDHKD,2019-10-15T15:02:00+02:00,7.84513,7.84517,7.84513,7.84517,6
SQ:USDHKD,2019-10-15T15:03:00+02:00,7.84518,7.84520,7.84518,7.84520,2
SQ:USDHKD,2019-10-15T15:04:00+02:00,7.84521,7.84521,7.84521,7.84521,1
SQ:USDHKD,2019-10-15T15:05:00+02:00,7.84521,7.84521,7.84517,7.84518,4
SQ:USDHKD,2019-10-15T15:06:00+02:00,7.84516,7.84516,7.84516,7.84516,1
SQ:USDHKD,2019-10-15T15:07:00+02:00,7.84516,7.84518,7.84516,7.84518,2
SQ:USDHKD,2019-10-15T15:08:00+02:00,7.84517,7.84517,7.84517,7.84517,1
SQ:USDHKD,2019-10-15T15:09:00+02:00,7.84517,7.84520,7.84517,7.84518,3
SQ:USDHKD,2019-10-15T15:10:00+02:00,7.84517,7.84517,7.84517,7.84517,1
SQ:USDHKD,2019-10-15T15:11:00+02:00,7.84517,7.84518,7.84517,7.84518,4
SQ:USDHKD,2019-10-15T15:12:00+02:00,7.84518,7.84518,7.84517,7.84517,2
SQ:USDHKD,2019-10-15T15:13:00+02:00,7.84517,7.84518,7.84517,7.84518,2
SQ:USDHKD,2019-10-15T15:14:00+02:00,7.84518,7.84518,7.84517,7.84517,2
SQ:USDHKD,2019-10-15T15:16:00+02:00,7.84517,7.84517,7.84516,7.84516,2
SQ:USDHKD,2019-10-15T15:17:00+02:00,7.84516,7.84518,7.84516,7.84518,2
SQ:USDHKD,2019-10-15T15:18:00+02:00,7.84518,7.84518,7.84515,7.84515,3
SQ:USDHKD,2019-10-15T15:19:00+02:00,7.84515,7.84516,7.84515,7.84516,2
SQ:USDHKD,2019-10-15T15:20:00+02:00,7.84517,7.84517,7.84517,7.84517,1
SQ:USDHKD,2019-10-15T15:21:00+02:00,7.84517,7.84517,7.84517,7.84517,1
SQ:USDHKD,2019-10-15T15:22:00+02:00,7.84518,7.84518,7.84517,7.84517,2
SQ:USDHKD,2019-10-15T15:23:00+02:00,7.84518,7.84518,7.84518,7.84518,1
SQ:USDHKD,2019-10-15T15:24:00+02:00,7.84518,7.84518,7.84516,7.84516,2
SQ:USDHKD,2019-10-15T15:25:00+02:00,7.84514,7.84521,7.84514,7.84521,6
SQ:USDHKD,2019-10-15T15:26:00+02:00,7.84521,7.84525,7.84520,7.84525,6
SQ:USDHKD,2019-10-15T15:27:00+02:00,7.84525,7.84525,7.84523,7.84525,3
SQ:USDHKD,2019-10-15T15:28:00+02:00,7.84525,7.84525,7.84525,7.84525,1
SQ:USDHKD,2019-10-15T15:29:00+02:00,7.84524,7.84526,7.84524,7.84526,2
SQ:USDHKD,2019-10-15T15:30:00+02:00,7.84526,7.84526,7.84520,7.84524,7
SQ:USDHKD,2019-10-15T15:31:00+02:00,7.84524,7.84524,7.84524,7.84524,1
SQ:USDHKD,2019-10-15T15:32:00+02:00,7.84523,7.84523,7.84521,7.84521,6
SQ:USDHKD,2019-10-15T15:33:00+02:00,7.84521,7.84523,7.84520,7.84520,16
SQ:USDHKD,2019-10-15T15:34:00+02:00,7.84521,7.84521,7.84520,7.84520,2
SQ:USDHKD,2019-10-15T15:35:00+02:00,7.84520,7.84522,7.84517,7.84517,8
SQ:USDHKD,2019-10-15T15:36:00+02:00,7.84517,7.84517,7.84517,7.84517,1
SQ:USDHKD,2019-10-15T15:37:00+02:00,7.84517,7.84517,7.84514,7.84514,4
SQ:USDHKD,2019-10-15T15:38:00+02:00,7.84514,7.84516,7.84514,7.84516,2
SQ:USDHKD,2019-10-15T15:39:00+02:00,7.84517,7.84518,7.84517,7.84517,3
SQ:USDHKD,2019-10-15T15:40:00+02:00,7.84517,7.84517,7.84517,7.84517,1
SQ:USDHKD,2019-10-15T15:41:00+02:00,7.84517,7.84519,7.84517,7.84518,4
SQ:USDHKD,2019-10-15T15:42:00+02:00,7.84518,7.84519,7.84518,7.84519,2
SQ:USDHKD,2019-10-15T15:43:00+02:00,7.84519,7.84524,7.84519,7.84524,4
SQ:USDHKD,2019-10-15T15:44:00+02:00,7.84524,7.84524,7.84519,7.84519,8
SQ:USDHKD,2019-10-15T15:45:00+02:00,7.84519,7.84519,7.84516,7.84517,6
SQ:USDHKD,2019-10-15T15:46:00+02:00,7.84515,7.84516,7.84515,7.84516,2
SQ:USDHKD,2019-10-15T15:47:00+02:00,7.84515,7.84515,7.84515,7.84515,1
SQ:USDHKD,2019-10-15T15:48:00+02:00,7.84515,7.84516,7.84513,7.84514,6
SQ:USDHKD,2019-10-15T15:49:00+02:00,7.84514,7.84514,7.84514,7.84514,1
SQ:USDHKD,2019-10-15T15:50:00+02:00,7.84515,7.84515,7.84515,7.84515,1
SQ:USDHKD,2019-10-15T15:51:00+02:00,7.84522,7.84522,7.84520,7.84520,3
SQ:USDHKD,2019-10-15T15:52:00+02:00,7.84520,7.84521,7.84519,7.84521,3
SQ:USDHKD,2019-10-15T15:53:00+02:00,7.84521,7.84521,7.84519,7.84519,3
SQ:USDHKD,2019-10-15T15:54:00+02:00,7.84518,7.84518,7.84517,7.84517,2
SQ:USDHKD,2019-10-15T15:56:00+02:00,7.84517,7.84517,7.84516,7.84517,3
SQ:USDHKD,2019-10-15T15:57:00+02:00,7.84517,7.84535,7.84515,7.84533,18
SQ:USDHKD,2019-10-15T15:58:00+02:00,7.84532,7.84538,7.84528,7.84528,32
SQ:USDHKD,2019-10-15T15:59:00+02:00,7.84528,7.84531,7.84525,7.84531,28
SQ:USDHKD,2019-10-15T16:00:00+02:00,7.84530,7.84533,7.84526,7.84531,17
SQ:USDHKD,2019-10-15T16:01:00+02:00,7.84531,7.84534,7.84529,7.84533,10
SQ:USDHKD,2019-10-15T16:02:00+02:00,7.84533,7.84534,7.84528,7.84534,12
SQ:USDHKD,2019-10-15T16:03:00+02:00,7.84534,7.84534,7.84523,7.84524,9
SQ:USDHKD,2019-10-15T16:04:00+02:00,7.84524,7.84539,7.84524,7.84532,8
SQ:USDHKD,2019-10-15T16:05:00+02:00,7.84536,7.84538,7.84525,7.84538,6
SQ:USDHKD,2019-10-15T16:06:00+02:00,7.84538,7.84538,7.84538,7.84538,1
SQ:USDHKD,2019-10-15T16:07:00+02:00,7.84538,7.84538,7.84536,7.84537,7
SQ:USDHKD,2019-10-15T16:08:00+02:00,7.84537,7.84537,7.84531,7.84531,3
SQ:USDHKD,2019-10-15T16:09:00+02:00,7.84536,7.84536,7.84532,7.84532,3
SQ:USDHKD,2019-10-15T16:10:00+02:00,7.84532,7.84532,7.84532,7.84532,1
SQ:USDHKD,2019-10-15T16:11:00+02:00,7.84532,7.84536,7.84532,7.84533,8
SQ:USDHKD,2019-10-15T16:12:00+02:00,7.84532,7.84533,7.84531,7.84533,5
SQ:USDHKD,2019-10-15T16:13:00+02:00,7.84540,7.84540,7.84531,7.84531,5
SQ:USDHKD,2019-10-15T16:14:00+02:00,7.84534,7.84537,7.84531,7.84537,5
SQ:USDHKD,2019-10-15T16:15:00+02:00,7.84531,7.84531,7.84531,7.84531,1
SQ:USDHKD,2019-10-15T16:16:00+02:00,7.84537,7.84537,7.84531,7.84531,2
SQ:USDHKD,2019-10-15T16:17:00+02:00,7.84531,7.84532,7.84528,7.84528,73
SQ:USDHKD,2019-10-15T16:18:00+02:00,7.84532,7.84532,7.84527,7.84529,348
SQ:USDHKD,2019-10-15T16:19:00+02:00,7.84529,7.84529,7.84524,7.84526,5
SQ:USDHKD,2019-10-15T16:20:00+02:00,7.84524,7.84524,7.84524,7.84524,1
SQ:USDHKD,2019-10-15T16:21:00+02:00,7.84524,7.84524,7.84524,7.84524,1
SQ:USDHKD,2019-10-15T16:22:00+02:00,7.84524,7.84525,7.84524,7.84525,4
SQ:USDHKD,2019-10-15T16:23:00+02:00,7.84524,7.84528,7.84524,7.84528,3
SQ:USDHKD,2019-10-15T16:24:00+02:00,7.84524,7.84526,7.84524,7.84524,5
SQ:USDHKD,2019-10-15T16:25:00+02:00,7.84524,7.84527,7.84524,7.84526,4
SQ:USDHKD,2019-10-15T16:26:00+02:00,7.84526,7.84526,7.84526,7.84526,1
SQ:USDHKD,2019-10-15T16:27:00+02:00,7.84527,7.84535,7.84527,7.84531,6
SQ:USDHKD,2019-10-15T16:28:00+02:00,7.84531,7.84531,7.84503,7.84503,14
SQ:USDHKD,2019-10-15T16:29:00+02:00,7.84503,7.84503,7.84492,7.84500,11
SQ:USDHKD,2019-10-15T16:30:00+02:00,7.84501,7.84506,7.84501,7.84505,8
SQ:USDHKD,2019-10-15T16:31:00+02:00,7.84505,7.84505,7.84503,7.84505,3
SQ:USDHKD,2019-10-15T16:32:00+02:00,7.84505,7.84506,7.84505,7.84506,2
SQ:USDHKD,2019-10-15T16:33:00+02:00,7.84505,7.84505,7.84505,7.84505,1
SQ:USDHKD,2019-10-15T16:34:00+02:00,7.84505,7.84521,7.84505,7.84517,20
SQ:USDHKD,2019-10-15T16:35:00+02:00,7.84520,7.84521,7.84520,7.84521,4
SQ:USDHKD,2019-10-15T16:36:00+02:00,7.84521,7.84527,7.84519,7.84527,6
SQ:USDHKD,2019-10-15T16:37:00+02:00,7.84525,7.84525,7.84523,7.84524,3
SQ:USDHKD,2019-10-15T16:38:00+02:00,7.84522,7.84522,7.84521,7.84521,2
SQ:USDHKD,2019-10-15T16:39:00+02:00,7.84521,7.84523,7.84520,7.84523,3
SQ:USDHKD,2019-10-15T16:40:00+02:00,7.84525,7.84527,7.84523,7.84523,6
SQ:USDHKD,2019-10-15T16:41:00+02:00,7.84523,7.84529,7.84506,7.84519,25
SQ:USDHKD,2019-10-15T16:42:00+02:00,7.84521,7.84531,7.84521,7.84531,8
SQ:USDHKD,2019-10-15T16:43:00+02:00,7.84531,7.84531,7.84519,7.84519,7
SQ:USDHKD,2019-10-15T16:44:00+02:00,7.84522,7.84522,7.84522,7.84522,1
SQ:USDHKD,2019-10-15T16:45:00+02:00,7.84522,7.84526,7.84517,7.84525,7
SQ:USDHKD,2019-10-15T16:46:00+02:00,7.84525,7.84526,7.84522,7.84525,4
SQ:USDHKD,2019-10-15T16:47:00+02:00,7.84525,7.84526,7.84525,7.84526,2
SQ:USDHKD,2019-10-15T16:48:00+02:00,7.84523,7.84527,7.84523,7.84527,4
SQ:USDHKD,2019-10-15T16:49:00+02:00,7.84527,7.84532,7.84527,7.84532,4
SQ:USDHKD,2019-10-15T16:50:00+02:00,7.84532,7.84532,7.84530,7.84530,3
SQ:USDHKD,2019-10-15T16:51:00+02:00,7.84530,7.84530,7.84523,7.84527,4
SQ:USDHKD,2019-10-15T16:52:00+02:00,7.84528,7.84528,7.84527,7.84527,2
SQ:USDHKD,2019-10-15T16:53:00+02:00,7.84527,7.84527,7.84521,7.84523,5
SQ:USDHKD,2019-10-15T16:54:00+02:00,7.84523,7.84523,7.84522,7.84522,2
SQ:USDHKD,2019-10-15T16:55:00+02:00,7.84522,7.84523,7.84514,7.84514,13
SQ:USDHKD,2019-10-15T16:56:00+02:00,7.84514,7.84514,7.84512,7.84513,3
SQ:USDHKD,2019-10-15T16:57:00+02:00,7.84513,7.84513,7.84443,7.84443,42
SQ:USDHKD,2019-10-15T16:58:00+02:00,7.84443,7.84443,7.84381,7.84412,78
SQ:USDHKD,2019-10-15T16:59:00+02:00,7.84413,7.84422,7.84363,7.84363,89
SQ:USDHKD,2019-10-15T17:00:00+02:00,7.84353,7.84382,7.84327,7.84342,106
SQ:USDHKD,2019-10-15T17:01:00+02:00,7.84339,7.84367,7.84323,7.84350,65
SQ:USDHKD,2019-10-15T17:02:00+02:00,7.84350,7.84405,7.84350,7.84399,38
SQ:USDHKD,2019-10-15T17:03:00+02:00,7.84399,7.84399,7.84382,7.84384,16
SQ:USDHKD,2019-10-15T17:04:00+02:00,7.84383,7.84383,7.84353,7.84356,27
SQ:USDHKD,2019-10-15T17:05:00+02:00,7.84356,7.84362,7.84355,7.84361,10
SQ:USDHKD,2019-10-15T17:06:00+02:00,7.84361,7.84380,7.84361,7.84377,9
SQ:USDHKD,2019-10-15T17:07:00+02:00,7.84379,7.84398,7.84379,7.84398,11
SQ:USDHKD,2019-10-15T17:08:00+02:00,7.84400,7.84434,7.84400,7.84434,15
SQ:USDHKD,2019-10-15T17:09:00+02:00,7.84440,7.84451,7.84436,7.84447,17
SQ:USDHKD,2019-10-15T17:10:00+02:00,7.84447,7.84448,7.84411,7.84411,11
SQ:USDHKD,2019-10-15T17:11:00+02:00,7.84411,7.84416,7.84410,7.84414,11
SQ:USDHKD,2019-10-15T17:12:00+02:00,7.84413,7.84415,7.84413,7.84414,4
SQ:USDHKD,2019-10-15T17:13:00+02:00,7.84413,7.84416,7.84412,7.84415,5
SQ:USDHKD,2019-10-15T17:14:00+02:00,7.84417,7.84419,7.84417,7.84418,3
SQ:USDHKD,2019-10-15T17:15:00+02:00,7.84413,7.84418,7.84413,7.84415,3
SQ:USDHKD,2019-10-15T17:16:00+02:00,7.84415,7.84415,7.84415,7.84415,1
SQ:USDHKD,2019-10-15T17:17:00+02:00,7.84415,7.84419,7.84413,7.84413,6
SQ:USDHKD,2019-10-15T17:18:00+02:00,7.84413,7.84413,7.84401,7.84402,9
SQ:USDHKD,2019-10-15T17:19:00+02:00,7.84403,7.84403,7.84368,7.84380,26
SQ:USDHKD,2019-10-15T17:20:00+02:00,7.84380,7.84381,7.84374,7.84375,12
SQ:USDHKD,2019-10-15T17:21:00+02:00,7.84375,7.84377,7.84375,7.84375,3
SQ:USDHKD,2019-10-15T17:22:00+02:00,7.84375,7.84384,7.84371,7.84371,14
SQ:USDHKD,2019-10-15T17:23:00+02:00,7.84374,7.84374,7.84369,7.84370,10
SQ:USDHKD,2019-10-15T17:25:00+02:00,7.84370,7.84378,7.84370,7.84375,9
SQ:USDHKD,2019-10-15T17:26:00+02:00,7.84375,7.84375,7.84373,7.84373,2
SQ:USDHKD,2019-10-15T17:27:00+02:00,7.84373,7.84380,7.84373,7.84374,5
SQ:USDHKD,2019-10-15T17:28:00+02:00,7.84378,7.84379,7.84366,7.84366,20
SQ:USDHKD,2019-10-15T17:29:00+02:00,7.84366,7.84411,7.84366,7.84403,16
SQ:USDHKD,2019-10-15T17:30:00+02:00,7.84403,7.84407,7.84388,7.84388,20
SQ:USDHKD,2019-10-15T17:31:00+02:00,7.84393,7.84393,7.84385,7.84391,5
SQ:USDHKD,2019-10-15T17:32:00+02:00,7.84385,7.84385,7.84384,7.84385,3
SQ:USDHKD,2019-10-15T17:33:00+02:00,7.84383,7.84406,7.84383,7.84405,13
SQ:USDHKD,2019-10-15T17:34:00+02:00,7.84405,7.84425,7.84405,7.84421,9
SQ:USDHKD,2019-10-15T17:35:00+02:00,7.84418,7.84426,7.84405,7.84405,10
SQ:USDHKD,2019-10-15T17:36:00+02:00,7.84406,7.84425,7.84406,7.84425,14
SQ:USDHKD,2019-10-15T17:37:00+02:00,7.84425,7.84439,7.84419,7.84421,18
SQ:USDHKD,2019-10-15T17:38:00+02:00,7.84421,7.84437,7.84419,7.84434,11
SQ:USDHKD,2019-10-15T17:39:00+02:00,7.84433,7.84433,7.84410,7.84421,19
SQ:USDHKD,2019-10-15T17:40:00+02:00,7.84415,7.84415,7.84394,7.84407,15
SQ:USDHKD,2019-10-15T17:41:00+02:00,7.84417,7.84435,7.84413,7.84433,81
SQ:USDHKD,2019-10-15T17:42:00+02:00,7.84435,7.84444,7.84430,7.84443,8
SQ:USDHKD,2019-10-15T17:43:00+02:00,7.84443,7.84444,7.84443,7.84444,2
SQ:USDHKD,2019-10-15T17:44:00+02:00,7.84444,7.84444,7.84444,7.84444,1
SQ:USDHKD,2019-10-15T17:45:00+02:00,7.84444,7.84444,7.84443,7.84443,4
SQ:USDHKD,2019-10-15T17:46:00+02:00,7.84443,7.84443,7.84440,7.84440,2
SQ:USDHKD,2019-10-15T17:47:00+02:00,7.84441,7.84447,7.84441,7.84445,6
SQ:USDHKD,2019-10-15T17:49:00+02:00,7.84444,7.84444,7.84443,7.84443,2
SQ:USDHKD,2019-10-15T17:50:00+02:00,7.84442,7.84446,7.84440,7.84440,9
SQ:USDHKD,2019-10-15T17:51:00+02:00,7.84440,7.84447,7.84422,7.84422,11
SQ:USDHKD,2019-10-15T17:52:00+02:00,7.84422,7.84422,7.84422,7.84422,1
SQ:USDHKD,2019-10-15T17:53:00+02:00,7.84422,7.84422,7.84415,7.84415,3
SQ:USDHKD,2019-10-15T17:54:00+02:00,7.84415,7.84415,7.84414,7.84414,2
SQ:USDHKD,2019-10-15T17:55:00+02:00,7.84411,7.84411,7.84389,7.84389,15
SQ:USDHKD,2019-10-15T17:56:00+02:00,7.84387,7.84387,7.84383,7.84384,3
SQ:USDHKD,2019-10-15T17:57:00+02:00,7.84384,7.84386,7.84383,7.84386,5
SQ:USDHKD,2019-10-15T17:58:00+02:00,7.84386,7.84389,7.84386,7.84389,3
SQ:USDHKD,2019-10-15T17:59:00+02:00,7.84387,7.84388,7.84377,7.84379,13
SQ:USDHKD,2019-10-15T18:00:00+02:00,7.84379,7.84381,7.84375,7.84381,7
SQ:USDHKD,2019-10-15T18:01:00+02:00,7.84381,7.84381,7.84381,7.84381,1
SQ:USDHKD,2019-10-15T18:02:00+02:00,7.84381,7.84381,7.84378,7.84378,9
SQ:USDHKD,2019-10-15T18:03:00+02:00,7.84378,7.84381,7.84378,7.84379,6
SQ:USDHKD,2019-10-15T18:04:00+02:00,7.84379,7.84379,7.84376,7.84378,3
SQ:USDHKD,2019-10-15T18:05:00+02:00,7.84378,7.84394,7.84376,7.84392,341
SQ:USDHKD,2019-10-15T18:06:00+02:00,7.84393,7.84397,7.84393,7.84397,5
SQ:USDHKD,2019-10-15T18:08:00+02:00,7.84395,7.84395,7.84395,7.84395,1
SQ:USDHKD,2019-10-15T18:10:00+02:00,7.84396,7.84399,7.84396,7.84399,4
SQ:USDHKD,2019-10-15T18:12:00+02:00,7.84398,7.84405,7.84398,7.84405,3
SQ:USDHKD,2019-10-15T18:13:00+02:00,7.84405,7.84405,7.84405,7.84405,1
SQ:USDHKD,2019-10-15T18:14:00+02:00,7.84405,7.84405,7.84404,7.84404,2
SQ:USDHKD,2019-10-15T18:16:00+02:00,7.84404,7.84404,7.84403,7.84403,4
SQ:USDHKD,2019-10-15T18:17:00+02:00,7.84403,7.84404,7.84403,7.84403,3
SQ:USDHKD,2019-10-15T18:18:00+02:00,7.84403,7.84403,7.84390,7.84390,4
SQ:USDHKD,2019-10-15T18:19:00+02:00,7.84390,7.84391,7.84390,7.84391,2
SQ:USDHKD,2019-10-15T18:20:00+02:00,7.84391,7.84391,7.84391,7.84391,1
SQ:USDHKD,2019-10-15T18:21:00+02:00,7.84391,7.84396,7.84391,7.84396,2
SQ:USDHKD,2019-10-15T18:22:00+02:00,7.84396,7.84396,7.84396,7.84396,1
SQ:USDHKD,2019-10-15T18:23:00+02:00,7.84396,7.84396,7.84396,7.84396,1
SQ:USDHKD,2019-10-15T18:25:00+02:00,7.84396,7.84396,7.84396,7.84396,1
SQ:USDHKD,2019-10-15T18:26:00+02:00,7.84396,7.84396,7.84396,7.84396,1
SQ:USDHKD,2019-10-15T18:27:00+02:00,7.84396,7.84398,7.84394,7.84396,4
SQ:USDHKD,2019-10-15T18:28:00+02:00,7.84396,7.84396,7.84394,7.84394,2
SQ:USDHKD,2019-10-15T18:29:00+02:00,7.84394,7.84400,7.84394,7.84399,4
SQ:USDHKD,2019-10-15T18:30:00+02:00,7.84397,7.84397,7.84397,7.84397,1
SQ:USDHKD,2019-10-15T18:31:00+02:00,7.84397,7.84397,7.84390,7.84391,5
SQ:USDHKD,2019-10-15T18:32:00+02:00,7.84391,7.84391,7.84391,7.84391,1
SQ:USDHKD,2019-10-15T18:33:00+02:00,7.84391,7.84391,7.84391,7.84391,1
SQ:USDHKD,2019-10-15T18:36:00+02:00,7.84391,7.84391,7.84391,7.84391,1
SQ:USDHKD,2019-10-15T18:37:00+02:00,7.84391,7.84391,7.84391,7.84391,1
SQ:USDHKD,2019-10-15T18:39:00+02:00,7.84391,7.84391,7.84391,7.84391,1
SQ:USDHKD,2019-10-15T18:40:00+02:00,7.84391,7.84391,7.84391,7.84391,1
SQ:USDHKD,2019-10-15T18:41:00+02:00,7.84391,7.84392,7.84391,7.84392,2
SQ:USDHKD,2019-10-15T18:42:00+02:00,7.84390,7.84390,7.84390,7.84390,1
SQ:USDHKD,2019-10-15T18:43:00+02:00,7.84390,7.84397,7.84390,7.84395,4
SQ:USDHKD,2019-10-15T18:44:00+02:00,7.84395,7.84395,7.84395,7.84395,1
SQ:USDHKD,2019-10-15T18:45:00+02:00,7.84395,7.84395,7.84395,7.84395,1
SQ:USDHKD,2019-10-15T18:46:00+02:00,7.84395,7.84395,7.84395,7.84395,1
SQ:USDHKD,2019-10-15T18:47:00+02:00,7.84396,7.84396,7.84394,7.84396,3
SQ:USDHKD,2019-10-15T18:48:00+02:00,7.84396,7.84396,7.84396,7.84396,1
SQ:USDHKD,2019-10-15T18:49:00+02:00,7.84396,7.84396,7.84396,7.84396,1
SQ:USDHKD,2019-10-15T18:50:00+02:00,7.84396,7.84396,7.84396,7.84396,1
SQ:USDHKD,2019-10-15T18:54:00+02:00,7.84396,7.84396,7.84359,7.84374,37
SQ:USDHKD,2019-10-15T18:55:00+02:00,7.84382,7.84382,7.84374,7.84374,2
SQ:USDHKD,2019-10-15T18:56:00+02:00,7.84374,7.84374,7.84370,7.84370,2
SQ:USDHKD,2019-10-15T18:57:00+02:00,7.84371,7.84371,7.84371,7.84371,1
SQ:USDHKD,2019-10-15T18:58:00+02:00,7.84371,7.84382,7.84371,7.84374,3
SQ:USDHKD,2019-10-15T18:59:00+02:00,7.84374,7.84374,7.84374,7.84374,1
SQ:USDHKD,2019-10-15T19:00:00+02:00,7.84379,7.84379,7.84375,7.84379,3
SQ:USDHKD,2019-10-15T19:01:00+02:00,7.84375,7.84375,7.84375,7.84375,1
SQ:USDHKD,2019-10-15T19:02:00+02:00,7.84379,7.84379,7.84379,7.84379,1
SQ:USDHKD,2019-10-15T19:03:00+02:00,7.84379,7.84379,7.84375,7.84375,2
SQ:USDHKD,2019-10-15T19:04:00+02:00,7.84376,7.84376,7.84376,7.84376,1
SQ:USDHKD,2019-10-15T19:05:00+02:00,7.84376,7.84387,7.84376,7.84382,4
SQ:USDHKD,2019-10-15T19:06:00+02:00,7.84379,7.84379,7.84379,7.84379,1
SQ:USDHKD,2019-10-15T19:07:00+02:00,7.84379,7.84381,7.84376,7.84376,7
SQ:USDHKD,2019-10-15T19:08:00+02:00,7.84378,7.84378,7.84378,7.84378,1
SQ:USDHKD,2019-10-15T19:09:00+02:00,7.84372,7.84372,7.84372,7.84372,1
SQ:USDHKD,2019-10-15T19:11:00+02:00,7.84371,7.84378,7.84371,7.84378,3
SQ:USDHKD,2019-10-15T19:12:00+02:00,7.84378,7.84378,7.84373,7.84373,5
SQ:USDHKD,2019-10-15T19:13:00+02:00,7.84373,7.84373,7.84373,7.84373,1
SQ:USDHKD,2019-10-15T19:14:00+02:00,7.84374,7.84382,7.84374,7.84382,2
SQ:USDHKD,2019-10-15T19:15:00+02:00,7.84382,7.84382,7.84382,7.84382,1
SQ:USDHKD,2019-10-15T19:17:00+02:00,7.84372,7.84374,7.84372,7.84374,2
SQ:USDHKD,2019-10-15T19:18:00+02:00,7.84373,7.84381,7.84373,7.84381,2
SQ:USDHKD,2019-10-15T19:19:00+02:00,7.84382,7.84382,7.84382,7.84382,1
SQ:USDHKD,2019-10-15T19:20:00+02:00,7.84372,7.84372,7.84372,7.84372,1
SQ:USDHKD,2019-10-15T19:21:00+02:00,7.84373,7.84373,7.84373,7.84373,1
SQ:USDHKD,2019-10-15T19:22:00+02:00,7.84374,7.84382,7.84374,7.84382,2
SQ:USDHKD,2019-10-15T19:23:00+02:00,7.84382,7.84382,7.84382,7.84382,1
SQ:USDHKD,2019-10-15T19:24:00+02:00,7.84382,7.84382,7.84382,7.84382,1
SQ:USDHKD,2019-10-15T19:25:00+02:00,7.84374,7.84382,7.84374,7.84375,4
SQ:USDHKD,2019-10-15T19:26:00+02:00,7.84375,7.84381,7.84375,7.84376,3
SQ:USDHKD,2019-10-15T19:27:00+02:00,7.84376,7.84378,7.84376,7.84378,3
SQ:USDHKD,2019-10-15T19:28:00+02:00,7.84381,7.84381,7.84381,7.84381,1
SQ:USDHKD,2019-10-15T19:29:00+02:00,7.84381,7.84381,7.84377,7.84377,2
SQ:USDHKD,2019-10-15T19:30:00+02:00,7.84375,7.84381,7.84375,7.84381,2
SQ:USDHKD,2019-10-15T19:31:00+02:00,7.84377,7.84377,7.84377,7.84377,1
SQ:USDHKD,2019-10-15T19:32:00+02:00,7.84381,7.84381,7.84381,7.84381,1
SQ:USDHKD,2019-10-15T19:33:00+02:00,7.84377,7.84377,7.84377,7.84377,1
SQ:USDHKD,2019-10-15T19:34:00+02:00,7.84377,7.84381,7.84377,7.84381,2
SQ:USDHKD,2019-10-15T19:35:00+02:00,7.84377,7.84381,7.84377,7.84381,2
SQ:USDHKD,2019-10-15T19:36:00+02:00,7.84377,7.84377,7.84377,7.84377,1
SQ:USDHKD,2019-10-15T19:37:00+02:00,7.84377,7.84379,7.84377,7.84379,2
SQ:USDHKD,2019-10-15T19:38:00+02:00,7.84377,7.84377,7.84375,7.84375,2
SQ:USDHKD,2019-10-15T19:39:00+02:00,7.84375,7.84375,7.84375,7.84375,1
SQ:USDHKD,2019-10-15T19:40:00+02:00,7.84377,7.84377,7.84375,7.84375,2
SQ:USDHKD,2019-10-15T19:41:00+02:00,7.84381,7.84381,7.84377,7.84377,4
SQ:USDHKD,2019-10-15T19:42:00+02:00,7.84380,7.84380,7.84377,7.84377,2
SQ:USDHKD,2019-10-15T19:43:00+02:00,7.84377,7.84377,7.84377,7.84377,1
SQ:USDHKD,2019-10-15T19:44:00+02:00,7.84377,7.84381,7.84373,7.84381,11
SQ:USDHKD,2019-10-15T19:45:00+02:00,7.84381,7.84381,7.84381,7.84381,1
SQ:USDHKD,2019-10-15T19:46:00+02:00,7.84380,7.84380,7.84380,7.84380,1
SQ:USDHKD,2019-10-15T19:47:00+02:00,7.84380,7.84380,7.84376,7.84379,3
SQ:USDHKD,2019-10-15T19:48:00+02:00,7.84378,7.84381,7.84378,7.84381,2
SQ:USDHKD,2019-10-15T19:49:00+02:00,7.84381,7.84381,7.84377,7.84377,2
SQ:USDHKD,2019-10-15T19:50:00+02:00,7.84381,7.84381,7.84378,7.84381,3
SQ:USDHKD,2019-10-15T19:51:00+02:00,7.84378,7.84378,7.84376,7.84376,2
SQ:USDHKD,2019-10-15T19:52:00+02:00,7.84381,7.84381,7.84381,7.84381,1
SQ:USDHKD,2019-10-15T19:53:00+02:00,7.84381,7.84381,7.84374,7.84374,2
SQ:USDHKD,2019-10-15T19:54:00+02:00,7.84374,7.84381,7.84373,7.84373,4
SQ:USDHKD,2019-10-15T19:56:00+02:00,7.84371,7.84371,7.84371,7.84371,1
SQ:USDHKD,2019-10-15T19:57:00+02:00,7.84377,7.84384,7.84353,7.84365,16
SQ:USDHKD,2019-10-15T19:58:00+02:00,7.84364,7.84370,7.84355,7.84363,13
SQ:USDHKD,2019-10-15T19:59:00+02:00,7.84363,7.84371,7.84360,7.84371,8
SQ:USDHKD,2019-10-15T20:00:00+02:00,7.84374,7.84374,7.84372,7.84372,2
SQ:USDHKD,2019-10-15T20:01:00+02:00,7.84372,7.84372,7.84367,7.84369,10
SQ:USDHKD,2019-10-15T20:02:00+02:00,7.84371,7.84371,7.84369,7.84369,2
SQ:USDHKD,2019-10-15T20:03:00+02:00,7.84370,7.84370,7.84370,7.84370,1
SQ:USDHKD,2019-10-15T20:05:00+02:00,7.84370,7.84370,7.84370,7.84370,1
SQ:USDHKD,2019-10-15T20:08:00+02:00,7.84376,7.84376,7.84376,7.84376,1
SQ:USDHKD,2019-10-15T20:09:00+02:00,7.84373,7.84373,7.84373,7.84373,1
SQ:USDHKD,2019-10-15T20:10:00+02:00,7.84373,7.84373,7.84373,7.84373,1
SQ:USDHKD,2019-10-15T20:12:00+02:00,7.84373,7.84379,7.84371,7.84374,9
SQ:USDHKD,2019-10-15T20:13:00+02:00,7.84379,7.84379,7.84379,7.84379,1
SQ:USDHKD,2019-10-15T20:14:00+02:00,7.84379,7.84379,7.84378,7.84378,2
SQ:USDHKD,2019-10-15T20:15:00+02:00,7.84378,7.84378,7.84378,7.84378,1
SQ:USDHKD,2019-10-15T20:16:00+02:00,7.84378,7.84378,7.84378,7.84378,1
SQ:USDHKD,2019-10-15T20:17:00+02:00,7.84378,7.84378,7.84378,7.84378,1
SQ:USDHKD,2019-10-15T20:19:00+02:00,7.84376,7.84376,7.84376,7.84376,1
SQ:USDHKD,2019-10-15T20:22:00+02:00,7.84382,7.84382,7.84377,7.84382,7
SQ:USDHKD,2019-10-15T20:23:00+02:00,7.84382,7.84382,7.84378,7.84380,7
SQ:USDHKD,2019-10-15T20:24:00+02:00,7.84380,7.84380,7.84380,7.84380,1
SQ:USDHKD,2019-10-15T20:27:00+02:00,7.84380,7.84392,7.84380,7.84392,9
SQ:USDHKD,2019-10-15T20:28:00+02:00,7.84392,7.84407,7.84391,7.84404,10
SQ:USDHKD,2019-10-15T20:29:00+02:00,7.84404,7.84404,7.84382,7.84385,7
SQ:USDHKD,2019-10-15T20:30:00+02:00,7.84385,7.84389,7.84381,7.84381,3
SQ:USDHKD,2019-10-15T20:31:00+02:00,7.84389,7.84389,7.84381,7.84381,26
SQ:USDHKD,2019-10-15T20:32:00+02:00,7.84389,7.84389,7.84381,7.84389,19
SQ:USDHKD,2019-10-15T20:34:00+02:00,7.84386,7.84386,7.84386,7.84386,1
SQ:USDHKD,2019-10-15T20:36:00+02:00,7.84394,7.84394,7.84394,7.84394,1
SQ:USDHKD,2019-10-15T20:37:00+02:00,7.84394,7.84414,7.84394,7.84408,14
SQ:USDHKD,2019-10-15T20:38:00+02:00,7.84414,7.84416,7.84404,7.84416,9
SQ:USDHKD,2019-10-15T20:39:00+02:00,7.84414,7.84415,7.84398,7.84401,7
SQ:USDHKD,2019-10-15T20:40:00+02:00,7.84406,7.84414,7.84402,7.84402,6
SQ:USDHKD,2019-10-15T20:41:00+02:00,7.84402,7.84419,7.84402,7.84419,9
SQ:USDHKD,2019-10-15T20:42:00+02:00,7.84419,7.84419,7.84396,7.84402,13
SQ:USDHKD,2019-10-15T20:44:00+02:00,7.84400,7.84400,7.84400,7.84400,1
SQ:USDHKD,2019-10-15T20:45:00+02:00,7.84396,7.84400,7.84396,7.84400,2
SQ:USDHKD,2019-10-15T20:46:00+02:00,7.84394,7.84397,7.84392,7.84394,16
SQ:USDHKD,2019-10-15T20:47:00+02:00,7.84394,7.84394,7.84394,7.84394,1
SQ:USDHKD,2019-10-15T20:48:00+02:00,7.84389,7.84394,7.84386,7.84392,14
SQ:USDHKD,2019-10-15T20:49:00+02:00,7.84394,7.84394,7.84392,7.84394,6
SQ:USDHKD,2019-10-15T20:52:00+02:00,7.84394,7.84397,7.84393,7.84396,9
SQ:USDHKD,2019-10-15T20:53:00+02:00,7.84396,7.84396,7.84396,7.84396,1
SQ:USDHKD,2019-10-15T20:54:00+02:00,7.84396,7.84396,7.84396,7.84396,1
SQ:USDHKD,2019-10-15T20:57:00+02:00,7.84392,7.84396,7.84391,7.84394,7
SQ:USDHKD,2019-10-15T20:59:00+02:00,7.84391,7.84391,7.84391,7.84391,1
SQ:USDHKD,2019-10-15T21:01:00+02:00,7.84385,7.84394,7.84385,7.84392,6
SQ:USDHKD,2019-10-15T21:05:00+02:00,7.84387,7.84387,7.84387,7.84387,1
SQ:USDHKD,2019-10-15T21:06:00+02:00,7.84391,7.84391,7.84391,7.84391,1
SQ:USDHKD,2019-10-15T21:08:00+02:00,7.84387,7.84387,7.84387,7.84387,1
SQ:USDHKD,2019-10-15T21:09:00+02:00,7.84387,7.84396,7.84387,7.84394,5
SQ:USDHKD,2019-10-15T21:17:00+02:00,7.84394,7.84394,7.84394,7.84394,1
SQ:USDHKD,2019-10-15T21:18:00+02:00,7.84387,7.84394,7.84387,7.84393,3
SQ:USDHKD,2019-10-15T21:19:00+02:00,7.84394,7.84404,7.84394,7.84404,2
SQ:USDHKD,2019-10-15T21:20:00+02:00,7.84402,7.84402,7.84402,7.84402,1
SQ:USDHKD,2019-10-15T21:21:00+02:00,7.84402,7.84402,7.84402,7.84402,1
SQ:USDHKD,2019-10-15T21:22:00+02:00,7.84402,7.84402,7.84402,7.84402,1
SQ:USDHKD,2019-10-15T21:23:00+02:00,7.84404,7.84404,7.84403,7.84403,2
SQ:USDHKD,2019-10-15T21:26:00+02:00,7.84405,7.84405,7.84405,7.84405,1
SQ:USDHKD,2019-10-15T21:27:00+02:00,7.84405,7.84405,7.84405,7.84405,1
SQ:USDHKD,2019-10-15T21:29:00+02:00,7.84405,7.84427,7.84403,7.84427,11
SQ:USDHKD,2019-10-15T21:30:00+02:00,7.84427,7.84427,7.84412,7.84423,7
SQ:USDHKD,2019-10-15T21:31:00+02:00,7.84424,7.84444,7.84424,7.84428,13
SQ:USDHKD,2019-10-15T21:32:00+02:00,7.84427,7.84428,7.84427,7.84427,3
SQ:USDHKD,2019-10-15T21:33:00+02:00,7.84427,7.84427,7.84427,7.84427,1
SQ:USDHKD,2019-10-15T21:34:00+02:00,7.84427,7.84428,7.84427,7.84428,2
SQ:USDHKD,2019-10-15T21:35:00+02:00,7.84428,7.84428,7.84428,7.84428,1
SQ:USDHKD,2019-10-15T21:39:00+02:00,7.84428,7.84428,7.84428,7.84428,1
SQ:USDHKD,2019-10-15T21:45:00+02:00,7.84428,7.84431,7.84426,7.84427,5
SQ:USDHKD,2019-10-15T21:46:00+02:00,7.84427,7.84428,7.84427,7.84427,3
SQ:USDHKD,2019-10-15T21:47:00+02:00,7.84427,7.84427,7.84427,7.84427,1
SQ:USDHKD,2019-10-15T21:48:00+02:00,7.84427,7.84427,7.84424,7.84424,3
SQ:USDHKD,2019-10-15T21:49:00+02:00,7.84424,7.84424,7.84424,7.84424,1
SQ:USDHKD,2019-10-15T21:50:00+02:00,7.84424,7.84424,7.84424,7.84424,1
SQ:USDHKD,2019-10-15T21:51:00+02:00,7.84424,7.84424,7.84424,7.84424,1
SQ:USDHKD,2019-10-15T21:52:00+02:00,7.84424,7.84427,7.84424,7.84427,2
SQ:USDHKD,2019-10-15T21:54:00+02:00,7.84427,7.84427,7.84423,7.84423,3
SQ:USDHKD,2019-10-15T21:55:00+02:00,7.84424,7.84432,7.84424,7.84432,6
SQ:USDHKD,2019-10-15T21:56:00+02:00,7.84429,7.84463,7.84429,7.84461,14
SQ:USDHKD,2019-10-15T21:57:00+02:00,7.84461,7.84490,7.84455,7.84489,12
SQ:USDHKD,2019-10-15T21:58:00+02:00,7.84489,7.84518,7.84480,7.84518,24
SQ:USDHKD,2019-10-15T21:59:00+02:00,7.84506,7.84531,7.84506,7.84529,15
SQ:USDHKD,2019-10-15T22:00:00+02:00,7.84529,7.84529,7.84526,7.84526,13
SQ:USDHKD,2019-10-15T22:01:00+02:00,7.84526,7.84529,7.84526,7.84526,3
SQ:USDHKD,2019-10-15T22:02:00+02:00,7.84526,7.84526,7.84526,7.84526,1
SQ:USDHKD,2019-10-15T22:03:00+02:00,7.84518,7.84519,7.84465,7.84469,17
SQ:USDHKD,2019-10-15T22:04:00+02:00,7.84469,7.84471,7.84469,7.84471,2
SQ:USDHKD,2019-10-15T22:05:00+02:00,7.84471,7.84471,7.84471,7.84471,1
SQ:USDHKD,2019-10-15T22:06:00+02:00,7.84471,7.84471,7.84471,7.84471,1
SQ:USDHKD,2019-10-15T22:07:00+02:00,7.84471,7.84472,7.84471,7.84472,2
SQ:USDHKD,2019-10-15T22:08:00+02:00,7.84472,7.84475,7.84472,7.84475,2
SQ:USDHKD,2019-10-15T22:10:00+02:00,7.84475,7.84475,7.84475,7.84475,1
SQ:USDHKD,2019-10-15T22:11:00+02:00,7.84475,7.84475,7.84472,7.84472,2
SQ:USDHKD,2019-10-15T22:13:00+02:00,7.84472,7.84473,7.84472,7.84473,2
SQ:USDHKD,2019-10-15T22:14:00+02:00,7.84470,7.84472,7.84470,7.84472,2
SQ:USDHKD,2019-10-15T22:15:00+02:00,7.84472,7.84472,7.84470,7.84470,2
SQ:USDHKD,2019-10-15T22:16:00+02:00,7.84470,7.84470,7.84470,7.84470,1
SQ:USDHKD,2019-10-15T22:17:00+02:00,7.84470,7.84470,7.84470,7.84470,1
SQ:USDHKD,2019-10-15T22:20:00+02:00,7.84470,7.84470,7.84469,7.84469,2
SQ:USDHKD,2019-10-15T22:21:00+02:00,7.84490,7.84490,7.84490,7.84490,1
SQ:USDHKD,2019-10-15T22:22:00+02:00,7.84471,7.84471,7.84471,7.84471,1
SQ:USDHKD,2019-10-15T22:23:00+02:00,7.84471,7.84471,7.84471,7.84471,1
SQ:USDHKD,2019-10-15T22:27:00+02:00,7.84471,7.84496,7.84471,7.84496,3
SQ:USDHKD,2019-10-15T22:28:00+02:00,7.84496,7.84496,7.84496,7.84496,1
SQ:USDHKD,2019-10-15T22:29:00+02:00,7.84496,7.84496,7.84487,7.84488,3
SQ:USDHKD,2019-10-15T22:30:00+02:00,7.84486,7.84496,7.84486,7.84496,3
SQ:USDHKD,2019-10-15T22:31:00+02:00,7.84496,7.84496,7.84486,7.84486,2
SQ:USDHKD,2019-10-15T22:32:00+02:00,7.84486,7.84496,7.84485,7.84485,7
SQ:USDHKD,2019-10-15T22:33:00+02:00,7.84485,7.84485,7.84485,7.84485,1
SQ:USDHKD,2019-10-15T22:34:00+02:00,7.84484,7.84484,7.84484,7.84484,1
SQ:USDHKD,2019-10-15T22:35:00+02:00,7.84486,7.84486,7.84484,7.84484,2
SQ:USDHKD,2019-10-15T22:39:00+02:00,7.84486,7.84486,7.84484,7.84484,2
SQ:USDHKD,2019-10-15T22:42:00+02:00,7.84483,7.84485,7.84483,7.84485,2
SQ:USDHKD,2019-10-15T22:43:00+02:00,7.84485,7.84485,7.84485,7.84485,1
SQ:USDHKD,2019-10-15T22:44:00+02:00,7.84485,7.84508,7.84485,7.84494,8
SQ:USDHKD,2019-10-15T22:45:00+02:00,7.84494,7.84503,7.84494,7.84495,5
SQ:USDHKD,2019-10-15T22:46:00+02:00,7.84495,7.84495,7.84495,7.84495,1
SQ:USDHKD,2019-10-15T22:47:00+02:00,7.84495,7.84495,7.84489,7.84492,5
SQ:USDHKD,2019-10-15T22:48:00+02:00,7.84492,7.84492,7.84490,7.84490,2
SQ:USDHKD,2019-10-15T22:49:00+02:00,7.84493,7.84493,7.84489,7.84492,5
SQ:USDHKD,2019-10-15T22:50:00+02:00,7.84491,7.84491,7.84489,7.84491,3
SQ:USDHKD,2019-10-15T22:51:00+02:00,7.84491,7.84491,7.84482,7.84483,5
SQ:USDHKD,2019-10-15T22:52:00+02:00,7.84482,7.84484,7.84482,7.84484,4
SQ:USDHKD,2019-10-15T22:53:00+02:00,7.84508,7.84508,7.84485,7.84498,9
SQ:USDHKD,2019-10-15T22:54:00+02:00,7.84498,7.84498,7.84498,7.84498,1
SQ:USDHKD,2019-10-15T23:02:00+02:00,7.84491,7.84491,7.84491,7.84491,1
SQ:USDHKD,2019-10-15T23:03:00+02:00,7.84492,7.84492,7.84492,7.84492,1
SQ:USDHKD,2019-10-15T23:04:00+02:00,7.84488,7.84492,7.84488,7.84492,2
SQ:USDHKD,2019-10-15T23:05:00+02:00,7.84492,7.84492,7.84492,7.84492,1
SQ:USDHKD,2019-10-15T23:06:00+02:00,7.84492,7.84492,7.84492,7.84492,1
SQ:USDHKD,2019-10-15T23:07:00+02:00,7.84492,7.84492,7.84492,7.84492,1
SQ:USDHKD,2019-10-15T23:08:00+02:00,7.84492,7.84492,7.84492,7.84492,1
SQ:USDHKD,2019-10-15T23:09:00+02:00,7.84492,7.84492,7.84492,7.84492,1
SQ:USDHKD,2019-10-15T23:10:00+02:00,7.84492,7.84508,7.84492,7.84500,3
SQ:USDHKD,2019-10-15T23:11:00+02:00,7.84500,7.84500,7.84500,7.84500,1
SQ:USDHKD,2019-10-15T23:12:00+02:00,7.84500,7.84500,7.84492,7.84492,2
SQ:USDHKD,2019-10-15T23:27:00+02:00,7.84488,7.84497,7.84488,7.84497,2
SQ:USDHKD,2019-10-15T23:28:00+02:00,7.84497,7.84497,7.84497,7.84497,1
SQ:USDHKD,2019-10-15T23:29:00+02:00,7.84493,7.84493,7.84493,7.84493,1
SQ:USDHKD,2019-10-15T23:30:00+02:00,7.84467,7.84493,7.84467,7.84492,3
SQ:USDHKD,2019-10-15T23:38:00+02:00,7.84492,7.84492,7.84492,7.84492,1
SQ:USDHKD,2019-10-15T23:41:00+02:00,7.84498,7.84498,7.84498,7.84498,1
SQ:USDHKD,2019-10-15T23:42:00+02:00,7.84498,7.84498,7.84498,7.84498,1
SQ:USDHKD,2019-10-15T23:43:00+02:00,7.84492,7.84492,7.84492,7.84492,1
SQ:USDHKD,2019-10-15T23:44:00+02:00,7.84488,7.84489,7.84488,7.84489,2
SQ:USDHKD,2019-10-15T23:45:00+02:00,7.84484,7.84492,7.84480,7.84492,4
SQ:USDHKD,2019-10-15T23:46:00+02:00,7.84492,7.84492,7.84492,7.84492,1
SQ:USDHKD,2019-10-15T23:48:00+02:00,7.84492,7.84492,7.84492,7.84492,1
SQ:USDHKD,2019-10-15T23:55:00+02:00,7.84493,7.84493,7.84493,7.84493,1
