SQ:XPDUSD,2021-09-08T00:03:00+02:00,2367.230,2367.230,2367.210,2367.210,2
SQ:XPDUSD,2021-09-08T00:04:00+02:00,2367.770,2368.890,2367.460,2368.790,6
SQ:XPDUSD,2021-09-08T00:05:00+02:00,2368.790,2369.940,2368.790,2369.140,6
SQ:XPDUSD,2021-09-08T00:06:00+02:00,2369.140,2369.140,2369.140,2369.140,1
SQ:XPDUSD,2021-09-08T00:07:00+02:00,2369.140,2369.140,2369.140,2369.140,1
SQ:XPDUSD,2021-09-08T00:08:00+02:00,2369.140,2369.140,2369.140,2369.140,1
SQ:XPDUSD,2021-09-08T00:09:00+02:00,2369.140,2369.140,2369.140,2369.140,1
SQ:XPDUSD,2021-09-08T00:10:00+02:00,2369.140,2374.050,2369.140,2373.150,33
SQ:XPDUSD,2021-09-08T00:11:00+02:00,2373.330,2376.000,2373.330,2375.890,15
SQ:XPDUSD,2021-09-08T00:12:00+02:00,2375.890,2377.130,2375.420,2376.960,19
SQ:XPDUSD,2021-09-08T00:13:00+02:00,2378.320,2378.730,2377.160,2378.500,17
SQ:XPDUSD,2021-09-08T00:14:00+02:00,2378.010,2378.010,2367.060,2367.890,17
SQ:XPDUSD,2021-09-08T00:15:00+02:00,2367.860,2367.980,2366.670,2367.300,19
SQ:XPDUSD,2021-09-08T00:16:00+02:00,2367.790,2370.260,2367.350,2369.650,21
SQ:XPDUSD,2021-09-08T00:17:00+02:00,2369.650,2369.730,2369.410,2369.410,6
SQ:XPDUSD,2021-09-08T00:18:00+02:00,2369.150,2369.480,2367.930,2369.480,5
SQ:XPDUSD,2021-09-08T00:19:00+02:00,2369.480,2369.480,2369.190,2369.380,10
SQ:XPDUSD,2021-09-08T00:20:00+02:00,2369.190,2369.410,2369.190,2369.410,2
SQ:XPDUSD,2021-09-08T00:21:00+02:00,2369.410,2372.000,2369.370,2372.000,19
SQ:XPDUSD,2021-09-08T00:22:00+02:00,2367.660,2372.390,2367.660,2372.390,13
SQ:XPDUSD,2021-09-08T00:23:00+02:00,2373.520,2376.750,2373.520,2376.150,13
SQ:XPDUSD,2021-09-08T00:24:00+02:00,2376.200,2376.200,2370.800,2371.080,14
SQ:XPDUSD,2021-09-08T00:25:00+02:00,2371.120,2371.690,2368.250,2370.160,18
SQ:XPDUSD,2021-09-08T00:26:00+02:00,2371.060,2373.680,2369.900,2370.520,16
SQ:XPDUSD,2021-09-08T00:27:00+02:00,2371.350,2371.350,2367.890,2370.180,11
SQ:XPDUSD,2021-09-08T00:28:00+02:00,2371.080,2371.080,2370.590,2370.590,9
SQ:XPDUSD,2021-09-08T00:29:00+02:00,2370.620,2370.660,2369.970,2370.660,5
SQ:XPDUSD,2021-09-08T00:30:00+02:00,2370.660,2371.060,2370.660,2371.060,2
SQ:XPDUSD,2021-09-08T00:32:00+02:00,2370.660,2371.060,2370.660,2371.060,2
SQ:XPDUSD,2021-09-08T00:33:00+02:00,2370.660,2371.060,2370.660,2370.660,3
SQ:XPDUSD,2021-09-08T00:34:00+02:00,2371.060,2371.060,2367.120,2368.270,23
SQ:XPDUSD,2021-09-08T00:35:00+02:00,2368.270,2371.050,2367.820,2368.870,11
SQ:XPDUSD,2021-09-08T00:36:00+02:00,2369.820,2369.820,2362.580,2363.900,31
SQ:XPDUSD,2021-09-08T00:37:00+02:00,2362.560,2367.130,2362.560,2365.360,16
SQ:XPDUSD,2021-09-08T00:38:00+02:00,2364.510,2367.040,2362.380,2366.690,32
SQ:XPDUSD,2021-09-08T00:39:00+02:00,2366.690,2367.010,2362.420,2362.980,15
SQ:XPDUSD,2021-09-08T00:40:00+02:00,2361.900,2366.730,2361.900,2365.450,13
SQ:XPDUSD,2021-09-08T00:41:00+02:00,2365.450,2365.450,2365.450,2365.450,1
SQ:XPDUSD,2021-09-08T00:42:00+02:00,2365.450,2366.620,2362.620,2366.580,10
SQ:XPDUSD,2021-09-08T00:43:00+02:00,2366.580,2366.580,2366.580,2366.580,1
SQ:XPDUSD,2021-09-08T00:44:00+02:00,2366.580,2366.580,2366.550,2366.580,3
SQ:XPDUSD,2021-09-08T00:45:00+02:00,2366.550,2366.580,2366.530,2366.530,5
SQ:XPDUSD,2021-09-08T00:46:00+02:00,2366.530,2366.590,2366.530,2366.580,3
SQ:XPDUSD,2021-09-08T00:47:00+02:00,2366.580,2366.590,2366.550,2366.590,3
SQ:XPDUSD,2021-09-08T00:48:00+02:00,2366.590,2366.590,2366.520,2366.520,7
SQ:XPDUSD,2021-09-08T00:49:00+02:00,2366.520,2366.590,2366.520,2366.520,4
SQ:XPDUSD,2021-09-08T00:50:00+02:00,2366.520,2366.590,2366.520,2366.570,3
SQ:XPDUSD,2021-09-08T00:51:00+02:00,2366.570,2366.570,2366.570,2366.570,1
SQ:XPDUSD,2021-09-08T00:52:00+02:00,2366.570,2366.570,2366.530,2366.530,3
SQ:XPDUSD,2021-09-08T00:53:00+02:00,2366.530,2366.590,2366.470,2366.520,7
SQ:XPDUSD,2021-09-08T00:54:00+02:00,2366.520,2366.520,2366.520,2366.520,1
SQ:XPDUSD,2021-09-08T00:55:00+02:00,2366.520,2366.520,2366.520,2366.520,1
SQ:XPDUSD,2021-09-08T00:56:00+02:00,2366.520,2366.520,2366.470,2366.470,5
SQ:XPDUSD,2021-09-08T00:57:00+02:00,2366.470,2366.970,2361.940,2362.500,19
SQ:XPDUSD,2021-09-08T00:58:00+02:00,2366.670,2366.790,2361.530,2364.090,25
SQ:XPDUSD,2021-09-08T00:59:00+02:00,2364.990,2366.630,2362.830,2366.630,8
SQ:XPDUSD,2021-09-08T01:00:00+02:00,2365.820,2366.860,2365.070,2366.860,4
SQ:XPDUSD,2021-09-08T01:01:00+02:00,2366.860,2366.860,2366.860,2366.860,1
SQ:XPDUSD,2021-09-08T01:02:00+02:00,2366.860,2366.860,2366.860,2366.860,1
SQ:XPDUSD,2021-09-08T01:03:00+02:00,2366.860,2366.860,2366.860,2366.860,1
SQ:XPDUSD,2021-09-08T01:04:00+02:00,2366.860,2366.950,2365.630,2366.770,6
SQ:XPDUSD,2021-09-08T01:05:00+02:00,2366.770,2367.020,2364.050,2364.980,18
SQ:XPDUSD,2021-09-08T01:06:00+02:00,2364.510,2366.760,2364.510,2366.390,5
SQ:XPDUSD,2021-09-08T01:07:00+02:00,2365.880,2366.630,2364.520,2365.400,9
SQ:XPDUSD,2021-09-08T01:08:00+02:00,2366.400,2366.400,2366.400,2366.400,1
SQ:XPDUSD,2021-09-08T01:09:00+02:00,2366.400,2366.400,2366.400,2366.400,1
SQ:XPDUSD,2021-09-08T01:10:00+02:00,2366.400,2366.400,2366.400,2366.400,1
SQ:XPDUSD,2021-09-08T01:11:00+02:00,2366.400,2366.400,2366.400,2366.400,1
SQ:XPDUSD,2021-09-08T01:12:00+02:00,2366.400,2366.400,2366.400,2366.400,1
SQ:XPDUSD,2021-09-08T01:13:00+02:00,2366.390,2367.470,2364.390,2366.260,9
SQ:XPDUSD,2021-09-08T01:14:00+02:00,2366.260,2367.010,2366.260,2366.260,3
SQ:XPDUSD,2021-09-08T01:15:00+02:00,2365.150,2367.220,2364.610,2364.780,6
SQ:XPDUSD,2021-09-08T01:16:00+02:00,2365.890,2365.890,2364.780,2364.780,6
SQ:XPDUSD,2021-09-08T01:17:00+02:00,2364.780,2365.890,2364.780,2365.890,4
SQ:XPDUSD,2021-09-08T01:18:00+02:00,2365.890,2365.890,2365.890,2365.890,1
SQ:XPDUSD,2021-09-08T01:19:00+02:00,2365.890,2367.220,2365.860,2367.220,3
SQ:XPDUSD,2021-09-08T01:20:00+02:00,2367.220,2367.220,2367.200,2367.200,2
SQ:XPDUSD,2021-09-08T01:21:00+02:00,2367.200,2367.200,2367.200,2367.200,1
SQ:XPDUSD,2021-09-08T01:22:00+02:00,2367.200,2367.200,2367.200,2367.200,1
SQ:XPDUSD,2021-09-08T01:23:00+02:00,2367.200,2367.220,2367.200,2367.220,2
SQ:XPDUSD,2021-09-08T01:24:00+02:00,2367.220,2368.180,2367.200,2368.180,5
SQ:XPDUSD,2021-09-08T01:25:00+02:00,2368.050,2368.130,2367.860,2368.130,5
SQ:XPDUSD,2021-09-08T01:26:00+02:00,2368.050,2368.100,2367.870,2367.870,4
SQ:XPDUSD,2021-09-08T01:29:00+02:00,2367.780,2368.750,2366.920,2368.720,9
SQ:XPDUSD,2021-09-08T01:30:00+02:00,2368.400,2368.400,2367.130,2367.130,5
SQ:XPDUSD,2021-09-08T01:31:00+02:00,2367.160,2369.000,2365.950,2368.690,19
SQ:XPDUSD,2021-09-08T01:32:00+02:00,2368.510,2368.850,2365.610,2368.000,14
SQ:XPDUSD,2021-09-08T01:33:00+02:00,2368.400,2369.180,2368.400,2369.180,3
SQ:XPDUSD,2021-09-08T01:34:00+02:00,2369.180,2369.180,2369.180,2369.180,1
SQ:XPDUSD,2021-09-08T01:35:00+02:00,2369.180,2369.180,2369.180,2369.180,1
SQ:XPDUSD,2021-09-08T01:36:00+02:00,2369.180,2369.180,2369.180,2369.180,1
SQ:XPDUSD,2021-09-08T01:37:00+02:00,2369.220,2369.220,2369.220,2369.220,1
SQ:XPDUSD,2021-09-08T01:38:00+02:00,2369.150,2369.150,2369.060,2369.060,2
SQ:XPDUSD,2021-09-08T01:39:00+02:00,2369.060,2369.060,2369.060,2369.060,1
SQ:XPDUSD,2021-09-08T01:40:00+02:00,2369.060,2369.060,2369.060,2369.060,1
SQ:XPDUSD,2021-09-08T01:41:00+02:00,2369.060,2369.060,2369.060,2369.060,1
SQ:XPDUSD,2021-09-08T01:42:00+02:00,2369.060,2369.060,2369.060,2369.060,1
SQ:XPDUSD,2021-09-08T01:43:00+02:00,2369.060,2369.900,2364.500,2367.680,6
SQ:XPDUSD,2021-09-08T01:44:00+02:00,2367.880,2368.330,2366.080,2366.080,8
SQ:XPDUSD,2021-09-08T01:45:00+02:00,2366.260,2367.950,2364.560,2364.780,12
SQ:XPDUSD,2021-09-08T01:47:00+02:00,2364.820,2368.830,2364.580,2368.830,17
SQ:XPDUSD,2021-09-08T01:48:00+02:00,2368.200,2368.890,2364.660,2367.350,13
SQ:XPDUSD,2021-09-08T01:49:00+02:00,2367.320,2369.260,2362.270,2365.970,22
SQ:XPDUSD,2021-09-08T01:50:00+02:00,2364.930,2367.260,2364.930,2366.920,5
SQ:XPDUSD,2021-09-08T01:56:00+02:00,2366.960,2367.460,2361.780,2366.590,36
SQ:XPDUSD,2021-09-08T01:57:00+02:00,2366.620,2366.620,2361.140,2365.900,18
SQ:XPDUSD,2021-09-08T01:58:00+02:00,2365.900,2367.700,2359.650,2365.860,21
SQ:XPDUSD,2021-09-08T01:59:00+02:00,2367.120,2367.120,2365.320,2365.320,2
SQ:XPDUSD,2021-09-08T02:00:00+02:00,2368.950,2369.900,2366.550,2369.660,17
SQ:XPDUSD,2021-09-08T02:01:00+02:00,2369.660,2369.950,2366.300,2369.380,11
SQ:XPDUSD,2021-09-08T02:02:00+02:00,2369.950,2370.950,2363.920,2365.530,22
SQ:XPDUSD,2021-09-08T02:03:00+02:00,2365.760,2366.840,2363.950,2365.140,18
SQ:XPDUSD,2021-09-08T02:04:00+02:00,2366.290,2370.030,2366.250,2366.340,18
SQ:XPDUSD,2021-09-08T02:05:00+02:00,2366.380,2366.440,2366.380,2366.440,2
SQ:XPDUSD,2021-09-08T02:06:00+02:00,2368.120,2368.120,2365.100,2365.540,3
SQ:XPDUSD,2021-09-08T02:07:00+02:00,2364.980,2364.980,2364.940,2364.980,5
SQ:XPDUSD,2021-09-08T02:08:00+02:00,2364.960,2366.740,2364.940,2364.960,4
SQ:XPDUSD,2021-09-08T02:09:00+02:00,2364.940,2364.960,2364.940,2364.940,3
SQ:XPDUSD,2021-09-08T02:10:00+02:00,2364.960,2364.960,2364.960,2364.960,1
SQ:XPDUSD,2021-09-08T02:11:00+02:00,2364.940,2364.940,2364.940,2364.940,1
SQ:XPDUSD,2021-09-08T02:13:00+02:00,2365.060,2370.090,2365.060,2369.650,13
SQ:XPDUSD,2021-09-08T02:14:00+02:00,2369.180,2372.090,2366.860,2371.550,25
SQ:XPDUSD,2021-09-08T02:15:00+02:00,2371.930,2372.630,2369.010,2370.880,27
SQ:XPDUSD,2021-09-08T02:16:00+02:00,2370.880,2370.880,2370.880,2370.880,1
SQ:XPDUSD,2021-09-08T02:17:00+02:00,2370.880,2370.880,2370.860,2370.860,2
SQ:XPDUSD,2021-09-08T02:18:00+02:00,2367.520,2373.320,2367.270,2369.710,36
SQ:XPDUSD,2021-09-08T02:19:00+02:00,2369.710,2374.480,2368.030,2371.830,12
SQ:XPDUSD,2021-09-08T02:20:00+02:00,2371.450,2372.260,2370.790,2371.690,6
SQ:XPDUSD,2021-09-08T02:21:00+02:00,2371.900,2371.900,2371.030,2371.030,2
SQ:XPDUSD,2021-09-08T02:22:00+02:00,2372.270,2372.270,2371.680,2371.680,2
SQ:XPDUSD,2021-09-08T02:23:00+02:00,2371.030,2372.460,2370.720,2371.370,30
SQ:XPDUSD,2021-09-08T02:24:00+02:00,2371.360,2376.390,2370.670,2371.560,26
SQ:XPDUSD,2021-09-08T02:25:00+02:00,2371.550,2373.160,2371.420,2371.920,17
SQ:XPDUSD,2021-09-08T02:26:00+02:00,2371.400,2375.410,2370.650,2371.270,7
SQ:XPDUSD,2021-09-08T02:27:00+02:00,2371.300,2376.090,2371.190,2371.190,15
SQ:XPDUSD,2021-09-08T02:28:00+02:00,2371.760,2375.500,2371.760,2374.140,11
SQ:XPDUSD,2021-09-08T02:30:00+02:00,2372.440,2372.490,2372.050,2372.050,8
SQ:XPDUSD,2021-09-08T02:32:00+02:00,2372.020,2372.020,2372.020,2372.020,1
SQ:XPDUSD,2021-09-08T02:33:00+02:00,2371.990,2372.020,2371.990,2371.990,3
SQ:XPDUSD,2021-09-08T02:34:00+02:00,2371.970,2374.380,2370.960,2374.380,16
SQ:XPDUSD,2021-09-08T02:35:00+02:00,2373.820,2373.820,2370.260,2372.900,6
SQ:XPDUSD,2021-09-08T02:37:00+02:00,2373.000,2373.550,2371.650,2371.710,7
SQ:XPDUSD,2021-09-08T02:38:00+02:00,2371.710,2371.730,2371.690,2371.730,3
SQ:XPDUSD,2021-09-08T02:39:00+02:00,2371.730,2371.750,2371.670,2371.670,5
SQ:XPDUSD,2021-09-08T02:40:00+02:00,2371.670,2371.670,2371.670,2371.670,1
SQ:XPDUSD,2021-09-08T02:41:00+02:00,2371.670,2371.670,2371.670,2371.670,1
SQ:XPDUSD,2021-09-08T02:42:00+02:00,2371.650,2371.710,2371.620,2371.680,5
SQ:XPDUSD,2021-09-08T02:43:00+02:00,2371.680,2371.680,2371.620,2371.620,2
SQ:XPDUSD,2021-09-08T02:44:00+02:00,2371.620,2371.730,2371.250,2371.530,15
SQ:XPDUSD,2021-09-08T02:45:00+02:00,2371.640,2371.640,2371.090,2371.540,5
SQ:XPDUSD,2021-09-08T02:48:00+02:00,2371.730,2371.730,2371.040,2371.470,8
SQ:XPDUSD,2021-09-08T02:49:00+02:00,2371.040,2371.480,2371.040,2371.470,3
SQ:XPDUSD,2021-09-08T02:50:00+02:00,2371.480,2371.480,2371.480,2371.480,1
SQ:XPDUSD,2021-09-08T02:51:00+02:00,2371.050,2371.480,2371.050,2371.480,2
SQ:XPDUSD,2021-09-08T02:52:00+02:00,2371.050,2371.490,2371.050,2371.490,3
SQ:XPDUSD,2021-09-08T02:53:00+02:00,2371.510,2371.510,2371.490,2371.490,2
SQ:XPDUSD,2021-09-08T02:59:00+02:00,2371.510,2371.510,2371.490,2371.490,2
SQ:XPDUSD,2021-09-08T03:00:00+02:00,2371.060,2371.510,2371.060,2371.490,3
SQ:XPDUSD,2021-09-08T03:05:00+02:00,2371.060,2371.490,2371.060,2371.490,3
SQ:XPDUSD,2021-09-08T03:08:00+02:00,2371.510,2371.510,2371.060,2371.490,11
SQ:XPDUSD,2021-09-08T03:09:00+02:00,2371.510,2371.510,2371.490,2371.490,2
SQ:XPDUSD,2021-09-08T03:10:00+02:00,2371.060,2371.600,2371.060,2371.580,12
SQ:XPDUSD,2021-09-08T03:11:00+02:00,2371.600,2371.600,2371.580,2371.580,4
SQ:XPDUSD,2021-09-08T03:12:00+02:00,2371.600,2371.600,2371.580,2371.600,7
SQ:XPDUSD,2021-09-08T03:13:00+02:00,2371.600,2371.790,2371.200,2371.620,13
SQ:XPDUSD,2021-09-08T03:14:00+02:00,2371.620,2371.620,2371.250,2371.250,2
SQ:XPDUSD,2021-09-08T03:15:00+02:00,2371.150,2371.650,2369.730,2371.580,22
SQ:XPDUSD,2021-09-08T03:16:00+02:00,2371.590,2371.590,2370.400,2371.080,31
SQ:XPDUSD,2021-09-08T03:17:00+02:00,2371.070,2371.140,2370.320,2370.740,26
SQ:XPDUSD,2021-09-08T03:18:00+02:00,2370.750,2370.790,2370.530,2370.680,14
SQ:XPDUSD,2021-09-08T03:19:00+02:00,2370.680,2370.680,2370.680,2370.680,1
SQ:XPDUSD,2021-09-08T03:20:00+02:00,2370.680,2371.650,2370.640,2371.410,14
SQ:XPDUSD,2021-09-08T03:21:00+02:00,2371.170,2371.380,2370.640,2371.190,12
SQ:XPDUSD,2021-09-08T03:22:00+02:00,2370.140,2371.750,2369.490,2369.820,12
SQ:XPDUSD,2021-09-08T03:23:00+02:00,2369.000,2371.280,2369.000,2370.510,7
SQ:XPDUSD,2021-09-08T03:24:00+02:00,2370.840,2371.670,2370.050,2371.580,31
SQ:XPDUSD,2021-09-08T03:25:00+02:00,2371.810,2372.030,2368.210,2369.460,45
SQ:XPDUSD,2021-09-08T03:26:00+02:00,2369.270,2369.460,2369.270,2369.460,2
SQ:XPDUSD,2021-09-08T03:27:00+02:00,2369.460,2369.460,2369.460,2369.460,1
SQ:XPDUSD,2021-09-08T03:28:00+02:00,2369.460,2369.550,2368.640,2369.550,12
SQ:XPDUSD,2021-09-08T03:29:00+02:00,2369.470,2369.470,2368.650,2369.370,15
SQ:XPDUSD,2021-09-08T03:30:00+02:00,2369.180,2369.380,2368.650,2369.370,34
SQ:XPDUSD,2021-09-08T03:31:00+02:00,2369.180,2369.370,2368.650,2369.370,28
SQ:XPDUSD,2021-09-08T03:32:00+02:00,2369.180,2369.630,2368.180,2368.180,28
SQ:XPDUSD,2021-09-08T03:33:00+02:00,2368.670,2369.540,2367.560,2368.840,29
SQ:XPDUSD,2021-09-08T03:34:00+02:00,2368.830,2369.620,2366.440,2368.530,34
SQ:XPDUSD,2021-09-08T03:35:00+02:00,2369.400,2369.650,2365.830,2368.640,14
SQ:XPDUSD,2021-09-08T03:36:00+02:00,2369.120,2369.120,2367.380,2368.640,4
SQ:XPDUSD,2021-09-08T03:37:00+02:00,2367.240,2369.680,2364.840,2369.680,10
SQ:XPDUSD,2021-09-08T03:38:00+02:00,2369.810,2369.830,2365.880,2369.080,20
SQ:XPDUSD,2021-09-08T03:39:00+02:00,2369.080,2371.180,2369.080,2370.820,38
SQ:XPDUSD,2021-09-08T03:40:00+02:00,2370.820,2370.820,2370.810,2370.810,2
SQ:XPDUSD,2021-09-08T03:41:00+02:00,2370.810,2370.900,2370.570,2370.590,5
SQ:XPDUSD,2021-09-08T03:42:00+02:00,2370.590,2374.250,2370.590,2374.250,20
SQ:XPDUSD,2021-09-08T03:43:00+02:00,2374.310,2376.270,2373.530,2376.270,12
SQ:XPDUSD,2021-09-08T03:44:00+02:00,2377.020,2378.260,2377.020,2378.180,4
SQ:XPDUSD,2021-09-08T03:45:00+02:00,2377.240,2379.780,2377.240,2377.460,8
SQ:XPDUSD,2021-09-08T03:46:00+02:00,2376.100,2377.780,2375.660,2377.780,16
SQ:XPDUSD,2021-09-08T03:47:00+02:00,2377.790,2377.810,2376.750,2377.500,19
SQ:XPDUSD,2021-09-08T03:48:00+02:00,2377.500,2377.500,2376.990,2376.990,29
SQ:XPDUSD,2021-09-08T03:49:00+02:00,2377.010,2377.300,2376.690,2376.880,14
SQ:XPDUSD,2021-09-08T03:50:00+02:00,2377.080,2377.210,2377.080,2377.140,16
SQ:XPDUSD,2021-09-08T03:51:00+02:00,2377.140,2377.140,2377.110,2377.140,3
SQ:XPDUSD,2021-09-08T03:52:00+02:00,2377.160,2377.180,2376.950,2377.180,5
SQ:XPDUSD,2021-09-08T03:53:00+02:00,2377.150,2377.160,2375.250,2375.250,10
SQ:XPDUSD,2021-09-08T03:54:00+02:00,2375.250,2375.250,2375.250,2375.250,1
SQ:XPDUSD,2021-09-08T03:55:00+02:00,2375.280,2375.280,2375.280,2375.280,1
SQ:XPDUSD,2021-09-08T03:56:00+02:00,2375.280,2375.280,2374.210,2374.580,9
SQ:XPDUSD,2021-09-08T03:57:00+02:00,2374.300,2374.630,2374.300,2374.630,6
SQ:XPDUSD,2021-09-08T03:58:00+02:00,2374.630,2374.640,2372.330,2373.360,10
SQ:XPDUSD,2021-09-08T03:59:00+02:00,2373.390,2373.560,2373.390,2373.560,2
SQ:XPDUSD,2021-09-08T04:01:00+02:00,2373.460,2373.480,2373.410,2373.410,3
SQ:XPDUSD,2021-09-08T04:02:00+02:00,2373.390,2373.720,2373.390,2373.720,17
SQ:XPDUSD,2021-09-08T04:03:00+02:00,2373.720,2373.720,2373.720,2373.720,1
SQ:XPDUSD,2021-09-08T04:04:00+02:00,2373.720,2373.720,2373.720,2373.720,1
SQ:XPDUSD,2021-09-08T04:05:00+02:00,2373.720,2373.720,2373.460,2373.470,20
SQ:XPDUSD,2021-09-08T04:06:00+02:00,2373.480,2375.260,2373.470,2374.960,21
SQ:XPDUSD,2021-09-08T04:11:00+02:00,2373.070,2373.960,2371.750,2372.630,19
SQ:XPDUSD,2021-09-08T04:12:00+02:00,2372.010,2376.430,2372.010,2376.430,15
SQ:XPDUSD,2021-09-08T04:13:00+02:00,2376.430,2376.520,2376.430,2376.470,5
SQ:XPDUSD,2021-09-08T04:14:00+02:00,2376.470,2376.470,2376.450,2376.450,2
SQ:XPDUSD,2021-09-08T04:15:00+02:00,2376.410,2376.470,2376.410,2376.470,3
SQ:XPDUSD,2021-09-08T04:16:00+02:00,2376.460,2376.490,2376.420,2376.430,6
SQ:XPDUSD,2021-09-08T04:17:00+02:00,2376.430,2376.480,2376.370,2376.370,5
SQ:XPDUSD,2021-09-08T04:18:00+02:00,2376.350,2376.500,2376.350,2376.400,7
SQ:XPDUSD,2021-09-08T04:19:00+02:00,2376.780,2376.780,2376.400,2376.780,5
SQ:XPDUSD,2021-09-08T04:20:00+02:00,2376.840,2376.840,2376.780,2376.780,2
SQ:XPDUSD,2021-09-08T04:21:00+02:00,2376.780,2376.780,2376.780,2376.780,1
SQ:XPDUSD,2021-09-08T04:22:00+02:00,2376.780,2376.840,2376.780,2376.840,2
SQ:XPDUSD,2021-09-08T04:23:00+02:00,2376.780,2376.850,2376.430,2376.850,4
SQ:XPDUSD,2021-09-08T04:24:00+02:00,2376.850,2381.410,2376.850,2381.410,6
SQ:XPDUSD,2021-09-08T04:25:00+02:00,2382.040,2383.000,2381.810,2383.000,5
SQ:XPDUSD,2021-09-08T04:26:00+02:00,2381.820,2383.030,2381.600,2381.600,6
SQ:XPDUSD,2021-09-08T04:27:00+02:00,2381.610,2381.610,2381.520,2381.520,2
SQ:XPDUSD,2021-09-08T04:28:00+02:00,2381.550,2386.250,2378.090,2378.160,21
SQ:XPDUSD,2021-09-08T04:29:00+02:00,2378.160,2378.230,2378.160,2378.230,3
SQ:XPDUSD,2021-09-08T04:30:00+02:00,2378.240,2378.240,2378.240,2378.240,1
SQ:XPDUSD,2021-09-08T04:31:00+02:00,2378.240,2378.240,2378.240,2378.240,1
SQ:XPDUSD,2021-09-08T04:32:00+02:00,2377.860,2377.860,2377.190,2377.760,3
SQ:XPDUSD,2021-09-08T04:33:00+02:00,2377.190,2377.760,2377.190,2377.760,2
SQ:XPDUSD,2021-09-08T04:34:00+02:00,2378.140,2378.140,2377.730,2377.730,22
SQ:XPDUSD,2021-09-08T04:35:00+02:00,2377.760,2378.110,2377.730,2377.730,22
SQ:XPDUSD,2021-09-08T04:37:00+02:00,2378.110,2378.210,2377.190,2377.820,14
SQ:XPDUSD,2021-09-08T04:38:00+02:00,2377.150,2378.130,2377.130,2377.700,14
SQ:XPDUSD,2021-09-08T04:39:00+02:00,2378.080,2378.090,2377.720,2377.730,5
SQ:XPDUSD,2021-09-08T04:40:00+02:00,2378.130,2378.140,2377.760,2378.120,18
SQ:XPDUSD,2021-09-08T04:45:00+02:00,2378.140,2378.140,2378.140,2378.140,1
SQ:XPDUSD,2021-09-08T04:46:00+02:00,2377.730,2378.120,2377.140,2377.140,20
SQ:XPDUSD,2021-09-08T04:47:00+02:00,2377.720,2377.720,2377.140,2377.720,9
SQ:XPDUSD,2021-09-08T04:48:00+02:00,2377.140,2377.730,2377.140,2377.730,23
SQ:XPDUSD,2021-09-08T04:49:00+02:00,2377.720,2377.730,2377.140,2377.730,18
SQ:XPDUSD,2021-09-08T04:50:00+02:00,2377.720,2377.730,2377.140,2377.140,4
SQ:XPDUSD,2021-09-08T04:52:00+02:00,2377.720,2377.730,2377.140,2377.720,13
SQ:XPDUSD,2021-09-08T04:53:00+02:00,2377.140,2377.720,2377.140,2377.170,4
SQ:XPDUSD,2021-09-08T04:54:00+02:00,2377.140,2377.730,2377.140,2377.720,3
SQ:XPDUSD,2021-09-08T04:55:00+02:00,2378.100,2380.390,2376.730,2380.390,17
SQ:XPDUSD,2021-09-08T04:56:00+02:00,2380.450,2380.520,2373.710,2380.470,17
SQ:XPDUSD,2021-09-08T04:57:00+02:00,2379.170,2380.470,2379.090,2379.090,6
SQ:XPDUSD,2021-09-08T04:58:00+02:00,2380.360,2380.400,2378.990,2379.090,11
SQ:XPDUSD,2021-09-08T04:59:00+02:00,2379.050,2379.090,2379.050,2379.050,25
SQ:XPDUSD,2021-09-08T05:00:00+02:00,2379.090,2380.380,2379.050,2380.380,16
SQ:XPDUSD,2021-09-08T05:01:00+02:00,2379.050,2379.120,2379.050,2379.050,41
SQ:XPDUSD,2021-09-08T05:02:00+02:00,2380.340,2380.400,2380.340,2380.400,8
SQ:XPDUSD,2021-09-08T05:04:00+02:00,2380.370,2380.410,2380.340,2380.400,54
SQ:XPDUSD,2021-09-08T05:05:00+02:00,2380.340,2380.410,2380.340,2380.340,43
SQ:XPDUSD,2021-09-08T05:06:00+02:00,2380.400,2380.410,2380.340,2380.400,114
SQ:XPDUSD,2021-09-08T05:09:00+02:00,2380.450,2380.450,2379.140,2380.420,4
SQ:XPDUSD,2021-09-08T05:10:00+02:00,2379.140,2380.440,2379.140,2380.440,3
SQ:XPDUSD,2021-09-08T05:11:00+02:00,2380.420,2380.420,2380.420,2380.420,1
SQ:XPDUSD,2021-09-08T05:14:00+02:00,2378.450,2378.520,2377.770,2377.770,4
SQ:XPDUSD,2021-09-08T05:15:00+02:00,2377.960,2379.970,2377.580,2377.580,9
SQ:XPDUSD,2021-09-08T05:16:00+02:00,2377.770,2379.980,2377.770,2379.940,7
SQ:XPDUSD,2021-09-08T05:20:00+02:00,2379.890,2379.890,2378.560,2378.560,2
SQ:XPDUSD,2021-09-08T05:21:00+02:00,2379.970,2380.940,2377.740,2380.450,11
SQ:XPDUSD,2021-09-08T05:22:00+02:00,2379.650,2382.080,2377.930,2379.570,31
SQ:XPDUSD,2021-09-08T05:23:00+02:00,2378.920,2381.140,2377.800,2377.830,18
SQ:XPDUSD,2021-09-08T05:24:00+02:00,2377.800,2379.320,2377.800,2378.460,15
SQ:XPDUSD,2021-09-08T05:28:00+02:00,2378.510,2380.580,2378.510,2379.100,16
SQ:XPDUSD,2021-09-08T05:29:00+02:00,2377.910,2379.860,2377.910,2379.860,2
SQ:XPDUSD,2021-09-08T05:30:00+02:00,2379.750,2380.150,2379.550,2380.150,15
SQ:XPDUSD,2021-09-08T05:31:00+02:00,2379.750,2380.150,2379.750,2380.150,16
SQ:XPDUSD,2021-09-08T05:32:00+02:00,2379.750,2380.150,2379.750,2379.750,7
SQ:XPDUSD,2021-09-08T05:33:00+02:00,2380.150,2380.150,2379.230,2379.230,6
SQ:XPDUSD,2021-09-08T05:34:00+02:00,2379.380,2379.380,2379.240,2379.260,6
SQ:XPDUSD,2021-09-08T05:35:00+02:00,2379.240,2379.290,2379.240,2379.290,6
SQ:XPDUSD,2021-09-08T05:36:00+02:00,2379.300,2379.320,2377.790,2378.980,5
SQ:XPDUSD,2021-09-08T05:37:00+02:00,2379.180,2379.190,2379.180,2379.190,2
SQ:XPDUSD,2021-09-08T05:39:00+02:00,2379.200,2379.200,2379.200,2379.200,1
SQ:XPDUSD,2021-09-08T05:41:00+02:00,2379.210,2379.210,2379.210,2379.210,1
SQ:XPDUSD,2021-09-08T05:42:00+02:00,2379.220,2379.220,2379.220,2379.220,1
SQ:XPDUSD,2021-09-08T05:46:00+02:00,2379.220,2379.220,2376.800,2376.800,13
SQ:XPDUSD,2021-09-08T05:47:00+02:00,2376.800,2376.930,2376.530,2376.530,91
SQ:XPDUSD,2021-09-08T05:48:00+02:00,2376.300,2376.300,2376.150,2376.300,3
SQ:XPDUSD,2021-09-08T05:49:00+02:00,2376.300,2376.450,2376.300,2376.300,3
SQ:XPDUSD,2021-09-08T05:50:00+02:00,2376.450,2376.450,2376.150,2376.150,9
SQ:XPDUSD,2021-09-08T05:51:00+02:00,2376.300,2376.300,2376.150,2376.150,4
SQ:XPDUSD,2021-09-08T05:52:00+02:00,2376.240,2376.300,2376.150,2376.150,4
SQ:XPDUSD,2021-09-08T05:53:00+02:00,2376.050,2376.150,2376.050,2376.150,2
SQ:XPDUSD,2021-09-08T05:54:00+02:00,2375.900,2375.900,2373.280,2373.280,5
SQ:XPDUSD,2021-09-08T05:55:00+02:00,2373.310,2375.260,2372.460,2375.210,9
SQ:XPDUSD,2021-09-08T05:56:00+02:00,2375.260,2375.260,2375.130,2375.260,3
SQ:XPDUSD,2021-09-08T05:57:00+02:00,2375.320,2375.430,2375.220,2375.430,25
SQ:XPDUSD,2021-09-08T06:01:00+02:00,2375.550,2375.550,2374.850,2375.160,24
SQ:XPDUSD,2021-09-08T06:02:00+02:00,2375.300,2375.460,2375.300,2375.300,5
SQ:XPDUSD,2021-09-08T06:03:00+02:00,2375.460,2375.490,2374.600,2374.600,12
SQ:XPDUSD,2021-09-08T06:04:00+02:00,2374.450,2375.000,2374.450,2374.450,4
SQ:XPDUSD,2021-09-08T06:06:00+02:00,2374.750,2375.490,2374.400,2374.430,17
SQ:XPDUSD,2021-09-08T06:07:00+02:00,2374.700,2374.700,2374.700,2374.700,1
SQ:XPDUSD,2021-09-08T06:08:00+02:00,2375.250,2375.490,2374.450,2375.490,22
SQ:XPDUSD,2021-09-08T06:09:00+02:00,2375.390,2375.390,2374.450,2374.930,12
SQ:XPDUSD,2021-09-08T06:10:00+02:00,2375.490,2375.490,2374.450,2374.450,9
SQ:XPDUSD,2021-09-08T06:11:00+02:00,2375.130,2375.310,2374.900,2375.280,8
SQ:XPDUSD,2021-09-08T06:12:00+02:00,2374.920,2375.130,2374.450,2374.450,8
SQ:XPDUSD,2021-09-08T06:14:00+02:00,2374.620,2375.110,2374.360,2374.360,8
SQ:XPDUSD,2021-09-08T06:19:00+02:00,2374.850,2375.110,2374.360,2374.360,8
SQ:XPDUSD,2021-09-08T06:20:00+02:00,2374.700,2375.030,2374.360,2374.690,14
SQ:XPDUSD,2021-09-08T06:21:00+02:00,2375.030,2375.030,2374.620,2374.620,3
SQ:XPDUSD,2021-09-08T06:22:00+02:00,2374.680,2374.680,2374.680,2374.680,1
SQ:XPDUSD,2021-09-08T06:25:00+02:00,2375.030,2375.030,2374.360,2374.680,4
SQ:XPDUSD,2021-09-08T06:26:00+02:00,2375.030,2375.030,2374.620,2374.620,2
SQ:XPDUSD,2021-09-08T06:27:00+02:00,2375.030,2375.030,2374.360,2374.680,8
SQ:XPDUSD,2021-09-08T06:29:00+02:00,2374.780,2375.110,2374.410,2375.110,4
SQ:XPDUSD,2021-09-08T06:30:00+02:00,2374.740,2375.110,2374.360,2374.750,170
SQ:XPDUSD,2021-09-08T06:31:00+02:00,2375.110,2375.110,2374.410,2375.030,20
SQ:XPDUSD,2021-09-08T06:39:00+02:00,2374.740,2374.740,2374.360,2374.360,2
SQ:XPDUSD,2021-09-08T06:41:00+02:00,2373.780,2374.050,2373.780,2373.960,9
SQ:XPDUSD,2021-09-08T06:42:00+02:00,2373.980,2374.480,2373.980,2374.480,2
SQ:XPDUSD,2021-09-08T06:43:00+02:00,2374.310,2374.480,2374.230,2374.230,4
SQ:XPDUSD,2021-09-08T06:44:00+02:00,2374.480,2374.480,2374.170,2374.410,7
SQ:XPDUSD,2021-09-08T06:45:00+02:00,2374.170,2374.410,2374.170,2374.170,10
SQ:XPDUSD,2021-09-08T06:46:00+02:00,2374.320,2374.410,2374.050,2374.410,8
SQ:XPDUSD,2021-09-08T06:47:00+02:00,2374.170,2374.410,2374.170,2374.410,4
SQ:XPDUSD,2021-09-08T06:48:00+02:00,2374.170,2374.410,2374.170,2374.410,2
SQ:XPDUSD,2021-09-08T06:49:00+02:00,2374.170,2374.410,2374.170,2374.410,3
SQ:XPDUSD,2021-09-08T06:51:00+02:00,2374.410,2374.410,2373.600,2373.600,4
SQ:XPDUSD,2021-09-08T06:52:00+02:00,2373.750,2373.750,2373.600,2373.600,5
SQ:XPDUSD,2021-09-08T06:53:00+02:00,2373.400,2373.650,2373.100,2373.450,10
SQ:XPDUSD,2021-09-08T06:54:00+02:00,2373.300,2373.650,2373.300,2373.650,11
SQ:XPDUSD,2021-09-08T06:55:00+02:00,2373.450,2373.650,2373.300,2373.650,10
SQ:XPDUSD,2021-09-08T06:56:00+02:00,2373.500,2373.990,2373.500,2373.990,14
SQ:XPDUSD,2021-09-08T06:57:00+02:00,2373.990,2373.990,2373.990,2373.990,1
SQ:XPDUSD,2021-09-08T06:58:00+02:00,2373.750,2373.750,2373.750,2373.750,1
SQ:XPDUSD,2021-09-08T06:59:00+02:00,2373.930,2374.300,2370.700,2371.000,8
SQ:XPDUSD,2021-09-08T07:00:00+02:00,2371.250,2371.250,2370.820,2370.820,2
SQ:XPDUSD,2021-09-08T07:02:00+02:00,2371.300,2371.450,2370.680,2371.300,13
SQ:XPDUSD,2021-09-08T07:03:00+02:00,2371.150,2371.450,2370.680,2370.680,21
SQ:XPDUSD,2021-09-08T07:04:00+02:00,2371.000,2371.150,2371.000,2371.150,2
SQ:XPDUSD,2021-09-08T07:05:00+02:00,2371.000,2371.300,2370.650,2370.760,48
SQ:XPDUSD,2021-09-08T07:06:00+02:00,2370.860,2371.050,2370.370,2370.860,6
SQ:XPDUSD,2021-09-08T07:07:00+02:00,2370.630,2370.630,2370.370,2370.370,2
SQ:XPDUSD,2021-09-08T07:08:00+02:00,2369.990,2371.370,2367.620,2371.330,13
SQ:XPDUSD,2021-09-08T07:09:00+02:00,2371.330,2371.330,2371.330,2371.330,1
SQ:XPDUSD,2021-09-08T07:10:00+02:00,2371.330,2371.330,2371.330,2371.330,1
SQ:XPDUSD,2021-09-08T07:11:00+02:00,2371.330,2371.330,2371.330,2371.330,1
SQ:XPDUSD,2021-09-08T07:12:00+02:00,2371.330,2371.330,2371.330,2371.330,1
SQ:XPDUSD,2021-09-08T07:13:00+02:00,2371.330,2371.330,2371.330,2371.330,1
SQ:XPDUSD,2021-09-08T07:14:00+02:00,2371.210,2371.210,2370.270,2370.270,12
SQ:XPDUSD,2021-09-08T07:15:00+02:00,2370.990,2371.100,2370.210,2371.020,10
SQ:XPDUSD,2021-09-08T07:16:00+02:00,2370.840,2371.020,2367.700,2370.540,16
SQ:XPDUSD,2021-09-08T07:17:00+02:00,2370.640,2370.640,2370.540,2370.640,3
SQ:XPDUSD,2021-09-08T07:18:00+02:00,2370.750,2370.750,2367.030,2370.260,10
SQ:XPDUSD,2021-09-08T07:19:00+02:00,2370.260,2370.260,2370.260,2370.260,1
SQ:XPDUSD,2021-09-08T07:20:00+02:00,2370.260,2370.260,2370.260,2370.260,1
SQ:XPDUSD,2021-09-08T07:21:00+02:00,2370.150,2370.250,2369.070,2370.250,18
SQ:XPDUSD,2021-09-08T07:22:00+02:00,2370.250,2370.370,2367.550,2369.940,53
SQ:XPDUSD,2021-09-08T07:23:00+02:00,2369.830,2370.190,2369.830,2370.080,5
SQ:XPDUSD,2021-09-08T07:24:00+02:00,2370.080,2370.080,2370.080,2370.080,1
SQ:XPDUSD,2021-09-08T07:25:00+02:00,2370.190,2370.250,2369.870,2370.250,3
SQ:XPDUSD,2021-09-08T07:26:00+02:00,2370.250,2370.250,2370.250,2370.250,1
SQ:XPDUSD,2021-09-08T07:27:00+02:00,2370.250,2370.250,2365.710,2369.240,63
SQ:XPDUSD,2021-09-08T07:28:00+02:00,2368.700,2369.650,2368.600,2368.640,29
SQ:XPDUSD,2021-09-08T07:29:00+02:00,2369.060,2369.060,2368.610,2369.060,4
SQ:XPDUSD,2021-09-08T07:30:00+02:00,2369.280,2369.470,2367.380,2368.910,66
SQ:XPDUSD,2021-09-08T07:31:00+02:00,2368.970,2369.160,2368.330,2368.940,12
SQ:XPDUSD,2021-09-08T07:32:00+02:00,2368.940,2369.110,2368.520,2369.100,16
SQ:XPDUSD,2021-09-08T07:33:00+02:00,2369.100,2369.330,2365.220,2368.630,18
SQ:XPDUSD,2021-09-08T07:34:00+02:00,2369.000,2370.890,2364.660,2370.890,86
SQ:XPDUSD,2021-09-08T07:37:00+02:00,2371.760,2371.760,2371.330,2371.330,2
SQ:XPDUSD,2021-09-08T07:38:00+02:00,2371.200,2371.200,2370.350,2371.200,15
SQ:XPDUSD,2021-09-08T07:39:00+02:00,2370.350,2373.630,2370.350,2372.340,234
SQ:XPDUSD,2021-09-08T07:40:00+02:00,2373.100,2373.100,2372.340,2373.100,15
SQ:XPDUSD,2021-09-08T07:41:00+02:00,2372.250,2373.670,2370.200,2370.540,35
SQ:XPDUSD,2021-09-08T07:42:00+02:00,2370.540,2373.240,2370.090,2370.540,21
SQ:XPDUSD,2021-09-08T07:43:00+02:00,2371.390,2373.320,2370.450,2372.630,38
SQ:XPDUSD,2021-09-08T07:44:00+02:00,2370.650,2371.500,2370.650,2371.500,10
SQ:XPDUSD,2021-09-08T07:45:00+02:00,2370.650,2372.290,2370.310,2370.310,11
SQ:XPDUSD,2021-09-08T07:46:00+02:00,2371.160,2372.510,2371.160,2372.510,25
SQ:XPDUSD,2021-09-08T07:47:00+02:00,2372.510,2373.320,2371.160,2373.320,9
SQ:XPDUSD,2021-09-08T07:48:00+02:00,2373.320,2373.320,2370.050,2370.850,46
SQ:XPDUSD,2021-09-08T07:49:00+02:00,2371.010,2373.160,2370.270,2373.160,33
SQ:XPDUSD,2021-09-08T07:50:00+02:00,2373.160,2373.160,2372.980,2373.160,7
SQ:XPDUSD,2021-09-08T07:51:00+02:00,2373.160,2373.160,2372.980,2373.160,3
SQ:XPDUSD,2021-09-08T07:52:00+02:00,2373.010,2373.160,2371.070,2371.070,39
SQ:XPDUSD,2021-09-08T07:53:00+02:00,2371.070,2372.470,2370.050,2372.230,66
SQ:XPDUSD,2021-09-08T07:54:00+02:00,2372.230,2372.660,2371.030,2371.970,9
SQ:XPDUSD,2021-09-08T07:55:00+02:00,2371.970,2371.970,2371.970,2371.970,1
SQ:XPDUSD,2021-09-08T07:56:00+02:00,2371.970,2371.970,2371.120,2371.970,3
SQ:XPDUSD,2021-09-08T07:57:00+02:00,2371.970,2371.970,2370.000,2371.970,16
SQ:XPDUSD,2021-09-08T07:58:00+02:00,2371.030,2372.140,2370.180,2372.140,10
SQ:XPDUSD,2021-09-08T07:59:00+02:00,2372.450,2372.480,2372.140,2372.220,20
SQ:XPDUSD,2021-09-08T08:00:00+02:00,2372.360,2372.360,2369.460,2370.820,56
SQ:XPDUSD,2021-09-08T08:03:00+02:00,2370.480,2370.480,2369.610,2369.610,2
SQ:XPDUSD,2021-09-08T08:04:00+02:00,2369.650,2371.680,2369.650,2371.680,69
SQ:XPDUSD,2021-09-08T08:05:00+02:00,2371.680,2371.680,2369.770,2371.510,11
SQ:XPDUSD,2021-09-08T08:06:00+02:00,2371.510,2371.510,2371.510,2371.510,1
SQ:XPDUSD,2021-09-08T08:07:00+02:00,2371.510,2371.510,2371.510,2371.510,1
SQ:XPDUSD,2021-09-08T08:08:00+02:00,2371.510,2371.510,2371.510,2371.510,1
SQ:XPDUSD,2021-09-08T08:09:00+02:00,2371.510,2371.510,2371.510,2371.510,1
SQ:XPDUSD,2021-09-08T08:10:00+02:00,2371.450,2372.190,2370.600,2371.510,13
SQ:XPDUSD,2021-09-08T08:11:00+02:00,2372.190,2372.190,2371.510,2372.190,11
SQ:XPDUSD,2021-09-08T08:12:00+02:00,2371.510,2372.190,2369.460,2372.110,23
SQ:XPDUSD,2021-09-08T08:13:00+02:00,2370.220,2372.110,2370.070,2370.730,59
SQ:XPDUSD,2021-09-08T08:14:00+02:00,2369.310,2370.640,2369.310,2370.420,20
SQ:XPDUSD,2021-09-08T08:15:00+02:00,2370.420,2371.230,2368.710,2369.290,74
SQ:XPDUSD,2021-09-08T08:16:00+02:00,2369.200,2371.060,2368.750,2368.750,71
SQ:XPDUSD,2021-09-08T08:17:00+02:00,2368.790,2371.020,2368.610,2370.850,49
SQ:XPDUSD,2021-09-08T08:18:00+02:00,2370.390,2370.630,2367.590,2368.640,29
SQ:XPDUSD,2021-09-08T08:19:00+02:00,2368.640,2368.930,2368.500,2368.810,11
SQ:XPDUSD,2021-09-08T08:20:00+02:00,2368.810,2368.810,2368.810,2368.810,1
SQ:XPDUSD,2021-09-08T08:21:00+02:00,2368.810,2368.810,2368.810,2368.810,1
SQ:XPDUSD,2021-09-08T08:22:00+02:00,2368.810,2368.810,2367.310,2368.120,20
SQ:XPDUSD,2021-09-08T08:23:00+02:00,2368.120,2368.290,2367.930,2368.170,6
SQ:XPDUSD,2021-09-08T08:24:00+02:00,2368.170,2368.240,2366.980,2367.540,36
SQ:XPDUSD,2021-09-08T08:25:00+02:00,2366.980,2368.370,2366.980,2367.000,53
SQ:XPDUSD,2021-09-08T08:26:00+02:00,2367.820,2368.460,2366.970,2368.300,106
SQ:XPDUSD,2021-09-08T08:27:00+02:00,2367.820,2368.460,2366.490,2367.890,84
SQ:XPDUSD,2021-09-08T08:28:00+02:00,2367.840,2367.840,2366.490,2366.910,13
SQ:XPDUSD,2021-09-08T08:29:00+02:00,2366.910,2366.910,2366.910,2366.910,1
SQ:XPDUSD,2021-09-08T08:30:00+02:00,2366.910,2367.110,2365.600,2365.720,47
SQ:XPDUSD,2021-09-08T08:31:00+02:00,2365.570,2366.890,2365.570,2366.370,16
SQ:XPDUSD,2021-09-08T08:32:00+02:00,2366.370,2366.540,2365.540,2366.370,16
SQ:XPDUSD,2021-09-08T08:33:00+02:00,2365.690,2366.540,2365.460,2365.780,26
SQ:XPDUSD,2021-09-08T08:34:00+02:00,2366.370,2366.880,2365.540,2365.690,57
SQ:XPDUSD,2021-09-08T08:35:00+02:00,2365.690,2366.880,2365.690,2366.710,96
SQ:XPDUSD,2021-09-08T08:36:00+02:00,2366.540,2366.880,2365.630,2366.710,41
SQ:XPDUSD,2021-09-08T08:37:00+02:00,2366.710,2366.970,2365.780,2366.460,45
SQ:XPDUSD,2021-09-08T08:38:00+02:00,2366.290,2367.290,2365.930,2366.100,53
SQ:XPDUSD,2021-09-08T08:39:00+02:00,2365.930,2366.610,2365.930,2365.930,61
SQ:XPDUSD,2021-09-08T08:40:00+02:00,2366.100,2366.440,2365.670,2365.670,18
SQ:XPDUSD,2021-09-08T08:42:00+02:00,2365.020,2365.470,2365.010,2365.470,4
SQ:XPDUSD,2021-09-08T08:43:00+02:00,2365.100,2365.640,2365.100,2365.110,27
SQ:XPDUSD,2021-09-08T08:44:00+02:00,2364.450,2366.160,2364.450,2366.040,32
SQ:XPDUSD,2021-09-08T08:45:00+02:00,2365.790,2366.190,2364.090,2364.090,79
SQ:XPDUSD,2021-09-08T08:46:00+02:00,2364.820,2366.120,2364.080,2364.820,61
SQ:XPDUSD,2021-09-08T08:47:00+02:00,2365.470,2366.300,2364.050,2364.280,79
SQ:XPDUSD,2021-09-08T08:48:00+02:00,2363.950,2365.450,2363.540,2364.330,74
SQ:XPDUSD,2021-09-08T08:49:00+02:00,2364.280,2364.590,2362.050,2364.130,118
SQ:XPDUSD,2021-09-08T08:50:00+02:00,2364.180,2364.320,2361.590,2363.810,85
SQ:XPDUSD,2021-09-08T08:51:00+02:00,2363.780,2364.070,2361.650,2363.390,62
SQ:XPDUSD,2021-09-08T08:52:00+02:00,2363.820,2364.200,2362.930,2363.370,82
SQ:XPDUSD,2021-09-08T08:53:00+02:00,2363.310,2363.630,2361.580,2363.470,79
SQ:XPDUSD,2021-09-08T08:54:00+02:00,2363.470,2363.470,2363.470,2363.470,1
SQ:XPDUSD,2021-09-08T08:55:00+02:00,2363.470,2363.540,2363.310,2363.410,20
SQ:XPDUSD,2021-09-08T08:56:00+02:00,2363.470,2363.630,2361.390,2363.170,91
SQ:XPDUSD,2021-09-08T08:57:00+02:00,2363.370,2363.550,2361.210,2363.250,76
SQ:XPDUSD,2021-09-08T08:58:00+02:00,2363.300,2363.470,2362.440,2363.280,70
SQ:XPDUSD,2021-09-08T08:59:00+02:00,2363.320,2363.450,2362.370,2362.750,39
SQ:XPDUSD,2021-09-08T09:00:00+02:00,2362.510,2363.220,2361.640,2363.130,59
SQ:XPDUSD,2021-09-08T09:01:00+02:00,2362.630,2362.880,2362.190,2362.210,43
SQ:XPDUSD,2021-09-08T09:02:00+02:00,2362.250,2364.620,2362.230,2362.880,54
SQ:XPDUSD,2021-09-08T09:03:00+02:00,2362.920,2365.400,2362.920,2365.340,36
SQ:XPDUSD,2021-09-08T09:04:00+02:00,2365.060,2368.280,2363.900,2368.220,31
SQ:XPDUSD,2021-09-08T09:05:00+02:00,2370.580,2370.580,2364.580,2364.670,46
SQ:XPDUSD,2021-09-08T09:06:00+02:00,2364.630,2365.990,2363.780,2363.780,23
SQ:XPDUSD,2021-09-08T09:07:00+02:00,2363.780,2363.780,2360.260,2360.600,73
SQ:XPDUSD,2021-09-08T09:08:00+02:00,2360.630,2360.830,2360.000,2360.340,14
SQ:XPDUSD,2021-09-08T09:09:00+02:00,2360.370,2360.970,2360.370,2360.880,8
SQ:XPDUSD,2021-09-08T09:10:00+02:00,2360.710,2360.880,2360.460,2360.710,13
SQ:XPDUSD,2021-09-08T09:11:00+02:00,2360.710,2360.800,2360.710,2360.800,3
SQ:XPDUSD,2021-09-08T09:12:00+02:00,2360.770,2360.770,2360.280,2360.710,15
SQ:XPDUSD,2021-09-08T09:13:00+02:00,2360.710,2360.710,2360.280,2360.710,15
SQ:XPDUSD,2021-09-08T09:14:00+02:00,2360.710,2362.400,2360.620,2362.370,17
SQ:XPDUSD,2021-09-08T09:15:00+02:00,2362.390,2368.240,2360.840,2368.170,53
SQ:XPDUSD,2021-09-08T09:16:00+02:00,2368.170,2368.530,2368.060,2368.530,5
SQ:XPDUSD,2021-09-08T09:17:00+02:00,2368.530,2369.500,2367.750,2369.240,15
SQ:XPDUSD,2021-09-08T09:18:00+02:00,2368.680,2370.390,2368.680,2370.390,10
SQ:XPDUSD,2021-09-08T09:19:00+02:00,2370.420,2371.080,2370.360,2371.080,5
SQ:XPDUSD,2021-09-08T09:20:00+02:00,2371.420,2371.420,2369.660,2369.660,5
SQ:XPDUSD,2021-09-08T09:21:00+02:00,2369.850,2371.440,2369.670,2370.360,31
SQ:XPDUSD,2021-09-08T09:22:00+02:00,2371.340,2371.430,2369.870,2370.360,19
SQ:XPDUSD,2021-09-08T09:23:00+02:00,2370.730,2371.230,2369.870,2370.880,38
SQ:XPDUSD,2021-09-08T09:24:00+02:00,2370.880,2371.430,2369.830,2369.830,19
SQ:XPDUSD,2021-09-08T09:25:00+02:00,2369.660,2369.890,2369.190,2369.890,29
SQ:XPDUSD,2021-09-08T09:26:00+02:00,2369.250,2370.080,2367.540,2367.540,19
SQ:XPDUSD,2021-09-08T09:27:00+02:00,2366.420,2366.850,2364.040,2364.040,58
SQ:XPDUSD,2021-09-08T09:28:00+02:00,2364.040,2369.380,2364.040,2368.020,55
SQ:XPDUSD,2021-09-08T09:29:00+02:00,2368.210,2368.210,2366.980,2367.170,33
SQ:XPDUSD,2021-09-08T09:30:00+02:00,2367.170,2367.230,2366.820,2367.230,23
SQ:XPDUSD,2021-09-08T09:31:00+02:00,2367.290,2367.310,2367.130,2367.310,11
SQ:XPDUSD,2021-09-08T09:32:00+02:00,2367.310,2369.880,2367.310,2369.640,34
SQ:XPDUSD,2021-09-08T09:33:00+02:00,2369.830,2369.920,2369.400,2369.400,8
SQ:XPDUSD,2021-09-08T09:34:00+02:00,2369.400,2369.770,2369.400,2369.400,18
SQ:XPDUSD,2021-09-08T09:35:00+02:00,2369.680,2369.680,2369.400,2369.400,4
SQ:XPDUSD,2021-09-08T09:36:00+02:00,2369.580,2370.490,2368.990,2369.400,31
SQ:XPDUSD,2021-09-08T09:37:00+02:00,2369.580,2369.580,2364.610,2365.260,23
SQ:XPDUSD,2021-09-08T09:38:00+02:00,2365.260,2366.770,2365.260,2366.770,10
SQ:XPDUSD,2021-09-08T09:39:00+02:00,2366.780,2369.530,2364.760,2364.810,22
SQ:XPDUSD,2021-09-08T09:40:00+02:00,2364.810,2369.110,2364.810,2369.110,17
SQ:XPDUSD,2021-09-08T09:41:00+02:00,2369.110,2369.110,2363.570,2368.660,24
SQ:XPDUSD,2021-09-08T09:42:00+02:00,2368.270,2368.360,2365.130,2368.360,15
SQ:XPDUSD,2021-09-08T09:43:00+02:00,2368.360,2368.880,2368.360,2368.880,2
SQ:XPDUSD,2021-09-08T09:44:00+02:00,2368.880,2369.670,2368.600,2368.800,12
SQ:XPDUSD,2021-09-08T09:45:00+02:00,2368.800,2368.800,2368.800,2368.800,1
SQ:XPDUSD,2021-09-08T09:46:00+02:00,2368.800,2368.800,2367.120,2367.540,10
SQ:XPDUSD,2021-09-08T09:47:00+02:00,2370.120,2370.270,2365.470,2366.120,36
SQ:XPDUSD,2021-09-08T09:48:00+02:00,2366.310,2366.310,2365.940,2365.940,6
SQ:XPDUSD,2021-09-08T09:49:00+02:00,2365.940,2366.340,2365.650,2366.340,19
SQ:XPDUSD,2021-09-08T09:50:00+02:00,2366.340,2368.020,2366.340,2366.480,11
SQ:XPDUSD,2021-09-08T09:51:00+02:00,2366.200,2367.060,2366.170,2366.170,21
SQ:XPDUSD,2021-09-08T09:52:00+02:00,2366.390,2366.390,2365.670,2366.190,15
SQ:XPDUSD,2021-09-08T09:53:00+02:00,2366.210,2368.670,2366.210,2368.300,19
SQ:XPDUSD,2021-09-08T09:54:00+02:00,2368.320,2368.320,2367.960,2367.960,3
SQ:XPDUSD,2021-09-08T09:55:00+02:00,2367.960,2367.960,2364.840,2366.930,45
SQ:XPDUSD,2021-09-08T09:56:00+02:00,2367.110,2367.730,2366.350,2366.480,19
SQ:XPDUSD,2021-09-08T09:57:00+02:00,2366.480,2366.480,2364.400,2364.400,23
SQ:XPDUSD,2021-09-08T09:58:00+02:00,2364.430,2366.410,2364.430,2366.410,23
SQ:XPDUSD,2021-09-08T09:59:00+02:00,2366.530,2366.550,2366.310,2366.330,20
SQ:XPDUSD,2021-09-08T10:00:00+02:00,2366.310,2367.370,2364.710,2364.770,61
SQ:XPDUSD,2021-09-08T10:01:00+02:00,2365.240,2365.240,2364.450,2364.490,11
SQ:XPDUSD,2021-09-08T10:02:00+02:00,2364.490,2364.490,2364.470,2364.490,3
SQ:XPDUSD,2021-09-08T10:03:00+02:00,2364.470,2364.540,2364.450,2364.510,8
SQ:XPDUSD,2021-09-08T10:04:00+02:00,2364.230,2366.810,2363.820,2366.650,34
SQ:XPDUSD,2021-09-08T10:05:00+02:00,2366.700,2371.850,2366.700,2370.750,12
SQ:XPDUSD,2021-09-08T10:06:00+02:00,2369.690,2369.690,2369.540,2369.540,15
SQ:XPDUSD,2021-09-08T10:07:00+02:00,2369.580,2369.620,2369.440,2369.440,21
SQ:XPDUSD,2021-09-08T10:08:00+02:00,2369.480,2369.530,2369.440,2369.440,17
SQ:XPDUSD,2021-09-08T10:09:00+02:00,2369.480,2369.530,2367.990,2368.160,30
SQ:XPDUSD,2021-09-08T10:10:00+02:00,2367.790,2369.620,2365.420,2366.210,56
SQ:XPDUSD,2021-09-08T10:11:00+02:00,2366.370,2366.470,2360.160,2361.180,77
SQ:XPDUSD,2021-09-08T10:12:00+02:00,2361.360,2361.420,2361.360,2361.420,2
SQ:XPDUSD,2021-09-08T10:13:00+02:00,2361.420,2361.450,2361.420,2361.450,2
SQ:XPDUSD,2021-09-08T10:14:00+02:00,2361.450,2361.450,2361.410,2361.450,5
SQ:XPDUSD,2021-09-08T10:15:00+02:00,2361.450,2361.880,2361.450,2361.880,2
SQ:XPDUSD,2021-09-08T10:16:00+02:00,2361.880,2362.280,2361.840,2361.910,10
SQ:XPDUSD,2021-09-08T10:17:00+02:00,2361.910,2362.080,2360.890,2362.080,23
SQ:XPDUSD,2021-09-08T10:18:00+02:00,2362.080,2362.080,2360.820,2361.070,11
SQ:XPDUSD,2021-09-08T10:19:00+02:00,2358.510,2358.520,2355.560,2356.050,93
SQ:XPDUSD,2021-09-08T10:20:00+02:00,2355.870,2357.260,2352.410,2355.440,37
SQ:XPDUSD,2021-09-08T10:21:00+02:00,2355.560,2355.560,2354.690,2355.050,37
SQ:XPDUSD,2021-09-08T10:22:00+02:00,2355.050,2355.410,2354.450,2354.500,45
SQ:XPDUSD,2021-09-08T10:23:00+02:00,2354.530,2354.690,2353.970,2353.970,24
SQ:XPDUSD,2021-09-08T10:24:00+02:00,2354.150,2359.250,2353.780,2358.320,29
SQ:XPDUSD,2021-09-08T10:25:00+02:00,2358.830,2358.830,2357.530,2357.740,64
SQ:XPDUSD,2021-09-08T10:26:00+02:00,2357.740,2358.940,2357.430,2358.940,146
SQ:XPDUSD,2021-09-08T10:27:00+02:00,2359.060,2360.320,2357.920,2359.200,50
SQ:XPDUSD,2021-09-08T10:28:00+02:00,2359.120,2359.590,2355.200,2356.530,113
SQ:XPDUSD,2021-09-08T10:29:00+02:00,2356.350,2357.410,2355.640,2356.950,12
SQ:XPDUSD,2021-09-08T10:30:00+02:00,2356.880,2357.430,2355.350,2355.420,40
SQ:XPDUSD,2021-09-08T10:31:00+02:00,2355.470,2356.290,2355.380,2355.510,42
SQ:XPDUSD,2021-09-08T10:32:00+02:00,2355.400,2355.510,2355.400,2355.440,4
SQ:XPDUSD,2021-09-08T10:33:00+02:00,2355.440,2360.760,2355.440,2360.440,13
SQ:XPDUSD,2021-09-08T10:34:00+02:00,2360.440,2360.440,2360.380,2360.380,6
SQ:XPDUSD,2021-09-08T10:35:00+02:00,2360.380,2360.380,2360.340,2360.340,5
SQ:XPDUSD,2021-09-08T10:36:00+02:00,2360.340,2366.290,2360.320,2361.890,13
SQ:XPDUSD,2021-09-08T10:37:00+02:00,2361.890,2362.200,2361.890,2361.920,12
SQ:XPDUSD,2021-09-08T10:38:00+02:00,2361.920,2362.200,2359.480,2359.740,15
SQ:XPDUSD,2021-09-08T10:39:00+02:00,2359.740,2359.850,2359.740,2359.800,7
SQ:XPDUSD,2021-09-08T10:40:00+02:00,2359.600,2359.660,2359.600,2359.660,3
SQ:XPDUSD,2021-09-08T10:41:00+02:00,2359.660,2359.660,2358.750,2358.750,14
SQ:XPDUSD,2021-09-08T10:42:00+02:00,2359.210,2359.910,2359.210,2359.910,8
SQ:XPDUSD,2021-09-08T10:43:00+02:00,2359.910,2359.910,2359.910,2359.910,1
SQ:XPDUSD,2021-09-08T10:44:00+02:00,2359.910,2360.260,2359.700,2360.210,14
SQ:XPDUSD,2021-09-08T10:45:00+02:00,2360.210,2360.210,2360.210,2360.210,1
SQ:XPDUSD,2021-09-08T10:46:00+02:00,2360.210,2360.920,2360.150,2360.900,189
SQ:XPDUSD,2021-09-08T10:47:00+02:00,2360.920,2360.920,2360.610,2360.620,86
SQ:XPDUSD,2021-09-08T10:48:00+02:00,2360.730,2360.730,2360.420,2360.630,231
SQ:XPDUSD,2021-09-08T10:49:00+02:00,2360.630,2360.700,2354.240,2354.530,19
SQ:XPDUSD,2021-09-08T10:50:00+02:00,2354.710,2356.320,2352.610,2356.320,23
SQ:XPDUSD,2021-09-08T10:51:00+02:00,2356.310,2356.310,2353.120,2353.660,22
SQ:XPDUSD,2021-09-08T10:52:00+02:00,2353.540,2353.730,2353.230,2353.730,9
SQ:XPDUSD,2021-09-08T10:53:00+02:00,2353.740,2356.070,2353.740,2356.070,6
SQ:XPDUSD,2021-09-08T10:54:00+02:00,2356.070,2356.070,2356.070,2356.070,1
SQ:XPDUSD,2021-09-08T10:55:00+02:00,2356.070,2356.070,2356.020,2356.030,10
SQ:XPDUSD,2021-09-08T10:56:00+02:00,2356.030,2356.030,2353.100,2353.170,27
SQ:XPDUSD,2021-09-08T10:57:00+02:00,2352.700,2354.360,2352.700,2352.800,24
SQ:XPDUSD,2021-09-08T10:58:00+02:00,2352.800,2355.850,2352.790,2354.150,49
SQ:XPDUSD,2021-09-08T10:59:00+02:00,2354.150,2360.010,2354.150,2358.540,29
SQ:XPDUSD,2021-09-08T11:00:00+02:00,2358.560,2358.970,2357.590,2358.080,12
SQ:XPDUSD,2021-09-08T11:01:00+02:00,2358.200,2358.200,2358.160,2358.160,7
SQ:XPDUSD,2021-09-08T11:02:00+02:00,2358.160,2358.970,2357.610,2358.760,12
SQ:XPDUSD,2021-09-08T11:03:00+02:00,2358.770,2358.830,2357.260,2357.290,19
SQ:XPDUSD,2021-09-08T11:04:00+02:00,2357.320,2358.220,2355.490,2356.100,33
SQ:XPDUSD,2021-09-08T11:05:00+02:00,2356.110,2356.110,2356.070,2356.070,29
SQ:XPDUSD,2021-09-08T11:06:00+02:00,2356.070,2358.540,2356.070,2357.010,25
SQ:XPDUSD,2021-09-08T11:07:00+02:00,2357.020,2358.690,2357.010,2357.010,43
SQ:XPDUSD,2021-09-08T11:08:00+02:00,2357.390,2358.410,2357.070,2357.070,40
SQ:XPDUSD,2021-09-08T11:09:00+02:00,2357.100,2359.400,2357.040,2358.750,26
SQ:XPDUSD,2021-09-08T11:10:00+02:00,2358.590,2358.590,2353.460,2356.470,41
SQ:XPDUSD,2021-09-08T11:11:00+02:00,2356.470,2356.500,2353.640,2353.770,52
SQ:XPDUSD,2021-09-08T11:12:00+02:00,2353.770,2354.910,2351.650,2354.840,28
SQ:XPDUSD,2021-09-08T11:13:00+02:00,2355.060,2355.690,2354.440,2354.550,23
SQ:XPDUSD,2021-09-08T11:14:00+02:00,2354.110,2355.150,2353.060,2354.030,10
SQ:XPDUSD,2021-09-08T11:15:00+02:00,2354.030,2356.200,2353.980,2356.130,14
SQ:XPDUSD,2021-09-08T11:16:00+02:00,2356.320,2357.110,2355.880,2356.070,23
SQ:XPDUSD,2021-09-08T11:17:00+02:00,2355.790,2356.260,2355.790,2356.080,11
SQ:XPDUSD,2021-09-08T11:18:00+02:00,2356.080,2356.080,2355.800,2355.800,8
SQ:XPDUSD,2021-09-08T11:19:00+02:00,2356.080,2360.260,2356.060,2360.260,28
SQ:XPDUSD,2021-09-08T11:20:00+02:00,2360.260,2362.050,2360.250,2360.780,25
SQ:XPDUSD,2021-09-08T11:21:00+02:00,2360.780,2360.780,2360.740,2360.770,3
SQ:XPDUSD,2021-09-08T11:22:00+02:00,2360.770,2361.830,2360.740,2361.350,10
SQ:XPDUSD,2021-09-08T11:23:00+02:00,2361.350,2362.460,2360.570,2362.460,41
SQ:XPDUSD,2021-09-08T11:24:00+02:00,2362.470,2362.600,2362.470,2362.600,10
SQ:XPDUSD,2021-09-08T11:25:00+02:00,2362.600,2362.710,2362.130,2362.130,5
SQ:XPDUSD,2021-09-08T11:26:00+02:00,2362.070,2362.150,2359.200,2359.200,39
SQ:XPDUSD,2021-09-08T11:27:00+02:00,2359.180,2359.270,2358.610,2358.610,30
SQ:XPDUSD,2021-09-08T11:28:00+02:00,2358.600,2358.840,2358.040,2358.220,12
SQ:XPDUSD,2021-09-08T11:29:00+02:00,2358.220,2360.010,2357.850,2360.010,11
SQ:XPDUSD,2021-09-08T11:30:00+02:00,2359.830,2359.830,2359.810,2359.830,11
SQ:XPDUSD,2021-09-08T11:31:00+02:00,2359.830,2359.830,2359.830,2359.830,1
SQ:XPDUSD,2021-09-08T11:32:00+02:00,2359.840,2359.840,2359.470,2359.470,3
SQ:XPDUSD,2021-09-08T11:33:00+02:00,2359.460,2360.230,2357.430,2357.430,24
SQ:XPDUSD,2021-09-08T11:34:00+02:00,2355.940,2358.430,2355.860,2358.430,25
SQ:XPDUSD,2021-09-08T11:35:00+02:00,2358.150,2358.670,2355.520,2357.160,25
SQ:XPDUSD,2021-09-08T11:36:00+02:00,2357.270,2357.270,2356.400,2356.400,8
SQ:XPDUSD,2021-09-08T11:37:00+02:00,2356.400,2356.410,2356.180,2356.190,15
SQ:XPDUSD,2021-09-08T11:38:00+02:00,2356.190,2366.150,2356.190,2365.890,21
SQ:XPDUSD,2021-09-08T11:39:00+02:00,2365.890,2368.800,2365.890,2368.130,20
SQ:XPDUSD,2021-09-08T11:40:00+02:00,2368.130,2368.550,2365.840,2366.460,15
SQ:XPDUSD,2021-09-08T11:41:00+02:00,2366.700,2366.700,2362.740,2365.320,12
SQ:XPDUSD,2021-09-08T11:42:00+02:00,2365.340,2365.850,2365.040,2365.320,97
SQ:XPDUSD,2021-09-08T11:43:00+02:00,2365.340,2369.940,2365.340,2368.810,34
SQ:XPDUSD,2021-09-08T11:44:00+02:00,2368.240,2369.730,2368.220,2369.680,12
SQ:XPDUSD,2021-09-08T11:45:00+02:00,2369.680,2369.930,2369.240,2369.610,19
SQ:XPDUSD,2021-09-08T11:46:00+02:00,2369.610,2369.890,2369.610,2369.610,5
SQ:XPDUSD,2021-09-08T11:47:00+02:00,2369.890,2369.890,2369.610,2369.610,8
SQ:XPDUSD,2021-09-08T11:48:00+02:00,2369.610,2369.890,2369.610,2369.610,7
SQ:XPDUSD,2021-09-08T11:49:00+02:00,2369.610,2369.610,2368.110,2368.140,15
SQ:XPDUSD,2021-09-08T11:50:00+02:00,2367.960,2367.960,2365.110,2365.150,9
SQ:XPDUSD,2021-09-08T11:51:00+02:00,2365.150,2365.220,2365.110,2365.220,24
SQ:XPDUSD,2021-09-08T11:52:00+02:00,2365.010,2365.140,2364.580,2364.770,19
SQ:XPDUSD,2021-09-08T11:53:00+02:00,2364.770,2365.060,2364.770,2365.020,15
SQ:XPDUSD,2021-09-08T11:54:00+02:00,2365.050,2365.070,2364.590,2365.060,23
SQ:XPDUSD,2021-09-08T11:55:00+02:00,2365.060,2365.070,2364.580,2365.070,11
SQ:XPDUSD,2021-09-08T11:56:00+02:00,2365.070,2365.070,2363.600,2364.370,13
SQ:XPDUSD,2021-09-08T11:57:00+02:00,2364.090,2364.380,2363.460,2364.090,11
SQ:XPDUSD,2021-09-08T11:58:00+02:00,2364.370,2364.370,2364.090,2364.090,8
SQ:XPDUSD,2021-09-08T11:59:00+02:00,2364.380,2364.380,2363.430,2364.380,22
SQ:XPDUSD,2021-09-08T12:00:00+02:00,2364.340,2364.650,2364.070,2364.370,31
SQ:XPDUSD,2021-09-08T12:01:00+02:00,2364.340,2364.810,2364.340,2364.340,9
SQ:XPDUSD,2021-09-08T12:02:00+02:00,2364.370,2364.620,2364.340,2364.370,15
SQ:XPDUSD,2021-09-08T12:03:00+02:00,2364.370,2364.370,2364.080,2364.370,9
SQ:XPDUSD,2021-09-08T12:04:00+02:00,2364.340,2364.810,2364.340,2364.340,34
SQ:XPDUSD,2021-09-08T12:05:00+02:00,2364.810,2364.810,2364.050,2364.370,39
SQ:XPDUSD,2021-09-08T12:06:00+02:00,2364.370,2364.810,2364.050,2364.340,26
SQ:XPDUSD,2021-09-08T12:07:00+02:00,2364.370,2364.810,2364.050,2364.340,28
SQ:XPDUSD,2021-09-08T12:08:00+02:00,2364.620,2364.810,2364.340,2364.810,14
SQ:XPDUSD,2021-09-08T12:09:00+02:00,2364.620,2364.810,2364.050,2364.340,17
SQ:XPDUSD,2021-09-08T12:10:00+02:00,2364.050,2367.670,2363.440,2367.670,21
SQ:XPDUSD,2021-09-08T12:11:00+02:00,2367.670,2368.010,2367.630,2367.640,10
SQ:XPDUSD,2021-09-08T12:12:00+02:00,2368.010,2368.200,2367.640,2368.020,6
SQ:XPDUSD,2021-09-08T12:13:00+02:00,2368.020,2368.020,2367.030,2367.650,11
SQ:XPDUSD,2021-09-08T12:14:00+02:00,2367.650,2368.210,2366.830,2366.830,6
SQ:XPDUSD,2021-09-08T12:15:00+02:00,2366.810,2368.420,2366.810,2368.420,6
SQ:XPDUSD,2021-09-08T12:16:00+02:00,2368.400,2368.400,2367.890,2367.920,25
SQ:XPDUSD,2021-09-08T12:17:00+02:00,2367.920,2368.130,2367.920,2367.920,8
SQ:XPDUSD,2021-09-08T12:18:00+02:00,2368.110,2368.130,2367.920,2367.920,17
SQ:XPDUSD,2021-09-08T12:19:00+02:00,2367.950,2368.110,2367.920,2367.950,22
SQ:XPDUSD,2021-09-08T12:20:00+02:00,2368.600,2368.840,2368.600,2368.840,3
SQ:XPDUSD,2021-09-08T12:21:00+02:00,2368.840,2368.930,2366.590,2368.660,21
SQ:XPDUSD,2021-09-08T12:22:00+02:00,2368.470,2368.840,2368.440,2368.660,16
SQ:XPDUSD,2021-09-08T12:23:00+02:00,2368.470,2368.840,2368.470,2368.630,9
SQ:XPDUSD,2021-09-08T12:24:00+02:00,2368.810,2368.840,2368.630,2368.660,18
SQ:XPDUSD,2021-09-08T12:25:00+02:00,2368.930,2370.150,2368.630,2368.810,22
SQ:XPDUSD,2021-09-08T12:26:00+02:00,2368.800,2368.930,2368.620,2368.930,8
SQ:XPDUSD,2021-09-08T12:27:00+02:00,2368.810,2368.930,2368.810,2368.930,2
SQ:XPDUSD,2021-09-08T12:28:00+02:00,2368.910,2368.910,2368.910,2368.910,1
SQ:XPDUSD,2021-09-08T12:29:00+02:00,2368.930,2368.930,2368.810,2368.930,7
SQ:XPDUSD,2021-09-08T12:30:00+02:00,2368.910,2368.980,2368.810,2368.980,4
SQ:XPDUSD,2021-09-08T12:31:00+02:00,2368.920,2368.980,2368.590,2368.780,23
SQ:XPDUSD,2021-09-08T12:32:00+02:00,2368.890,2368.930,2368.590,2368.930,11
SQ:XPDUSD,2021-09-08T12:33:00+02:00,2368.650,2370.820,2368.650,2370.730,15
SQ:XPDUSD,2021-09-08T12:34:00+02:00,2370.870,2370.870,2370.820,2370.870,3
SQ:XPDUSD,2021-09-08T12:35:00+02:00,2370.910,2371.080,2370.910,2371.080,10
SQ:XPDUSD,2021-09-08T12:36:00+02:00,2371.080,2371.380,2370.820,2370.990,8
SQ:XPDUSD,2021-09-08T12:37:00+02:00,2371.040,2372.400,2370.960,2372.400,10
SQ:XPDUSD,2021-09-08T12:38:00+02:00,2372.450,2373.640,2372.230,2373.590,20
SQ:XPDUSD,2021-09-08T12:39:00+02:00,2373.590,2374.590,2373.590,2374.530,13
SQ:XPDUSD,2021-09-08T12:40:00+02:00,2374.490,2377.390,2374.490,2377.240,21
SQ:XPDUSD,2021-09-08T12:41:00+02:00,2377.380,2377.970,2374.840,2375.470,24
SQ:XPDUSD,2021-09-08T12:42:00+02:00,2375.220,2375.470,2374.390,2374.390,10
SQ:XPDUSD,2021-09-08T12:43:00+02:00,2374.200,2374.640,2369.510,2370.260,25
SQ:XPDUSD,2021-09-08T12:44:00+02:00,2370.260,2370.300,2369.880,2370.230,85
SQ:XPDUSD,2021-09-08T12:45:00+02:00,2369.860,2370.230,2369.500,2369.770,13
SQ:XPDUSD,2021-09-08T12:46:00+02:00,2369.770,2369.770,2369.770,2369.770,1
SQ:XPDUSD,2021-09-08T12:47:00+02:00,2369.800,2369.800,2369.800,2369.800,1
SQ:XPDUSD,2021-09-08T12:48:00+02:00,2370.240,2371.750,2370.240,2370.800,22
SQ:XPDUSD,2021-09-08T12:49:00+02:00,2370.800,2371.180,2369.380,2370.970,13
SQ:XPDUSD,2021-09-08T12:50:00+02:00,2370.720,2372.120,2370.630,2371.870,11
SQ:XPDUSD,2021-09-08T12:51:00+02:00,2371.870,2371.870,2370.840,2371.390,15
SQ:XPDUSD,2021-09-08T12:52:00+02:00,2371.050,2371.050,2369.350,2369.350,19
SQ:XPDUSD,2021-09-08T12:53:00+02:00,2365.540,2369.000,2365.540,2368.460,29
SQ:XPDUSD,2021-09-08T12:54:00+02:00,2365.800,2368.880,2365.800,2368.840,14
SQ:XPDUSD,2021-09-08T12:55:00+02:00,2367.990,2368.410,2367.990,2368.410,4
SQ:XPDUSD,2021-09-08T12:56:00+02:00,2368.580,2368.840,2368.580,2368.840,2
SQ:XPDUSD,2021-09-08T12:57:00+02:00,2368.500,2368.840,2368.160,2368.160,23
SQ:XPDUSD,2021-09-08T12:58:00+02:00,2368.500,2368.840,2368.160,2368.590,27
SQ:XPDUSD,2021-09-08T12:59:00+02:00,2368.160,2368.580,2367.990,2367.990,11
SQ:XPDUSD,2021-09-08T13:00:00+02:00,2367.390,2367.800,2365.450,2367.720,81
SQ:XPDUSD,2021-09-08T13:01:00+02:00,2367.120,2369.770,2367.120,2369.730,59
SQ:XPDUSD,2021-09-08T13:02:00+02:00,2369.730,2369.730,2369.300,2369.300,11
SQ:XPDUSD,2021-09-08T13:03:00+02:00,2369.300,2369.340,2369.280,2369.280,4
SQ:XPDUSD,2021-09-08T13:04:00+02:00,2369.280,2369.280,2368.590,2368.900,18
SQ:XPDUSD,2021-09-08T13:05:00+02:00,2369.020,2369.020,2369.020,2369.020,1
SQ:XPDUSD,2021-09-08T13:06:00+02:00,2369.020,2369.020,2369.000,2369.010,3
SQ:XPDUSD,2021-09-08T13:07:00+02:00,2369.000,2369.000,2368.850,2369.000,5
SQ:XPDUSD,2021-09-08T13:08:00+02:00,2369.000,2369.000,2369.000,2369.000,1
SQ:XPDUSD,2021-09-08T13:09:00+02:00,2369.020,2369.020,2368.200,2368.550,16
SQ:XPDUSD,2021-09-08T13:10:00+02:00,2368.810,2368.850,2368.180,2368.210,19
SQ:XPDUSD,2021-09-08T13:11:00+02:00,2368.580,2368.920,2368.200,2368.210,15
SQ:XPDUSD,2021-09-08T13:12:00+02:00,2368.580,2368.900,2367.630,2368.900,18
SQ:XPDUSD,2021-09-08T13:13:00+02:00,2368.810,2368.810,2367.700,2368.550,23
SQ:XPDUSD,2021-09-08T13:14:00+02:00,2368.810,2368.980,2368.810,2368.980,3
SQ:XPDUSD,2021-09-08T13:15:00+02:00,2368.980,2368.980,2368.980,2368.980,1
SQ:XPDUSD,2021-09-08T13:16:00+02:00,2368.980,2368.980,2368.950,2368.980,3
SQ:XPDUSD,2021-09-08T13:17:00+02:00,2368.950,2368.980,2368.950,2368.980,2
SQ:XPDUSD,2021-09-08T13:18:00+02:00,2368.950,2368.950,2368.900,2368.900,2
SQ:XPDUSD,2021-09-08T13:19:00+02:00,2369.110,2369.110,2368.930,2368.930,6
SQ:XPDUSD,2021-09-08T13:20:00+02:00,2369.040,2369.040,2368.990,2368.990,9
SQ:XPDUSD,2021-09-08T13:21:00+02:00,2368.980,2369.020,2368.910,2369.020,3
SQ:XPDUSD,2021-09-08T13:22:00+02:00,2369.000,2369.020,2368.980,2369.020,6
SQ:XPDUSD,2021-09-08T13:23:00+02:00,2368.860,2368.930,2368.860,2368.930,4
SQ:XPDUSD,2021-09-08T13:24:00+02:00,2368.910,2368.930,2368.910,2368.930,2
SQ:XPDUSD,2021-09-08T13:25:00+02:00,2368.950,2368.980,2368.950,2368.960,3
SQ:XPDUSD,2021-09-08T13:26:00+02:00,2368.960,2368.980,2368.910,2368.930,6
SQ:XPDUSD,2021-09-08T13:27:00+02:00,2368.940,2368.940,2368.920,2368.940,3
SQ:XPDUSD,2021-09-08T13:28:00+02:00,2368.940,2368.990,2368.920,2368.980,15
SQ:XPDUSD,2021-09-08T13:29:00+02:00,2368.960,2368.980,2368.780,2368.980,6
SQ:XPDUSD,2021-09-08T13:30:00+02:00,2368.980,2369.020,2367.710,2368.660,21
SQ:XPDUSD,2021-09-08T13:31:00+02:00,2368.680,2369.020,2368.680,2368.920,8
SQ:XPDUSD,2021-09-08T13:32:00+02:00,2368.920,2369.600,2368.920,2369.540,19
SQ:XPDUSD,2021-09-08T13:33:00+02:00,2369.280,2369.280,2368.900,2368.930,28
SQ:XPDUSD,2021-09-08T13:34:00+02:00,2369.190,2369.190,2368.830,2368.850,18
SQ:XPDUSD,2021-09-08T13:35:00+02:00,2369.190,2369.970,2368.850,2369.710,23
SQ:XPDUSD,2021-09-08T13:36:00+02:00,2369.680,2369.940,2369.470,2369.710,16
SQ:XPDUSD,2021-09-08T13:37:00+02:00,2369.710,2369.940,2369.470,2369.630,23
SQ:XPDUSD,2021-09-08T13:38:00+02:00,2369.600,2369.790,2369.470,2369.550,15
SQ:XPDUSD,2021-09-08T13:39:00+02:00,2369.620,2369.850,2369.420,2369.540,24
SQ:XPDUSD,2021-09-08T13:40:00+02:00,2369.700,2369.700,2369.040,2369.570,31
SQ:XPDUSD,2021-09-08T13:41:00+02:00,2369.550,2369.790,2369.550,2369.550,14
SQ:XPDUSD,2021-09-08T13:42:00+02:00,2369.550,2369.550,2368.900,2369.180,8
SQ:XPDUSD,2021-09-08T13:43:00+02:00,2368.830,2369.190,2368.830,2369.150,28
SQ:XPDUSD,2021-09-08T13:44:00+02:00,2368.820,2369.410,2368.820,2369.150,12
SQ:XPDUSD,2021-09-08T13:45:00+02:00,2368.820,2369.190,2364.690,2366.140,121
SQ:XPDUSD,2021-09-08T13:46:00+02:00,2366.140,2366.570,2366.140,2366.450,23
SQ:XPDUSD,2021-09-08T13:47:00+02:00,2366.480,2366.590,2366.480,2366.570,5
SQ:XPDUSD,2021-09-08T13:48:00+02:00,2366.530,2367.880,2366.220,2367.800,10
SQ:XPDUSD,2021-09-08T13:49:00+02:00,2368.050,2368.320,2368.050,2368.070,20
SQ:XPDUSD,2021-09-08T13:50:00+02:00,2368.320,2368.780,2368.070,2368.440,31
SQ:XPDUSD,2021-09-08T13:51:00+02:00,2368.440,2368.610,2368.250,2368.360,13
SQ:XPDUSD,2021-09-08T13:52:00+02:00,2368.610,2368.870,2368.360,2368.870,14
SQ:XPDUSD,2021-09-08T13:53:00+02:00,2368.870,2368.870,2368.440,2368.440,2
SQ:XPDUSD,2021-09-08T13:54:00+02:00,2368.440,2368.440,2368.340,2368.440,3
SQ:XPDUSD,2021-09-08T13:55:00+02:00,2368.440,2368.780,2368.440,2368.440,7
SQ:XPDUSD,2021-09-08T13:56:00+02:00,2368.440,2368.440,2368.440,2368.440,1
SQ:XPDUSD,2021-09-08T13:57:00+02:00,2368.440,2368.440,2368.440,2368.440,1
SQ:XPDUSD,2021-09-08T13:58:00+02:00,2368.440,2368.440,2368.340,2368.440,3
SQ:XPDUSD,2021-09-08T13:59:00+02:00,2368.440,2368.700,2368.270,2368.270,3
SQ:XPDUSD,2021-09-08T14:00:00+02:00,2368.270,2368.270,2363.310,2363.910,337
SQ:XPDUSD,2021-09-08T14:01:00+02:00,2363.910,2364.860,2363.380,2364.160,98
SQ:XPDUSD,2021-09-08T14:02:00+02:00,2363.390,2364.160,2359.830,2361.680,24
SQ:XPDUSD,2021-09-08T14:03:00+02:00,2361.730,2367.730,2361.730,2367.330,26
SQ:XPDUSD,2021-09-08T14:04:00+02:00,2367.390,2368.530,2363.430,2363.920,47
SQ:XPDUSD,2021-09-08T14:05:00+02:00,2363.750,2363.770,2362.650,2362.660,20
SQ:XPDUSD,2021-09-08T14:06:00+02:00,2362.830,2366.430,2362.490,2365.540,22
SQ:XPDUSD,2021-09-08T14:07:00+02:00,2365.540,2366.310,2365.370,2365.940,25
SQ:XPDUSD,2021-09-08T14:08:00+02:00,2366.310,2366.310,2365.520,2365.520,22
SQ:XPDUSD,2021-09-08T14:09:00+02:00,2365.520,2366.310,2365.520,2365.610,12
SQ:XPDUSD,2021-09-08T14:10:00+02:00,2366.030,2366.030,2362.750,2363.750,28
SQ:XPDUSD,2021-09-08T14:11:00+02:00,2363.760,2363.770,2363.760,2363.770,2
SQ:XPDUSD,2021-09-08T14:12:00+02:00,2363.750,2363.890,2363.750,2363.870,6
SQ:XPDUSD,2021-09-08T14:13:00+02:00,2363.870,2365.250,2363.870,2364.290,12
SQ:XPDUSD,2021-09-08T14:14:00+02:00,2364.570,2364.990,2364.040,2364.140,93
SQ:XPDUSD,2021-09-08T14:15:00+02:00,2364.160,2364.440,2355.520,2360.020,55
SQ:XPDUSD,2021-09-08T14:16:00+02:00,2360.120,2360.120,2360.000,2360.000,3
SQ:XPDUSD,2021-09-08T14:17:00+02:00,2360.120,2360.280,2360.040,2360.210,8
SQ:XPDUSD,2021-09-08T14:18:00+02:00,2360.330,2360.330,2359.690,2359.880,39
SQ:XPDUSD,2021-09-08T14:19:00+02:00,2359.690,2359.880,2359.410,2359.780,8
SQ:XPDUSD,2021-09-08T14:20:00+02:00,2359.890,2359.890,2357.610,2358.400,15
SQ:XPDUSD,2021-09-08T14:21:00+02:00,2358.990,2358.990,2357.050,2358.360,23
SQ:XPDUSD,2021-09-08T14:22:00+02:00,2358.190,2359.350,2358.030,2359.120,62
SQ:XPDUSD,2021-09-08T14:23:00+02:00,2358.840,2358.840,2356.580,2357.390,42
SQ:XPDUSD,2021-09-08T14:24:00+02:00,2357.390,2357.390,2356.520,2357.230,21
SQ:XPDUSD,2021-09-08T14:25:00+02:00,2356.900,2357.250,2347.720,2350.570,40
SQ:XPDUSD,2021-09-08T14:26:00+02:00,2350.450,2351.380,2347.840,2348.410,143
SQ:XPDUSD,2021-09-08T14:27:00+02:00,2351.180,2355.070,2347.550,2354.580,49
SQ:XPDUSD,2021-09-08T14:28:00+02:00,2355.120,2357.980,2351.890,2355.230,54
SQ:XPDUSD,2021-09-08T14:29:00+02:00,2353.990,2355.850,2351.960,2355.560,34
SQ:XPDUSD,2021-09-08T14:30:00+02:00,2354.670,2354.670,2345.450,2345.710,106
SQ:XPDUSD,2021-09-08T14:31:00+02:00,2345.750,2351.520,2344.530,2351.290,80
SQ:XPDUSD,2021-09-08T14:32:00+02:00,2351.290,2351.390,2350.700,2350.700,9
SQ:XPDUSD,2021-09-08T14:33:00+02:00,2349.140,2351.790,2349.100,2349.310,34
SQ:XPDUSD,2021-09-08T14:34:00+02:00,2349.380,2349.380,2344.920,2346.310,22
SQ:XPDUSD,2021-09-08T14:35:00+02:00,2345.450,2346.870,2334.430,2340.450,88
SQ:XPDUSD,2021-09-08T14:36:00+02:00,2340.450,2348.340,2340.280,2346.680,45
SQ:XPDUSD,2021-09-08T14:37:00+02:00,2346.730,2352.810,2346.730,2350.020,35
SQ:XPDUSD,2021-09-08T14:38:00+02:00,2350.020,2351.380,2349.630,2350.640,21
SQ:XPDUSD,2021-09-08T14:39:00+02:00,2350.940,2353.770,2348.470,2353.770,11
SQ:XPDUSD,2021-09-08T14:40:00+02:00,2353.590,2354.390,2349.520,2350.090,10
SQ:XPDUSD,2021-09-08T14:41:00+02:00,2350.710,2351.390,2350.510,2351.390,116
SQ:XPDUSD,2021-09-08T14:42:00+02:00,2352.280,2352.360,2352.090,2352.360,6
SQ:XPDUSD,2021-09-08T14:43:00+02:00,2352.360,2352.400,2352.270,2352.380,10
SQ:XPDUSD,2021-09-08T14:44:00+02:00,2352.380,2352.400,2350.760,2350.760,12
SQ:XPDUSD,2021-09-08T14:45:00+02:00,2349.950,2350.620,2346.710,2347.280,24
SQ:XPDUSD,2021-09-08T14:46:00+02:00,2346.140,2347.980,2346.140,2347.240,25
SQ:XPDUSD,2021-09-08T14:47:00+02:00,2347.490,2348.280,2346.920,2347.070,25
SQ:XPDUSD,2021-09-08T14:48:00+02:00,2347.070,2347.630,2347.070,2347.350,6
SQ:XPDUSD,2021-09-08T14:49:00+02:00,2347.350,2348.770,2347.230,2348.060,39
SQ:XPDUSD,2021-09-08T14:50:00+02:00,2348.040,2348.360,2347.230,2347.290,18
SQ:XPDUSD,2021-09-08T14:51:00+02:00,2347.280,2350.790,2346.110,2347.050,35
SQ:XPDUSD,2021-09-08T14:52:00+02:00,2347.050,2347.730,2346.310,2346.310,17
SQ:XPDUSD,2021-09-08T14:53:00+02:00,2345.480,2346.880,2345.480,2346.290,14
SQ:XPDUSD,2021-09-08T14:54:00+02:00,2345.700,2345.700,2340.130,2340.130,29
SQ:XPDUSD,2021-09-08T14:55:00+02:00,2337.240,2338.380,2337.130,2338.380,18
SQ:XPDUSD,2021-09-08T14:56:00+02:00,2338.380,2346.430,2338.380,2345.530,31
SQ:XPDUSD,2021-09-08T14:57:00+02:00,2345.530,2345.980,2344.880,2345.630,24
SQ:XPDUSD,2021-09-08T14:58:00+02:00,2345.630,2345.640,2344.980,2344.980,34
SQ:XPDUSD,2021-09-08T14:59:00+02:00,2345.630,2345.630,2340.030,2341.340,52
SQ:XPDUSD,2021-09-08T15:00:00+02:00,2341.340,2342.370,2341.340,2342.370,11
SQ:XPDUSD,2021-09-08T15:01:00+02:00,2342.370,2345.150,2342.370,2344.510,46
SQ:XPDUSD,2021-09-08T15:02:00+02:00,2344.020,2344.560,2339.810,2343.010,44
SQ:XPDUSD,2021-09-08T15:03:00+02:00,2343.010,2343.010,2340.070,2340.070,6
SQ:XPDUSD,2021-09-08T15:04:00+02:00,2340.070,2345.860,2340.020,2345.140,67
SQ:XPDUSD,2021-09-08T15:05:00+02:00,2346.320,2350.420,2345.930,2348.840,47
SQ:XPDUSD,2021-09-08T15:06:00+02:00,2346.970,2346.970,2342.760,2344.880,72
SQ:XPDUSD,2021-09-08T15:07:00+02:00,2345.150,2347.120,2341.930,2342.390,57
SQ:XPDUSD,2021-09-08T15:08:00+02:00,2342.370,2345.060,2339.260,2344.210,30
SQ:XPDUSD,2021-09-08T15:09:00+02:00,2344.210,2345.100,2339.020,2344.720,140
SQ:XPDUSD,2021-09-08T15:10:00+02:00,2344.720,2344.720,2342.230,2344.610,66
SQ:XPDUSD,2021-09-08T15:11:00+02:00,2344.600,2344.610,2342.390,2342.700,21
SQ:XPDUSD,2021-09-08T15:12:00+02:00,2342.510,2343.170,2340.540,2341.680,48
SQ:XPDUSD,2021-09-08T15:13:00+02:00,2341.660,2342.860,2341.560,2341.590,26
SQ:XPDUSD,2021-09-08T15:14:00+02:00,2341.560,2342.370,2341.220,2341.920,14
SQ:XPDUSD,2021-09-08T15:15:00+02:00,2341.450,2344.350,2340.910,2342.660,53
SQ:XPDUSD,2021-09-08T15:16:00+02:00,2342.660,2342.660,2340.100,2340.580,20
SQ:XPDUSD,2021-09-08T15:17:00+02:00,2340.580,2340.940,2336.730,2340.310,38
SQ:XPDUSD,2021-09-08T15:18:00+02:00,2339.420,2340.830,2339.420,2340.830,4
SQ:XPDUSD,2021-09-08T15:19:00+02:00,2340.830,2340.830,2340.830,2340.830,1
SQ:XPDUSD,2021-09-08T15:20:00+02:00,2340.830,2342.030,2340.470,2341.910,13
SQ:XPDUSD,2021-09-08T15:21:00+02:00,2341.910,2343.410,2341.030,2341.050,52
SQ:XPDUSD,2021-09-08T15:22:00+02:00,2341.080,2341.110,2336.570,2338.900,241
SQ:XPDUSD,2021-09-08T15:23:00+02:00,2338.930,2341.420,2336.680,2341.420,195
SQ:XPDUSD,2021-09-08T15:24:00+02:00,2341.420,2342.280,2337.040,2341.360,34
SQ:XPDUSD,2021-09-08T15:25:00+02:00,2342.360,2342.730,2340.300,2340.700,13
SQ:XPDUSD,2021-09-08T15:26:00+02:00,2340.700,2340.700,2340.700,2340.700,1
SQ:XPDUSD,2021-09-08T15:27:00+02:00,2340.700,2342.400,2340.650,2341.280,18
SQ:XPDUSD,2021-09-08T15:28:00+02:00,2341.300,2341.300,2341.080,2341.080,9
SQ:XPDUSD,2021-09-08T15:29:00+02:00,2341.080,2341.250,2341.080,2341.160,4
SQ:XPDUSD,2021-09-08T15:30:00+02:00,2341.100,2341.100,2339.090,2340.500,37
SQ:XPDUSD,2021-09-08T15:31:00+02:00,2340.450,2340.450,2310.970,2312.770,134
SQ:XPDUSD,2021-09-08T15:32:00+02:00,2310.690,2314.460,2287.610,2311.400,135
SQ:XPDUSD,2021-09-08T15:33:00+02:00,2311.380,2320.370,2309.090,2314.570,121
SQ:XPDUSD,2021-09-08T15:34:00+02:00,2314.720,2318.080,2311.850,2312.000,104
SQ:XPDUSD,2021-09-08T15:35:00+02:00,2312.400,2319.560,2311.840,2314.700,77
SQ:XPDUSD,2021-09-08T15:36:00+02:00,2314.690,2314.690,2307.220,2308.410,112
SQ:XPDUSD,2021-09-08T15:37:00+02:00,2307.440,2312.260,2304.530,2308.460,101
SQ:XPDUSD,2021-09-08T15:38:00+02:00,2309.480,2313.650,2309.480,2313.630,19
SQ:XPDUSD,2021-09-08T15:39:00+02:00,2313.630,2315.730,2311.880,2314.170,54
SQ:XPDUSD,2021-09-08T15:40:00+02:00,2314.170,2314.170,2307.130,2309.470,70
SQ:XPDUSD,2021-09-08T15:41:00+02:00,2309.230,2314.100,2309.230,2311.430,36
SQ:XPDUSD,2021-09-08T15:42:00+02:00,2311.420,2311.420,2306.670,2307.840,109
SQ:XPDUSD,2021-09-08T15:43:00+02:00,2307.840,2307.840,2299.370,2299.860,20
SQ:XPDUSD,2021-09-08T15:44:00+02:00,2299.850,2308.450,2299.800,2308.450,45
SQ:XPDUSD,2021-09-08T15:45:00+02:00,2308.460,2316.510,2308.460,2314.230,55
SQ:XPDUSD,2021-09-08T15:46:00+02:00,2311.910,2315.310,2304.450,2307.080,114
SQ:XPDUSD,2021-09-08T15:47:00+02:00,2306.730,2310.750,2306.730,2308.180,99
SQ:XPDUSD,2021-09-08T15:48:00+02:00,2308.060,2308.060,2301.820,2301.820,63
SQ:XPDUSD,2021-09-08T15:49:00+02:00,2301.440,2303.200,2290.350,2297.780,154
SQ:XPDUSD,2021-09-08T15:50:00+02:00,2297.390,2297.540,2291.380,2291.660,43
SQ:XPDUSD,2021-09-08T15:51:00+02:00,2291.780,2296.390,2290.720,2293.310,35
SQ:XPDUSD,2021-09-08T15:52:00+02:00,2292.750,2292.860,2289.060,2289.290,28
SQ:XPDUSD,2021-09-08T15:53:00+02:00,2289.330,2292.100,2289.290,2291.960,69
SQ:XPDUSD,2021-09-08T15:54:00+02:00,2291.140,2291.140,2289.200,2289.970,29
SQ:XPDUSD,2021-09-08T15:55:00+02:00,2289.980,2297.200,2289.480,2296.720,74
SQ:XPDUSD,2021-09-08T15:56:00+02:00,2296.600,2303.970,2295.980,2301.090,102
SQ:XPDUSD,2021-09-08T15:57:00+02:00,2300.970,2305.230,2300.600,2303.540,48
SQ:XPDUSD,2021-09-08T15:58:00+02:00,2302.190,2304.370,2300.990,2304.370,49
SQ:XPDUSD,2021-09-08T15:59:00+02:00,2304.430,2307.760,2304.430,2307.040,27
SQ:XPDUSD,2021-09-08T16:00:00+02:00,2306.400,2307.410,2302.220,2302.220,36
SQ:XPDUSD,2021-09-08T16:01:00+02:00,2302.720,2305.500,2302.200,2303.160,50
SQ:XPDUSD,2021-09-08T16:02:00+02:00,2303.540,2304.290,2302.480,2303.770,251
SQ:XPDUSD,2021-09-08T16:03:00+02:00,2303.580,2304.280,2303.500,2303.500,51
SQ:XPDUSD,2021-09-08T16:04:00+02:00,2302.710,2304.720,2301.850,2301.850,28
SQ:XPDUSD,2021-09-08T16:05:00+02:00,2301.770,2303.730,2301.730,2302.380,104
SQ:XPDUSD,2021-09-08T16:06:00+02:00,2302.830,2304.390,2301.870,2304.390,62
SQ:XPDUSD,2021-09-08T16:07:00+02:00,2304.390,2304.640,2303.840,2303.870,27
SQ:XPDUSD,2021-09-08T16:08:00+02:00,2303.860,2308.040,2303.820,2307.990,26
SQ:XPDUSD,2021-09-08T16:09:00+02:00,2308.540,2309.360,2308.490,2308.490,130
SQ:XPDUSD,2021-09-08T16:10:00+02:00,2308.530,2308.610,2302.110,2303.640,86
SQ:XPDUSD,2021-09-08T16:11:00+02:00,2303.110,2308.230,2300.960,2307.520,114
SQ:XPDUSD,2021-09-08T16:12:00+02:00,2307.470,2309.120,2306.120,2309.120,58
SQ:XPDUSD,2021-09-08T16:13:00+02:00,2308.840,2309.750,2307.380,2309.280,15
SQ:XPDUSD,2021-09-08T16:14:00+02:00,2309.300,2311.120,2309.260,2311.120,29
SQ:XPDUSD,2021-09-08T16:15:00+02:00,2310.730,2310.730,2307.480,2308.380,15
SQ:XPDUSD,2021-09-08T16:16:00+02:00,2308.560,2309.280,2307.950,2308.450,24
SQ:XPDUSD,2021-09-08T16:17:00+02:00,2308.730,2310.270,2307.760,2309.260,20
SQ:XPDUSD,2021-09-08T16:18:00+02:00,2309.290,2309.310,2309.280,2309.310,12
SQ:XPDUSD,2021-09-08T16:19:00+02:00,2310.230,2311.780,2309.220,2311.780,32
SQ:XPDUSD,2021-09-08T16:20:00+02:00,2310.950,2311.630,2307.390,2307.960,25
SQ:XPDUSD,2021-09-08T16:21:00+02:00,2307.970,2309.560,2307.840,2308.490,77
SQ:XPDUSD,2021-09-08T16:22:00+02:00,2308.410,2309.380,2307.620,2308.920,42
SQ:XPDUSD,2021-09-08T16:23:00+02:00,2309.200,2309.200,2301.920,2304.080,173
SQ:XPDUSD,2021-09-08T16:24:00+02:00,2303.530,2304.430,2298.610,2299.600,242
SQ:XPDUSD,2021-09-08T16:25:00+02:00,2300.050,2300.590,2296.480,2296.580,200
SQ:XPDUSD,2021-09-08T16:26:00+02:00,2296.450,2300.270,2292.260,2293.930,186
SQ:XPDUSD,2021-09-08T16:27:00+02:00,2293.100,2295.550,2288.850,2289.730,346
SQ:XPDUSD,2021-09-08T16:28:00+02:00,2289.390,2290.010,2228.660,2235.040,273
SQ:XPDUSD,2021-09-08T16:29:00+02:00,2234.880,2238.190,2231.650,2233.500,99
SQ:XPDUSD,2021-09-08T16:30:00+02:00,2233.380,2241.590,2230.220,2230.500,90
SQ:XPDUSD,2021-09-08T16:31:00+02:00,2230.510,2241.320,2228.310,2241.320,186
SQ:XPDUSD,2021-09-08T16:32:00+02:00,2241.460,2241.500,2232.190,2232.190,42
SQ:XPDUSD,2021-09-08T16:33:00+02:00,2232.000,2232.000,2223.420,2224.710,40
SQ:XPDUSD,2021-09-08T16:34:00+02:00,2224.740,2235.230,2224.740,2234.000,91
SQ:XPDUSD,2021-09-08T16:35:00+02:00,2233.440,2239.700,2233.310,2237.210,33
SQ:XPDUSD,2021-09-08T16:36:00+02:00,2235.840,2235.840,2229.100,2233.510,109
SQ:XPDUSD,2021-09-08T16:37:00+02:00,2233.130,2238.720,2231.300,2235.360,107
SQ:XPDUSD,2021-09-08T16:38:00+02:00,2234.730,2236.140,2234.100,2235.210,48
SQ:XPDUSD,2021-09-08T16:39:00+02:00,2235.090,2241.740,2232.160,2241.350,159
SQ:XPDUSD,2021-09-08T16:40:00+02:00,2241.720,2241.790,2238.110,2238.300,61
SQ:XPDUSD,2021-09-08T16:41:00+02:00,2238.320,2240.320,2233.210,2238.660,76
SQ:XPDUSD,2021-09-08T16:42:00+02:00,2240.940,2243.070,2239.620,2240.220,53
SQ:XPDUSD,2021-09-08T16:43:00+02:00,2239.590,2241.820,2236.390,2238.780,57
SQ:XPDUSD,2021-09-08T16:44:00+02:00,2239.410,2241.770,2239.410,2241.650,44
SQ:XPDUSD,2021-09-08T16:45:00+02:00,2241.480,2241.480,2238.380,2239.070,63
SQ:XPDUSD,2021-09-08T16:46:00+02:00,2239.410,2241.030,2238.610,2240.190,71
SQ:XPDUSD,2021-09-08T16:47:00+02:00,2240.000,2240.590,2238.850,2238.850,44
SQ:XPDUSD,2021-09-08T16:48:00+02:00,2238.430,2243.780,2238.250,2239.600,35
SQ:XPDUSD,2021-09-08T16:49:00+02:00,2239.810,2242.070,2237.720,2242.060,54
SQ:XPDUSD,2021-09-08T16:50:00+02:00,2242.000,2242.420,2239.570,2241.240,64
SQ:XPDUSD,2021-09-08T16:51:00+02:00,2241.520,2242.140,2238.300,2239.700,99
SQ:XPDUSD,2021-09-08T16:52:00+02:00,2239.640,2239.640,2238.180,2238.820,59
SQ:XPDUSD,2021-09-08T16:53:00+02:00,2238.440,2239.930,2236.020,2236.710,107
SQ:XPDUSD,2021-09-08T16:54:00+02:00,2236.090,2240.240,2233.870,2239.160,83
SQ:XPDUSD,2021-09-08T16:55:00+02:00,2238.760,2238.780,2233.960,2234.080,45
SQ:XPDUSD,2021-09-08T16:56:00+02:00,2234.050,2236.750,2233.230,2236.370,29
SQ:XPDUSD,2021-09-08T16:57:00+02:00,2236.410,2236.990,2234.950,2236.450,170
SQ:XPDUSD,2021-09-08T16:58:00+02:00,2236.410,2236.410,2233.470,2233.900,48
SQ:XPDUSD,2021-09-08T16:59:00+02:00,2233.740,2234.000,2233.530,2233.800,18
SQ:XPDUSD,2021-09-08T17:00:00+02:00,2233.910,2235.790,2233.910,2234.750,55
SQ:XPDUSD,2021-09-08T17:01:00+02:00,2234.750,2237.500,2233.920,2234.140,50
SQ:XPDUSD,2021-09-08T17:02:00+02:00,2234.110,2234.110,2233.670,2234.030,12
SQ:XPDUSD,2021-09-08T17:03:00+02:00,2234.030,2236.860,2233.980,2236.860,31
SQ:XPDUSD,2021-09-08T17:04:00+02:00,2236.770,2236.770,2234.430,2234.860,21
SQ:XPDUSD,2021-09-08T17:05:00+02:00,2234.770,2235.530,2222.720,2224.090,32
SQ:XPDUSD,2021-09-08T17:06:00+02:00,2224.090,2224.120,2220.300,2222.950,205
SQ:XPDUSD,2021-09-08T17:07:00+02:00,2222.940,2223.960,2218.510,2221.400,34
SQ:XPDUSD,2021-09-08T17:08:00+02:00,2221.400,2221.400,2217.330,2219.320,45
SQ:XPDUSD,2021-09-08T17:09:00+02:00,2219.710,2220.990,2218.970,2220.970,58
SQ:XPDUSD,2021-09-08T17:10:00+02:00,2221.330,2223.780,2220.300,2222.920,83
SQ:XPDUSD,2021-09-08T17:11:00+02:00,2222.630,2223.960,2221.090,2223.660,165
SQ:XPDUSD,2021-09-08T17:12:00+02:00,2223.690,2225.890,2222.280,2224.180,107
SQ:XPDUSD,2021-09-08T17:13:00+02:00,2224.200,2227.900,2221.320,2225.500,122
SQ:XPDUSD,2021-09-08T17:14:00+02:00,2225.520,2226.500,2222.070,2222.070,29
SQ:XPDUSD,2021-09-08T17:15:00+02:00,2222.140,2222.140,2218.630,2219.940,47
SQ:XPDUSD,2021-09-08T17:16:00+02:00,2219.350,2220.270,2218.310,2218.450,37
SQ:XPDUSD,2021-09-08T17:17:00+02:00,2218.450,2218.700,2218.400,2218.700,8
SQ:XPDUSD,2021-09-08T17:18:00+02:00,2218.710,2218.710,2210.290,2214.620,42
SQ:XPDUSD,2021-09-08T17:19:00+02:00,2214.620,2222.310,2214.620,2221.620,49
SQ:XPDUSD,2021-09-08T17:20:00+02:00,2221.620,2221.620,2216.660,2217.910,32
SQ:XPDUSD,2021-09-08T17:21:00+02:00,2217.940,2225.200,2217.740,2224.350,56
SQ:XPDUSD,2021-09-08T17:22:00+02:00,2224.390,2226.910,2221.740,2225.230,42
SQ:XPDUSD,2021-09-08T17:23:00+02:00,2225.230,2225.660,2221.480,2223.510,31
SQ:XPDUSD,2021-09-08T17:24:00+02:00,2223.270,2223.510,2220.890,2221.080,23
SQ:XPDUSD,2021-09-08T17:25:00+02:00,2221.010,2223.090,2221.010,2221.840,24
SQ:XPDUSD,2021-09-08T17:26:00+02:00,2221.830,2223.770,2220.420,2220.490,51
SQ:XPDUSD,2021-09-08T17:27:00+02:00,2221.020,2226.850,2221.000,2226.150,90
SQ:XPDUSD,2021-09-08T17:28:00+02:00,2226.160,2239.430,2226.150,2236.030,53
SQ:XPDUSD,2021-09-08T17:29:00+02:00,2235.740,2239.980,2231.450,2236.270,79
SQ:XPDUSD,2021-09-08T17:30:00+02:00,2235.660,2244.380,2233.800,2244.380,43
SQ:XPDUSD,2021-09-08T17:31:00+02:00,2244.560,2248.930,2237.520,2237.620,40
SQ:XPDUSD,2021-09-08T17:32:00+02:00,2238.550,2240.070,2228.590,2229.850,57
SQ:XPDUSD,2021-09-08T17:33:00+02:00,2229.850,2233.150,2226.700,2229.690,67
SQ:XPDUSD,2021-09-08T17:34:00+02:00,2228.990,2229.050,2228.430,2228.660,315
SQ:XPDUSD,2021-09-08T17:35:00+02:00,2228.980,2230.580,2228.730,2230.270,16
SQ:XPDUSD,2021-09-08T17:36:00+02:00,2230.460,2232.980,2229.640,2230.990,102
SQ:XPDUSD,2021-09-08T17:37:00+02:00,2230.680,2233.080,2230.050,2230.050,39
SQ:XPDUSD,2021-09-08T17:38:00+02:00,2232.620,2238.120,2232.620,2235.150,30
SQ:XPDUSD,2021-09-08T17:39:00+02:00,2235.150,2236.410,2231.350,2231.670,35
SQ:XPDUSD,2021-09-08T17:40:00+02:00,2231.670,2234.170,2230.820,2231.590,55
SQ:XPDUSD,2021-09-08T17:41:00+02:00,2232.310,2236.800,2232.310,2236.650,20
SQ:XPDUSD,2021-09-08T17:42:00+02:00,2236.650,2240.480,2236.650,2240.250,16
SQ:XPDUSD,2021-09-08T17:43:00+02:00,2240.250,2241.020,2234.720,2241.020,16
SQ:XPDUSD,2021-09-08T17:44:00+02:00,2241.130,2241.130,2234.630,2236.120,15
SQ:XPDUSD,2021-09-08T17:45:00+02:00,2236.090,2239.540,2233.340,2239.520,17
SQ:XPDUSD,2021-09-08T17:46:00+02:00,2239.520,2240.570,2236.000,2236.620,29
SQ:XPDUSD,2021-09-08T17:47:00+02:00,2236.010,2238.900,2236.010,2238.190,24
SQ:XPDUSD,2021-09-08T17:48:00+02:00,2238.980,2238.980,2237.210,2237.260,9
SQ:XPDUSD,2021-09-08T17:49:00+02:00,2237.150,2237.150,2231.710,2235.450,14
SQ:XPDUSD,2021-09-08T17:50:00+02:00,2235.420,2235.550,2232.090,2233.970,26
SQ:XPDUSD,2021-09-08T17:51:00+02:00,2233.970,2234.150,2232.470,2232.980,18
SQ:XPDUSD,2021-09-08T17:52:00+02:00,2233.070,2234.110,2233.040,2234.110,28
SQ:XPDUSD,2021-09-08T17:53:00+02:00,2234.100,2239.200,2233.910,2238.510,25
SQ:XPDUSD,2021-09-08T17:54:00+02:00,2238.170,2238.790,2237.090,2238.790,21
SQ:XPDUSD,2021-09-08T17:55:00+02:00,2238.800,2239.280,2238.760,2239.200,21
SQ:XPDUSD,2021-09-08T17:56:00+02:00,2238.760,2240.470,2229.070,2233.220,56
SQ:XPDUSD,2021-09-08T17:57:00+02:00,2233.470,2233.740,2229.770,2230.970,37
SQ:XPDUSD,2021-09-08T17:58:00+02:00,2231.880,2233.260,2230.400,2231.320,98
SQ:XPDUSD,2021-09-08T17:59:00+02:00,2231.320,2231.740,2227.930,2228.580,86
SQ:XPDUSD,2021-09-08T18:00:00+02:00,2228.610,2228.610,2227.410,2227.480,132
SQ:XPDUSD,2021-09-08T18:01:00+02:00,2227.600,2228.380,2225.720,2227.040,70
SQ:XPDUSD,2021-09-08T18:02:00+02:00,2226.690,2233.740,2226.690,2232.660,40
SQ:XPDUSD,2021-09-08T18:03:00+02:00,2232.150,2233.170,2228.320,2229.220,44
SQ:XPDUSD,2021-09-08T18:04:00+02:00,2229.190,2229.650,2229.070,2229.080,15
SQ:XPDUSD,2021-09-08T18:05:00+02:00,2229.130,2230.550,2228.180,2230.550,15
SQ:XPDUSD,2021-09-08T18:06:00+02:00,2230.430,2235.790,2230.250,2234.370,33
SQ:XPDUSD,2021-09-08T18:07:00+02:00,2234.370,2239.730,2234.100,2239.690,22
SQ:XPDUSD,2021-09-08T18:08:00+02:00,2239.710,2240.860,2232.170,2232.640,26
SQ:XPDUSD,2021-09-08T18:09:00+02:00,2233.250,2234.340,2230.870,2231.670,22
SQ:XPDUSD,2021-09-08T18:10:00+02:00,2231.590,2231.630,2231.300,2231.340,30
SQ:XPDUSD,2021-09-08T18:11:00+02:00,2231.780,2233.100,2231.350,2232.820,10
SQ:XPDUSD,2021-09-08T18:12:00+02:00,2232.820,2235.320,2232.820,2235.320,16
SQ:XPDUSD,2021-09-08T18:13:00+02:00,2236.070,2236.290,2232.180,2232.710,21
SQ:XPDUSD,2021-09-08T18:14:00+02:00,2232.700,2242.840,2232.700,2242.840,38
SQ:XPDUSD,2021-09-08T18:15:00+02:00,2243.220,2244.540,2237.650,2239.620,33
SQ:XPDUSD,2021-09-08T18:16:00+02:00,2239.850,2239.850,2236.070,2236.580,190
SQ:XPDUSD,2021-09-08T18:17:00+02:00,2236.430,2242.750,2236.430,2242.500,32
SQ:XPDUSD,2021-09-08T18:18:00+02:00,2242.430,2242.660,2240.190,2241.770,25
SQ:XPDUSD,2021-09-08T18:19:00+02:00,2240.950,2240.990,2240.550,2240.990,9
SQ:XPDUSD,2021-09-08T18:20:00+02:00,2240.650,2240.650,2237.360,2238.260,20
SQ:XPDUSD,2021-09-08T18:21:00+02:00,2238.460,2238.850,2237.000,2237.390,19
SQ:XPDUSD,2021-09-08T18:22:00+02:00,2237.390,2237.390,2235.930,2236.020,19
SQ:XPDUSD,2021-09-08T18:23:00+02:00,2235.740,2236.350,2234.500,2234.780,20
SQ:XPDUSD,2021-09-08T18:24:00+02:00,2234.780,2234.780,2234.780,2234.780,1
SQ:XPDUSD,2021-09-08T18:25:00+02:00,2234.790,2243.830,2234.770,2239.800,50
SQ:XPDUSD,2021-09-08T18:26:00+02:00,2239.950,2241.100,2236.780,2239.830,31
SQ:XPDUSD,2021-09-08T18:27:00+02:00,2239.670,2240.640,2236.590,2236.880,20
SQ:XPDUSD,2021-09-08T18:28:00+02:00,2236.590,2238.470,2235.210,2238.280,22
SQ:XPDUSD,2021-09-08T18:29:00+02:00,2238.470,2238.470,2231.320,2233.960,36
SQ:XPDUSD,2021-09-08T18:30:00+02:00,2233.960,2233.960,2228.090,2228.090,41
SQ:XPDUSD,2021-09-08T18:31:00+02:00,2228.180,2229.860,2228.180,2229.860,14
SQ:XPDUSD,2021-09-08T18:32:00+02:00,2229.890,2232.090,2228.900,2229.120,21
SQ:XPDUSD,2021-09-08T18:33:00+02:00,2229.140,2231.360,2228.790,2230.910,17
SQ:XPDUSD,2021-09-08T18:34:00+02:00,2230.920,2235.440,2230.920,2234.940,19
SQ:XPDUSD,2021-09-08T18:35:00+02:00,2235.130,2235.260,2228.090,2228.210,31
SQ:XPDUSD,2021-09-08T18:36:00+02:00,2228.290,2228.600,2228.180,2228.600,5
SQ:XPDUSD,2021-09-08T18:37:00+02:00,2228.570,2228.610,2228.410,2228.470,12
SQ:XPDUSD,2021-09-08T18:38:00+02:00,2228.470,2229.230,2228.320,2229.230,10
SQ:XPDUSD,2021-09-08T18:39:00+02:00,2230.070,2231.810,2227.520,2228.170,32
SQ:XPDUSD,2021-09-08T18:40:00+02:00,2228.260,2228.260,2226.570,2226.580,28
SQ:XPDUSD,2021-09-08T18:41:00+02:00,2225.580,2227.210,2225.580,2226.700,9
SQ:XPDUSD,2021-09-08T18:42:00+02:00,2226.630,2227.200,2226.600,2226.940,15
SQ:XPDUSD,2021-09-08T18:43:00+02:00,2227.180,2234.450,2226.650,2231.710,25
SQ:XPDUSD,2021-09-08T18:44:00+02:00,2231.710,2232.280,2231.710,2232.280,3
SQ:XPDUSD,2021-09-08T18:45:00+02:00,2232.440,2235.800,2231.850,2235.800,8
SQ:XPDUSD,2021-09-08T18:46:00+02:00,2235.800,2235.800,2235.360,2235.670,16
SQ:XPDUSD,2021-09-08T18:47:00+02:00,2235.790,2235.790,2235.230,2235.230,3
SQ:XPDUSD,2021-09-08T18:48:00+02:00,2235.510,2241.010,2235.120,2238.320,27
SQ:XPDUSD,2021-09-08T18:49:00+02:00,2241.490,2241.490,2235.960,2237.850,26
SQ:XPDUSD,2021-09-08T18:50:00+02:00,2237.850,2239.070,2237.850,2238.630,7
SQ:XPDUSD,2021-09-08T18:51:00+02:00,2238.700,2240.500,2238.420,2240.500,15
SQ:XPDUSD,2021-09-08T18:52:00+02:00,2240.650,2246.030,2239.060,2241.910,34
SQ:XPDUSD,2021-09-08T18:53:00+02:00,2241.860,2244.780,2241.650,2243.460,43
SQ:XPDUSD,2021-09-08T18:54:00+02:00,2243.700,2243.800,2241.200,2241.200,23
SQ:XPDUSD,2021-09-08T18:55:00+02:00,2241.210,2241.600,2238.070,2239.850,33
SQ:XPDUSD,2021-09-08T18:56:00+02:00,2240.220,2242.690,2238.920,2239.590,43
SQ:XPDUSD,2021-09-08T18:57:00+02:00,2239.570,2243.100,2239.220,2243.100,31
SQ:XPDUSD,2021-09-08T18:58:00+02:00,2243.580,2243.820,2238.290,2243.820,83
SQ:XPDUSD,2021-09-08T18:59:00+02:00,2243.170,2248.460,2242.840,2245.030,115
SQ:XPDUSD,2021-09-08T19:00:00+02:00,2245.460,2246.100,2244.090,2244.480,36
SQ:XPDUSD,2021-09-08T19:01:00+02:00,2244.400,2245.400,2244.400,2245.050,29
SQ:XPDUSD,2021-09-08T19:02:00+02:00,2245.330,2249.060,2244.640,2245.780,77
SQ:XPDUSD,2021-09-08T19:03:00+02:00,2246.130,2249.680,2246.040,2247.530,72
SQ:XPDUSD,2021-09-08T19:04:00+02:00,2248.010,2250.710,2246.490,2250.710,87
SQ:XPDUSD,2021-09-08T19:05:00+02:00,2250.880,2253.240,2249.590,2253.240,50
SQ:XPDUSD,2021-09-08T19:06:00+02:00,2254.470,2261.830,2251.650,2261.810,127
SQ:XPDUSD,2021-09-08T19:07:00+02:00,2262.070,2262.730,2259.190,2261.120,81
SQ:XPDUSD,2021-09-08T19:08:00+02:00,2262.430,2263.630,2256.030,2257.580,72
SQ:XPDUSD,2021-09-08T19:09:00+02:00,2257.550,2260.610,2256.280,2257.930,56
SQ:XPDUSD,2021-09-08T19:10:00+02:00,2258.040,2259.680,2253.290,2253.850,24
SQ:XPDUSD,2021-09-08T19:11:00+02:00,2253.850,2254.900,2253.420,2253.570,5
SQ:XPDUSD,2021-09-08T19:12:00+02:00,2253.740,2253.740,2252.220,2252.220,9
SQ:XPDUSD,2021-09-08T19:13:00+02:00,2252.480,2252.520,2252.480,2252.500,5
SQ:XPDUSD,2021-09-08T19:14:00+02:00,2252.520,2253.920,2251.810,2253.560,22
SQ:XPDUSD,2021-09-08T19:15:00+02:00,2253.260,2253.280,2252.910,2253.280,13
SQ:XPDUSD,2021-09-08T19:16:00+02:00,2252.950,2253.570,2252.390,2252.390,55
SQ:XPDUSD,2021-09-08T19:17:00+02:00,2252.090,2252.120,2249.390,2250.750,508
SQ:XPDUSD,2021-09-08T19:18:00+02:00,2250.750,2252.190,2249.390,2251.020,59
SQ:XPDUSD,2021-09-08T19:19:00+02:00,2251.080,2251.530,2249.590,2250.190,67
SQ:XPDUSD,2021-09-08T19:20:00+02:00,2250.160,2252.000,2250.160,2252.000,8
SQ:XPDUSD,2021-09-08T19:21:00+02:00,2252.000,2252.000,2251.820,2251.860,4
SQ:XPDUSD,2021-09-08T19:22:00+02:00,2252.110,2252.920,2251.210,2252.740,10
SQ:XPDUSD,2021-09-08T19:23:00+02:00,2252.370,2254.720,2251.010,2254.720,76
SQ:XPDUSD,2021-09-08T19:24:00+02:00,2253.540,2255.490,2252.980,2254.210,131
SQ:XPDUSD,2021-09-08T19:25:00+02:00,2255.070,2256.610,2251.760,2254.580,173
SQ:XPDUSD,2021-09-08T19:26:00+02:00,2254.940,2256.250,2254.070,2255.690,69
SQ:XPDUSD,2021-09-08T19:27:00+02:00,2255.690,2256.470,2255.490,2256.020,17
SQ:XPDUSD,2021-09-08T19:28:00+02:00,2256.050,2256.070,2256.010,2256.070,3
SQ:XPDUSD,2021-09-08T19:29:00+02:00,2256.070,2257.000,2255.670,2256.530,44
SQ:XPDUSD,2021-09-08T19:30:00+02:00,2257.150,2257.360,2256.050,2257.270,134
SQ:XPDUSD,2021-09-08T19:31:00+02:00,2257.120,2258.650,2256.040,2258.430,31
SQ:XPDUSD,2021-09-08T19:32:00+02:00,2258.680,2258.950,2256.050,2258.680,29
SQ:XPDUSD,2021-09-08T19:33:00+02:00,2258.680,2258.680,2258.470,2258.490,7
SQ:XPDUSD,2021-09-08T19:34:00+02:00,2258.490,2258.510,2258.470,2258.510,5
SQ:XPDUSD,2021-09-08T19:35:00+02:00,2258.940,2259.440,2258.940,2259.350,8
SQ:XPDUSD,2021-09-08T19:36:00+02:00,2259.350,2261.170,2258.430,2259.320,15
SQ:XPDUSD,2021-09-08T19:37:00+02:00,2259.320,2259.320,2259.130,2259.320,7
SQ:XPDUSD,2021-09-08T19:38:00+02:00,2259.470,2262.860,2258.430,2259.980,22
SQ:XPDUSD,2021-09-08T19:39:00+02:00,2260.020,2260.020,2259.650,2259.800,4
SQ:XPDUSD,2021-09-08T19:40:00+02:00,2259.830,2259.830,2255.410,2255.590,10
SQ:XPDUSD,2021-09-08T19:41:00+02:00,2255.690,2257.270,2255.030,2256.290,10
SQ:XPDUSD,2021-09-08T19:42:00+02:00,2256.570,2256.570,2256.290,2256.570,5
SQ:XPDUSD,2021-09-08T19:43:00+02:00,2256.570,2256.570,2252.110,2255.480,11
SQ:XPDUSD,2021-09-08T19:44:00+02:00,2256.020,2256.350,2256.020,2256.240,5
SQ:XPDUSD,2021-09-08T19:45:00+02:00,2256.350,2256.350,2256.070,2256.350,3
SQ:XPDUSD,2021-09-08T19:46:00+02:00,2256.350,2257.360,2256.250,2257.360,15
SQ:XPDUSD,2021-09-08T19:47:00+02:00,2258.190,2258.200,2258.190,2258.200,2
SQ:XPDUSD,2021-09-08T19:48:00+02:00,2258.190,2258.200,2258.180,2258.180,4
SQ:XPDUSD,2021-09-08T19:50:00+02:00,2258.190,2258.220,2255.290,2256.310,26
SQ:XPDUSD,2021-09-08T19:51:00+02:00,2256.120,2256.700,2256.080,2256.270,16
SQ:XPDUSD,2021-09-08T19:52:00+02:00,2256.510,2261.830,2256.510,2260.890,20
SQ:XPDUSD,2021-09-08T19:53:00+02:00,2260.520,2261.310,2253.480,2256.710,25
SQ:XPDUSD,2021-09-08T19:54:00+02:00,2255.720,2255.720,2251.760,2251.760,7
SQ:XPDUSD,2021-09-08T19:55:00+02:00,2251.800,2253.760,2251.630,2253.710,6
SQ:XPDUSD,2021-09-08T19:56:00+02:00,2253.510,2257.470,2252.400,2255.660,20
SQ:XPDUSD,2021-09-08T19:57:00+02:00,2255.490,2256.040,2253.710,2253.710,16
SQ:XPDUSD,2021-09-08T19:58:00+02:00,2253.740,2253.740,2249.980,2251.410,24
SQ:XPDUSD,2021-09-08T19:59:00+02:00,2251.420,2254.190,2245.530,2246.320,43
SQ:XPDUSD,2021-09-08T20:00:00+02:00,2245.760,2251.140,2245.680,2248.410,30
SQ:XPDUSD,2021-09-08T20:01:00+02:00,2248.410,2252.360,2248.390,2252.360,22
SQ:XPDUSD,2021-09-08T20:02:00+02:00,2252.430,2252.430,2251.630,2252.100,14
SQ:XPDUSD,2021-09-08T20:03:00+02:00,2252.120,2252.280,2252.120,2252.270,4
SQ:XPDUSD,2021-09-08T20:04:00+02:00,2252.400,2252.470,2252.400,2252.470,2
SQ:XPDUSD,2021-09-08T20:05:00+02:00,2252.310,2252.310,2252.310,2252.310,1
SQ:XPDUSD,2021-09-08T20:06:00+02:00,2252.840,2258.420,2252.840,2257.920,8
SQ:XPDUSD,2021-09-08T20:07:00+02:00,2257.940,2258.710,2256.620,2256.620,6
SQ:XPDUSD,2021-09-08T20:08:00+02:00,2256.810,2256.810,2256.620,2256.810,3
SQ:XPDUSD,2021-09-08T20:09:00+02:00,2257.000,2257.440,2256.000,2256.480,7
SQ:XPDUSD,2021-09-08T20:10:00+02:00,2256.490,2259.370,2256.490,2258.460,8
SQ:XPDUSD,2021-09-08T20:12:00+02:00,2258.500,2259.740,2258.460,2258.590,13
SQ:XPDUSD,2021-09-08T20:13:00+02:00,2258.460,2258.880,2258.460,2258.880,2
SQ:XPDUSD,2021-09-08T20:14:00+02:00,2258.500,2258.880,2258.500,2258.880,2
SQ:XPDUSD,2021-09-08T20:15:00+02:00,2258.840,2260.660,2258.840,2260.280,7
SQ:XPDUSD,2021-09-08T20:16:00+02:00,2260.080,2260.080,2260.080,2260.080,1
SQ:XPDUSD,2021-09-08T20:17:00+02:00,2260.090,2260.090,2260.090,2260.090,1
SQ:XPDUSD,2021-09-08T20:18:00+02:00,2260.290,2260.290,2260.090,2260.090,2
SQ:XPDUSD,2021-09-08T20:19:00+02:00,2260.280,2260.280,2259.420,2259.870,9
SQ:XPDUSD,2021-09-08T20:20:00+02:00,2260.000,2260.010,2259.400,2259.890,17
SQ:XPDUSD,2021-09-08T20:21:00+02:00,2259.600,2259.600,2255.890,2256.000,18
SQ:XPDUSD,2021-09-08T20:22:00+02:00,2255.780,2255.830,2255.780,2255.830,5
SQ:XPDUSD,2021-09-08T20:23:00+02:00,2255.790,2258.470,2254.810,2255.720,27
SQ:XPDUSD,2021-09-08T20:24:00+02:00,2255.840,2258.550,2254.810,2256.530,19
SQ:XPDUSD,2021-09-08T20:25:00+02:00,2255.630,2256.640,2255.630,2256.570,20
SQ:XPDUSD,2021-09-08T20:26:00+02:00,2256.330,2257.460,2252.910,2255.020,40
SQ:XPDUSD,2021-09-08T20:27:00+02:00,2254.900,2257.310,2254.900,2257.080,20
SQ:XPDUSD,2021-09-08T20:28:00+02:00,2257.610,2257.940,2255.430,2255.430,41
SQ:XPDUSD,2021-09-08T20:29:00+02:00,2255.990,2260.170,2255.990,2257.130,20
SQ:XPDUSD,2021-09-08T20:30:00+02:00,2257.320,2261.680,2256.130,2258.570,28
SQ:XPDUSD,2021-09-08T20:31:00+02:00,2258.810,2258.810,2255.440,2256.670,10
SQ:XPDUSD,2021-09-08T20:33:00+02:00,2256.700,2256.700,2253.740,2255.680,25
SQ:XPDUSD,2021-09-08T20:34:00+02:00,2255.710,2255.710,2255.690,2255.690,2
SQ:XPDUSD,2021-09-08T20:35:00+02:00,2255.720,2256.010,2255.720,2256.010,5
SQ:XPDUSD,2021-09-08T20:36:00+02:00,2255.890,2255.990,2255.710,2255.730,10
SQ:XPDUSD,2021-09-08T20:37:00+02:00,2255.990,2255.990,2255.710,2255.920,4
SQ:XPDUSD,2021-09-08T20:38:00+02:00,2255.990,2255.990,2255.900,2255.920,4
SQ:XPDUSD,2021-09-08T20:39:00+02:00,2255.990,2255.990,2255.990,2255.990,1
SQ:XPDUSD,2021-09-08T20:40:00+02:00,2255.920,2255.920,2255.740,2255.920,3
SQ:XPDUSD,2021-09-08T20:41:00+02:00,2255.990,2255.990,2255.990,2255.990,1
SQ:XPDUSD,2021-09-08T20:42:00+02:00,2255.920,2255.920,2255.710,2255.790,5
SQ:XPDUSD,2021-09-08T20:43:00+02:00,2255.040,2255.910,2251.120,2255.910,8
SQ:XPDUSD,2021-09-08T20:45:00+02:00,2255.670,2255.800,2255.290,2255.670,102
SQ:XPDUSD,2021-09-08T20:46:00+02:00,2254.990,2256.190,2254.990,2256.190,6
SQ:XPDUSD,2021-09-08T20:47:00+02:00,2257.450,2258.780,2257.450,2257.950,10
SQ:XPDUSD,2021-09-08T20:48:00+02:00,2258.340,2258.340,2253.420,2254.170,22
SQ:XPDUSD,2021-09-08T20:49:00+02:00,2254.180,2256.090,2254.170,2255.990,9
SQ:XPDUSD,2021-09-08T20:50:00+02:00,2257.250,2257.690,2255.720,2255.760,6
SQ:XPDUSD,2021-09-08T20:51:00+02:00,2255.570,2255.570,2255.570,2255.570,1
SQ:XPDUSD,2021-09-08T20:52:00+02:00,2255.760,2257.000,2255.760,2256.910,6
SQ:XPDUSD,2021-09-08T20:53:00+02:00,2256.600,2259.100,2256.600,2258.070,13
SQ:XPDUSD,2021-09-08T20:54:00+02:00,2258.400,2258.400,2257.980,2257.980,4
SQ:XPDUSD,2021-09-08T20:55:00+02:00,2258.010,2259.380,2257.280,2258.090,16
SQ:XPDUSD,2021-09-08T20:56:00+02:00,2258.610,2258.870,2257.650,2258.150,15
SQ:XPDUSD,2021-09-08T20:57:00+02:00,2257.710,2257.950,2257.650,2257.650,3
SQ:XPDUSD,2021-09-08T20:58:00+02:00,2257.680,2257.700,2257.650,2257.650,5
SQ:XPDUSD,2021-09-08T20:59:00+02:00,2258.120,2258.120,2256.180,2256.520,9
SQ:XPDUSD,2021-09-08T21:00:00+02:00,2256.180,2256.520,2256.180,2256.190,14
SQ:XPDUSD,2021-09-08T21:01:00+02:00,2256.210,2256.950,2256.030,2256.200,8
SQ:XPDUSD,2021-09-08T21:02:00+02:00,2256.810,2256.880,2256.200,2256.880,7
SQ:XPDUSD,2021-09-08T21:03:00+02:00,2256.690,2256.720,2256.620,2256.620,4
SQ:XPDUSD,2021-09-08T21:04:00+02:00,2256.320,2256.730,2255.990,2256.680,12
SQ:XPDUSD,2021-09-08T21:05:00+02:00,2256.710,2256.740,2255.930,2255.930,15
SQ:XPDUSD,2021-09-08T21:06:00+02:00,2256.150,2256.300,2255.950,2255.950,8
SQ:XPDUSD,2021-09-08T21:07:00+02:00,2256.030,2256.300,2256.030,2256.300,4
SQ:XPDUSD,2021-09-08T21:08:00+02:00,2256.280,2256.640,2256.280,2256.640,3
SQ:XPDUSD,2021-09-08T21:09:00+02:00,2256.920,2256.920,2256.000,2256.300,6
SQ:XPDUSD,2021-09-08T21:10:00+02:00,2256.640,2256.920,2256.640,2256.920,2
SQ:XPDUSD,2021-09-08T21:11:00+02:00,2256.580,2256.740,2256.000,2256.000,7
SQ:XPDUSD,2021-09-08T21:12:00+02:00,2256.370,2256.370,2255.480,2255.480,6
SQ:XPDUSD,2021-09-08T21:13:00+02:00,2255.660,2255.660,2255.480,2255.480,2
SQ:XPDUSD,2021-09-08T21:14:00+02:00,2255.660,2255.730,2255.480,2255.480,4
SQ:XPDUSD,2021-09-08T21:15:00+02:00,2255.450,2255.560,2255.450,2255.560,5
SQ:XPDUSD,2021-09-08T21:16:00+02:00,2255.560,2255.740,2255.560,2255.560,3
SQ:XPDUSD,2021-09-08T21:17:00+02:00,2255.740,2255.740,2255.560,2255.560,2
SQ:XPDUSD,2021-09-08T21:18:00+02:00,2255.740,2256.110,2255.560,2255.560,8
SQ:XPDUSD,2021-09-08T21:19:00+02:00,2255.740,2256.110,2255.560,2255.560,6
SQ:XPDUSD,2021-09-08T21:21:00+02:00,2255.740,2255.740,2255.150,2255.340,5
SQ:XPDUSD,2021-09-08T21:22:00+02:00,2252.790,2252.790,2252.360,2252.600,4
SQ:XPDUSD,2021-09-08T21:25:00+02:00,2252.500,2252.830,2252.500,2252.500,11
SQ:XPDUSD,2021-09-08T21:26:00+02:00,2252.880,2253.110,2252.690,2253.020,4
SQ:XPDUSD,2021-09-08T21:27:00+02:00,2252.690,2252.690,2252.490,2252.490,2
SQ:XPDUSD,2021-09-08T21:28:00+02:00,2252.310,2252.500,2252.310,2252.500,6
SQ:XPDUSD,2021-09-08T21:29:00+02:00,2252.310,2252.690,2252.170,2252.410,18
SQ:XPDUSD,2021-09-08T21:30:00+02:00,2252.610,2252.610,2248.340,2248.800,14
SQ:XPDUSD,2021-09-08T21:31:00+02:00,2249.430,2249.890,2248.800,2249.890,16
SQ:XPDUSD,2021-09-08T21:32:00+02:00,2249.430,2249.890,2248.400,2248.400,12
SQ:XPDUSD,2021-09-08T21:33:00+02:00,2249.480,2250.290,2248.860,2249.860,22
SQ:XPDUSD,2021-09-08T21:35:00+02:00,2249.600,2249.670,2249.120,2249.590,15
SQ:XPDUSD,2021-09-08T21:36:00+02:00,2249.130,2250.650,2248.500,2249.550,33
SQ:XPDUSD,2021-09-08T21:37:00+02:00,2249.020,2250.190,2248.670,2250.010,7
SQ:XPDUSD,2021-09-08T21:38:00+02:00,2250.110,2250.110,2250.110,2250.110,1
SQ:XPDUSD,2021-09-08T21:39:00+02:00,2250.090,2250.970,2249.980,2250.970,10
SQ:XPDUSD,2021-09-08T21:40:00+02:00,2250.780,2250.980,2250.420,2250.980,7
SQ:XPDUSD,2021-09-08T21:41:00+02:00,2250.640,2250.970,2250.220,2250.880,9
SQ:XPDUSD,2021-09-08T21:42:00+02:00,2250.560,2251.070,2249.740,2251.070,9
SQ:XPDUSD,2021-09-08T21:43:00+02:00,2250.690,2251.510,2250.450,2250.450,7
SQ:XPDUSD,2021-09-08T21:44:00+02:00,2251.230,2251.230,2250.610,2250.610,3
SQ:XPDUSD,2021-09-08T21:45:00+02:00,2250.460,2250.550,2248.810,2250.370,10
SQ:XPDUSD,2021-09-08T21:46:00+02:00,2249.420,2250.230,2249.270,2250.230,5
SQ:XPDUSD,2021-09-08T21:47:00+02:00,2249.940,2249.940,2249.020,2249.090,7
SQ:XPDUSD,2021-09-08T21:48:00+02:00,2249.330,2249.330,2248.880,2248.880,9
SQ:XPDUSD,2021-09-08T21:49:00+02:00,2248.880,2249.990,2248.740,2249.290,13
SQ:XPDUSD,2021-09-08T21:50:00+02:00,2249.360,2250.020,2249.290,2249.290,11
SQ:XPDUSD,2021-09-08T21:51:00+02:00,2249.960,2249.990,2249.290,2249.290,12
SQ:XPDUSD,2021-09-08T21:52:00+02:00,2249.960,2249.990,2249.290,2249.990,8
SQ:XPDUSD,2021-09-08T21:53:00+02:00,2249.990,2250.460,2249.320,2250.020,5
SQ:XPDUSD,2021-09-08T21:54:00+02:00,2249.320,2249.990,2249.320,2249.990,4
SQ:XPDUSD,2021-09-08T21:55:00+02:00,2249.320,2249.990,2249.300,2249.990,13
SQ:XPDUSD,2021-09-08T21:56:00+02:00,2249.300,2249.970,2249.300,2249.970,6
SQ:XPDUSD,2021-09-08T21:57:00+02:00,2249.300,2249.300,2248.710,2248.710,4
SQ:XPDUSD,2021-09-08T21:58:00+02:00,2248.700,2248.700,2248.690,2248.690,2
SQ:XPDUSD,2021-09-08T21:59:00+02:00,2248.590,2250.310,2246.740,2247.190,41
SQ:XPDUSD,2021-09-08T22:00:00+02:00,2248.040,2248.600,2247.750,2248.040,11
SQ:XPDUSD,2021-09-08T22:01:00+02:00,2247.940,2250.860,2247.940,2250.320,41
SQ:XPDUSD,2021-09-08T22:02:00+02:00,2249.990,2249.990,2248.010,2248.130,22
SQ:XPDUSD,2021-09-08T22:03:00+02:00,2247.760,2247.810,2247.760,2247.800,4
SQ:XPDUSD,2021-09-08T22:04:00+02:00,2247.780,2248.150,2247.770,2247.770,8
SQ:XPDUSD,2021-09-08T22:05:00+02:00,2248.150,2251.300,2247.750,2250.840,9
SQ:XPDUSD,2021-09-08T22:06:00+02:00,2250.460,2250.840,2250.460,2250.840,2
SQ:XPDUSD,2021-09-08T22:09:00+02:00,2251.270,2251.270,2251.270,2251.270,1
SQ:XPDUSD,2021-09-08T22:10:00+02:00,2250.870,2251.300,2250.840,2251.300,17
SQ:XPDUSD,2021-09-08T22:11:00+02:00,2251.260,2251.280,2250.220,2250.260,14
SQ:XPDUSD,2021-09-08T22:12:00+02:00,2250.270,2250.680,2250.270,2250.680,4
SQ:XPDUSD,2021-09-08T22:13:00+02:00,2250.320,2250.660,2250.210,2250.660,9
SQ:XPDUSD,2021-09-08T22:14:00+02:00,2250.280,2251.170,2250.260,2250.630,15
SQ:XPDUSD,2021-09-08T22:15:00+02:00,2251.170,2251.200,2251.140,2251.190,6
SQ:XPDUSD,2021-09-08T22:16:00+02:00,2251.200,2251.220,2251.200,2251.220,2
SQ:XPDUSD,2021-09-08T22:17:00+02:00,2250.620,2251.170,2250.620,2251.170,2
SQ:XPDUSD,2021-09-08T22:18:00+02:00,2251.200,2251.200,2250.680,2250.680,2
SQ:XPDUSD,2021-09-08T22:19:00+02:00,2250.660,2251.200,2250.650,2250.680,20
SQ:XPDUSD,2021-09-08T22:20:00+02:00,2250.650,2251.190,2250.650,2250.670,7
SQ:XPDUSD,2021-09-08T22:21:00+02:00,2250.650,2251.190,2250.650,2250.650,6
SQ:XPDUSD,2021-09-08T22:22:00+02:00,2251.170,2251.570,2250.630,2251.200,10
SQ:XPDUSD,2021-09-08T22:23:00+02:00,2251.170,2251.470,2250.650,2251.170,5
SQ:XPDUSD,2021-09-08T22:24:00+02:00,2250.650,2251.190,2250.650,2250.650,10
SQ:XPDUSD,2021-09-08T22:25:00+02:00,2250.670,2251.190,2249.240,2250.180,9
SQ:XPDUSD,2021-09-08T22:26:00+02:00,2250.190,2250.200,2250.180,2250.180,3
SQ:XPDUSD,2021-09-08T22:27:00+02:00,2250.200,2250.200,2249.810,2250.200,13
SQ:XPDUSD,2021-09-08T22:28:00+02:00,2250.200,2250.290,2250.180,2250.280,6
SQ:XPDUSD,2021-09-08T22:29:00+02:00,2250.290,2250.290,2249.150,2249.150,10
SQ:XPDUSD,2021-09-08T22:30:00+02:00,2249.000,2249.350,2248.550,2248.800,16
SQ:XPDUSD,2021-09-08T22:31:00+02:00,2248.900,2248.900,2248.310,2248.850,9
SQ:XPDUSD,2021-09-08T22:32:00+02:00,2248.850,2249.150,2248.800,2248.800,7
SQ:XPDUSD,2021-09-08T22:33:00+02:00,2248.900,2249.250,2248.850,2248.850,5
SQ:XPDUSD,2021-09-08T22:34:00+02:00,2248.700,2249.050,2248.700,2249.050,4
SQ:XPDUSD,2021-09-08T22:35:00+02:00,2248.950,2249.250,2248.450,2248.600,11
SQ:XPDUSD,2021-09-08T22:36:00+02:00,2248.450,2249.300,2248.450,2248.850,11
SQ:XPDUSD,2021-09-08T22:37:00+02:00,2248.950,2249.250,2248.750,2248.850,5
SQ:XPDUSD,2021-09-08T22:38:00+02:00,2248.900,2249.200,2248.370,2248.370,10
SQ:XPDUSD,2021-09-08T22:39:00+02:00,2248.350,2249.000,2248.150,2248.350,18
SQ:XPDUSD,2021-09-08T22:40:00+02:00,2248.250,2248.350,2247.210,2247.650,20
SQ:XPDUSD,2021-09-08T22:41:00+02:00,2247.800,2248.750,2247.800,2248.500,5
SQ:XPDUSD,2021-09-08T22:42:00+02:00,2248.750,2249.000,2248.500,2248.550,7
SQ:XPDUSD,2021-09-08T22:43:00+02:00,2248.850,2249.300,2248.850,2249.300,7
SQ:XPDUSD,2021-09-08T22:44:00+02:00,2249.400,2250.000,2249.300,2249.400,11
SQ:XPDUSD,2021-09-08T22:45:00+02:00,2249.250,2249.250,2248.090,2248.700,17
SQ:XPDUSD,2021-09-08T22:46:00+02:00,2250.150,2250.250,2250.150,2250.150,3
SQ:XPDUSD,2021-09-08T22:48:00+02:00,2250.040,2250.040,2248.800,2248.800,8
SQ:XPDUSD,2021-09-08T22:49:00+02:00,2248.820,2248.960,2245.800,2247.700,40
SQ:XPDUSD,2021-09-08T22:50:00+02:00,2247.420,2247.420,2244.440,2246.950,18
SQ:XPDUSD,2021-09-08T22:51:00+02:00,2246.750,2246.950,2246.750,2246.800,8
SQ:XPDUSD,2021-09-08T22:52:00+02:00,2247.100,2247.100,2246.900,2247.000,5
SQ:XPDUSD,2021-09-08T22:53:00+02:00,2246.650,2246.650,2245.500,2245.750,8
SQ:XPDUSD,2021-09-08T22:54:00+02:00,2245.650,2245.750,2244.880,2244.880,8
