SQ:USDNOK,2020-09-22T00:00:00+02:00,9.26518,9.28267,9.26518,9.28267,28
SQ:USDNOK,2020-09-22T00:01:00+02:00,9.28310,9.28745,9.28310,9.28555,9
SQ:USDNOK,2020-09-22T00:02:00+02:00,9.28555,9.28730,9.28555,9.28730,2
SQ:USDNOK,2020-09-22T00:03:00+02:00,9.28730,9.28744,9.28568,9.28568,3
SQ:USDNOK,2020-09-22T00:04:00+02:00,9.28568,9.28672,9.28568,9.28672,2
SQ:USDNOK,2020-09-22T00:05:00+02:00,9.28672,9.28672,9.28432,9.28458,4
SQ:USDNOK,2020-09-22T00:06:00+02:00,9.28458,9.28483,9.28458,9.28458,12
SQ:USDNOK,2020-09-22T00:07:00+02:00,9.28474,9.28542,9.28432,9.28432,14
SQ:USDNOK,2020-09-22T00:08:00+02:00,9.28432,9.28539,9.28432,9.28539,2
SQ:USDNOK,2020-09-22T00:09:00+02:00,9.28539,9.28539,9.28539,9.28539,1
SQ:USDNOK,2020-09-22T00:10:00+02:00,9.28539,9.28539,9.28539,9.28539,1
SQ:USDNOK,2020-09-22T00:11:00+02:00,9.28539,9.28539,9.28539,9.28539,1
SQ:USDNOK,2020-09-22T00:12:00+02:00,9.28539,9.28832,9.28448,9.28448,23
SQ:USDNOK,2020-09-22T00:13:00+02:00,9.28448,9.28448,9.28446,9.28446,2
SQ:USDNOK,2020-09-22T00:14:00+02:00,9.28449,9.28488,9.28446,9.28475,11
SQ:USDNOK,2020-09-22T00:15:00+02:00,9.28475,9.28604,9.28475,9.28573,7
SQ:USDNOK,2020-09-22T00:16:00+02:00,9.28573,9.28573,9.28573,9.28573,1
SQ:USDNOK,2020-09-22T00:17:00+02:00,9.28573,9.28573,9.28453,9.28453,2
SQ:USDNOK,2020-09-22T00:18:00+02:00,9.28453,9.28454,9.28433,9.28454,3
SQ:USDNOK,2020-09-22T00:19:00+02:00,9.28454,9.28454,9.28454,9.28454,1
SQ:USDNOK,2020-09-22T00:20:00+02:00,9.28454,9.28454,9.28454,9.28454,1
SQ:USDNOK,2020-09-22T00:21:00+02:00,9.28454,9.28536,9.28437,9.28437,3
SQ:USDNOK,2020-09-22T00:25:00+02:00,9.28485,9.28693,9.28455,9.28693,7
SQ:USDNOK,2020-09-22T00:27:00+02:00,9.28693,9.28696,9.28693,9.28693,4
SQ:USDNOK,2020-09-22T00:28:00+02:00,9.28694,9.28808,9.28693,9.28808,7
SQ:USDNOK,2020-09-22T00:31:00+02:00,9.28897,9.28897,9.28789,9.28871,3
SQ:USDNOK,2020-09-22T00:33:00+02:00,9.28840,9.28840,9.28840,9.28840,1
SQ:USDNOK,2020-09-22T00:35:00+02:00,9.28835,9.28835,9.28754,9.28754,2
SQ:USDNOK,2020-09-22T00:36:00+02:00,9.28754,9.28758,9.28754,9.28758,3
SQ:USDNOK,2020-09-22T00:37:00+02:00,9.28754,9.28760,9.28754,9.28754,3
SQ:USDNOK,2020-09-22T00:38:00+02:00,9.28754,9.28758,9.28754,9.28755,5
SQ:USDNOK,2020-09-22T00:39:00+02:00,9.28758,9.28826,9.28754,9.28826,8
SQ:USDNOK,2020-09-22T00:40:00+02:00,9.28881,9.28881,9.28881,9.28881,1
SQ:USDNOK,2020-09-22T00:41:00+02:00,9.28881,9.28881,9.28881,9.28881,1
SQ:USDNOK,2020-09-22T00:42:00+02:00,9.28881,9.28881,9.28881,9.28881,1
SQ:USDNOK,2020-09-22T00:43:00+02:00,9.28881,9.28881,9.28881,9.28881,1
SQ:USDNOK,2020-09-22T00:44:00+02:00,9.28881,9.28881,9.28881,9.28881,1
SQ:USDNOK,2020-09-22T00:45:00+02:00,9.28881,9.28881,9.28881,9.28881,1
SQ:USDNOK,2020-09-22T00:46:00+02:00,9.28881,9.28881,9.28748,9.28748,2
SQ:USDNOK,2020-09-22T00:47:00+02:00,9.28748,9.28748,9.28748,9.28748,1
SQ:USDNOK,2020-09-22T00:48:00+02:00,9.28748,9.28748,9.28748,9.28748,1
SQ:USDNOK,2020-09-22T00:49:00+02:00,9.28748,9.28748,9.28748,9.28748,1
SQ:USDNOK,2020-09-22T00:50:00+02:00,9.28748,9.28748,9.28748,9.28748,1
SQ:USDNOK,2020-09-22T00:51:00+02:00,9.28748,9.28795,9.28706,9.28721,7
SQ:USDNOK,2020-09-22T00:52:00+02:00,9.28714,9.28721,9.28700,9.28700,16
SQ:USDNOK,2020-09-22T00:53:00+02:00,9.28700,9.28700,9.28660,9.28671,4
SQ:USDNOK,2020-09-22T00:54:00+02:00,9.28668,9.28695,9.28660,9.28681,13
SQ:USDNOK,2020-09-22T00:55:00+02:00,9.28668,9.28681,9.28665,9.28666,8
SQ:USDNOK,2020-09-22T00:56:00+02:00,9.28660,9.28720,9.28643,9.28652,8
SQ:USDNOK,2020-09-22T00:57:00+02:00,9.28645,9.28679,9.28643,9.28669,13
SQ:USDNOK,2020-09-22T00:58:00+02:00,9.28657,9.28675,9.28643,9.28657,18
SQ:USDNOK,2020-09-22T00:59:00+02:00,9.28665,9.28716,9.28665,9.28709,17
SQ:USDNOK,2020-09-22T01:00:00+02:00,9.28726,9.29312,9.28717,9.29293,23
SQ:USDNOK,2020-09-22T01:01:00+02:00,9.29293,9.29416,9.29293,9.29317,39
SQ:USDNOK,2020-09-22T01:02:00+02:00,9.29261,9.29314,9.29261,9.29312,10
SQ:USDNOK,2020-09-22T01:03:00+02:00,9.29295,9.29295,9.29129,9.29129,26
SQ:USDNOK,2020-09-22T01:04:00+02:00,9.29129,9.29160,9.29047,9.29047,12
SQ:USDNOK,2020-09-22T01:05:00+02:00,9.29047,9.29090,9.28586,9.28648,45
SQ:USDNOK,2020-09-22T01:06:00+02:00,9.28620,9.28860,9.28553,9.28810,62
SQ:USDNOK,2020-09-22T01:07:00+02:00,9.28840,9.29050,9.28810,9.29050,49
SQ:USDNOK,2020-09-22T01:08:00+02:00,9.29060,9.29120,9.28842,9.29100,91
SQ:USDNOK,2020-09-22T01:09:00+02:00,9.29070,9.29130,9.29000,9.29090,64
SQ:USDNOK,2020-09-22T01:10:00+02:00,9.29090,9.29130,9.29046,9.29120,62
SQ:USDNOK,2020-09-22T01:11:00+02:00,9.29120,9.29170,9.29030,9.29060,89
SQ:USDNOK,2020-09-22T01:12:00+02:00,9.29020,9.29160,9.29020,9.29160,156
SQ:USDNOK,2020-09-22T01:13:00+02:00,9.29140,9.29140,9.28818,9.28900,147
SQ:USDNOK,2020-09-22T01:14:00+02:00,9.28950,9.28980,9.28853,9.28922,263
SQ:USDNOK,2020-09-22T01:15:00+02:00,9.28930,9.28940,9.28846,9.28879,253
SQ:USDNOK,2020-09-22T01:16:00+02:00,9.28860,9.29010,9.28820,9.28990,139
SQ:USDNOK,2020-09-22T01:17:00+02:00,9.29010,9.29070,9.28987,9.29050,15
SQ:USDNOK,2020-09-22T01:18:00+02:00,9.29050,9.29140,9.29014,9.29100,32
SQ:USDNOK,2020-09-22T01:19:00+02:00,9.29120,9.29180,9.29120,9.29170,22
SQ:USDNOK,2020-09-22T01:20:00+02:00,9.29170,9.29170,9.28536,9.28624,38
SQ:USDNOK,2020-09-22T01:21:00+02:00,9.28685,9.28685,9.28399,9.28597,61
SQ:USDNOK,2020-09-22T01:22:00+02:00,9.28541,9.28596,9.28395,9.28490,16
SQ:USDNOK,2020-09-22T01:23:00+02:00,9.28470,9.28500,9.28445,9.28445,3
SQ:USDNOK,2020-09-22T01:24:00+02:00,9.28450,9.28450,9.28445,9.28445,2
SQ:USDNOK,2020-09-22T01:25:00+02:00,9.28445,9.28453,9.28390,9.28417,7
SQ:USDNOK,2020-09-22T01:26:00+02:00,9.28417,9.28520,9.28417,9.28471,6
SQ:USDNOK,2020-09-22T01:27:00+02:00,9.28490,9.28560,9.28490,9.28500,10
SQ:USDNOK,2020-09-22T01:28:00+02:00,9.28530,9.28660,9.28530,9.28640,10
SQ:USDNOK,2020-09-22T01:29:00+02:00,9.28620,9.28640,9.28560,9.28600,17
SQ:USDNOK,2020-09-22T01:30:00+02:00,9.28620,9.28620,9.28533,9.28600,7
SQ:USDNOK,2020-09-22T01:31:00+02:00,9.28620,9.28620,9.28520,9.28570,25
SQ:USDNOK,2020-09-22T01:32:00+02:00,9.28520,9.28620,9.28520,9.28600,11
SQ:USDNOK,2020-09-22T01:33:00+02:00,9.28620,9.28626,9.28580,9.28626,15
SQ:USDNOK,2020-09-22T01:34:00+02:00,9.28626,9.28674,9.28626,9.28674,2
SQ:USDNOK,2020-09-22T01:35:00+02:00,9.28695,9.28695,9.28590,9.28590,5
SQ:USDNOK,2020-09-22T01:36:00+02:00,9.28610,9.28620,9.28540,9.28540,34
SQ:USDNOK,2020-09-22T01:37:00+02:00,9.28536,9.28580,9.28494,9.28494,14
SQ:USDNOK,2020-09-22T01:38:00+02:00,9.28454,9.28496,9.28454,9.28496,8
SQ:USDNOK,2020-09-22T01:39:00+02:00,9.28496,9.28500,9.28407,9.28444,46
SQ:USDNOK,2020-09-22T01:40:00+02:00,9.28409,9.28501,9.28356,9.28479,160
SQ:USDNOK,2020-09-22T01:41:00+02:00,9.28509,9.28516,9.28420,9.28431,7
SQ:USDNOK,2020-09-22T01:42:00+02:00,9.28467,9.28499,9.28420,9.28457,7
SQ:USDNOK,2020-09-22T01:43:00+02:00,9.28421,9.28460,9.28380,9.28420,23
SQ:USDNOK,2020-09-22T01:44:00+02:00,9.28420,9.28520,9.28420,9.28460,19
SQ:USDNOK,2020-09-22T01:45:00+02:00,9.28480,9.28500,9.28460,9.28500,8
SQ:USDNOK,2020-09-22T01:46:00+02:00,9.28480,9.28640,9.28470,9.28560,23
SQ:USDNOK,2020-09-22T01:47:00+02:00,9.28541,9.28550,9.28541,9.28542,4
SQ:USDNOK,2020-09-22T01:48:00+02:00,9.28542,9.28570,9.28530,9.28543,10
SQ:USDNOK,2020-09-22T01:49:00+02:00,9.28550,9.28550,9.28325,9.28467,84
SQ:USDNOK,2020-09-22T01:50:00+02:00,9.28467,9.28492,9.28433,9.28492,6
SQ:USDNOK,2020-09-22T01:51:00+02:00,9.28516,9.28660,9.28490,9.28660,20
SQ:USDNOK,2020-09-22T01:52:00+02:00,9.28640,9.28680,9.28500,9.28570,29
SQ:USDNOK,2020-09-22T01:53:00+02:00,9.28590,9.28660,9.28468,9.28468,13
SQ:USDNOK,2020-09-22T01:54:00+02:00,9.28461,9.28470,9.28415,9.28439,28
SQ:USDNOK,2020-09-22T01:55:00+02:00,9.28439,9.28560,9.28439,9.28540,16
SQ:USDNOK,2020-09-22T01:56:00+02:00,9.28520,9.28520,9.28387,9.28407,24
SQ:USDNOK,2020-09-22T01:57:00+02:00,9.28392,9.28446,9.28392,9.28445,20
SQ:USDNOK,2020-09-22T01:58:00+02:00,9.28445,9.28501,9.28435,9.28485,20
SQ:USDNOK,2020-09-22T01:59:00+02:00,9.28480,9.28611,9.28472,9.28590,24
SQ:USDNOK,2020-09-22T02:00:00+02:00,9.28598,9.28820,9.28598,9.28820,61
SQ:USDNOK,2020-09-22T02:01:00+02:00,9.28820,9.29090,9.28800,9.29050,51
SQ:USDNOK,2020-09-22T02:02:00+02:00,9.29050,9.29140,9.29050,9.29110,29
SQ:USDNOK,2020-09-22T02:03:00+02:00,9.29110,9.29110,9.28906,9.28920,35
SQ:USDNOK,2020-09-22T02:04:00+02:00,9.28940,9.28940,9.28644,9.28684,38
SQ:USDNOK,2020-09-22T02:05:00+02:00,9.28684,9.28689,9.28567,9.28575,19
SQ:USDNOK,2020-09-22T02:06:00+02:00,9.28574,9.28630,9.28566,9.28596,19
SQ:USDNOK,2020-09-22T02:07:00+02:00,9.28593,9.28593,9.28484,9.28491,27
SQ:USDNOK,2020-09-22T02:08:00+02:00,9.28509,9.28533,9.28459,9.28508,29
SQ:USDNOK,2020-09-22T02:09:00+02:00,9.28500,9.28510,9.28392,9.28419,39
SQ:USDNOK,2020-09-22T02:10:00+02:00,9.28419,9.28435,9.28349,9.28383,32
SQ:USDNOK,2020-09-22T02:11:00+02:00,9.28383,9.28447,9.28169,9.28268,110
SQ:USDNOK,2020-09-22T02:12:00+02:00,9.28317,9.28317,9.28005,9.28005,74
SQ:USDNOK,2020-09-22T02:13:00+02:00,9.27997,9.28180,9.27944,9.28077,58
SQ:USDNOK,2020-09-22T02:14:00+02:00,9.28077,9.28170,9.27953,9.28051,72
SQ:USDNOK,2020-09-22T02:15:00+02:00,9.28091,9.28200,9.28006,9.28060,40
SQ:USDNOK,2020-09-22T02:16:00+02:00,9.28058,9.28080,9.27967,9.28030,33
SQ:USDNOK,2020-09-22T02:17:00+02:00,9.28030,9.28190,9.27903,9.28170,60
SQ:USDNOK,2020-09-22T02:18:00+02:00,9.28190,9.28224,9.28110,9.28224,27
SQ:USDNOK,2020-09-22T02:19:00+02:00,9.28224,9.28450,9.27989,9.27989,35
SQ:USDNOK,2020-09-22T02:20:00+02:00,9.28028,9.28295,9.28017,9.28259,25
SQ:USDNOK,2020-09-22T02:21:00+02:00,9.28259,9.28403,9.28210,9.28217,18
SQ:USDNOK,2020-09-22T02:22:00+02:00,9.28230,9.28400,9.28230,9.28395,33
SQ:USDNOK,2020-09-22T02:23:00+02:00,9.28395,9.28627,9.28002,9.28029,42
SQ:USDNOK,2020-09-22T02:24:00+02:00,9.28029,9.28240,9.28015,9.28132,63
SQ:USDNOK,2020-09-22T02:25:00+02:00,9.28132,9.28266,9.28083,9.28212,26
SQ:USDNOK,2020-09-22T02:26:00+02:00,9.28176,9.28313,9.27990,9.28016,69
SQ:USDNOK,2020-09-22T02:27:00+02:00,9.27990,9.28620,9.27756,9.28368,97
SQ:USDNOK,2020-09-22T02:28:00+02:00,9.28336,9.28566,9.28336,9.28531,15
SQ:USDNOK,2020-09-22T02:29:00+02:00,9.28566,9.28724,9.28465,9.28465,24
SQ:USDNOK,2020-09-22T02:30:00+02:00,9.28494,9.29800,9.28390,9.28570,281
SQ:USDNOK,2020-09-22T02:31:00+02:00,9.28520,9.29804,9.28390,9.29178,198
SQ:USDNOK,2020-09-22T02:32:00+02:00,9.29178,9.29739,9.29139,9.29649,192
SQ:USDNOK,2020-09-22T02:33:00+02:00,9.29676,9.29736,9.29499,9.29508,124
SQ:USDNOK,2020-09-22T02:34:00+02:00,9.29535,9.29887,9.29479,9.29798,91
SQ:USDNOK,2020-09-22T02:35:00+02:00,9.29798,9.29958,9.29675,9.29675,120
SQ:USDNOK,2020-09-22T02:36:00+02:00,9.29696,9.29872,9.29601,9.29719,32
SQ:USDNOK,2020-09-22T02:37:00+02:00,9.29762,9.29909,9.29203,9.29781,105
SQ:USDNOK,2020-09-22T02:38:00+02:00,9.29781,9.30348,9.29781,9.30242,71
SQ:USDNOK,2020-09-22T02:39:00+02:00,9.30249,9.30411,9.30249,9.30346,13
SQ:USDNOK,2020-09-22T02:40:00+02:00,9.30376,9.30501,9.30229,9.30429,34
SQ:USDNOK,2020-09-22T02:41:00+02:00,9.30429,9.30782,9.30401,9.30782,22
SQ:USDNOK,2020-09-22T02:42:00+02:00,9.30782,9.30782,9.28668,9.28790,106
SQ:USDNOK,2020-09-22T02:43:00+02:00,9.28790,9.29150,9.28790,9.28864,30
SQ:USDNOK,2020-09-22T02:44:00+02:00,9.28849,9.28937,9.28671,9.28862,33
SQ:USDNOK,2020-09-22T02:45:00+02:00,9.28844,9.29671,9.28775,9.29554,62
SQ:USDNOK,2020-09-22T02:46:00+02:00,9.29554,9.29586,9.29401,9.29465,39
SQ:USDNOK,2020-09-22T02:47:00+02:00,9.29510,9.29688,9.29465,9.29640,12
SQ:USDNOK,2020-09-22T02:48:00+02:00,9.29620,9.29620,9.29311,9.29350,13
SQ:USDNOK,2020-09-22T02:49:00+02:00,9.29350,9.29400,9.29261,9.29345,33
SQ:USDNOK,2020-09-22T02:50:00+02:00,9.29345,9.29448,9.29226,9.29226,31
SQ:USDNOK,2020-09-22T02:51:00+02:00,9.29226,9.29381,9.29226,9.29350,35
SQ:USDNOK,2020-09-22T02:52:00+02:00,9.29367,9.29676,9.29367,9.29529,46
SQ:USDNOK,2020-09-22T02:53:00+02:00,9.29529,9.29529,9.29209,9.29399,12
SQ:USDNOK,2020-09-22T02:54:00+02:00,9.29399,9.29451,9.29128,9.29451,24
SQ:USDNOK,2020-09-22T02:55:00+02:00,9.29302,9.29302,9.27740,9.27996,101
SQ:USDNOK,2020-09-22T02:56:00+02:00,9.28056,9.28231,9.28056,9.28211,19
SQ:USDNOK,2020-09-22T02:57:00+02:00,9.28211,9.28219,9.28145,9.28219,7
SQ:USDNOK,2020-09-22T02:58:00+02:00,9.28281,9.28647,9.28281,9.28647,19
SQ:USDNOK,2020-09-22T02:59:00+02:00,9.28713,9.28982,9.28264,9.28272,28
SQ:USDNOK,2020-09-22T03:00:00+02:00,9.28272,9.29641,9.28272,9.29003,87
SQ:USDNOK,2020-09-22T03:01:00+02:00,9.29007,9.29007,9.28420,9.28599,119
SQ:USDNOK,2020-09-22T03:02:00+02:00,9.28599,9.28718,9.28537,9.28545,10
SQ:USDNOK,2020-09-22T03:03:00+02:00,9.28545,9.28604,9.27898,9.27898,29
SQ:USDNOK,2020-09-22T03:04:00+02:00,9.27914,9.28482,9.27849,9.28470,28
SQ:USDNOK,2020-09-22T03:05:00+02:00,9.28527,9.28613,9.28443,9.28586,40
SQ:USDNOK,2020-09-22T03:06:00+02:00,9.28577,9.29072,9.28518,9.28608,57
SQ:USDNOK,2020-09-22T03:07:00+02:00,9.28608,9.28771,9.28608,9.28644,9
SQ:USDNOK,2020-09-22T03:08:00+02:00,9.28644,9.28817,9.28564,9.28794,14
SQ:USDNOK,2020-09-22T03:09:00+02:00,9.28794,9.28830,9.28183,9.28190,24
SQ:USDNOK,2020-09-22T03:10:00+02:00,9.28200,9.28322,9.28183,9.28250,25
SQ:USDNOK,2020-09-22T03:11:00+02:00,9.28250,9.28570,9.28250,9.28520,17
SQ:USDNOK,2020-09-22T03:12:00+02:00,9.28471,9.28730,9.28462,9.28730,19
SQ:USDNOK,2020-09-22T03:13:00+02:00,9.28730,9.28730,9.28498,9.28504,17
SQ:USDNOK,2020-09-22T03:14:00+02:00,9.28504,9.30159,9.28504,9.29619,107
SQ:USDNOK,2020-09-22T03:15:00+02:00,9.29602,9.29787,9.29602,9.29703,50
SQ:USDNOK,2020-09-22T03:16:00+02:00,9.29692,9.30134,9.29611,9.29870,71
SQ:USDNOK,2020-09-22T03:17:00+02:00,9.29870,9.30601,9.29870,9.30109,68
SQ:USDNOK,2020-09-22T03:18:00+02:00,9.30130,9.30366,9.29907,9.29964,69
SQ:USDNOK,2020-09-22T03:19:00+02:00,9.29964,9.30519,9.29828,9.30057,55
SQ:USDNOK,2020-09-22T03:20:00+02:00,9.30048,9.30663,9.30048,9.30350,71
SQ:USDNOK,2020-09-22T03:21:00+02:00,9.30350,9.30700,9.29804,9.29910,72
SQ:USDNOK,2020-09-22T03:22:00+02:00,9.29926,9.30322,9.29926,9.30146,31
SQ:USDNOK,2020-09-22T03:23:00+02:00,9.30105,9.30804,9.30026,9.30302,60
SQ:USDNOK,2020-09-22T03:24:00+02:00,9.30302,9.30762,9.30302,9.30563,152
SQ:USDNOK,2020-09-22T03:25:00+02:00,9.30618,9.31695,9.30504,9.31050,91
SQ:USDNOK,2020-09-22T03:26:00+02:00,9.31040,9.31156,9.31027,9.31068,35
SQ:USDNOK,2020-09-22T03:27:00+02:00,9.31033,9.31118,9.30564,9.30579,71
SQ:USDNOK,2020-09-22T03:28:00+02:00,9.30532,9.30920,9.30493,9.30528,55
SQ:USDNOK,2020-09-22T03:29:00+02:00,9.30528,9.30741,9.29640,9.29972,89
SQ:USDNOK,2020-09-22T03:30:00+02:00,9.29972,9.30177,9.29751,9.29816,67
SQ:USDNOK,2020-09-22T03:31:00+02:00,9.29816,9.30096,9.29669,9.29945,72
SQ:USDNOK,2020-09-22T03:32:00+02:00,9.29945,9.29949,9.29567,9.29736,59
SQ:USDNOK,2020-09-22T03:33:00+02:00,9.29752,9.30407,9.29645,9.30406,50
SQ:USDNOK,2020-09-22T03:34:00+02:00,9.30406,9.30406,9.29854,9.29854,39
SQ:USDNOK,2020-09-22T03:35:00+02:00,9.29798,9.29798,9.29300,9.29308,90
SQ:USDNOK,2020-09-22T03:36:00+02:00,9.29308,9.29675,9.29308,9.29434,28
SQ:USDNOK,2020-09-22T03:37:00+02:00,9.29430,9.29463,9.28988,9.29186,100
SQ:USDNOK,2020-09-22T03:38:00+02:00,9.29020,9.29183,9.28830,9.28980,41
SQ:USDNOK,2020-09-22T03:39:00+02:00,9.28980,9.29160,9.28940,9.29011,28
SQ:USDNOK,2020-09-22T03:40:00+02:00,9.29060,9.29936,9.29022,9.29722,50
SQ:USDNOK,2020-09-22T03:41:00+02:00,9.29722,9.29833,9.29191,9.29270,82
SQ:USDNOK,2020-09-22T03:42:00+02:00,9.29240,9.29521,9.28669,9.28720,62
SQ:USDNOK,2020-09-22T03:43:00+02:00,9.28766,9.29541,9.28644,9.29468,123
SQ:USDNOK,2020-09-22T03:44:00+02:00,9.29468,9.30474,9.29460,9.30113,47
SQ:USDNOK,2020-09-22T03:45:00+02:00,9.30113,9.30838,9.30084,9.30224,65
SQ:USDNOK,2020-09-22T03:46:00+02:00,9.30185,9.30350,9.29950,9.30316,82
SQ:USDNOK,2020-09-22T03:47:00+02:00,9.30328,9.30328,9.30030,9.30070,46
SQ:USDNOK,2020-09-22T03:48:00+02:00,9.30064,9.30491,9.29828,9.30384,64
SQ:USDNOK,2020-09-22T03:49:00+02:00,9.30384,9.30751,9.30258,9.30378,37
SQ:USDNOK,2020-09-22T03:50:00+02:00,9.30378,9.30378,9.29726,9.30084,111
SQ:USDNOK,2020-09-22T03:51:00+02:00,9.30047,9.30517,9.29960,9.30382,59
SQ:USDNOK,2020-09-22T03:52:00+02:00,9.30348,9.30536,9.30233,9.30521,46
SQ:USDNOK,2020-09-22T03:53:00+02:00,9.30560,9.30831,9.30062,9.30493,66
SQ:USDNOK,2020-09-22T03:54:00+02:00,9.30493,9.31039,9.30400,9.30462,80
SQ:USDNOK,2020-09-22T03:55:00+02:00,9.30462,9.30462,9.29434,9.30210,66
SQ:USDNOK,2020-09-22T03:56:00+02:00,9.30202,9.30645,9.30158,9.30272,35
SQ:USDNOK,2020-09-22T03:57:00+02:00,9.30272,9.30354,9.29841,9.30021,45
SQ:USDNOK,2020-09-22T03:58:00+02:00,9.30049,9.30394,9.30049,9.30284,45
SQ:USDNOK,2020-09-22T03:59:00+02:00,9.30284,9.30284,9.30054,9.30141,39
SQ:USDNOK,2020-09-22T04:00:00+02:00,9.30160,9.30336,9.30107,9.30282,58
SQ:USDNOK,2020-09-22T04:01:00+02:00,9.30275,9.30275,9.29065,9.29418,47
SQ:USDNOK,2020-09-22T04:02:00+02:00,9.29458,9.29518,9.29315,9.29437,21
SQ:USDNOK,2020-09-22T04:03:00+02:00,9.29466,9.29546,9.29350,9.29471,73
SQ:USDNOK,2020-09-22T04:04:00+02:00,9.29471,9.29492,9.29376,9.29431,35
SQ:USDNOK,2020-09-22T04:05:00+02:00,9.29431,9.29504,9.29362,9.29456,74
SQ:USDNOK,2020-09-22T04:06:00+02:00,9.29504,9.29549,9.29363,9.29443,42
SQ:USDNOK,2020-09-22T04:07:00+02:00,9.29383,9.29483,9.29348,9.29435,33
SQ:USDNOK,2020-09-22T04:08:00+02:00,9.29435,9.29479,9.29370,9.29418,20
SQ:USDNOK,2020-09-22T04:09:00+02:00,9.29418,9.29501,9.29340,9.29416,24
SQ:USDNOK,2020-09-22T04:10:00+02:00,9.29450,9.29450,9.28344,9.28470,30
SQ:USDNOK,2020-09-22T04:11:00+02:00,9.28462,9.28695,9.28462,9.28516,56
SQ:USDNOK,2020-09-22T04:12:00+02:00,9.28515,9.28586,9.28515,9.28525,11
SQ:USDNOK,2020-09-22T04:13:00+02:00,9.28552,9.28670,9.28552,9.28670,6
SQ:USDNOK,2020-09-22T04:14:00+02:00,9.28670,9.30292,9.28670,9.30161,74
SQ:USDNOK,2020-09-22T04:15:00+02:00,9.30154,9.30156,9.29821,9.29877,45
SQ:USDNOK,2020-09-22T04:16:00+02:00,9.29877,9.30002,9.29377,9.29402,53
SQ:USDNOK,2020-09-22T04:17:00+02:00,9.29461,9.29577,9.29447,9.29524,17
SQ:USDNOK,2020-09-22T04:18:00+02:00,9.29524,9.29576,9.29468,9.29571,13
SQ:USDNOK,2020-09-22T04:19:00+02:00,9.29601,9.29652,9.29553,9.29603,17
SQ:USDNOK,2020-09-22T04:20:00+02:00,9.29602,9.29608,9.29455,9.29455,33
SQ:USDNOK,2020-09-22T04:21:00+02:00,9.29455,9.29470,9.29406,9.29406,4
SQ:USDNOK,2020-09-22T04:22:00+02:00,9.29448,9.29573,9.29433,9.29519,14
SQ:USDNOK,2020-09-22T04:23:00+02:00,9.29485,9.29499,9.29352,9.29368,22
SQ:USDNOK,2020-09-22T04:24:00+02:00,9.29371,9.29424,9.29311,9.29358,8
SQ:USDNOK,2020-09-22T04:25:00+02:00,9.29329,9.29329,9.29198,9.29198,7
SQ:USDNOK,2020-09-22T04:26:00+02:00,9.29195,9.29246,9.29170,9.29246,11
SQ:USDNOK,2020-09-22T04:27:00+02:00,9.29246,9.29323,9.29246,9.29252,6
SQ:USDNOK,2020-09-22T04:28:00+02:00,9.29252,9.29346,9.29252,9.29330,26
SQ:USDNOK,2020-09-22T04:29:00+02:00,9.29356,9.29416,9.29350,9.29416,28
SQ:USDNOK,2020-09-22T04:30:00+02:00,9.29403,9.29405,9.29302,9.29323,23
SQ:USDNOK,2020-09-22T04:31:00+02:00,9.29284,9.29284,9.29073,9.29190,36
SQ:USDNOK,2020-09-22T04:32:00+02:00,9.29170,9.29290,9.29170,9.29250,13
SQ:USDNOK,2020-09-22T04:33:00+02:00,9.29260,9.29440,9.29260,9.29440,9
SQ:USDNOK,2020-09-22T04:34:00+02:00,9.29440,9.29470,9.29290,9.29290,15
SQ:USDNOK,2020-09-22T04:35:00+02:00,9.29290,9.29370,9.29287,9.29310,13
SQ:USDNOK,2020-09-22T04:36:00+02:00,9.29310,9.29420,9.29280,9.29420,8
SQ:USDNOK,2020-09-22T04:37:00+02:00,9.29420,9.29440,9.29360,9.29410,7
SQ:USDNOK,2020-09-22T04:38:00+02:00,9.29380,9.29390,9.29380,9.29390,2
SQ:USDNOK,2020-09-22T04:39:00+02:00,9.29410,9.29460,9.29330,9.29330,11
SQ:USDNOK,2020-09-22T04:40:00+02:00,9.29370,9.29420,9.29370,9.29420,7
SQ:USDNOK,2020-09-22T04:41:00+02:00,9.29460,9.29510,9.29440,9.29440,5
SQ:USDNOK,2020-09-22T04:42:00+02:00,9.29428,9.29428,9.29360,9.29393,6
SQ:USDNOK,2020-09-22T04:43:00+02:00,9.29352,9.29371,9.29082,9.29107,36
SQ:USDNOK,2020-09-22T04:44:00+02:00,9.29107,9.29189,9.29100,9.29115,30
SQ:USDNOK,2020-09-22T04:45:00+02:00,9.29115,9.29320,9.29110,9.29320,28
SQ:USDNOK,2020-09-22T04:46:00+02:00,9.29280,9.29320,9.29280,9.29320,4
SQ:USDNOK,2020-09-22T04:47:00+02:00,9.29350,9.29470,9.29278,9.29410,22
SQ:USDNOK,2020-09-22T04:48:00+02:00,9.29400,9.29450,9.29340,9.29450,8
SQ:USDNOK,2020-09-22T04:49:00+02:00,9.29450,9.29460,9.29420,9.29460,4
SQ:USDNOK,2020-09-22T04:50:00+02:00,9.29430,9.29520,9.29370,9.29500,9
SQ:USDNOK,2020-09-22T04:51:00+02:00,9.29460,9.29490,9.29300,9.29300,12
SQ:USDNOK,2020-09-22T04:52:00+02:00,9.29300,9.29440,9.29300,9.29410,7
SQ:USDNOK,2020-09-22T04:53:00+02:00,9.29410,9.29410,9.29230,9.29236,22
SQ:USDNOK,2020-09-22T04:54:00+02:00,9.29209,9.29500,9.29177,9.29430,26
SQ:USDNOK,2020-09-22T04:55:00+02:00,9.29390,9.29390,9.29209,9.29270,13
SQ:USDNOK,2020-09-22T04:56:00+02:00,9.29274,9.29427,9.29274,9.29406,24
SQ:USDNOK,2020-09-22T04:57:00+02:00,9.29418,9.29425,9.29399,9.29425,11
SQ:USDNOK,2020-09-22T04:58:00+02:00,9.29425,9.29460,9.29401,9.29401,12
SQ:USDNOK,2020-09-22T04:59:00+02:00,9.29373,9.29409,9.29221,9.29221,50
SQ:USDNOK,2020-09-22T05:00:00+02:00,9.29242,9.29400,9.29182,9.29346,129
SQ:USDNOK,2020-09-22T05:01:00+02:00,9.29353,9.29370,9.29349,9.29360,21
SQ:USDNOK,2020-09-22T05:02:00+02:00,9.29360,9.29404,9.29344,9.29344,21
SQ:USDNOK,2020-09-22T05:03:00+02:00,9.29323,9.29356,9.29170,9.29299,48
SQ:USDNOK,2020-09-22T05:04:00+02:00,9.29291,9.29387,9.29266,9.29316,86
SQ:USDNOK,2020-09-22T05:05:00+02:00,9.29321,9.29422,9.29153,9.29288,97
SQ:USDNOK,2020-09-22T05:06:00+02:00,9.29280,9.29386,9.29264,9.29302,28
SQ:USDNOK,2020-09-22T05:07:00+02:00,9.29265,9.29265,9.29133,9.29133,19
SQ:USDNOK,2020-09-22T05:08:00+02:00,9.29120,9.29291,9.29103,9.29125,151
SQ:USDNOK,2020-09-22T05:09:00+02:00,9.29119,9.29532,9.29110,9.29111,38
SQ:USDNOK,2020-09-22T05:10:00+02:00,9.29111,9.29218,9.29095,9.29218,19
SQ:USDNOK,2020-09-22T05:11:00+02:00,9.29187,9.29217,9.29147,9.29209,12
SQ:USDNOK,2020-09-22T05:12:00+02:00,9.29260,9.29308,9.29255,9.29274,15
SQ:USDNOK,2020-09-22T05:13:00+02:00,9.29266,9.29650,9.29265,9.29613,35
SQ:USDNOK,2020-09-22T05:14:00+02:00,9.29610,9.30185,9.29563,9.29895,89
SQ:USDNOK,2020-09-22T05:15:00+02:00,9.29875,9.29875,9.29080,9.29080,120
SQ:USDNOK,2020-09-22T05:16:00+02:00,9.29082,9.29179,9.29000,9.29022,477
SQ:USDNOK,2020-09-22T05:17:00+02:00,9.28995,9.29222,9.28930,9.29000,303
SQ:USDNOK,2020-09-22T05:18:00+02:00,9.29000,9.29118,9.28967,9.28989,74
SQ:USDNOK,2020-09-22T05:19:00+02:00,9.28989,9.29016,9.28805,9.28808,102
SQ:USDNOK,2020-09-22T05:20:00+02:00,9.28794,9.28814,9.28666,9.28666,115
SQ:USDNOK,2020-09-22T05:21:00+02:00,9.28666,9.29398,9.28660,9.28708,156
SQ:USDNOK,2020-09-22T05:22:00+02:00,9.28708,9.28804,9.28497,9.28584,61
SQ:USDNOK,2020-09-22T05:23:00+02:00,9.28573,9.28762,9.28561,9.28561,315
SQ:USDNOK,2020-09-22T05:24:00+02:00,9.28570,9.28643,9.28499,9.28562,286
SQ:USDNOK,2020-09-22T05:25:00+02:00,9.28571,9.29156,9.28548,9.28940,301
SQ:USDNOK,2020-09-22T05:26:00+02:00,9.28940,9.29008,9.28667,9.28732,172
SQ:USDNOK,2020-09-22T05:27:00+02:00,9.28754,9.28860,9.28735,9.28778,266
SQ:USDNOK,2020-09-22T05:28:00+02:00,9.28757,9.28770,9.27927,9.27986,229
SQ:USDNOK,2020-09-22T05:29:00+02:00,9.28008,9.28114,9.27853,9.27946,75
SQ:USDNOK,2020-09-22T05:30:00+02:00,9.27946,9.28288,9.27944,9.28130,55
SQ:USDNOK,2020-09-22T05:31:00+02:00,9.28130,9.28170,9.28120,9.28120,19
SQ:USDNOK,2020-09-22T05:32:00+02:00,9.28126,9.28164,9.28077,9.28164,13
SQ:USDNOK,2020-09-22T05:33:00+02:00,9.28164,9.28225,9.28164,9.28207,6
SQ:USDNOK,2020-09-22T05:34:00+02:00,9.28188,9.28265,9.28188,9.28189,7
SQ:USDNOK,2020-09-22T05:35:00+02:00,9.28226,9.28279,9.28176,9.28234,8
SQ:USDNOK,2020-09-22T05:36:00+02:00,9.28236,9.28313,9.28166,9.28233,20
SQ:USDNOK,2020-09-22T05:37:00+02:00,9.28251,9.28255,9.28166,9.28170,5
SQ:USDNOK,2020-09-22T05:38:00+02:00,9.28216,9.28239,9.28216,9.28233,7
SQ:USDNOK,2020-09-22T05:39:00+02:00,9.28219,9.28229,9.28104,9.28192,9
SQ:USDNOK,2020-09-22T05:40:00+02:00,9.28180,9.28272,9.28180,9.28239,7
SQ:USDNOK,2020-09-22T05:41:00+02:00,9.28289,9.28342,9.28265,9.28265,8
SQ:USDNOK,2020-09-22T05:42:00+02:00,9.28265,9.28271,9.28106,9.28142,6
SQ:USDNOK,2020-09-22T05:43:00+02:00,9.28163,9.28219,9.28155,9.28155,3
SQ:USDNOK,2020-09-22T05:44:00+02:00,9.28155,9.28252,9.28155,9.28252,4
SQ:USDNOK,2020-09-22T05:45:00+02:00,9.28282,9.28311,9.28282,9.28300,4
SQ:USDNOK,2020-09-22T05:46:00+02:00,9.28363,9.28376,9.28338,9.28376,3
SQ:USDNOK,2020-09-22T05:47:00+02:00,9.28376,9.28395,9.28246,9.28246,4
SQ:USDNOK,2020-09-22T05:48:00+02:00,9.28246,9.28246,9.28187,9.28239,4
SQ:USDNOK,2020-09-22T05:49:00+02:00,9.28320,9.29015,9.28315,9.28582,299
SQ:USDNOK,2020-09-22T05:50:00+02:00,9.28639,9.28800,9.28500,9.28633,173
SQ:USDNOK,2020-09-22T05:51:00+02:00,9.28700,9.29059,9.28300,9.28370,163
SQ:USDNOK,2020-09-22T05:52:00+02:00,9.28300,9.28410,9.28243,9.28410,6
SQ:USDNOK,2020-09-22T05:53:00+02:00,9.28410,9.28420,9.28390,9.28390,3
SQ:USDNOK,2020-09-22T05:54:00+02:00,9.28390,9.28530,9.28390,9.28520,5
SQ:USDNOK,2020-09-22T05:55:00+02:00,9.28460,9.28460,9.28070,9.28090,14
SQ:USDNOK,2020-09-22T05:56:00+02:00,9.28090,9.28300,9.28070,9.28300,9
SQ:USDNOK,2020-09-22T05:57:00+02:00,9.28290,9.28367,9.28290,9.28350,7
SQ:USDNOK,2020-09-22T05:58:00+02:00,9.28350,9.28390,9.28340,9.28362,9
SQ:USDNOK,2020-09-22T05:59:00+02:00,9.28399,9.28399,9.28216,9.28239,12
SQ:USDNOK,2020-09-22T06:00:00+02:00,9.28239,9.28390,9.28239,9.28305,11
SQ:USDNOK,2020-09-22T06:01:00+02:00,9.28305,9.28483,9.28305,9.28390,16
SQ:USDNOK,2020-09-22T06:02:00+02:00,9.28432,9.28442,9.28421,9.28439,5
SQ:USDNOK,2020-09-22T06:03:00+02:00,9.28439,9.28508,9.28439,9.28460,6
SQ:USDNOK,2020-09-22T06:04:00+02:00,9.28490,9.28490,9.28435,9.28435,4
SQ:USDNOK,2020-09-22T06:05:00+02:00,9.28400,9.28400,9.28251,9.28280,11
SQ:USDNOK,2020-09-22T06:06:00+02:00,9.28280,9.28370,9.28280,9.28315,5
SQ:USDNOK,2020-09-22T06:07:00+02:00,9.28326,9.28349,9.28315,9.28315,7
SQ:USDNOK,2020-09-22T06:08:00+02:00,9.28315,9.28332,9.28311,9.28313,9
SQ:USDNOK,2020-09-22T06:09:00+02:00,9.28313,9.28313,9.28235,9.28244,10
SQ:USDNOK,2020-09-22T06:10:00+02:00,9.28259,9.28360,9.28248,9.28360,14
SQ:USDNOK,2020-09-22T06:11:00+02:00,9.28362,9.28370,9.28077,9.28101,15
SQ:USDNOK,2020-09-22T06:12:00+02:00,9.28077,9.28140,9.28072,9.28093,14
SQ:USDNOK,2020-09-22T06:13:00+02:00,9.28102,9.28102,9.28100,9.28100,3
SQ:USDNOK,2020-09-22T06:14:00+02:00,9.28110,9.28310,9.28110,9.28230,12
SQ:USDNOK,2020-09-22T06:15:00+02:00,9.28230,9.28370,9.28230,9.28370,3
SQ:USDNOK,2020-09-22T06:16:00+02:00,9.28430,9.28513,9.28342,9.28342,24
SQ:USDNOK,2020-09-22T06:17:00+02:00,9.28358,9.28365,9.28338,9.28340,11
SQ:USDNOK,2020-09-22T06:18:00+02:00,9.28364,9.28381,9.28332,9.28340,18
SQ:USDNOK,2020-09-22T06:19:00+02:00,9.28340,9.28351,9.28274,9.28307,15
SQ:USDNOK,2020-09-22T06:20:00+02:00,9.28317,9.28638,9.28283,9.28487,31
SQ:USDNOK,2020-09-22T06:21:00+02:00,9.28474,9.28586,9.28455,9.28508,17
SQ:USDNOK,2020-09-22T06:22:00+02:00,9.28504,9.28637,9.28480,9.28480,32
SQ:USDNOK,2020-09-22T06:23:00+02:00,9.28480,9.28755,9.28480,9.28743,27
SQ:USDNOK,2020-09-22T06:24:00+02:00,9.28749,9.28832,9.28516,9.28537,31
SQ:USDNOK,2020-09-22T06:25:00+02:00,9.28558,9.28820,9.28558,9.28720,65
SQ:USDNOK,2020-09-22T06:26:00+02:00,9.28730,9.28920,9.28692,9.28692,20
SQ:USDNOK,2020-09-22T06:27:00+02:00,9.28692,9.28800,9.28692,9.28800,6
SQ:USDNOK,2020-09-22T06:28:00+02:00,9.28870,9.28870,9.28740,9.28790,18
SQ:USDNOK,2020-09-22T06:29:00+02:00,9.28800,9.28830,9.28760,9.28770,7
SQ:USDNOK,2020-09-22T06:30:00+02:00,9.28770,9.28770,9.28353,9.28410,20
SQ:USDNOK,2020-09-22T06:31:00+02:00,9.28415,9.28478,9.28415,9.28478,8
SQ:USDNOK,2020-09-22T06:32:00+02:00,9.28470,9.28548,9.28416,9.28488,22
SQ:USDNOK,2020-09-22T06:33:00+02:00,9.28488,9.28488,9.28252,9.28280,6
SQ:USDNOK,2020-09-22T06:34:00+02:00,9.28340,9.28340,9.28252,9.28252,5
SQ:USDNOK,2020-09-22T06:35:00+02:00,9.28252,9.28280,9.28235,9.28280,13
SQ:USDNOK,2020-09-22T06:36:00+02:00,9.28280,9.28300,9.28226,9.28300,5
SQ:USDNOK,2020-09-22T06:37:00+02:00,9.28280,9.28360,9.28280,9.28360,3
SQ:USDNOK,2020-09-22T06:38:00+02:00,9.28360,9.28458,9.28330,9.28458,7
SQ:USDNOK,2020-09-22T06:39:00+02:00,9.28503,9.28566,9.28453,9.28507,5
SQ:USDNOK,2020-09-22T06:40:00+02:00,9.28507,9.28507,9.28483,9.28483,2
SQ:USDNOK,2020-09-22T06:41:00+02:00,9.28483,9.28488,9.28435,9.28488,4
SQ:USDNOK,2020-09-22T06:42:00+02:00,9.28488,9.28531,9.28421,9.28439,14
SQ:USDNOK,2020-09-22T06:43:00+02:00,9.28444,9.28672,9.28444,9.28666,15
SQ:USDNOK,2020-09-22T06:44:00+02:00,9.28666,9.28666,9.28666,9.28666,1
SQ:USDNOK,2020-09-22T06:45:00+02:00,9.28730,9.28835,9.28730,9.28777,11
SQ:USDNOK,2020-09-22T06:46:00+02:00,9.28777,9.28841,9.28777,9.28841,2
SQ:USDNOK,2020-09-22T06:47:00+02:00,9.28841,9.29162,9.28841,9.28861,22
SQ:USDNOK,2020-09-22T06:48:00+02:00,9.28861,9.28893,9.28831,9.28893,7
SQ:USDNOK,2020-09-22T06:49:00+02:00,9.28829,9.28829,9.28826,9.28826,2
SQ:USDNOK,2020-09-22T06:50:00+02:00,9.28830,9.28830,9.28826,9.28826,2
SQ:USDNOK,2020-09-22T06:51:00+02:00,9.28826,9.28830,9.28826,9.28826,3
SQ:USDNOK,2020-09-22T06:52:00+02:00,9.28826,9.28914,9.28811,9.28914,7
SQ:USDNOK,2020-09-22T06:53:00+02:00,9.28914,9.29048,9.28914,9.29046,10
SQ:USDNOK,2020-09-22T06:54:00+02:00,9.29103,9.29103,9.29032,9.29095,5
SQ:USDNOK,2020-09-22T06:55:00+02:00,9.29095,9.29136,9.28974,9.29083,20
SQ:USDNOK,2020-09-22T06:56:00+02:00,9.29083,9.29134,9.28980,9.29134,6
SQ:USDNOK,2020-09-22T06:57:00+02:00,9.29087,9.29151,9.29019,9.29101,10
SQ:USDNOK,2020-09-22T06:58:00+02:00,9.29101,9.29132,9.29101,9.29119,9
SQ:USDNOK,2020-09-22T06:59:00+02:00,9.29127,9.29155,9.28996,9.28996,8
SQ:USDNOK,2020-09-22T07:00:00+02:00,9.28996,9.29310,9.28996,9.29280,77
SQ:USDNOK,2020-09-22T07:01:00+02:00,9.29270,9.29370,9.29200,9.29220,76
SQ:USDNOK,2020-09-22T07:02:00+02:00,9.29220,9.29470,9.29180,9.29430,87
SQ:USDNOK,2020-09-22T07:03:00+02:00,9.29500,9.29510,9.29210,9.29320,132
SQ:USDNOK,2020-09-22T07:04:00+02:00,9.29320,9.29370,9.29270,9.29290,60
SQ:USDNOK,2020-09-22T07:05:00+02:00,9.29290,9.29500,9.29280,9.29420,119
SQ:USDNOK,2020-09-22T07:06:00+02:00,9.29370,9.29550,9.29320,9.29470,97
SQ:USDNOK,2020-09-22T07:07:00+02:00,9.29460,9.29600,9.29440,9.29520,116
SQ:USDNOK,2020-09-22T07:08:00+02:00,9.29490,9.29650,9.29490,9.29550,87
SQ:USDNOK,2020-09-22T07:09:00+02:00,9.29620,9.29660,9.29450,9.29480,71
SQ:USDNOK,2020-09-22T07:10:00+02:00,9.29480,9.29760,9.29470,9.29730,60
SQ:USDNOK,2020-09-22T07:11:00+02:00,9.29690,9.29760,9.29650,9.29750,36
SQ:USDNOK,2020-09-22T07:12:00+02:00,9.29740,9.29840,9.29730,9.29780,51
SQ:USDNOK,2020-09-22T07:13:00+02:00,9.29810,9.29830,9.29770,9.29800,60
SQ:USDNOK,2020-09-22T07:14:00+02:00,9.29810,9.29920,9.29800,9.29820,84
SQ:USDNOK,2020-09-22T07:15:00+02:00,9.29810,9.30160,9.29790,9.30090,97
SQ:USDNOK,2020-09-22T07:16:00+02:00,9.30090,9.30210,9.30048,9.30140,138
SQ:USDNOK,2020-09-22T07:17:00+02:00,9.30160,9.30230,9.30070,9.30090,105
SQ:USDNOK,2020-09-22T07:18:00+02:00,9.30100,9.30220,9.30070,9.30210,96
SQ:USDNOK,2020-09-22T07:19:00+02:00,9.30200,9.30200,9.30020,9.30120,60
SQ:USDNOK,2020-09-22T07:20:00+02:00,9.30120,9.30160,9.30010,9.30130,53
SQ:USDNOK,2020-09-22T07:21:00+02:00,9.30110,9.30320,9.30040,9.30260,70
SQ:USDNOK,2020-09-22T07:22:00+02:00,9.30260,9.30400,9.30210,9.30270,61
SQ:USDNOK,2020-09-22T07:23:00+02:00,9.30270,9.30400,9.30240,9.30320,60
SQ:USDNOK,2020-09-22T07:24:00+02:00,9.30310,9.30360,9.30213,9.30220,56
SQ:USDNOK,2020-09-22T07:25:00+02:00,9.30230,9.30350,9.30171,9.30280,55
SQ:USDNOK,2020-09-22T07:26:00+02:00,9.30280,9.30350,9.30230,9.30230,57
SQ:USDNOK,2020-09-22T07:27:00+02:00,9.30230,9.30340,9.30220,9.30290,46
SQ:USDNOK,2020-09-22T07:28:00+02:00,9.30300,9.30370,9.30280,9.30280,33
SQ:USDNOK,2020-09-22T07:29:00+02:00,9.30270,9.30380,9.30270,9.30360,64
SQ:USDNOK,2020-09-22T07:30:00+02:00,9.30340,9.30420,9.30270,9.30310,81
SQ:USDNOK,2020-09-22T07:31:00+02:00,9.30310,9.30320,9.30250,9.30260,62
SQ:USDNOK,2020-09-22T07:32:00+02:00,9.30250,9.30420,9.30250,9.30390,69
SQ:USDNOK,2020-09-22T07:33:00+02:00,9.30380,9.30430,9.30330,9.30360,45
SQ:USDNOK,2020-09-22T07:34:00+02:00,9.30330,9.30430,9.30300,9.30320,35
SQ:USDNOK,2020-09-22T07:35:00+02:00,9.30310,9.30320,9.30260,9.30260,42
SQ:USDNOK,2020-09-22T07:36:00+02:00,9.30250,9.30290,9.30220,9.30290,36
SQ:USDNOK,2020-09-22T07:37:00+02:00,9.30300,9.30320,9.30270,9.30320,44
SQ:USDNOK,2020-09-22T07:38:00+02:00,9.30340,9.30580,9.30340,9.30480,80
SQ:USDNOK,2020-09-22T07:39:00+02:00,9.30480,9.30700,9.30360,9.30620,103
SQ:USDNOK,2020-09-22T07:40:00+02:00,9.30620,9.30640,9.30430,9.30430,58
SQ:USDNOK,2020-09-22T07:41:00+02:00,9.30430,9.30550,9.30420,9.30450,47
SQ:USDNOK,2020-09-22T07:42:00+02:00,9.30500,9.30620,9.30430,9.30540,53
SQ:USDNOK,2020-09-22T07:43:00+02:00,9.30540,9.30670,9.30432,9.30610,72
SQ:USDNOK,2020-09-22T07:44:00+02:00,9.30600,9.30790,9.30590,9.30650,74
SQ:USDNOK,2020-09-22T07:45:00+02:00,9.30650,9.30680,9.30560,9.30630,84
SQ:USDNOK,2020-09-22T07:46:00+02:00,9.30640,9.30740,9.30530,9.30580,84
SQ:USDNOK,2020-09-22T07:47:00+02:00,9.30580,9.30640,9.30510,9.30560,60
SQ:USDNOK,2020-09-22T07:48:00+02:00,9.30560,9.30650,9.30550,9.30630,52
SQ:USDNOK,2020-09-22T07:49:00+02:00,9.30620,9.30850,9.30620,9.30780,59
SQ:USDNOK,2020-09-22T07:50:00+02:00,9.30800,9.31300,9.30770,9.31040,125
SQ:USDNOK,2020-09-22T07:51:00+02:00,9.31040,9.31190,9.30980,9.31130,123
SQ:USDNOK,2020-09-22T07:52:00+02:00,9.31060,9.31230,9.31009,9.31133,102
SQ:USDNOK,2020-09-22T07:53:00+02:00,9.31133,9.31230,9.31010,9.31040,69
SQ:USDNOK,2020-09-22T07:54:00+02:00,9.31030,9.31160,9.31020,9.31130,48
SQ:USDNOK,2020-09-22T07:55:00+02:00,9.31130,9.31220,9.31045,9.31095,55
SQ:USDNOK,2020-09-22T07:56:00+02:00,9.31095,9.31240,9.31020,9.31060,86
SQ:USDNOK,2020-09-22T07:57:00+02:00,9.31050,9.31440,9.30980,9.31190,149
SQ:USDNOK,2020-09-22T07:58:00+02:00,9.31230,9.31390,9.31160,9.31290,137
SQ:USDNOK,2020-09-22T07:59:00+02:00,9.31290,9.31520,9.31290,9.31410,118
SQ:USDNOK,2020-09-22T08:00:00+02:00,9.31360,9.31550,9.31140,9.31450,174
SQ:USDNOK,2020-09-22T08:01:00+02:00,9.31438,9.31530,9.30940,9.30980,199
SQ:USDNOK,2020-09-22T08:02:00+02:00,9.30950,9.31100,9.30780,9.30810,156
SQ:USDNOK,2020-09-22T08:03:00+02:00,9.30760,9.31130,9.30760,9.31060,179
SQ:USDNOK,2020-09-22T08:04:00+02:00,9.31056,9.31150,9.30972,9.31130,83
SQ:USDNOK,2020-09-22T08:05:00+02:00,9.31140,9.31207,9.31070,9.31110,67
SQ:USDNOK,2020-09-22T08:06:00+02:00,9.31100,9.31130,9.30982,9.31070,57
SQ:USDNOK,2020-09-22T08:07:00+02:00,9.31070,9.31640,9.31070,9.31620,88
SQ:USDNOK,2020-09-22T08:08:00+02:00,9.31610,9.31610,9.31420,9.31520,237
SQ:USDNOK,2020-09-22T08:09:00+02:00,9.31560,9.31890,9.31417,9.31770,215
SQ:USDNOK,2020-09-22T08:10:00+02:00,9.31800,9.31960,9.31435,9.31440,265
SQ:USDNOK,2020-09-22T08:11:00+02:00,9.31442,9.31640,9.31320,9.31490,143
SQ:USDNOK,2020-09-22T08:12:00+02:00,9.31505,9.31610,9.31401,9.31417,138
SQ:USDNOK,2020-09-22T08:13:00+02:00,9.31417,9.31780,9.31417,9.31590,181
SQ:USDNOK,2020-09-22T08:14:00+02:00,9.31590,9.31757,9.31480,9.31559,146
SQ:USDNOK,2020-09-22T08:15:00+02:00,9.31515,9.31900,9.31491,9.31855,92
SQ:USDNOK,2020-09-22T08:16:00+02:00,9.31887,9.32258,9.31876,9.32200,136
SQ:USDNOK,2020-09-22T08:17:00+02:00,9.32190,9.32540,9.32048,9.32480,210
SQ:USDNOK,2020-09-22T08:18:00+02:00,9.32480,9.32670,9.32393,9.32610,96
SQ:USDNOK,2020-09-22T08:19:00+02:00,9.32610,9.32770,9.32548,9.32750,146
SQ:USDNOK,2020-09-22T08:20:00+02:00,9.32750,9.33160,9.32695,9.32980,269
SQ:USDNOK,2020-09-22T08:21:00+02:00,9.32980,9.33138,9.32870,9.33126,174
SQ:USDNOK,2020-09-22T08:22:00+02:00,9.33126,9.33140,9.32869,9.32870,144
SQ:USDNOK,2020-09-22T08:23:00+02:00,9.32870,9.33070,9.32870,9.32930,154
SQ:USDNOK,2020-09-22T08:24:00+02:00,9.32904,9.33130,9.32902,9.32985,176
SQ:USDNOK,2020-09-22T08:25:00+02:00,9.32985,9.33100,9.32810,9.32830,104
SQ:USDNOK,2020-09-22T08:26:00+02:00,9.32830,9.32830,9.32412,9.32520,237
SQ:USDNOK,2020-09-22T08:27:00+02:00,9.32520,9.32540,9.32064,9.32112,153
SQ:USDNOK,2020-09-22T08:28:00+02:00,9.32112,9.32574,9.32031,9.32567,134
SQ:USDNOK,2020-09-22T08:29:00+02:00,9.32567,9.32780,9.32544,9.32771,62
SQ:USDNOK,2020-09-22T08:30:00+02:00,9.32771,9.33330,9.32686,9.32922,276
SQ:USDNOK,2020-09-22T08:31:00+02:00,9.32922,9.32980,9.32595,9.32740,258
SQ:USDNOK,2020-09-22T08:32:00+02:00,9.32740,9.32842,9.32663,9.32830,235
SQ:USDNOK,2020-09-22T08:33:00+02:00,9.32836,9.33140,9.32728,9.32941,166
SQ:USDNOK,2020-09-22T08:34:00+02:00,9.32950,9.33310,9.32916,9.33250,228
SQ:USDNOK,2020-09-22T08:35:00+02:00,9.33250,9.33500,9.33187,9.33434,238
SQ:USDNOK,2020-09-22T08:36:00+02:00,9.33460,9.34360,9.33435,9.34360,236
SQ:USDNOK,2020-09-22T08:37:00+02:00,9.34360,9.34455,9.33957,9.33985,407
SQ:USDNOK,2020-09-22T08:38:00+02:00,9.33985,9.34052,9.33345,9.33840,323
SQ:USDNOK,2020-09-22T08:39:00+02:00,9.33840,9.34100,9.33676,9.34000,306
SQ:USDNOK,2020-09-22T08:40:00+02:00,9.34010,9.34020,9.33837,9.33859,209
SQ:USDNOK,2020-09-22T08:41:00+02:00,9.33859,9.34120,9.33793,9.33941,175
SQ:USDNOK,2020-09-22T08:42:00+02:00,9.33950,9.34098,9.33840,9.33840,224
SQ:USDNOK,2020-09-22T08:43:00+02:00,9.33840,9.34160,9.33713,9.34149,133
SQ:USDNOK,2020-09-22T08:44:00+02:00,9.34149,9.34330,9.33920,9.34272,147
SQ:USDNOK,2020-09-22T08:45:00+02:00,9.34272,9.34323,9.33832,9.33920,354
SQ:USDNOK,2020-09-22T08:46:00+02:00,9.33920,9.34060,9.33836,9.33836,202
SQ:USDNOK,2020-09-22T08:47:00+02:00,9.33836,9.34000,9.33571,9.33657,175
SQ:USDNOK,2020-09-22T08:48:00+02:00,9.33660,9.33692,9.33426,9.33567,100
SQ:USDNOK,2020-09-22T08:49:00+02:00,9.33567,9.33626,9.33552,9.33597,78
SQ:USDNOK,2020-09-22T08:50:00+02:00,9.33593,9.33770,9.33569,9.33746,91
SQ:USDNOK,2020-09-22T08:51:00+02:00,9.33746,9.34187,9.33716,9.34164,85
SQ:USDNOK,2020-09-22T08:52:00+02:00,9.34164,9.34208,9.34131,9.34145,46
SQ:USDNOK,2020-09-22T08:53:00+02:00,9.34114,9.34114,9.33916,9.34090,51
SQ:USDNOK,2020-09-22T08:54:00+02:00,9.34093,9.34564,9.34090,9.34130,104
SQ:USDNOK,2020-09-22T08:55:00+02:00,9.34118,9.34325,9.33895,9.33907,102
SQ:USDNOK,2020-09-22T08:56:00+02:00,9.33891,9.34143,9.33858,9.34122,78
SQ:USDNOK,2020-09-22T08:57:00+02:00,9.34119,9.34140,9.33746,9.33746,57
SQ:USDNOK,2020-09-22T08:58:00+02:00,9.33746,9.33780,9.33606,9.33727,128
SQ:USDNOK,2020-09-22T08:59:00+02:00,9.33727,9.33829,9.33437,9.33798,152
SQ:USDNOK,2020-09-22T09:00:00+02:00,9.33819,9.33910,9.33214,9.33250,299
SQ:USDNOK,2020-09-22T09:01:00+02:00,9.33250,9.33390,9.32950,9.33040,180
SQ:USDNOK,2020-09-22T09:02:00+02:00,9.33040,9.33470,9.32980,9.33260,207
SQ:USDNOK,2020-09-22T09:03:00+02:00,9.33260,9.33430,9.32991,9.33180,176
SQ:USDNOK,2020-09-22T09:04:00+02:00,9.33190,9.33410,9.32990,9.33000,118
SQ:USDNOK,2020-09-22T09:05:00+02:00,9.33000,9.33316,9.32961,9.33270,140
SQ:USDNOK,2020-09-22T09:06:00+02:00,9.33270,9.33452,9.33190,9.33436,123
SQ:USDNOK,2020-09-22T09:07:00+02:00,9.33422,9.33489,9.33206,9.33244,81
SQ:USDNOK,2020-09-22T09:08:00+02:00,9.33244,9.33597,9.33179,9.33592,90
SQ:USDNOK,2020-09-22T09:09:00+02:00,9.33592,9.34644,9.33488,9.34443,249
SQ:USDNOK,2020-09-22T09:10:00+02:00,9.34443,9.34690,9.34262,9.34490,224
SQ:USDNOK,2020-09-22T09:11:00+02:00,9.34500,9.34920,9.34500,9.34740,157
SQ:USDNOK,2020-09-22T09:12:00+02:00,9.34750,9.34840,9.34560,9.34835,135
SQ:USDNOK,2020-09-22T09:13:00+02:00,9.34850,9.35170,9.34771,9.35018,144
SQ:USDNOK,2020-09-22T09:14:00+02:00,9.35019,9.35019,9.34715,9.34821,71
SQ:USDNOK,2020-09-22T09:15:00+02:00,9.34827,9.34851,9.34363,9.34625,153
SQ:USDNOK,2020-09-22T09:16:00+02:00,9.34625,9.35305,9.34625,9.35179,216
SQ:USDNOK,2020-09-22T09:17:00+02:00,9.35193,9.35555,9.35143,9.35474,197
SQ:USDNOK,2020-09-22T09:18:00+02:00,9.35475,9.35904,9.35404,9.35790,165
SQ:USDNOK,2020-09-22T09:19:00+02:00,9.35790,9.35790,9.35277,9.35589,166
SQ:USDNOK,2020-09-22T09:20:00+02:00,9.35589,9.35802,9.35459,9.35729,114
SQ:USDNOK,2020-09-22T09:21:00+02:00,9.35729,9.35740,9.35419,9.35710,141
SQ:USDNOK,2020-09-22T09:22:00+02:00,9.35711,9.35860,9.35648,9.35720,98
SQ:USDNOK,2020-09-22T09:23:00+02:00,9.35734,9.36110,9.35734,9.36090,194
SQ:USDNOK,2020-09-22T09:24:00+02:00,9.36090,9.36350,9.35840,9.36110,212
SQ:USDNOK,2020-09-22T09:25:00+02:00,9.36110,9.36120,9.35640,9.35890,284
SQ:USDNOK,2020-09-22T09:26:00+02:00,9.35890,9.35890,9.34830,9.34920,347
SQ:USDNOK,2020-09-22T09:27:00+02:00,9.34930,9.34970,9.34326,9.34555,346
SQ:USDNOK,2020-09-22T09:28:00+02:00,9.34534,9.34643,9.34124,9.34282,283
SQ:USDNOK,2020-09-22T09:29:00+02:00,9.34282,9.34582,9.33802,9.33865,131
SQ:USDNOK,2020-09-22T09:30:00+02:00,9.33899,9.34440,9.33600,9.34402,226
SQ:USDNOK,2020-09-22T09:31:00+02:00,9.34410,9.34790,9.34330,9.34720,162
SQ:USDNOK,2020-09-22T09:32:00+02:00,9.34718,9.35400,9.34684,9.35340,194
SQ:USDNOK,2020-09-22T09:33:00+02:00,9.35340,9.35571,9.35050,9.35420,199
SQ:USDNOK,2020-09-22T09:34:00+02:00,9.35420,9.36260,9.35420,9.36050,267
SQ:USDNOK,2020-09-22T09:35:00+02:00,9.36050,9.36396,9.35950,9.36390,174
SQ:USDNOK,2020-09-22T09:36:00+02:00,9.36379,9.36401,9.36220,9.36260,129
SQ:USDNOK,2020-09-22T09:37:00+02:00,9.36270,9.36720,9.36220,9.36430,201
SQ:USDNOK,2020-09-22T09:38:00+02:00,9.36460,9.36550,9.36160,9.36250,169
SQ:USDNOK,2020-09-22T09:39:00+02:00,9.36240,9.36240,9.35488,9.35810,207
SQ:USDNOK,2020-09-22T09:40:00+02:00,9.35790,9.36030,9.35773,9.35773,183
SQ:USDNOK,2020-09-22T09:41:00+02:00,9.35761,9.35770,9.35439,9.35597,145
SQ:USDNOK,2020-09-22T09:42:00+02:00,9.35608,9.36300,9.35599,9.36250,174
SQ:USDNOK,2020-09-22T09:43:00+02:00,9.36230,9.36350,9.36094,9.36138,126
SQ:USDNOK,2020-09-22T09:44:00+02:00,9.36149,9.36170,9.35898,9.35914,102
SQ:USDNOK,2020-09-22T09:45:00+02:00,9.35901,9.35937,9.35352,9.35750,211
SQ:USDNOK,2020-09-22T09:46:00+02:00,9.35750,9.35760,9.35510,9.35570,134
SQ:USDNOK,2020-09-22T09:47:00+02:00,9.35570,9.35890,9.35440,9.35530,184
SQ:USDNOK,2020-09-22T09:48:00+02:00,9.35540,9.35630,9.35152,9.35152,148
SQ:USDNOK,2020-09-22T09:49:00+02:00,9.35203,9.35550,9.35125,9.35390,137
SQ:USDNOK,2020-09-22T09:50:00+02:00,9.35405,9.35450,9.35167,9.35170,115
SQ:USDNOK,2020-09-22T09:51:00+02:00,9.35170,9.35170,9.34047,9.34188,133
SQ:USDNOK,2020-09-22T09:52:00+02:00,9.34188,9.34235,9.34065,9.34077,71
SQ:USDNOK,2020-09-22T09:53:00+02:00,9.34101,9.34157,9.33595,9.33615,74
SQ:USDNOK,2020-09-22T09:54:00+02:00,9.33615,9.33662,9.33137,9.33550,198
SQ:USDNOK,2020-09-22T09:55:00+02:00,9.33550,9.33610,9.32920,9.33000,257
SQ:USDNOK,2020-09-22T09:56:00+02:00,9.33000,9.33480,9.32600,9.33410,191
SQ:USDNOK,2020-09-22T09:57:00+02:00,9.33460,9.33980,9.33310,9.33934,258
SQ:USDNOK,2020-09-22T09:58:00+02:00,9.33934,9.33950,9.33763,9.33860,185
SQ:USDNOK,2020-09-22T09:59:00+02:00,9.33870,9.34130,9.33830,9.33920,244
SQ:USDNOK,2020-09-22T10:00:00+02:00,9.33900,9.34120,9.33800,9.34030,177
SQ:USDNOK,2020-09-22T10:01:00+02:00,9.34030,9.34150,9.33480,9.33480,136
SQ:USDNOK,2020-09-22T10:02:00+02:00,9.33490,9.33540,9.32924,9.32924,242
SQ:USDNOK,2020-09-22T10:03:00+02:00,9.32924,9.33379,9.32924,9.33218,187
SQ:USDNOK,2020-09-22T10:04:00+02:00,9.33240,9.33260,9.32790,9.32990,139
SQ:USDNOK,2020-09-22T10:05:00+02:00,9.32990,9.33080,9.32010,9.32010,185
SQ:USDNOK,2020-09-22T10:06:00+02:00,9.32010,9.32600,9.31980,9.32550,240
SQ:USDNOK,2020-09-22T10:07:00+02:00,9.32550,9.32630,9.32179,9.32209,180
SQ:USDNOK,2020-09-22T10:08:00+02:00,9.32209,9.32260,9.32082,9.32166,186
SQ:USDNOK,2020-09-22T10:09:00+02:00,9.32166,9.32340,9.32004,9.32285,142
SQ:USDNOK,2020-09-22T10:10:00+02:00,9.32286,9.32672,9.32257,9.32627,178
SQ:USDNOK,2020-09-22T10:11:00+02:00,9.32627,9.32910,9.32596,9.32829,116
SQ:USDNOK,2020-09-22T10:12:00+02:00,9.32825,9.33810,9.32825,9.33810,174
SQ:USDNOK,2020-09-22T10:13:00+02:00,9.33814,9.33990,9.33650,9.33730,160
SQ:USDNOK,2020-09-22T10:14:00+02:00,9.33710,9.33710,9.33230,9.33238,169
SQ:USDNOK,2020-09-22T10:15:00+02:00,9.33244,9.33330,9.33039,9.33140,197
SQ:USDNOK,2020-09-22T10:16:00+02:00,9.33130,9.33170,9.32863,9.33100,87
SQ:USDNOK,2020-09-22T10:17:00+02:00,9.33082,9.33210,9.32854,9.32920,153
SQ:USDNOK,2020-09-22T10:18:00+02:00,9.32920,9.33250,9.32861,9.33229,140
SQ:USDNOK,2020-09-22T10:19:00+02:00,9.33212,9.33212,9.32920,9.32960,144
SQ:USDNOK,2020-09-22T10:20:00+02:00,9.32950,9.33507,9.32920,9.33371,141
SQ:USDNOK,2020-09-22T10:21:00+02:00,9.33393,9.33603,9.33372,9.33603,78
SQ:USDNOK,2020-09-22T10:22:00+02:00,9.33603,9.33830,9.33594,9.33774,120
SQ:USDNOK,2020-09-22T10:23:00+02:00,9.33784,9.34015,9.33736,9.33800,99
SQ:USDNOK,2020-09-22T10:24:00+02:00,9.33790,9.33828,9.33599,9.33670,137
SQ:USDNOK,2020-09-22T10:25:00+02:00,9.33670,9.33703,9.33244,9.33244,167
SQ:USDNOK,2020-09-22T10:26:00+02:00,9.33244,9.33244,9.32811,9.32900,134
SQ:USDNOK,2020-09-22T10:27:00+02:00,9.32906,9.32990,9.32544,9.32544,122
SQ:USDNOK,2020-09-22T10:28:00+02:00,9.32544,9.32660,9.32338,9.32371,156
SQ:USDNOK,2020-09-22T10:29:00+02:00,9.32371,9.32390,9.31663,9.31674,189
SQ:USDNOK,2020-09-22T10:30:00+02:00,9.31674,9.32090,9.31268,9.31277,165
SQ:USDNOK,2020-09-22T10:31:00+02:00,9.31290,9.31790,9.31149,9.31643,171
SQ:USDNOK,2020-09-22T10:32:00+02:00,9.31611,9.31637,9.31052,9.31090,102
SQ:USDNOK,2020-09-22T10:33:00+02:00,9.31110,9.31310,9.30725,9.31000,202
SQ:USDNOK,2020-09-22T10:34:00+02:00,9.31000,9.31130,9.30889,9.30925,141
SQ:USDNOK,2020-09-22T10:35:00+02:00,9.30925,9.31050,9.30826,9.30877,120
SQ:USDNOK,2020-09-22T10:36:00+02:00,9.30867,9.30930,9.30561,9.30650,217
SQ:USDNOK,2020-09-22T10:37:00+02:00,9.30658,9.30710,9.29938,9.30269,178
SQ:USDNOK,2020-09-22T10:38:00+02:00,9.30260,9.30520,9.30020,9.30514,151
SQ:USDNOK,2020-09-22T10:39:00+02:00,9.30520,9.30720,9.30005,9.30530,188
SQ:USDNOK,2020-09-22T10:40:00+02:00,9.30500,9.30540,9.30120,9.30400,115
SQ:USDNOK,2020-09-22T10:41:00+02:00,9.30430,9.30550,9.30216,9.30296,116
SQ:USDNOK,2020-09-22T10:42:00+02:00,9.30296,9.30570,9.30243,9.30530,109
SQ:USDNOK,2020-09-22T10:43:00+02:00,9.30530,9.30650,9.29993,9.30110,152
SQ:USDNOK,2020-09-22T10:44:00+02:00,9.30130,9.30180,9.29918,9.30050,156
SQ:USDNOK,2020-09-22T10:45:00+02:00,9.30070,9.30170,9.29904,9.29936,70
SQ:USDNOK,2020-09-22T10:46:00+02:00,9.29936,9.30020,9.29780,9.29960,136
SQ:USDNOK,2020-09-22T10:47:00+02:00,9.29895,9.29900,9.29410,9.29750,183
SQ:USDNOK,2020-09-22T10:48:00+02:00,9.29750,9.30620,9.29640,9.30530,144
SQ:USDNOK,2020-09-22T10:49:00+02:00,9.30570,9.31310,9.30503,9.31280,193
SQ:USDNOK,2020-09-22T10:50:00+02:00,9.31270,9.31320,9.31030,9.31200,139
SQ:USDNOK,2020-09-22T10:51:00+02:00,9.31200,9.31260,9.31060,9.31120,101
SQ:USDNOK,2020-09-22T10:52:00+02:00,9.31100,9.31750,9.31050,9.31740,156
SQ:USDNOK,2020-09-22T10:53:00+02:00,9.31750,9.31750,9.31510,9.31700,169
SQ:USDNOK,2020-09-22T10:54:00+02:00,9.31700,9.31740,9.31550,9.31650,151
SQ:USDNOK,2020-09-22T10:55:00+02:00,9.31630,9.31630,9.31228,9.31258,141
SQ:USDNOK,2020-09-22T10:56:00+02:00,9.31260,9.31380,9.31034,9.31350,138
SQ:USDNOK,2020-09-22T10:57:00+02:00,9.31370,9.31410,9.31230,9.31270,91
SQ:USDNOK,2020-09-22T10:58:00+02:00,9.31270,9.31610,9.31250,9.31600,135
SQ:USDNOK,2020-09-22T10:59:00+02:00,9.31590,9.31590,9.30951,9.30990,183
SQ:USDNOK,2020-09-22T11:00:00+02:00,9.30990,9.31460,9.30830,9.31273,213
SQ:USDNOK,2020-09-22T11:01:00+02:00,9.31290,9.31660,9.31220,9.31640,106
SQ:USDNOK,2020-09-22T11:02:00+02:00,9.31630,9.32150,9.31630,9.32005,172
SQ:USDNOK,2020-09-22T11:03:00+02:00,9.32005,9.32240,9.31800,9.31830,186
SQ:USDNOK,2020-09-22T11:04:00+02:00,9.31840,9.32160,9.31770,9.32150,153
SQ:USDNOK,2020-09-22T11:05:00+02:00,9.32130,9.32300,9.32100,9.32230,147
SQ:USDNOK,2020-09-22T11:06:00+02:00,9.32221,9.32250,9.31991,9.32060,139
SQ:USDNOK,2020-09-22T11:07:00+02:00,9.32070,9.32206,9.32020,9.32140,94
SQ:USDNOK,2020-09-22T11:08:00+02:00,9.32150,9.32360,9.32144,9.32296,142
SQ:USDNOK,2020-09-22T11:09:00+02:00,9.32308,9.32350,9.32191,9.32310,104
SQ:USDNOK,2020-09-22T11:10:00+02:00,9.32310,9.32340,9.31689,9.31830,140
SQ:USDNOK,2020-09-22T11:11:00+02:00,9.31800,9.31810,9.31470,9.31600,177
SQ:USDNOK,2020-09-22T11:12:00+02:00,9.31590,9.31750,9.31370,9.31390,243
SQ:USDNOK,2020-09-22T11:13:00+02:00,9.31390,9.31460,9.31085,9.31290,199
SQ:USDNOK,2020-09-22T11:14:00+02:00,9.31290,9.31320,9.31080,9.31250,165
SQ:USDNOK,2020-09-22T11:15:00+02:00,9.31270,9.31810,9.31169,9.31810,247
SQ:USDNOK,2020-09-22T11:16:00+02:00,9.31800,9.32010,9.31784,9.32010,180
SQ:USDNOK,2020-09-22T11:17:00+02:00,9.32000,9.32140,9.31903,9.32057,86
SQ:USDNOK,2020-09-22T11:18:00+02:00,9.32057,9.32167,9.31983,9.32140,55
SQ:USDNOK,2020-09-22T11:19:00+02:00,9.32131,9.32540,9.32126,9.32540,103
SQ:USDNOK,2020-09-22T11:20:00+02:00,9.32560,9.32630,9.32281,9.32593,128
SQ:USDNOK,2020-09-22T11:21:00+02:00,9.32600,9.32710,9.31990,9.32410,182
SQ:USDNOK,2020-09-22T11:22:00+02:00,9.32410,9.32410,9.31779,9.31820,199
SQ:USDNOK,2020-09-22T11:23:00+02:00,9.31810,9.32046,9.31350,9.31370,219
SQ:USDNOK,2020-09-22T11:24:00+02:00,9.31370,9.31400,9.31248,9.31269,165
SQ:USDNOK,2020-09-22T11:25:00+02:00,9.31269,9.31690,9.31257,9.31580,96
SQ:USDNOK,2020-09-22T11:26:00+02:00,9.31580,9.31830,9.31578,9.31760,256
SQ:USDNOK,2020-09-22T11:27:00+02:00,9.31800,9.32010,9.31584,9.31584,127
SQ:USDNOK,2020-09-22T11:28:00+02:00,9.31584,9.32214,9.31570,9.32191,118
SQ:USDNOK,2020-09-22T11:29:00+02:00,9.32164,9.32350,9.32043,9.32350,110
SQ:USDNOK,2020-09-22T11:30:00+02:00,9.32310,9.32770,9.32310,9.32650,120
SQ:USDNOK,2020-09-22T11:31:00+02:00,9.32680,9.32720,9.32514,9.32570,104
SQ:USDNOK,2020-09-22T11:32:00+02:00,9.32530,9.32530,9.32100,9.32270,105
SQ:USDNOK,2020-09-22T11:33:00+02:00,9.32260,9.32340,9.31900,9.31980,301
SQ:USDNOK,2020-09-22T11:34:00+02:00,9.31970,9.32220,9.31790,9.32200,188
SQ:USDNOK,2020-09-22T11:35:00+02:00,9.32200,9.32340,9.31680,9.31750,153
SQ:USDNOK,2020-09-22T11:36:00+02:00,9.31750,9.32080,9.31530,9.32010,221
SQ:USDNOK,2020-09-22T11:37:00+02:00,9.32004,9.32160,9.31870,9.32020,170
SQ:USDNOK,2020-09-22T11:38:00+02:00,9.32020,9.32040,9.31720,9.31890,144
SQ:USDNOK,2020-09-22T11:39:00+02:00,9.31890,9.32030,9.31830,9.31950,100
SQ:USDNOK,2020-09-22T11:40:00+02:00,9.31960,9.32180,9.31864,9.32000,156
SQ:USDNOK,2020-09-22T11:41:00+02:00,9.32000,9.32080,9.31920,9.31990,137
SQ:USDNOK,2020-09-22T11:42:00+02:00,9.31990,9.32170,9.31980,9.32104,137
SQ:USDNOK,2020-09-22T11:43:00+02:00,9.32104,9.32150,9.31970,9.32080,113
SQ:USDNOK,2020-09-22T11:44:00+02:00,9.32070,9.32140,9.32030,9.32060,82
SQ:USDNOK,2020-09-22T11:45:00+02:00,9.32055,9.32150,9.32047,9.32140,137
SQ:USDNOK,2020-09-22T11:46:00+02:00,9.32140,9.32580,9.32140,9.32410,121
SQ:USDNOK,2020-09-22T11:47:00+02:00,9.32400,9.32680,9.32390,9.32640,91
SQ:USDNOK,2020-09-22T11:48:00+02:00,9.32630,9.32800,9.32484,9.32790,94
SQ:USDNOK,2020-09-22T11:49:00+02:00,9.32790,9.32820,9.32646,9.32810,83
SQ:USDNOK,2020-09-22T11:50:00+02:00,9.32820,9.32840,9.32551,9.32598,116
SQ:USDNOK,2020-09-22T11:51:00+02:00,9.32616,9.32619,9.32300,9.32568,71
SQ:USDNOK,2020-09-22T11:52:00+02:00,9.32576,9.32820,9.32576,9.32820,51
SQ:USDNOK,2020-09-22T11:53:00+02:00,9.32810,9.32810,9.32600,9.32680,78
SQ:USDNOK,2020-09-22T11:54:00+02:00,9.32680,9.32840,9.32540,9.32805,82
SQ:USDNOK,2020-09-22T11:55:00+02:00,9.32806,9.33010,9.32740,9.32980,141
SQ:USDNOK,2020-09-22T11:56:00+02:00,9.32980,9.33250,9.32970,9.33190,100
SQ:USDNOK,2020-09-22T11:57:00+02:00,9.33180,9.33250,9.33100,9.33160,93
SQ:USDNOK,2020-09-22T11:58:00+02:00,9.33160,9.33320,9.33100,9.33210,96
SQ:USDNOK,2020-09-22T11:59:00+02:00,9.33210,9.33280,9.32716,9.32800,106
SQ:USDNOK,2020-09-22T12:00:00+02:00,9.32800,9.32811,9.32720,9.32811,69
SQ:USDNOK,2020-09-22T12:01:00+02:00,9.32811,9.32930,9.32714,9.32873,66
SQ:USDNOK,2020-09-22T12:02:00+02:00,9.32872,9.32920,9.32640,9.32730,94
SQ:USDNOK,2020-09-22T12:03:00+02:00,9.32730,9.32780,9.32400,9.32510,94
SQ:USDNOK,2020-09-22T12:04:00+02:00,9.32510,9.32520,9.32353,9.32400,95
SQ:USDNOK,2020-09-22T12:05:00+02:00,9.32390,9.32420,9.32335,9.32380,69
SQ:USDNOK,2020-09-22T12:06:00+02:00,9.32380,9.32510,9.32343,9.32400,80
SQ:USDNOK,2020-09-22T12:07:00+02:00,9.32400,9.32450,9.32270,9.32300,103
SQ:USDNOK,2020-09-22T12:08:00+02:00,9.32300,9.32410,9.32270,9.32380,96
SQ:USDNOK,2020-09-22T12:09:00+02:00,9.32330,9.32660,9.32302,9.32490,115
SQ:USDNOK,2020-09-22T12:10:00+02:00,9.32500,9.32630,9.32450,9.32540,105
SQ:USDNOK,2020-09-22T12:11:00+02:00,9.32530,9.32670,9.32500,9.32590,72
SQ:USDNOK,2020-09-22T12:12:00+02:00,9.32590,9.32640,9.32520,9.32630,76
SQ:USDNOK,2020-09-22T12:13:00+02:00,9.32620,9.32890,9.32600,9.32860,87
SQ:USDNOK,2020-09-22T12:14:00+02:00,9.32860,9.32990,9.32820,9.32960,30
SQ:USDNOK,2020-09-22T12:15:00+02:00,9.32960,9.32960,9.32830,9.32960,43
SQ:USDNOK,2020-09-22T12:16:00+02:00,9.32970,9.32990,9.32830,9.32970,45
SQ:USDNOK,2020-09-22T12:17:00+02:00,9.32970,9.32990,9.32700,9.32800,66
SQ:USDNOK,2020-09-22T12:18:00+02:00,9.32800,9.32800,9.32570,9.32640,67
SQ:USDNOK,2020-09-22T12:19:00+02:00,9.32640,9.32660,9.32460,9.32590,85
SQ:USDNOK,2020-09-22T12:20:00+02:00,9.32590,9.32590,9.32185,9.32185,97
SQ:USDNOK,2020-09-22T12:21:00+02:00,9.32168,9.32200,9.31713,9.31740,129
SQ:USDNOK,2020-09-22T12:22:00+02:00,9.31736,9.31819,9.31490,9.31640,174
SQ:USDNOK,2020-09-22T12:23:00+02:00,9.31650,9.31670,9.31493,9.31570,95
SQ:USDNOK,2020-09-22T12:24:00+02:00,9.31570,9.31630,9.31500,9.31580,49
SQ:USDNOK,2020-09-22T12:25:00+02:00,9.31580,9.31580,9.31230,9.31270,58
SQ:USDNOK,2020-09-22T12:26:00+02:00,9.31270,9.31320,9.31088,9.31150,80
SQ:USDNOK,2020-09-22T12:27:00+02:00,9.31170,9.31220,9.31043,9.31110,101
SQ:USDNOK,2020-09-22T12:28:00+02:00,9.31110,9.31120,9.30702,9.30702,107
SQ:USDNOK,2020-09-22T12:29:00+02:00,9.30702,9.30740,9.30310,9.30360,153
SQ:USDNOK,2020-09-22T12:30:00+02:00,9.30360,9.30440,9.29972,9.30120,135
SQ:USDNOK,2020-09-22T12:31:00+02:00,9.30120,9.30120,9.29800,9.29850,120
SQ:USDNOK,2020-09-22T12:32:00+02:00,9.29850,9.29850,9.29560,9.29690,156
SQ:USDNOK,2020-09-22T12:33:00+02:00,9.29690,9.29720,9.29434,9.29630,106
SQ:USDNOK,2020-09-22T12:34:00+02:00,9.29630,9.29880,9.29590,9.29600,97
SQ:USDNOK,2020-09-22T12:35:00+02:00,9.29580,9.29580,9.29330,9.29420,61
SQ:USDNOK,2020-09-22T12:36:00+02:00,9.29420,9.29880,9.29420,9.29760,104
SQ:USDNOK,2020-09-22T12:37:00+02:00,9.29720,9.29820,9.29650,9.29730,62
SQ:USDNOK,2020-09-22T12:38:00+02:00,9.29730,9.29750,9.29520,9.29520,64
SQ:USDNOK,2020-09-22T12:39:00+02:00,9.29540,9.29640,9.29488,9.29530,51
SQ:USDNOK,2020-09-22T12:40:00+02:00,9.29550,9.29630,9.29410,9.29500,84
SQ:USDNOK,2020-09-22T12:41:00+02:00,9.29500,9.29520,9.28921,9.29200,202
SQ:USDNOK,2020-09-22T12:42:00+02:00,9.29200,9.29381,9.29070,9.29257,113
SQ:USDNOK,2020-09-22T12:43:00+02:00,9.29250,9.29710,9.29241,9.29643,142
SQ:USDNOK,2020-09-22T12:44:00+02:00,9.29680,9.29700,9.29510,9.29590,110
SQ:USDNOK,2020-09-22T12:45:00+02:00,9.29553,9.29930,9.29525,9.29864,153
SQ:USDNOK,2020-09-22T12:46:00+02:00,9.29864,9.29910,9.29767,9.29810,122
SQ:USDNOK,2020-09-22T12:47:00+02:00,9.29790,9.30046,9.29770,9.30046,130
SQ:USDNOK,2020-09-22T12:48:00+02:00,9.30046,9.30240,9.29930,9.30000,144
SQ:USDNOK,2020-09-22T12:49:00+02:00,9.29980,9.30230,9.29980,9.30164,77
SQ:USDNOK,2020-09-22T12:50:00+02:00,9.30164,9.30220,9.29713,9.29740,124
SQ:USDNOK,2020-09-22T12:51:00+02:00,9.29780,9.30110,9.29590,9.29910,164
SQ:USDNOK,2020-09-22T12:52:00+02:00,9.29910,9.30080,9.29818,9.29996,141
SQ:USDNOK,2020-09-22T12:53:00+02:00,9.29996,9.30052,9.29912,9.30004,122
SQ:USDNOK,2020-09-22T12:54:00+02:00,9.30004,9.30220,9.29910,9.29920,117
SQ:USDNOK,2020-09-22T12:55:00+02:00,9.29920,9.30040,9.29850,9.30000,90
SQ:USDNOK,2020-09-22T12:56:00+02:00,9.29980,9.30140,9.29939,9.30120,110
SQ:USDNOK,2020-09-22T12:57:00+02:00,9.30120,9.30310,9.30090,9.30200,127
SQ:USDNOK,2020-09-22T12:58:00+02:00,9.30200,9.30370,9.30145,9.30220,172
SQ:USDNOK,2020-09-22T12:59:00+02:00,9.30210,9.30780,9.30130,9.30720,195
SQ:USDNOK,2020-09-22T13:00:00+02:00,9.30710,9.31260,9.30650,9.31220,191
SQ:USDNOK,2020-09-22T13:01:00+02:00,9.31220,9.31400,9.31043,9.31370,140
SQ:USDNOK,2020-09-22T13:02:00+02:00,9.31370,9.31450,9.31079,9.31164,93
SQ:USDNOK,2020-09-22T13:03:00+02:00,9.31155,9.31381,9.31090,9.31380,124
SQ:USDNOK,2020-09-22T13:04:00+02:00,9.31380,9.31430,9.31210,9.31340,128
SQ:USDNOK,2020-09-22T13:05:00+02:00,9.31340,9.31840,9.31299,9.31820,152
SQ:USDNOK,2020-09-22T13:06:00+02:00,9.31830,9.32020,9.31660,9.32010,145
SQ:USDNOK,2020-09-22T13:07:00+02:00,9.31990,9.32020,9.31860,9.31880,95
SQ:USDNOK,2020-09-22T13:08:00+02:00,9.31870,9.32060,9.31850,9.32030,97
SQ:USDNOK,2020-09-22T13:09:00+02:00,9.32030,9.32120,9.31950,9.32100,123
SQ:USDNOK,2020-09-22T13:10:00+02:00,9.32090,9.32310,9.32060,9.32150,132
SQ:USDNOK,2020-09-22T13:11:00+02:00,9.32140,9.32380,9.32025,9.32320,140
SQ:USDNOK,2020-09-22T13:12:00+02:00,9.32320,9.32320,9.32047,9.32047,109
SQ:USDNOK,2020-09-22T13:13:00+02:00,9.32070,9.32170,9.31979,9.32070,118
SQ:USDNOK,2020-09-22T13:14:00+02:00,9.32070,9.32130,9.31960,9.32070,135
SQ:USDNOK,2020-09-22T13:15:00+02:00,9.32070,9.32090,9.31650,9.31810,120
SQ:USDNOK,2020-09-22T13:16:00+02:00,9.31800,9.32010,9.31776,9.31900,80
SQ:USDNOK,2020-09-22T13:17:00+02:00,9.31900,9.31900,9.31640,9.31675,51
SQ:USDNOK,2020-09-22T13:18:00+02:00,9.31675,9.31870,9.31569,9.31700,150
SQ:USDNOK,2020-09-22T13:19:00+02:00,9.31700,9.32040,9.31631,9.31660,98
SQ:USDNOK,2020-09-22T13:20:00+02:00,9.31630,9.31910,9.31530,9.31910,121
SQ:USDNOK,2020-09-22T13:21:00+02:00,9.31910,9.31920,9.31790,9.31900,87
SQ:USDNOK,2020-09-22T13:22:00+02:00,9.31900,9.32270,9.31900,9.32160,111
SQ:USDNOK,2020-09-22T13:23:00+02:00,9.32160,9.32440,9.32020,9.32340,115
SQ:USDNOK,2020-09-22T13:24:00+02:00,9.32340,9.32390,9.32190,9.32350,128
SQ:USDNOK,2020-09-22T13:25:00+02:00,9.32350,9.32350,9.31870,9.32020,120
SQ:USDNOK,2020-09-22T13:26:00+02:00,9.32020,9.32080,9.31796,9.31796,87
SQ:USDNOK,2020-09-22T13:27:00+02:00,9.31800,9.31810,9.31600,9.31669,68
SQ:USDNOK,2020-09-22T13:28:00+02:00,9.31669,9.31950,9.31669,9.31910,73
SQ:USDNOK,2020-09-22T13:29:00+02:00,9.31910,9.31950,9.31849,9.31878,19
SQ:USDNOK,2020-09-22T13:30:00+02:00,9.31878,9.32070,9.31844,9.32070,53
SQ:USDNOK,2020-09-22T13:31:00+02:00,9.32070,9.32080,9.31223,9.31320,112
SQ:USDNOK,2020-09-22T13:32:00+02:00,9.31330,9.31372,9.31101,9.31372,104
SQ:USDNOK,2020-09-22T13:33:00+02:00,9.31372,9.31414,9.31263,9.31382,100
SQ:USDNOK,2020-09-22T13:34:00+02:00,9.31382,9.31620,9.31382,9.31590,65
SQ:USDNOK,2020-09-22T13:35:00+02:00,9.31590,9.31640,9.31348,9.31410,131
SQ:USDNOK,2020-09-22T13:36:00+02:00,9.31400,9.31440,9.31241,9.31285,85
SQ:USDNOK,2020-09-22T13:37:00+02:00,9.31285,9.31310,9.31224,9.31260,63
SQ:USDNOK,2020-09-22T13:38:00+02:00,9.31260,9.31466,9.31214,9.31459,46
SQ:USDNOK,2020-09-22T13:39:00+02:00,9.31459,9.31614,9.31435,9.31561,46
SQ:USDNOK,2020-09-22T13:40:00+02:00,9.31561,9.31605,9.31360,9.31400,132
SQ:USDNOK,2020-09-22T13:41:00+02:00,9.31400,9.31480,9.31360,9.31480,111
SQ:USDNOK,2020-09-22T13:42:00+02:00,9.31480,9.31544,9.31454,9.31530,51
SQ:USDNOK,2020-09-22T13:43:00+02:00,9.31530,9.31560,9.31434,9.31485,78
SQ:USDNOK,2020-09-22T13:44:00+02:00,9.31485,9.31729,9.31462,9.31653,99
SQ:USDNOK,2020-09-22T13:45:00+02:00,9.31631,9.31870,9.31610,9.31822,155
SQ:USDNOK,2020-09-22T13:46:00+02:00,9.31816,9.32050,9.31797,9.31987,223
SQ:USDNOK,2020-09-22T13:47:00+02:00,9.32010,9.32170,9.31909,9.32122,123
SQ:USDNOK,2020-09-22T13:48:00+02:00,9.32122,9.32250,9.31991,9.32041,206
SQ:USDNOK,2020-09-22T13:49:00+02:00,9.32031,9.32080,9.31813,9.31947,183
SQ:USDNOK,2020-09-22T13:50:00+02:00,9.31947,9.32062,9.31547,9.31640,106
SQ:USDNOK,2020-09-22T13:51:00+02:00,9.31640,9.31900,9.31607,9.31650,142
SQ:USDNOK,2020-09-22T13:52:00+02:00,9.31720,9.32170,9.31670,9.32160,152
SQ:USDNOK,2020-09-22T13:53:00+02:00,9.32160,9.32720,9.32080,9.32560,195
SQ:USDNOK,2020-09-22T13:54:00+02:00,9.32570,9.32600,9.32354,9.32420,216
SQ:USDNOK,2020-09-22T13:55:00+02:00,9.32384,9.32500,9.32230,9.32480,238
SQ:USDNOK,2020-09-22T13:56:00+02:00,9.32480,9.32480,9.31903,9.31918,133
SQ:USDNOK,2020-09-22T13:57:00+02:00,9.31923,9.32340,9.31870,9.32330,125
SQ:USDNOK,2020-09-22T13:58:00+02:00,9.32280,9.32700,9.32252,9.32550,187
SQ:USDNOK,2020-09-22T13:59:00+02:00,9.32550,9.32550,9.31750,9.31863,144
SQ:USDNOK,2020-09-22T14:00:00+02:00,9.31854,9.32270,9.31762,9.32230,181
SQ:USDNOK,2020-09-22T14:01:00+02:00,9.32240,9.32370,9.31966,9.32230,200
SQ:USDNOK,2020-09-22T14:02:00+02:00,9.32200,9.32980,9.32176,9.32660,282
SQ:USDNOK,2020-09-22T14:03:00+02:00,9.32670,9.32960,9.32602,9.32910,242
SQ:USDNOK,2020-09-22T14:04:00+02:00,9.32920,9.32980,9.32460,9.32560,153
SQ:USDNOK,2020-09-22T14:05:00+02:00,9.32560,9.32770,9.32548,9.32710,150
SQ:USDNOK,2020-09-22T14:06:00+02:00,9.32740,9.33410,9.32734,9.33100,212
SQ:USDNOK,2020-09-22T14:07:00+02:00,9.33110,9.33390,9.32820,9.32860,206
SQ:USDNOK,2020-09-22T14:08:00+02:00,9.32870,9.32900,9.32450,9.32670,125
SQ:USDNOK,2020-09-22T14:09:00+02:00,9.32660,9.32670,9.32367,9.32370,128
SQ:USDNOK,2020-09-22T14:10:00+02:00,9.32370,9.32570,9.32280,9.32450,111
SQ:USDNOK,2020-09-22T14:11:00+02:00,9.32460,9.32520,9.32350,9.32400,114
SQ:USDNOK,2020-09-22T14:12:00+02:00,9.32390,9.32520,9.32290,9.32410,116
SQ:USDNOK,2020-09-22T14:13:00+02:00,9.32450,9.32640,9.32380,9.32600,126
SQ:USDNOK,2020-09-22T14:14:00+02:00,9.32570,9.33140,9.32560,9.32646,263
SQ:USDNOK,2020-09-22T14:15:00+02:00,9.32646,9.33070,9.32526,9.32885,186
SQ:USDNOK,2020-09-22T14:16:00+02:00,9.32885,9.33240,9.32828,9.33147,135
SQ:USDNOK,2020-09-22T14:17:00+02:00,9.33125,9.33170,9.32960,9.33010,88
SQ:USDNOK,2020-09-22T14:18:00+02:00,9.33010,9.33010,9.32507,9.32840,182
SQ:USDNOK,2020-09-22T14:19:00+02:00,9.32785,9.32840,9.32584,9.32701,205
SQ:USDNOK,2020-09-22T14:20:00+02:00,9.32710,9.32910,9.32681,9.32820,187
SQ:USDNOK,2020-09-22T14:21:00+02:00,9.32820,9.32830,9.32600,9.32610,160
SQ:USDNOK,2020-09-22T14:22:00+02:00,9.32610,9.32760,9.32520,9.32720,128
SQ:USDNOK,2020-09-22T14:23:00+02:00,9.32720,9.32750,9.32374,9.32400,145
SQ:USDNOK,2020-09-22T14:24:00+02:00,9.32440,9.32570,9.32380,9.32500,183
SQ:USDNOK,2020-09-22T14:25:00+02:00,9.32470,9.32880,9.32440,9.32480,177
SQ:USDNOK,2020-09-22T14:26:00+02:00,9.32510,9.32530,9.31344,9.31367,192
SQ:USDNOK,2020-09-22T14:27:00+02:00,9.31367,9.31790,9.31367,9.31780,183
SQ:USDNOK,2020-09-22T14:28:00+02:00,9.31790,9.31930,9.31668,9.31687,163
SQ:USDNOK,2020-09-22T14:29:00+02:00,9.31687,9.31950,9.31655,9.31916,163
SQ:USDNOK,2020-09-22T14:30:00+02:00,9.31930,9.32000,9.31732,9.31890,152
SQ:USDNOK,2020-09-22T14:31:00+02:00,9.31870,9.32380,9.31840,9.32160,180
SQ:USDNOK,2020-09-22T14:32:00+02:00,9.32160,9.32180,9.31550,9.31550,164
SQ:USDNOK,2020-09-22T14:33:00+02:00,9.31560,9.31580,9.31100,9.31160,319
SQ:USDNOK,2020-09-22T14:34:00+02:00,9.31160,9.31450,9.30970,9.31060,234
SQ:USDNOK,2020-09-22T14:35:00+02:00,9.31060,9.31090,9.30830,9.30900,158
SQ:USDNOK,2020-09-22T14:36:00+02:00,9.30880,9.31050,9.30870,9.30980,195
SQ:USDNOK,2020-09-22T14:37:00+02:00,9.30980,9.31090,9.30900,9.31010,123
SQ:USDNOK,2020-09-22T14:38:00+02:00,9.31010,9.31090,9.30830,9.30920,108
SQ:USDNOK,2020-09-22T14:39:00+02:00,9.30920,9.31050,9.30710,9.30840,227
SQ:USDNOK,2020-09-22T14:40:00+02:00,9.30840,9.30920,9.30593,9.30760,182
SQ:USDNOK,2020-09-22T14:41:00+02:00,9.30760,9.30890,9.30246,9.30400,220
SQ:USDNOK,2020-09-22T14:42:00+02:00,9.30390,9.30420,9.30020,9.30170,302
SQ:USDNOK,2020-09-22T14:43:00+02:00,9.30170,9.30660,9.30170,9.30330,181
SQ:USDNOK,2020-09-22T14:44:00+02:00,9.30340,9.30710,9.30330,9.30700,180
SQ:USDNOK,2020-09-22T14:45:00+02:00,9.30700,9.30850,9.30360,9.30830,133
SQ:USDNOK,2020-09-22T14:46:00+02:00,9.30840,9.31130,9.30740,9.31050,223
SQ:USDNOK,2020-09-22T14:47:00+02:00,9.31010,9.31080,9.30515,9.30546,181
SQ:USDNOK,2020-09-22T14:48:00+02:00,9.30550,9.30910,9.30461,9.30900,168
SQ:USDNOK,2020-09-22T14:49:00+02:00,9.30900,9.31110,9.30753,9.30920,156
SQ:USDNOK,2020-09-22T14:50:00+02:00,9.30920,9.31120,9.30820,9.31120,145
SQ:USDNOK,2020-09-22T14:51:00+02:00,9.31110,9.31440,9.30865,9.30892,215
SQ:USDNOK,2020-09-22T14:52:00+02:00,9.30892,9.31110,9.30877,9.30954,154
SQ:USDNOK,2020-09-22T14:53:00+02:00,9.30955,9.31190,9.30882,9.30979,179
SQ:USDNOK,2020-09-22T14:54:00+02:00,9.30980,9.31244,9.30948,9.31002,130
SQ:USDNOK,2020-09-22T14:55:00+02:00,9.30974,9.31204,9.30840,9.30983,142
SQ:USDNOK,2020-09-22T14:56:00+02:00,9.30983,9.30983,9.30487,9.30520,176
SQ:USDNOK,2020-09-22T14:57:00+02:00,9.30520,9.30690,9.30400,9.30570,155
SQ:USDNOK,2020-09-22T14:58:00+02:00,9.30590,9.30940,9.30557,9.30870,192
SQ:USDNOK,2020-09-22T14:59:00+02:00,9.30886,9.30940,9.30480,9.30600,127
SQ:USDNOK,2020-09-22T15:00:00+02:00,9.30590,9.31110,9.30561,9.30820,190
SQ:USDNOK,2020-09-22T15:01:00+02:00,9.30840,9.31070,9.30800,9.30890,152
SQ:USDNOK,2020-09-22T15:02:00+02:00,9.30890,9.30890,9.30402,9.30690,153
SQ:USDNOK,2020-09-22T15:03:00+02:00,9.30700,9.30700,9.30300,9.30493,148
SQ:USDNOK,2020-09-22T15:04:00+02:00,9.30494,9.30520,9.30305,9.30324,119
SQ:USDNOK,2020-09-22T15:05:00+02:00,9.30340,9.30356,9.29827,9.29842,134
SQ:USDNOK,2020-09-22T15:06:00+02:00,9.29827,9.29963,9.29772,9.29860,88
SQ:USDNOK,2020-09-22T15:07:00+02:00,9.29850,9.29880,9.29698,9.29789,114
SQ:USDNOK,2020-09-22T15:08:00+02:00,9.29771,9.30010,9.29694,9.29730,127
SQ:USDNOK,2020-09-22T15:09:00+02:00,9.29740,9.29810,9.29410,9.29531,153
SQ:USDNOK,2020-09-22T15:10:00+02:00,9.29531,9.29531,9.28810,9.28820,152
SQ:USDNOK,2020-09-22T15:11:00+02:00,9.28820,9.28832,9.28476,9.28574,211
SQ:USDNOK,2020-09-22T15:12:00+02:00,9.28580,9.28630,9.28319,9.28460,179
SQ:USDNOK,2020-09-22T15:13:00+02:00,9.28470,9.28610,9.28271,9.28345,226
SQ:USDNOK,2020-09-22T15:14:00+02:00,9.28361,9.28590,9.28306,9.28437,197
SQ:USDNOK,2020-09-22T15:15:00+02:00,9.28443,9.28550,9.28269,9.28330,176
SQ:USDNOK,2020-09-22T15:16:00+02:00,9.28320,9.28520,9.28222,9.28330,166
SQ:USDNOK,2020-09-22T15:17:00+02:00,9.28330,9.28600,9.28300,9.28540,179
SQ:USDNOK,2020-09-22T15:18:00+02:00,9.28550,9.28600,9.28185,9.28220,126
SQ:USDNOK,2020-09-22T15:19:00+02:00,9.28220,9.28230,9.27920,9.27945,93
SQ:USDNOK,2020-09-22T15:20:00+02:00,9.27945,9.28410,9.27945,9.28380,114
SQ:USDNOK,2020-09-22T15:21:00+02:00,9.28410,9.28550,9.28360,9.28360,116
SQ:USDNOK,2020-09-22T15:22:00+02:00,9.28360,9.28420,9.28310,9.28390,83
SQ:USDNOK,2020-09-22T15:23:00+02:00,9.28390,9.28680,9.28270,9.28670,155
SQ:USDNOK,2020-09-22T15:24:00+02:00,9.28670,9.28700,9.28560,9.28660,189
SQ:USDNOK,2020-09-22T15:25:00+02:00,9.28660,9.29030,9.28640,9.28830,160
SQ:USDNOK,2020-09-22T15:26:00+02:00,9.28836,9.28970,9.28762,9.28800,158
SQ:USDNOK,2020-09-22T15:27:00+02:00,9.28800,9.28840,9.28710,9.28730,136
SQ:USDNOK,2020-09-22T15:28:00+02:00,9.28749,9.28780,9.28650,9.28740,106
SQ:USDNOK,2020-09-22T15:29:00+02:00,9.28730,9.28810,9.28582,9.28700,151
SQ:USDNOK,2020-09-22T15:30:00+02:00,9.28690,9.28900,9.28543,9.28630,234
SQ:USDNOK,2020-09-22T15:31:00+02:00,9.28585,9.28840,9.28585,9.28740,355
SQ:USDNOK,2020-09-22T15:32:00+02:00,9.28740,9.28820,9.28212,9.28366,270
SQ:USDNOK,2020-09-22T15:33:00+02:00,9.28331,9.28710,9.28022,9.28610,349
SQ:USDNOK,2020-09-22T15:34:00+02:00,9.28680,9.29100,9.28510,9.28980,279
SQ:USDNOK,2020-09-22T15:35:00+02:00,9.28950,9.29130,9.28730,9.28910,225
SQ:USDNOK,2020-09-22T15:36:00+02:00,9.28930,9.29010,9.28530,9.28665,183
SQ:USDNOK,2020-09-22T15:37:00+02:00,9.28665,9.28900,9.28570,9.28750,178
SQ:USDNOK,2020-09-22T15:38:00+02:00,9.28730,9.28970,9.28640,9.28840,176
SQ:USDNOK,2020-09-22T15:39:00+02:00,9.28830,9.29320,9.28830,9.29050,197
SQ:USDNOK,2020-09-22T15:40:00+02:00,9.29040,9.29060,9.28267,9.28310,195
SQ:USDNOK,2020-09-22T15:41:00+02:00,9.28275,9.29470,9.28275,9.29230,275
SQ:USDNOK,2020-09-22T15:42:00+02:00,9.29230,9.29230,9.28711,9.28994,133
SQ:USDNOK,2020-09-22T15:43:00+02:00,9.29016,9.29280,9.29016,9.29230,186
SQ:USDNOK,2020-09-22T15:44:00+02:00,9.29250,9.29870,9.29180,9.29710,222
SQ:USDNOK,2020-09-22T15:45:00+02:00,9.29740,9.30040,9.29540,9.29990,175
SQ:USDNOK,2020-09-22T15:46:00+02:00,9.29990,9.30150,9.29670,9.30050,199
SQ:USDNOK,2020-09-22T15:47:00+02:00,9.30050,9.30200,9.29940,9.30140,196
SQ:USDNOK,2020-09-22T15:48:00+02:00,9.30090,9.30460,9.30090,9.30330,222
SQ:USDNOK,2020-09-22T15:49:00+02:00,9.30330,9.31080,9.30290,9.31030,234
SQ:USDNOK,2020-09-22T15:50:00+02:00,9.31000,9.31860,9.31000,9.31850,232
SQ:USDNOK,2020-09-22T15:51:00+02:00,9.31850,9.32380,9.31779,9.32210,226
SQ:USDNOK,2020-09-22T15:52:00+02:00,9.32210,9.32230,9.31740,9.31950,271
SQ:USDNOK,2020-09-22T15:53:00+02:00,9.31950,9.32490,9.31947,9.32380,178
SQ:USDNOK,2020-09-22T15:54:00+02:00,9.32380,9.32460,9.32120,9.32350,186
SQ:USDNOK,2020-09-22T15:55:00+02:00,9.32350,9.32400,9.32090,9.32400,153
SQ:USDNOK,2020-09-22T15:56:00+02:00,9.32400,9.32480,9.31981,9.32110,180
SQ:USDNOK,2020-09-22T15:57:00+02:00,9.32095,9.32610,9.32044,9.32460,203
SQ:USDNOK,2020-09-22T15:58:00+02:00,9.32440,9.32510,9.32091,9.32130,140
SQ:USDNOK,2020-09-22T15:59:00+02:00,9.32130,9.32370,9.32130,9.32200,120
SQ:USDNOK,2020-09-22T16:00:00+02:00,9.32170,9.32480,9.31760,9.31830,224
SQ:USDNOK,2020-09-22T16:01:00+02:00,9.31820,9.31900,9.31434,9.31560,197
SQ:USDNOK,2020-09-22T16:02:00+02:00,9.31570,9.31740,9.31520,9.31630,227
SQ:USDNOK,2020-09-22T16:03:00+02:00,9.31640,9.31880,9.31477,9.31480,216
SQ:USDNOK,2020-09-22T16:04:00+02:00,9.31477,9.31800,9.31394,9.31434,267
SQ:USDNOK,2020-09-22T16:05:00+02:00,9.31450,9.31870,9.31431,9.31860,219
SQ:USDNOK,2020-09-22T16:06:00+02:00,9.31860,9.31950,9.31485,9.31820,223
SQ:USDNOK,2020-09-22T16:07:00+02:00,9.31790,9.31961,9.31683,9.31806,227
SQ:USDNOK,2020-09-22T16:08:00+02:00,9.31806,9.31806,9.30836,9.31360,267
SQ:USDNOK,2020-09-22T16:09:00+02:00,9.31390,9.31480,9.31080,9.31430,187
SQ:USDNOK,2020-09-22T16:10:00+02:00,9.31430,9.31790,9.31320,9.31370,165
SQ:USDNOK,2020-09-22T16:11:00+02:00,9.31380,9.31410,9.30950,9.30970,171
SQ:USDNOK,2020-09-22T16:12:00+02:00,9.31000,9.31050,9.30790,9.30856,147
SQ:USDNOK,2020-09-22T16:13:00+02:00,9.30856,9.31200,9.30856,9.31176,139
SQ:USDNOK,2020-09-22T16:14:00+02:00,9.31176,9.31208,9.30775,9.30814,119
SQ:USDNOK,2020-09-22T16:15:00+02:00,9.30820,9.31000,9.30705,9.30783,165
SQ:USDNOK,2020-09-22T16:16:00+02:00,9.30810,9.31030,9.30470,9.30590,155
SQ:USDNOK,2020-09-22T16:17:00+02:00,9.30610,9.30610,9.30269,9.30384,109
SQ:USDNOK,2020-09-22T16:18:00+02:00,9.30394,9.30394,9.30209,9.30209,102
SQ:USDNOK,2020-09-22T16:19:00+02:00,9.30209,9.30374,9.30097,9.30099,112
SQ:USDNOK,2020-09-22T16:20:00+02:00,9.30099,9.30730,9.30099,9.30690,131
SQ:USDNOK,2020-09-22T16:21:00+02:00,9.30700,9.30770,9.30210,9.30320,168
SQ:USDNOK,2020-09-22T16:22:00+02:00,9.30283,9.30773,9.30132,9.30702,149
SQ:USDNOK,2020-09-22T16:23:00+02:00,9.30703,9.31370,9.30616,9.31314,156
SQ:USDNOK,2020-09-22T16:24:00+02:00,9.31314,9.31660,9.31164,9.31590,181
SQ:USDNOK,2020-09-22T16:25:00+02:00,9.31590,9.31893,9.31420,9.31490,205
SQ:USDNOK,2020-09-22T16:26:00+02:00,9.31510,9.31840,9.31426,9.31830,130
SQ:USDNOK,2020-09-22T16:27:00+02:00,9.31830,9.31850,9.31690,9.31790,110
SQ:USDNOK,2020-09-22T16:28:00+02:00,9.31790,9.32020,9.31740,9.31810,154
SQ:USDNOK,2020-09-22T16:29:00+02:00,9.31760,9.31840,9.31566,9.31600,145
SQ:USDNOK,2020-09-22T16:30:00+02:00,9.31610,9.31660,9.31226,9.31430,162
SQ:USDNOK,2020-09-22T16:31:00+02:00,9.31440,9.31440,9.31021,9.31260,204
SQ:USDNOK,2020-09-22T16:32:00+02:00,9.31260,9.31340,9.31184,9.31206,76
SQ:USDNOK,2020-09-22T16:33:00+02:00,9.31206,9.31930,9.31206,9.31730,175
SQ:USDNOK,2020-09-22T16:34:00+02:00,9.31740,9.32420,9.31700,9.32400,172
SQ:USDNOK,2020-09-22T16:35:00+02:00,9.32410,9.32450,9.32017,9.32130,223
SQ:USDNOK,2020-09-22T16:36:00+02:00,9.32130,9.32550,9.32060,9.32550,152
SQ:USDNOK,2020-09-22T16:37:00+02:00,9.32600,9.32980,9.32600,9.32780,113
SQ:USDNOK,2020-09-22T16:38:00+02:00,9.32780,9.32910,9.32411,9.32540,154
SQ:USDNOK,2020-09-22T16:39:00+02:00,9.32560,9.33235,9.32500,9.33160,174
SQ:USDNOK,2020-09-22T16:40:00+02:00,9.33160,9.33607,9.32633,9.32686,281
SQ:USDNOK,2020-09-22T16:41:00+02:00,9.32686,9.32910,9.32640,9.32830,173
SQ:USDNOK,2020-09-22T16:42:00+02:00,9.32817,9.33814,9.32788,9.33764,254
SQ:USDNOK,2020-09-22T16:43:00+02:00,9.33756,9.33760,9.33352,9.33740,187
SQ:USDNOK,2020-09-22T16:44:00+02:00,9.33740,9.33940,9.33584,9.33900,143
SQ:USDNOK,2020-09-22T16:45:00+02:00,9.33910,9.34710,9.33832,9.34590,230
SQ:USDNOK,2020-09-22T16:46:00+02:00,9.34580,9.35190,9.34580,9.35100,165
SQ:USDNOK,2020-09-22T16:47:00+02:00,9.35100,9.35200,9.34360,9.34420,195
SQ:USDNOK,2020-09-22T16:48:00+02:00,9.34420,9.34420,9.33825,9.34078,189
SQ:USDNOK,2020-09-22T16:49:00+02:00,9.34078,9.34500,9.34050,9.34480,132
SQ:USDNOK,2020-09-22T16:50:00+02:00,9.34480,9.34840,9.34384,9.34820,177
SQ:USDNOK,2020-09-22T16:51:00+02:00,9.34820,9.35100,9.34750,9.34750,228
SQ:USDNOK,2020-09-22T16:52:00+02:00,9.34742,9.34880,9.34650,9.34721,116
SQ:USDNOK,2020-09-22T16:53:00+02:00,9.34721,9.35240,9.34721,9.35100,173
SQ:USDNOK,2020-09-22T16:54:00+02:00,9.35130,9.35140,9.34534,9.34718,127
SQ:USDNOK,2020-09-22T16:55:00+02:00,9.34718,9.34750,9.34510,9.34720,177
SQ:USDNOK,2020-09-22T16:56:00+02:00,9.34720,9.34810,9.34480,9.34748,158
SQ:USDNOK,2020-09-22T16:57:00+02:00,9.34720,9.34940,9.34620,9.34850,205
SQ:USDNOK,2020-09-22T16:58:00+02:00,9.34880,9.35015,9.34810,9.34960,205
SQ:USDNOK,2020-09-22T16:59:00+02:00,9.34970,9.35210,9.34835,9.35036,181
SQ:USDNOK,2020-09-22T17:00:00+02:00,9.35036,9.35300,9.34774,9.35100,224
SQ:USDNOK,2020-09-22T17:01:00+02:00,9.35080,9.35230,9.34884,9.35039,140
SQ:USDNOK,2020-09-22T17:02:00+02:00,9.35039,9.35260,9.34828,9.34927,192
SQ:USDNOK,2020-09-22T17:03:00+02:00,9.34927,9.35490,9.34869,9.35450,204
SQ:USDNOK,2020-09-22T17:04:00+02:00,9.35460,9.35700,9.35060,9.35106,163
SQ:USDNOK,2020-09-22T17:05:00+02:00,9.35082,9.35082,9.34487,9.34870,166
SQ:USDNOK,2020-09-22T17:06:00+02:00,9.34870,9.35305,9.34806,9.35305,118
SQ:USDNOK,2020-09-22T17:07:00+02:00,9.35305,9.36250,9.35236,9.36080,342
SQ:USDNOK,2020-09-22T17:08:00+02:00,9.36080,9.36210,9.35630,9.36130,299
SQ:USDNOK,2020-09-22T17:09:00+02:00,9.36130,9.36240,9.35565,9.35690,228
SQ:USDNOK,2020-09-22T17:10:00+02:00,9.35680,9.35690,9.35020,9.35440,280
SQ:USDNOK,2020-09-22T17:11:00+02:00,9.35440,9.35920,9.35183,9.35520,263
SQ:USDNOK,2020-09-22T17:12:00+02:00,9.35510,9.35780,9.34940,9.35120,295
SQ:USDNOK,2020-09-22T17:13:00+02:00,9.35150,9.35370,9.34740,9.34740,247
SQ:USDNOK,2020-09-22T17:14:00+02:00,9.34750,9.34810,9.34400,9.34600,227
SQ:USDNOK,2020-09-22T17:15:00+02:00,9.34600,9.34700,9.33490,9.33610,273
SQ:USDNOK,2020-09-22T17:16:00+02:00,9.33680,9.34120,9.33640,9.33860,189
SQ:USDNOK,2020-09-22T17:17:00+02:00,9.33860,9.34000,9.33510,9.33560,141
SQ:USDNOK,2020-09-22T17:18:00+02:00,9.33590,9.33720,9.33463,9.33520,161
SQ:USDNOK,2020-09-22T17:19:00+02:00,9.33520,9.33830,9.33480,9.33760,117
SQ:USDNOK,2020-09-22T17:20:00+02:00,9.33770,9.34182,9.33746,9.34000,101
SQ:USDNOK,2020-09-22T17:21:00+02:00,9.34000,9.34071,9.33796,9.34028,73
SQ:USDNOK,2020-09-22T17:22:00+02:00,9.34028,9.34180,9.33957,9.34110,143
SQ:USDNOK,2020-09-22T17:23:00+02:00,9.34110,9.34381,9.34106,9.34243,150
SQ:USDNOK,2020-09-22T17:24:00+02:00,9.34243,9.34299,9.33616,9.33870,214
SQ:USDNOK,2020-09-22T17:25:00+02:00,9.33870,9.34370,9.33800,9.34360,112
SQ:USDNOK,2020-09-22T17:26:00+02:00,9.34340,9.34630,9.33890,9.33900,197
SQ:USDNOK,2020-09-22T17:27:00+02:00,9.33890,9.34160,9.33890,9.34039,167
SQ:USDNOK,2020-09-22T17:28:00+02:00,9.34039,9.34380,9.34039,9.34101,95
SQ:USDNOK,2020-09-22T17:29:00+02:00,9.34101,9.34208,9.33936,9.34208,82
SQ:USDNOK,2020-09-22T17:30:00+02:00,9.34170,9.34310,9.34133,9.34228,139
SQ:USDNOK,2020-09-22T17:31:00+02:00,9.34201,9.34680,9.34149,9.34579,130
SQ:USDNOK,2020-09-22T17:32:00+02:00,9.34579,9.34860,9.34547,9.34820,113
SQ:USDNOK,2020-09-22T17:33:00+02:00,9.34837,9.35330,9.34837,9.35124,136
SQ:USDNOK,2020-09-22T17:34:00+02:00,9.35124,9.35560,9.35061,9.35420,159
SQ:USDNOK,2020-09-22T17:35:00+02:00,9.35430,9.35800,9.35370,9.35570,148
SQ:USDNOK,2020-09-22T17:36:00+02:00,9.35570,9.35570,9.34972,9.35122,164
SQ:USDNOK,2020-09-22T17:37:00+02:00,9.35096,9.35360,9.35050,9.35216,133
SQ:USDNOK,2020-09-22T17:38:00+02:00,9.35235,9.35290,9.34890,9.34984,139
SQ:USDNOK,2020-09-22T17:39:00+02:00,9.34984,9.34984,9.34516,9.34608,69
SQ:USDNOK,2020-09-22T17:40:00+02:00,9.34621,9.34887,9.34575,9.34717,124
SQ:USDNOK,2020-09-22T17:41:00+02:00,9.34717,9.34717,9.34477,9.34550,102
SQ:USDNOK,2020-09-22T17:42:00+02:00,9.34555,9.34812,9.34485,9.34654,125
SQ:USDNOK,2020-09-22T17:43:00+02:00,9.34684,9.35141,9.34684,9.35131,74
SQ:USDNOK,2020-09-22T17:44:00+02:00,9.35131,9.35441,9.35064,9.35439,48
SQ:USDNOK,2020-09-22T17:45:00+02:00,9.35439,9.35570,9.35384,9.35397,71
SQ:USDNOK,2020-09-22T17:46:00+02:00,9.35397,9.35520,9.35245,9.35510,89
SQ:USDNOK,2020-09-22T17:47:00+02:00,9.35470,9.35810,9.35470,9.35740,117
SQ:USDNOK,2020-09-22T17:48:00+02:00,9.35730,9.35730,9.35280,9.35340,121
SQ:USDNOK,2020-09-22T17:49:00+02:00,9.35340,9.35461,9.35260,9.35380,131
SQ:USDNOK,2020-09-22T17:50:00+02:00,9.35380,9.35555,9.35300,9.35553,112
SQ:USDNOK,2020-09-22T17:51:00+02:00,9.35580,9.35690,9.35473,9.35627,153
SQ:USDNOK,2020-09-22T17:52:00+02:00,9.35621,9.35840,9.35540,9.35760,127
SQ:USDNOK,2020-09-22T17:53:00+02:00,9.35750,9.36050,9.35670,9.36000,106
SQ:USDNOK,2020-09-22T17:54:00+02:00,9.36000,9.36180,9.35840,9.35860,126
SQ:USDNOK,2020-09-22T17:55:00+02:00,9.35860,9.35860,9.35250,9.35390,143
SQ:USDNOK,2020-09-22T17:56:00+02:00,9.35400,9.35420,9.35120,9.35260,175
SQ:USDNOK,2020-09-22T17:57:00+02:00,9.35160,9.35440,9.35090,9.35400,162
SQ:USDNOK,2020-09-22T17:58:00+02:00,9.35419,9.35910,9.35390,9.35800,189
SQ:USDNOK,2020-09-22T17:59:00+02:00,9.35810,9.35810,9.35490,9.35610,140
SQ:USDNOK,2020-09-22T18:00:00+02:00,9.35640,9.35810,9.35531,9.35580,135
SQ:USDNOK,2020-09-22T18:01:00+02:00,9.35590,9.35970,9.35490,9.35510,143
SQ:USDNOK,2020-09-22T18:02:00+02:00,9.35520,9.35550,9.34877,9.34917,229
SQ:USDNOK,2020-09-22T18:03:00+02:00,9.34901,9.35120,9.34870,9.34990,89
SQ:USDNOK,2020-09-22T18:04:00+02:00,9.34990,9.34990,9.34730,9.34800,120
SQ:USDNOK,2020-09-22T18:05:00+02:00,9.34820,9.34850,9.34560,9.34560,91
SQ:USDNOK,2020-09-22T18:06:00+02:00,9.34570,9.34750,9.34570,9.34610,148
SQ:USDNOK,2020-09-22T18:07:00+02:00,9.34610,9.34840,9.34600,9.34800,74
SQ:USDNOK,2020-09-22T18:08:00+02:00,9.34800,9.35640,9.34770,9.35391,184
SQ:USDNOK,2020-09-22T18:09:00+02:00,9.35417,9.35460,9.35237,9.35430,151
SQ:USDNOK,2020-09-22T18:10:00+02:00,9.35430,9.35457,9.35320,9.35403,67
SQ:USDNOK,2020-09-22T18:11:00+02:00,9.35403,9.35403,9.35262,9.35335,64
SQ:USDNOK,2020-09-22T18:12:00+02:00,9.35335,9.35428,9.34882,9.34927,133
SQ:USDNOK,2020-09-22T18:13:00+02:00,9.34927,9.35208,9.34903,9.35158,116
SQ:USDNOK,2020-09-22T18:14:00+02:00,9.35158,9.35185,9.34710,9.34905,174
SQ:USDNOK,2020-09-22T18:15:00+02:00,9.34908,9.34983,9.34830,9.34970,117
SQ:USDNOK,2020-09-22T18:16:00+02:00,9.34970,9.35026,9.34880,9.34880,80
SQ:USDNOK,2020-09-22T18:17:00+02:00,9.34868,9.35500,9.34833,9.35500,122
SQ:USDNOK,2020-09-22T18:18:00+02:00,9.35500,9.35500,9.34960,9.35260,159
SQ:USDNOK,2020-09-22T18:19:00+02:00,9.35290,9.35440,9.35150,9.35420,96
SQ:USDNOK,2020-09-22T18:20:00+02:00,9.35420,9.35570,9.35328,9.35500,60
SQ:USDNOK,2020-09-22T18:21:00+02:00,9.35510,9.35760,9.35420,9.35610,112
SQ:USDNOK,2020-09-22T18:22:00+02:00,9.35610,9.35630,9.35453,9.35472,96
SQ:USDNOK,2020-09-22T18:23:00+02:00,9.35510,9.35520,9.35316,9.35410,55
SQ:USDNOK,2020-09-22T18:24:00+02:00,9.35410,9.35410,9.34535,9.34640,173
SQ:USDNOK,2020-09-22T18:25:00+02:00,9.34640,9.35000,9.34580,9.34940,107
SQ:USDNOK,2020-09-22T18:26:00+02:00,9.34940,9.35070,9.34854,9.35020,109
SQ:USDNOK,2020-09-22T18:27:00+02:00,9.35020,9.35160,9.34990,9.35046,93
SQ:USDNOK,2020-09-22T18:28:00+02:00,9.35046,9.35290,9.35039,9.35150,114
SQ:USDNOK,2020-09-22T18:29:00+02:00,9.35150,9.35200,9.35049,9.35199,53
SQ:USDNOK,2020-09-22T18:30:00+02:00,9.35184,9.35262,9.35150,9.35262,44
SQ:USDNOK,2020-09-22T18:31:00+02:00,9.35280,9.35400,9.35260,9.35390,81
SQ:USDNOK,2020-09-22T18:32:00+02:00,9.35420,9.35662,9.35360,9.35603,75
SQ:USDNOK,2020-09-22T18:33:00+02:00,9.35596,9.35837,9.35538,9.35826,67
SQ:USDNOK,2020-09-22T18:34:00+02:00,9.35816,9.36110,9.35816,9.36096,63
SQ:USDNOK,2020-09-22T18:35:00+02:00,9.36114,9.36240,9.36023,9.36080,133
SQ:USDNOK,2020-09-22T18:36:00+02:00,9.36080,9.36080,9.35870,9.35908,87
SQ:USDNOK,2020-09-22T18:37:00+02:00,9.35888,9.35962,9.35840,9.35943,59
SQ:USDNOK,2020-09-22T18:38:00+02:00,9.35943,9.35982,9.35835,9.35936,87
SQ:USDNOK,2020-09-22T18:39:00+02:00,9.35929,9.36110,9.35860,9.35900,121
SQ:USDNOK,2020-09-22T18:40:00+02:00,9.35950,9.36120,9.35910,9.36050,79
SQ:USDNOK,2020-09-22T18:41:00+02:00,9.36060,9.36140,9.35989,9.36100,75
SQ:USDNOK,2020-09-22T18:42:00+02:00,9.36100,9.36150,9.35928,9.36030,57
SQ:USDNOK,2020-09-22T18:43:00+02:00,9.36020,9.36060,9.35890,9.35950,62
SQ:USDNOK,2020-09-22T18:44:00+02:00,9.35940,9.36010,9.35765,9.35920,98
SQ:USDNOK,2020-09-22T18:45:00+02:00,9.35920,9.35970,9.35818,9.35950,94
SQ:USDNOK,2020-09-22T18:46:00+02:00,9.35940,9.36160,9.35860,9.36160,80
SQ:USDNOK,2020-09-22T18:47:00+02:00,9.36160,9.36260,9.36124,9.36136,49
SQ:USDNOK,2020-09-22T18:48:00+02:00,9.36136,9.36400,9.36136,9.36400,143
SQ:USDNOK,2020-09-22T18:49:00+02:00,9.36400,9.36464,9.36337,9.36388,170
SQ:USDNOK,2020-09-22T18:50:00+02:00,9.36388,9.36481,9.36359,9.36400,126
SQ:USDNOK,2020-09-22T18:51:00+02:00,9.36400,9.36514,9.36371,9.36447,312
SQ:USDNOK,2020-09-22T18:52:00+02:00,9.36423,9.37027,9.36423,9.36988,332
SQ:USDNOK,2020-09-22T18:53:00+02:00,9.36988,9.37050,9.36938,9.37002,70
SQ:USDNOK,2020-09-22T18:54:00+02:00,9.37005,9.37070,9.37005,9.37030,55
SQ:USDNOK,2020-09-22T18:55:00+02:00,9.37027,9.37422,9.36987,9.37407,93
SQ:USDNOK,2020-09-22T18:56:00+02:00,9.37407,9.37680,9.37370,9.37660,71
SQ:USDNOK,2020-09-22T18:57:00+02:00,9.37660,9.37782,9.37522,9.37762,78
SQ:USDNOK,2020-09-22T18:58:00+02:00,9.37762,9.37800,9.37590,9.37670,96
SQ:USDNOK,2020-09-22T18:59:00+02:00,9.37670,9.37670,9.37160,9.37230,108
SQ:USDNOK,2020-09-22T19:00:00+02:00,9.37230,9.37310,9.37070,9.37300,90
SQ:USDNOK,2020-09-22T19:01:00+02:00,9.37300,9.37420,9.37230,9.37372,64
SQ:USDNOK,2020-09-22T19:02:00+02:00,9.37372,9.37470,9.37210,9.37240,70
SQ:USDNOK,2020-09-22T19:03:00+02:00,9.37240,9.37250,9.36910,9.36910,87
SQ:USDNOK,2020-09-22T19:04:00+02:00,9.36910,9.36940,9.36806,9.36914,52
SQ:USDNOK,2020-09-22T19:05:00+02:00,9.36914,9.36920,9.36781,9.36781,21
SQ:USDNOK,2020-09-22T19:06:00+02:00,9.36792,9.36850,9.36550,9.36590,88
SQ:USDNOK,2020-09-22T19:07:00+02:00,9.36590,9.36660,9.36527,9.36590,91
SQ:USDNOK,2020-09-22T19:08:00+02:00,9.36590,9.36640,9.36501,9.36553,65
SQ:USDNOK,2020-09-22T19:09:00+02:00,9.36553,9.36930,9.36520,9.36870,78
SQ:USDNOK,2020-09-22T19:10:00+02:00,9.36870,9.36884,9.36340,9.36380,105
SQ:USDNOK,2020-09-22T19:11:00+02:00,9.36380,9.36610,9.36376,9.36600,55
SQ:USDNOK,2020-09-22T19:12:00+02:00,9.36600,9.36690,9.36560,9.36650,54
SQ:USDNOK,2020-09-22T19:13:00+02:00,9.36642,9.36700,9.36420,9.36445,62
SQ:USDNOK,2020-09-22T19:14:00+02:00,9.36440,9.36454,9.36302,9.36316,52
SQ:USDNOK,2020-09-22T19:15:00+02:00,9.36280,9.36364,9.36257,9.36362,59
SQ:USDNOK,2020-09-22T19:16:00+02:00,9.36362,9.36538,9.36346,9.36511,43
SQ:USDNOK,2020-09-22T19:17:00+02:00,9.36513,9.36513,9.36310,9.36310,89
SQ:USDNOK,2020-09-22T19:18:00+02:00,9.36307,9.36354,9.36142,9.36181,67
SQ:USDNOK,2020-09-22T19:19:00+02:00,9.36181,9.36257,9.36150,9.36170,55
SQ:USDNOK,2020-09-22T19:20:00+02:00,9.36170,9.36284,9.36024,9.36060,93
SQ:USDNOK,2020-09-22T19:21:00+02:00,9.36068,9.36348,9.36068,9.36348,65
SQ:USDNOK,2020-09-22T19:22:00+02:00,9.36359,9.36362,9.36090,9.36130,68
SQ:USDNOK,2020-09-22T19:23:00+02:00,9.36130,9.36150,9.35850,9.35860,61
SQ:USDNOK,2020-09-22T19:24:00+02:00,9.35850,9.35950,9.35830,9.35840,103
SQ:USDNOK,2020-09-22T19:25:00+02:00,9.35850,9.35920,9.35493,9.35500,96
SQ:USDNOK,2020-09-22T19:26:00+02:00,9.35491,9.35560,9.35061,9.35110,139
SQ:USDNOK,2020-09-22T19:27:00+02:00,9.35095,9.35243,9.34931,9.35010,194
SQ:USDNOK,2020-09-22T19:28:00+02:00,9.35020,9.35030,9.34604,9.34680,143
SQ:USDNOK,2020-09-22T19:29:00+02:00,9.34730,9.34730,9.34470,9.34620,124
SQ:USDNOK,2020-09-22T19:30:00+02:00,9.34610,9.34830,9.34610,9.34800,42
SQ:USDNOK,2020-09-22T19:31:00+02:00,9.34800,9.35000,9.34785,9.34880,69
SQ:USDNOK,2020-09-22T19:32:00+02:00,9.34880,9.34970,9.34580,9.34640,105
SQ:USDNOK,2020-09-22T19:33:00+02:00,9.34640,9.34740,9.34360,9.34360,107
SQ:USDNOK,2020-09-22T19:34:00+02:00,9.34360,9.34440,9.34240,9.34360,114
SQ:USDNOK,2020-09-22T19:35:00+02:00,9.34380,9.34900,9.34330,9.34900,87
SQ:USDNOK,2020-09-22T19:36:00+02:00,9.34866,9.34900,9.34630,9.34670,83
SQ:USDNOK,2020-09-22T19:37:00+02:00,9.34670,9.34780,9.34620,9.34700,74
SQ:USDNOK,2020-09-22T19:38:00+02:00,9.34700,9.34870,9.34690,9.34810,49
SQ:USDNOK,2020-09-22T19:39:00+02:00,9.34880,9.34930,9.34810,9.34910,29
SQ:USDNOK,2020-09-22T19:40:00+02:00,9.34910,9.35000,9.34820,9.34980,77
SQ:USDNOK,2020-09-22T19:41:00+02:00,9.34980,9.35010,9.34721,9.34770,50
SQ:USDNOK,2020-09-22T19:42:00+02:00,9.34770,9.34780,9.34536,9.34580,66
SQ:USDNOK,2020-09-22T19:43:00+02:00,9.34580,9.34640,9.34570,9.34630,31
SQ:USDNOK,2020-09-22T19:44:00+02:00,9.34623,9.34860,9.34608,9.34850,57
SQ:USDNOK,2020-09-22T19:45:00+02:00,9.34860,9.34930,9.34558,9.34790,73
SQ:USDNOK,2020-09-22T19:46:00+02:00,9.34800,9.34830,9.34670,9.34780,50
SQ:USDNOK,2020-09-22T19:47:00+02:00,9.34780,9.34820,9.34576,9.34720,30
SQ:USDNOK,2020-09-22T19:48:00+02:00,9.34720,9.34810,9.34619,9.34810,33
SQ:USDNOK,2020-09-22T19:49:00+02:00,9.34820,9.34850,9.34576,9.34760,58
SQ:USDNOK,2020-09-22T19:50:00+02:00,9.34760,9.34900,9.34674,9.34850,64
SQ:USDNOK,2020-09-22T19:51:00+02:00,9.34850,9.34900,9.34686,9.34830,59
SQ:USDNOK,2020-09-22T19:52:00+02:00,9.34830,9.34950,9.34685,9.34940,60
SQ:USDNOK,2020-09-22T19:53:00+02:00,9.34940,9.34940,9.34683,9.34790,33
SQ:USDNOK,2020-09-22T19:54:00+02:00,9.34790,9.34810,9.34740,9.34790,22
SQ:USDNOK,2020-09-22T19:55:00+02:00,9.34770,9.34960,9.34770,9.34862,44
SQ:USDNOK,2020-09-22T19:56:00+02:00,9.34910,9.35000,9.34910,9.34990,21
SQ:USDNOK,2020-09-22T19:57:00+02:00,9.34990,9.35020,9.34860,9.34880,62
SQ:USDNOK,2020-09-22T19:58:00+02:00,9.34880,9.35020,9.34878,9.35000,61
SQ:USDNOK,2020-09-22T19:59:00+02:00,9.34980,9.35030,9.34890,9.34940,117
SQ:USDNOK,2020-09-22T20:00:00+02:00,9.34970,9.35080,9.34880,9.34970,165
SQ:USDNOK,2020-09-22T20:01:00+02:00,9.34950,9.35090,9.34916,9.34980,94
SQ:USDNOK,2020-09-22T20:02:00+02:00,9.34980,9.35040,9.34316,9.34380,86
SQ:USDNOK,2020-09-22T20:03:00+02:00,9.34380,9.34450,9.34360,9.34370,41
SQ:USDNOK,2020-09-22T20:04:00+02:00,9.34380,9.34510,9.34350,9.34450,36
SQ:USDNOK,2020-09-22T20:05:00+02:00,9.34450,9.34470,9.34330,9.34330,47
SQ:USDNOK,2020-09-22T20:06:00+02:00,9.34314,9.34320,9.34175,9.34188,33
SQ:USDNOK,2020-09-22T20:07:00+02:00,9.34170,9.34360,9.34170,9.34301,60
SQ:USDNOK,2020-09-22T20:08:00+02:00,9.34301,9.34340,9.34110,9.34150,56
SQ:USDNOK,2020-09-22T20:09:00+02:00,9.34150,9.34180,9.34099,9.34170,45
SQ:USDNOK,2020-09-22T20:10:00+02:00,9.34170,9.34540,9.34170,9.34540,61
SQ:USDNOK,2020-09-22T20:11:00+02:00,9.34560,9.34750,9.34484,9.34710,51
SQ:USDNOK,2020-09-22T20:12:00+02:00,9.34710,9.35040,9.34660,9.34690,92
SQ:USDNOK,2020-09-22T20:13:00+02:00,9.34683,9.34730,9.34632,9.34720,69
SQ:USDNOK,2020-09-22T20:14:00+02:00,9.34720,9.34753,9.34663,9.34718,42
SQ:USDNOK,2020-09-22T20:15:00+02:00,9.34718,9.34718,9.34610,9.34610,38
SQ:USDNOK,2020-09-22T20:16:00+02:00,9.34610,9.34720,9.34610,9.34700,43
SQ:USDNOK,2020-09-22T20:17:00+02:00,9.34700,9.34700,9.34531,9.34650,59
SQ:USDNOK,2020-09-22T20:18:00+02:00,9.34650,9.34720,9.34539,9.34578,53
SQ:USDNOK,2020-09-22T20:19:00+02:00,9.34580,9.34620,9.34566,9.34610,35
SQ:USDNOK,2020-09-22T20:20:00+02:00,9.34620,9.34700,9.34538,9.34651,75
SQ:USDNOK,2020-09-22T20:21:00+02:00,9.34660,9.34830,9.34620,9.34690,69
SQ:USDNOK,2020-09-22T20:22:00+02:00,9.34730,9.34770,9.34620,9.34680,92
SQ:USDNOK,2020-09-22T20:23:00+02:00,9.34660,9.34740,9.34595,9.34630,86
SQ:USDNOK,2020-09-22T20:24:00+02:00,9.34630,9.34940,9.34630,9.34820,111
SQ:USDNOK,2020-09-22T20:25:00+02:00,9.34820,9.34870,9.34650,9.34700,83
SQ:USDNOK,2020-09-22T20:26:00+02:00,9.34700,9.34830,9.34670,9.34820,67
SQ:USDNOK,2020-09-22T20:27:00+02:00,9.34820,9.34830,9.34590,9.34670,63
SQ:USDNOK,2020-09-22T20:28:00+02:00,9.34670,9.34710,9.34560,9.34620,100
SQ:USDNOK,2020-09-22T20:29:00+02:00,9.34620,9.34750,9.34571,9.34670,106
SQ:USDNOK,2020-09-22T20:30:00+02:00,9.34680,9.34760,9.34665,9.34700,77
SQ:USDNOK,2020-09-22T20:31:00+02:00,9.34700,9.34860,9.34660,9.34850,91
SQ:USDNOK,2020-09-22T20:32:00+02:00,9.34860,9.34970,9.34667,9.34690,97
SQ:USDNOK,2020-09-22T20:33:00+02:00,9.34649,9.34710,9.34502,9.34570,61
SQ:USDNOK,2020-09-22T20:34:00+02:00,9.34580,9.34600,9.34480,9.34490,34
SQ:USDNOK,2020-09-22T20:35:00+02:00,9.34500,9.34780,9.34490,9.34780,53
SQ:USDNOK,2020-09-22T20:36:00+02:00,9.34740,9.34960,9.34720,9.34820,59
SQ:USDNOK,2020-09-22T20:37:00+02:00,9.34810,9.34860,9.34780,9.34850,30
SQ:USDNOK,2020-09-22T20:38:00+02:00,9.34850,9.34850,9.34660,9.34660,64
SQ:USDNOK,2020-09-22T20:39:00+02:00,9.34660,9.34710,9.34610,9.34650,42
SQ:USDNOK,2020-09-22T20:40:00+02:00,9.34650,9.34720,9.34590,9.34600,65
SQ:USDNOK,2020-09-22T20:41:00+02:00,9.34600,9.34670,9.34520,9.34520,63
SQ:USDNOK,2020-09-22T20:42:00+02:00,9.34520,9.34560,9.34470,9.34490,64
SQ:USDNOK,2020-09-22T20:43:00+02:00,9.34530,9.34550,9.34359,9.34403,128
SQ:USDNOK,2020-09-22T20:44:00+02:00,9.34403,9.34410,9.34240,9.34330,63
SQ:USDNOK,2020-09-22T20:45:00+02:00,9.34298,9.34410,9.34290,9.34410,53
SQ:USDNOK,2020-09-22T20:46:00+02:00,9.34420,9.34420,9.34348,9.34380,20
SQ:USDNOK,2020-09-22T20:47:00+02:00,9.34380,9.34410,9.34280,9.34388,48
SQ:USDNOK,2020-09-22T20:48:00+02:00,9.34388,9.34570,9.34388,9.34529,40
SQ:USDNOK,2020-09-22T20:49:00+02:00,9.34529,9.34905,9.34411,9.34877,42
SQ:USDNOK,2020-09-22T20:50:00+02:00,9.34877,9.34967,9.34674,9.34720,62
SQ:USDNOK,2020-09-22T20:51:00+02:00,9.34712,9.34842,9.34696,9.34810,54
SQ:USDNOK,2020-09-22T20:52:00+02:00,9.34810,9.34940,9.34807,9.34930,57
SQ:USDNOK,2020-09-22T20:53:00+02:00,9.34940,9.34940,9.34734,9.34750,49
SQ:USDNOK,2020-09-22T20:54:00+02:00,9.34740,9.34840,9.34710,9.34810,43
SQ:USDNOK,2020-09-22T20:55:00+02:00,9.34800,9.34830,9.34741,9.34814,53
SQ:USDNOK,2020-09-22T20:56:00+02:00,9.34810,9.34882,9.34642,9.34690,65
SQ:USDNOK,2020-09-22T20:57:00+02:00,9.34690,9.34810,9.34680,9.34810,49
SQ:USDNOK,2020-09-22T20:58:00+02:00,9.34810,9.34880,9.34662,9.34820,72
SQ:USDNOK,2020-09-22T20:59:00+02:00,9.34828,9.35160,9.34730,9.35080,88
SQ:USDNOK,2020-09-22T21:00:00+02:00,9.35160,9.35330,9.35070,9.35070,93
SQ:USDNOK,2020-09-22T21:01:00+02:00,9.35130,9.35210,9.35070,9.35120,95
SQ:USDNOK,2020-09-22T21:02:00+02:00,9.35120,9.35320,9.35050,9.35140,92
SQ:USDNOK,2020-09-22T21:03:00+02:00,9.35130,9.35250,9.35040,9.35250,93
SQ:USDNOK,2020-09-22T21:04:00+02:00,9.35250,9.35320,9.35140,9.35300,72
SQ:USDNOK,2020-09-22T21:05:00+02:00,9.35300,9.35300,9.35040,9.35120,74
SQ:USDNOK,2020-09-22T21:06:00+02:00,9.35120,9.35300,9.35040,9.35300,76
SQ:USDNOK,2020-09-22T21:07:00+02:00,9.35300,9.35340,9.35180,9.35230,61
SQ:USDNOK,2020-09-22T21:08:00+02:00,9.35230,9.35300,9.35220,9.35240,52
SQ:USDNOK,2020-09-22T21:09:00+02:00,9.35240,9.35320,9.35220,9.35270,88
SQ:USDNOK,2020-09-22T21:10:00+02:00,9.35270,9.35310,9.35134,9.35270,97
SQ:USDNOK,2020-09-22T21:11:00+02:00,9.35250,9.35530,9.35210,9.35470,72
SQ:USDNOK,2020-09-22T21:12:00+02:00,9.35470,9.35550,9.35420,9.35466,82
SQ:USDNOK,2020-09-22T21:13:00+02:00,9.35520,9.35550,9.35437,9.35500,72
SQ:USDNOK,2020-09-22T21:14:00+02:00,9.35500,9.35590,9.35470,9.35470,98
SQ:USDNOK,2020-09-22T21:15:00+02:00,9.35480,9.35640,9.35450,9.35540,102
SQ:USDNOK,2020-09-22T21:16:00+02:00,9.35550,9.35640,9.35507,9.35620,69
SQ:USDNOK,2020-09-22T21:17:00+02:00,9.35607,9.35630,9.35394,9.35430,82
SQ:USDNOK,2020-09-22T21:18:00+02:00,9.35430,9.35460,9.35290,9.35430,104
SQ:USDNOK,2020-09-22T21:19:00+02:00,9.35440,9.35440,9.35100,9.35240,119
SQ:USDNOK,2020-09-22T21:20:00+02:00,9.35240,9.35590,9.35160,9.35480,159
SQ:USDNOK,2020-09-22T21:21:00+02:00,9.35470,9.35510,9.35360,9.35450,112
SQ:USDNOK,2020-09-22T21:22:00+02:00,9.35450,9.35460,9.35270,9.35330,136
SQ:USDNOK,2020-09-22T21:23:00+02:00,9.35330,9.35340,9.35090,9.35200,96
SQ:USDNOK,2020-09-22T21:24:00+02:00,9.35180,9.35220,9.35074,9.35160,141
SQ:USDNOK,2020-09-22T21:25:00+02:00,9.35110,9.35160,9.34910,9.34930,141
SQ:USDNOK,2020-09-22T21:26:00+02:00,9.34930,9.35010,9.34750,9.34750,123
SQ:USDNOK,2020-09-22T21:27:00+02:00,9.34740,9.34790,9.34730,9.34770,38
SQ:USDNOK,2020-09-22T21:28:00+02:00,9.34770,9.34770,9.34620,9.34690,105
SQ:USDNOK,2020-09-22T21:29:00+02:00,9.34650,9.34700,9.34520,9.34530,71
SQ:USDNOK,2020-09-22T21:30:00+02:00,9.34570,9.34680,9.34500,9.34670,93
SQ:USDNOK,2020-09-22T21:31:00+02:00,9.34670,9.35040,9.34660,9.35030,70
SQ:USDNOK,2020-09-22T21:32:00+02:00,9.34990,9.35060,9.34819,9.34870,101
SQ:USDNOK,2020-09-22T21:33:00+02:00,9.34880,9.34917,9.34835,9.34870,63
SQ:USDNOK,2020-09-22T21:34:00+02:00,9.34900,9.34990,9.34780,9.34840,115
SQ:USDNOK,2020-09-22T21:35:00+02:00,9.34850,9.34970,9.34830,9.34860,107
SQ:USDNOK,2020-09-22T21:36:00+02:00,9.34870,9.34880,9.34760,9.34790,92
SQ:USDNOK,2020-09-22T21:37:00+02:00,9.34800,9.34880,9.34740,9.34790,77
SQ:USDNOK,2020-09-22T21:38:00+02:00,9.34790,9.34840,9.34730,9.34780,48
SQ:USDNOK,2020-09-22T21:39:00+02:00,9.34780,9.34850,9.34780,9.34810,64
SQ:USDNOK,2020-09-22T21:40:00+02:00,9.34810,9.34850,9.34760,9.34790,63
SQ:USDNOK,2020-09-22T21:41:00+02:00,9.34790,9.34800,9.34580,9.34670,97
SQ:USDNOK,2020-09-22T21:42:00+02:00,9.34670,9.34780,9.34670,9.34730,72
SQ:USDNOK,2020-09-22T21:43:00+02:00,9.34740,9.34760,9.34700,9.34720,57
SQ:USDNOK,2020-09-22T21:44:00+02:00,9.34710,9.34740,9.34630,9.34660,60
SQ:USDNOK,2020-09-22T21:45:00+02:00,9.34660,9.34750,9.34620,9.34640,41
SQ:USDNOK,2020-09-22T21:46:00+02:00,9.34640,9.34640,9.34330,9.34390,132
SQ:USDNOK,2020-09-22T21:47:00+02:00,9.34340,9.34550,9.34300,9.34490,169
SQ:USDNOK,2020-09-22T21:48:00+02:00,9.34490,9.34490,9.34310,9.34350,49
SQ:USDNOK,2020-09-22T21:49:00+02:00,9.34350,9.34600,9.34330,9.34459,90
SQ:USDNOK,2020-09-22T21:50:00+02:00,9.34459,9.34740,9.34459,9.34731,45
SQ:USDNOK,2020-09-22T21:51:00+02:00,9.34750,9.34787,9.34726,9.34733,17
SQ:USDNOK,2020-09-22T21:52:00+02:00,9.34733,9.34763,9.34659,9.34740,20
SQ:USDNOK,2020-09-22T21:53:00+02:00,9.34740,9.34756,9.34693,9.34693,12
SQ:USDNOK,2020-09-22T21:54:00+02:00,9.34693,9.34707,9.34596,9.34596,15
SQ:USDNOK,2020-09-22T21:55:00+02:00,9.34596,9.34597,9.34292,9.34292,33
SQ:USDNOK,2020-09-22T21:56:00+02:00,9.34292,9.34370,9.34292,9.34313,17
SQ:USDNOK,2020-09-22T21:57:00+02:00,9.34289,9.34380,9.34212,9.34290,54
SQ:USDNOK,2020-09-22T21:58:00+02:00,9.34280,9.34340,9.34240,9.34240,46
SQ:USDNOK,2020-09-22T21:59:00+02:00,9.34240,9.34320,9.34140,9.34310,105
SQ:USDNOK,2020-09-22T22:00:00+02:00,9.34310,9.34420,9.34220,9.34270,77
SQ:USDNOK,2020-09-22T22:01:00+02:00,9.34260,9.34370,9.34100,9.34110,113
SQ:USDNOK,2020-09-22T22:02:00+02:00,9.34150,9.34270,9.34100,9.34250,77
SQ:USDNOK,2020-09-22T22:03:00+02:00,9.34250,9.34380,9.34250,9.34360,53
SQ:USDNOK,2020-09-22T22:04:00+02:00,9.34350,9.34390,9.34180,9.34220,37
SQ:USDNOK,2020-09-22T22:05:00+02:00,9.34220,9.34330,9.34220,9.34310,33
SQ:USDNOK,2020-09-22T22:06:00+02:00,9.34310,9.34400,9.34310,9.34380,32
SQ:USDNOK,2020-09-22T22:07:00+02:00,9.34370,9.34460,9.34300,9.34340,54
SQ:USDNOK,2020-09-22T22:08:00+02:00,9.34300,9.34450,9.34300,9.34380,118
SQ:USDNOK,2020-09-22T22:09:00+02:00,9.34420,9.34440,9.34322,9.34330,148
SQ:USDNOK,2020-09-22T22:10:00+02:00,9.34340,9.34420,9.34322,9.34329,146
SQ:USDNOK,2020-09-22T22:11:00+02:00,9.34350,9.34500,9.34300,9.34460,123
SQ:USDNOK,2020-09-22T22:12:00+02:00,9.34450,9.34590,9.34410,9.34590,78
SQ:USDNOK,2020-09-22T22:13:00+02:00,9.34590,9.34590,9.34460,9.34460,97
SQ:USDNOK,2020-09-22T22:14:00+02:00,9.34440,9.34549,9.34406,9.34549,77
SQ:USDNOK,2020-09-22T22:15:00+02:00,9.34549,9.34590,9.34549,9.34590,22
SQ:USDNOK,2020-09-22T22:16:00+02:00,9.34604,9.34604,9.34585,9.34588,5
SQ:USDNOK,2020-09-22T22:17:00+02:00,9.34572,9.34599,9.34572,9.34599,2
SQ:USDNOK,2020-09-22T22:18:00+02:00,9.34603,9.34603,9.34466,9.34466,25
SQ:USDNOK,2020-09-22T22:19:00+02:00,9.34470,9.34488,9.34457,9.34457,9
SQ:USDNOK,2020-09-22T22:20:00+02:00,9.34426,9.34426,9.33970,9.34020,80
SQ:USDNOK,2020-09-22T22:21:00+02:00,9.34020,9.34250,9.33951,9.34133,48
SQ:USDNOK,2020-09-22T22:22:00+02:00,9.34132,9.34280,9.34129,9.34200,110
SQ:USDNOK,2020-09-22T22:23:00+02:00,9.34170,9.34340,9.34170,9.34260,93
SQ:USDNOK,2020-09-22T22:24:00+02:00,9.34260,9.34311,9.34151,9.34190,76
SQ:USDNOK,2020-09-22T22:25:00+02:00,9.34190,9.34270,9.34160,9.34160,98
SQ:USDNOK,2020-09-22T22:26:00+02:00,9.34170,9.34260,9.34070,9.34100,83
SQ:USDNOK,2020-09-22T22:27:00+02:00,9.34100,9.34100,9.33889,9.33931,71
SQ:USDNOK,2020-09-22T22:28:00+02:00,9.33931,9.34050,9.33931,9.34010,33
SQ:USDNOK,2020-09-22T22:29:00+02:00,9.34010,9.34050,9.33920,9.33980,59
SQ:USDNOK,2020-09-22T22:30:00+02:00,9.33980,9.34040,9.33875,9.33970,82
SQ:USDNOK,2020-09-22T22:31:00+02:00,9.33970,9.33980,9.33869,9.33920,136
SQ:USDNOK,2020-09-22T22:32:00+02:00,9.33870,9.34030,9.33860,9.33900,122
SQ:USDNOK,2020-09-22T22:33:00+02:00,9.33890,9.34020,9.33860,9.33970,98
SQ:USDNOK,2020-09-22T22:34:00+02:00,9.33980,9.34080,9.33930,9.34030,98
SQ:USDNOK,2020-09-22T22:35:00+02:00,9.34070,9.34130,9.33970,9.34100,82
SQ:USDNOK,2020-09-22T22:36:00+02:00,9.34140,9.34260,9.33836,9.33910,81
SQ:USDNOK,2020-09-22T22:37:00+02:00,9.33900,9.34060,9.33855,9.33946,82
SQ:USDNOK,2020-09-22T22:38:00+02:00,9.33946,9.34120,9.33910,9.33980,42
SQ:USDNOK,2020-09-22T22:39:00+02:00,9.34030,9.34030,9.33867,9.33914,85
SQ:USDNOK,2020-09-22T22:40:00+02:00,9.33895,9.34020,9.33887,9.33902,47
SQ:USDNOK,2020-09-22T22:41:00+02:00,9.33894,9.34050,9.33871,9.33920,56
SQ:USDNOK,2020-09-22T22:42:00+02:00,9.33909,9.34050,9.33889,9.33920,44
SQ:USDNOK,2020-09-22T22:43:00+02:00,9.33900,9.34010,9.33869,9.33890,41
SQ:USDNOK,2020-09-22T22:44:00+02:00,9.33890,9.34050,9.33875,9.33930,47
SQ:USDNOK,2020-09-22T22:45:00+02:00,9.33930,9.34140,9.33920,9.34110,53
SQ:USDNOK,2020-09-22T22:46:00+02:00,9.34110,9.34120,9.34010,9.34070,44
SQ:USDNOK,2020-09-22T22:47:00+02:00,9.34080,9.34100,9.34020,9.34080,43
SQ:USDNOK,2020-09-22T22:48:00+02:00,9.34080,9.34140,9.34060,9.34140,26
SQ:USDNOK,2020-09-22T22:49:00+02:00,9.34140,9.34150,9.34080,9.34110,27
SQ:USDNOK,2020-09-22T22:50:00+02:00,9.34110,9.34280,9.34100,9.34280,48
SQ:USDNOK,2020-09-22T22:51:00+02:00,9.34280,9.34320,9.34120,9.34260,54
SQ:USDNOK,2020-09-22T22:52:00+02:00,9.34270,9.34270,9.34150,9.34220,26
SQ:USDNOK,2020-09-22T22:53:00+02:00,9.34180,9.34250,9.34180,9.34240,37
SQ:USDNOK,2020-09-22T22:54:00+02:00,9.34230,9.34340,9.34190,9.34330,30
SQ:USDNOK,2020-09-22T23:30:00+02:00,9.33160,9.33200,9.33090,9.33110,24
SQ:USDNOK,2020-09-22T23:31:00+02:00,9.33170,9.33250,9.33110,9.33220,13
SQ:USDNOK,2020-09-22T23:32:00+02:00,9.33240,9.33250,9.33220,9.33244,16
SQ:USDNOK,2020-09-22T23:33:00+02:00,9.33236,9.33300,9.33110,9.33220,24
SQ:USDNOK,2020-09-22T23:34:00+02:00,9.33212,9.33280,9.33204,9.33221,8
SQ:USDNOK,2020-09-22T23:35:00+02:00,9.33229,9.33237,9.33229,9.33237,2
SQ:USDNOK,2020-09-22T23:36:00+02:00,9.33245,9.33245,9.33245,9.33245,1
SQ:USDNOK,2020-09-22T23:37:00+02:00,9.33245,9.33253,9.33229,9.33229,5
SQ:USDNOK,2020-09-22T23:38:00+02:00,9.33210,9.33210,9.33202,9.33202,2
SQ:USDNOK,2020-09-22T23:39:00+02:00,9.33210,9.33240,9.33210,9.33238,5
SQ:USDNOK,2020-09-22T23:40:00+02:00,9.33230,9.33242,9.33230,9.33242,2
SQ:USDNOK,2020-09-22T23:41:00+02:00,9.33242,9.33242,9.33242,9.33242,1
SQ:USDNOK,2020-09-22T23:42:00+02:00,9.33250,9.33251,9.33250,9.33251,2
SQ:USDNOK,2020-09-22T23:43:00+02:00,9.33250,9.33258,9.33250,9.33250,3
SQ:USDNOK,2020-09-22T23:44:00+02:00,9.33242,9.33242,9.33230,9.33241,7
SQ:USDNOK,2020-09-22T23:45:00+02:00,9.33240,9.33350,9.33210,9.33350,12
SQ:USDNOK,2020-09-22T23:46:00+02:00,9.33340,9.33350,9.33280,9.33290,22
SQ:USDNOK,2020-09-22T23:47:00+02:00,9.33290,9.33293,9.33285,9.33285,4
SQ:USDNOK,2020-09-22T23:48:00+02:00,9.33310,9.33350,9.33310,9.33310,5
SQ:USDNOK,2020-09-22T23:49:00+02:00,9.33330,9.33350,9.33260,9.33320,18
SQ:USDNOK,2020-09-22T23:50:00+02:00,9.33310,9.33310,9.33257,9.33273,4
SQ:USDNOK,2020-09-22T23:52:00+02:00,9.33281,9.33281,9.33190,9.33220,7
SQ:USDNOK,2020-09-22T23:53:00+02:00,9.33260,9.33260,9.33240,9.33240,5
SQ:USDNOK,2020-09-22T23:54:00+02:00,9.33250,9.33260,9.33230,9.33240,5
SQ:USDNOK,2020-09-22T23:55:00+02:00,9.33310,9.33310,9.33240,9.33240,2
SQ:USDNOK,2020-09-22T23:56:00+02:00,9.33220,9.33230,9.33220,9.33220,3
SQ:USDNOK,2020-09-22T23:57:00+02:00,9.33230,9.33270,9.33200,9.33200,9
SQ:USDNOK,2020-09-22T23:58:00+02:00,9.33210,9.33230,9.33210,9.33210,6
SQ:USDNOK,2020-09-22T23:59:00+02:00,9.33220,9.33270,9.33210,9.33260,15
