SQ:XAUUSD,2023-11-03T00:00:00+01:00,1984.680,1984.720,1984.480,1984.617,15
SQ:XAUUSD,2023-11-03T00:01:00+01:00,1984.618,1984.730,1984.580,1984.640,11
SQ:XAUUSD,2023-11-03T00:02:00+01:00,1984.660,1984.710,1984.630,1984.660,8
SQ:XAUUSD,2023-11-03T00:03:00+01:00,1984.678,1984.720,1984.538,1984.628,14
SQ:XAUUSD,2023-11-03T00:04:00+01:00,1984.627,1984.817,1984.567,1984.777,13
SQ:XAUUSD,2023-11-03T00:05:00+01:00,1984.795,1984.898,1984.695,1984.868,30
SQ:XAUUSD,2023-11-03T00:06:00+01:00,1984.867,1984.887,1984.785,1984.817,21
SQ:XAUUSD,2023-11-03T00:07:00+01:00,1984.818,1984.828,1984.728,1984.815,8
SQ:XAUUSD,2023-11-03T00:08:00+01:00,1984.827,1984.827,1984.615,1984.635,27
SQ:XAUUSD,2023-11-03T00:09:00+01:00,1984.665,1984.728,1984.605,1984.625,13
SQ:XAUUSD,2023-11-03T00:10:00+01:00,1984.615,1984.617,1984.367,1984.368,13
SQ:XAUUSD,2023-11-03T00:11:00+01:00,1984.428,1984.488,1984.355,1984.487,13
SQ:XAUUSD,2023-11-03T00:12:00+01:00,1984.515,1984.527,1984.450,1984.510,8
SQ:XAUUSD,2023-11-03T00:13:00+01:00,1984.520,1984.520,1984.520,1984.520,1
SQ:XAUUSD,2023-11-03T00:14:00+01:00,1984.530,1984.620,1984.417,1984.427,13
SQ:XAUUSD,2023-11-03T00:15:00+01:00,1984.428,1984.428,1984.338,1984.340,12
SQ:XAUUSD,2023-11-03T00:16:00+01:00,1984.357,1984.540,1984.357,1984.460,13
SQ:XAUUSD,2023-11-03T00:17:00+01:00,1984.420,1984.460,1984.260,1984.360,14
SQ:XAUUSD,2023-11-03T00:18:00+01:00,1984.330,1984.370,1984.260,1984.360,8
SQ:XAUUSD,2023-11-03T00:19:00+01:00,1984.280,1984.360,1984.260,1984.280,8
SQ:XAUUSD,2023-11-03T00:20:00+01:00,1984.260,1984.348,1984.260,1984.348,9
SQ:XAUUSD,2023-11-03T00:21:00+01:00,1984.440,1984.450,1984.358,1984.358,6
SQ:XAUUSD,2023-11-03T00:22:00+01:00,1984.357,1984.420,1984.340,1984.417,11
SQ:XAUUSD,2023-11-03T00:23:00+01:00,1984.418,1984.570,1984.338,1984.390,14
SQ:XAUUSD,2023-11-03T00:24:00+01:00,1984.380,1984.467,1984.370,1984.437,9
SQ:XAUUSD,2023-11-03T00:25:00+01:00,1984.438,1984.460,1984.428,1984.460,4
SQ:XAUUSD,2023-11-03T00:26:00+01:00,1984.510,1984.570,1984.427,1984.437,14
SQ:XAUUSD,2023-11-03T00:27:00+01:00,1984.438,1984.505,1984.438,1984.468,10
SQ:XAUUSD,2023-11-03T00:28:00+01:00,1984.467,1984.577,1984.445,1984.457,12
SQ:XAUUSD,2023-11-03T00:29:00+01:00,1984.458,1984.618,1984.458,1984.595,7
SQ:XAUUSD,2023-11-03T00:30:00+01:00,1984.567,1984.577,1984.518,1984.518,4
SQ:XAUUSD,2023-11-03T00:31:00+01:00,1984.538,1984.635,1984.535,1984.535,10
SQ:XAUUSD,2023-11-03T00:32:00+01:00,1984.507,1984.570,1984.450,1984.450,9
SQ:XAUUSD,2023-11-03T00:33:00+01:00,1984.418,1984.450,1984.418,1984.450,2
SQ:XAUUSD,2023-11-03T00:34:00+01:00,1984.450,1984.450,1984.407,1984.407,2
SQ:XAUUSD,2023-11-03T00:35:00+01:00,1984.350,1984.360,1984.340,1984.360,3
SQ:XAUUSD,2023-11-03T00:36:00+01:00,1984.347,1984.420,1984.320,1984.420,8
SQ:XAUUSD,2023-11-03T00:37:00+01:00,1984.380,1984.420,1984.230,1984.230,11
SQ:XAUUSD,2023-11-03T00:38:00+01:00,1984.160,1984.310,1984.160,1984.310,15
SQ:XAUUSD,2023-11-03T00:39:00+01:00,1984.250,1984.250,1984.160,1984.210,15
SQ:XAUUSD,2023-11-03T00:40:00+01:00,1984.240,1984.300,1984.130,1984.160,10
SQ:XAUUSD,2023-11-03T00:41:00+01:00,1984.120,1984.220,1984.120,1984.198,11
SQ:XAUUSD,2023-11-03T00:42:00+01:00,1984.160,1984.210,1984.150,1984.210,3
SQ:XAUUSD,2023-11-03T00:43:00+01:00,1984.160,1984.210,1984.148,1984.148,4
SQ:XAUUSD,2023-11-03T00:44:00+01:00,1984.147,1984.407,1984.147,1984.400,6
SQ:XAUUSD,2023-11-03T00:45:00+01:00,1984.348,1984.360,1984.310,1984.310,4
SQ:XAUUSD,2023-11-03T00:46:00+01:00,1984.350,1984.450,1984.200,1984.260,18
SQ:XAUUSD,2023-11-03T00:47:00+01:00,1984.240,1984.310,1984.210,1984.210,8
SQ:XAUUSD,2023-11-03T00:48:00+01:00,1984.380,1984.590,1984.380,1984.590,11
SQ:XAUUSD,2023-11-03T00:49:00+01:00,1984.590,1984.680,1984.490,1984.680,18
SQ:XAUUSD,2023-11-03T00:50:00+01:00,1984.680,1984.880,1984.680,1984.780,27
SQ:XAUUSD,2023-11-03T00:51:00+01:00,1984.790,1985.098,1984.780,1985.028,34
SQ:XAUUSD,2023-11-03T00:52:00+01:00,1985.040,1985.737,1985.000,1985.620,49
SQ:XAUUSD,2023-11-03T00:53:00+01:00,1985.630,1986.125,1984.950,1985.728,64
SQ:XAUUSD,2023-11-03T00:54:00+01:00,1985.670,1985.670,1985.020,1985.290,38
SQ:XAUUSD,2023-11-03T00:55:00+01:00,1985.290,1985.700,1984.820,1985.030,55
SQ:XAUUSD,2023-11-03T00:56:00+01:00,1985.030,1985.030,1984.640,1984.740,21
SQ:XAUUSD,2023-11-03T00:57:00+01:00,1984.750,1984.900,1984.628,1984.638,27
SQ:XAUUSD,2023-11-03T00:58:00+01:00,1984.637,1984.737,1984.610,1984.638,15
SQ:XAUUSD,2023-11-03T00:59:00+01:00,1984.590,1984.848,1984.590,1984.720,17
SQ:XAUUSD,2023-11-03T01:00:00+01:00,1984.730,1985.060,1984.730,1984.980,34
SQ:XAUUSD,2023-11-03T01:01:00+01:00,1984.990,1985.238,1984.980,1985.150,43
SQ:XAUUSD,2023-11-03T01:02:00+01:00,1985.130,1985.280,1984.860,1984.960,41
SQ:XAUUSD,2023-11-03T01:03:00+01:00,1985.018,1985.050,1984.890,1984.900,13
SQ:XAUUSD,2023-11-03T01:04:00+01:00,1984.940,1984.950,1984.890,1984.950,9
SQ:XAUUSD,2023-11-03T01:05:00+01:00,1984.930,1985.000,1984.900,1985.000,25
SQ:XAUUSD,2023-11-03T01:06:00+01:00,1984.990,1985.060,1984.900,1985.060,18
SQ:XAUUSD,2023-11-03T01:07:00+01:00,1985.030,1985.350,1985.030,1985.240,17
SQ:XAUUSD,2023-11-03T01:08:00+01:00,1985.227,1985.597,1985.137,1985.398,54
SQ:XAUUSD,2023-11-03T01:09:00+01:00,1985.415,1985.970,1985.415,1985.590,62
SQ:XAUUSD,2023-11-03T01:10:00+01:00,1985.600,1985.747,1985.490,1985.608,30
SQ:XAUUSD,2023-11-03T01:11:00+01:00,1985.628,1986.020,1985.300,1985.340,52
SQ:XAUUSD,2023-11-03T01:12:00+01:00,1985.340,1985.550,1985.340,1985.460,32
SQ:XAUUSD,2023-11-03T01:13:00+01:00,1985.460,1985.520,1985.170,1985.330,23
SQ:XAUUSD,2023-11-03T01:14:00+01:00,1985.357,1985.550,1985.357,1985.550,19
SQ:XAUUSD,2023-11-03T01:15:00+01:00,1985.550,1985.550,1985.520,1985.530,6
SQ:XAUUSD,2023-11-03T01:16:00+01:00,1985.530,1985.540,1985.340,1985.460,17
SQ:XAUUSD,2023-11-03T01:17:00+01:00,1985.460,1985.490,1985.410,1985.410,6
SQ:XAUUSD,2023-11-03T01:18:00+01:00,1985.420,1985.630,1985.400,1985.630,13
SQ:XAUUSD,2023-11-03T01:19:00+01:00,1985.600,1985.600,1985.500,1985.550,6
SQ:XAUUSD,2023-11-03T01:20:00+01:00,1985.540,1985.540,1985.520,1985.520,2
SQ:XAUUSD,2023-11-03T01:21:00+01:00,1985.550,1985.550,1985.420,1985.420,5
SQ:XAUUSD,2023-11-03T01:22:00+01:00,1985.420,1985.440,1985.240,1985.250,17
SQ:XAUUSD,2023-11-03T01:23:00+01:00,1985.250,1985.250,1985.150,1985.230,10
SQ:XAUUSD,2023-11-03T01:24:00+01:00,1985.230,1985.230,1985.040,1985.130,34
SQ:XAUUSD,2023-11-03T01:25:00+01:00,1985.348,1985.530,1985.240,1985.530,34
SQ:XAUUSD,2023-11-03T01:26:00+01:00,1985.517,1985.517,1984.887,1984.970,38
SQ:XAUUSD,2023-11-03T01:27:00+01:00,1984.958,1984.970,1984.790,1984.840,20
SQ:XAUUSD,2023-11-03T01:28:00+01:00,1984.855,1984.867,1984.827,1984.827,13
SQ:XAUUSD,2023-11-03T01:29:00+01:00,1984.788,1984.990,1984.770,1984.910,17
SQ:XAUUSD,2023-11-03T01:30:00+01:00,1984.897,1985.040,1984.897,1984.980,16
SQ:XAUUSD,2023-11-03T01:31:00+01:00,1984.998,1985.068,1984.998,1985.035,16
SQ:XAUUSD,2023-11-03T01:32:00+01:00,1985.067,1985.107,1985.045,1985.075,12
SQ:XAUUSD,2023-11-03T01:33:00+01:00,1985.058,1985.068,1984.705,1984.918,42
SQ:XAUUSD,2023-11-03T01:34:00+01:00,1984.917,1985.107,1984.867,1984.930,42
SQ:XAUUSD,2023-11-03T01:35:00+01:00,1984.940,1985.100,1984.940,1985.060,15
SQ:XAUUSD,2023-11-03T01:36:00+01:00,1985.047,1985.257,1985.027,1985.257,36
SQ:XAUUSD,2023-11-03T01:37:00+01:00,1985.258,1985.258,1985.108,1985.135,28
SQ:XAUUSD,2023-11-03T01:38:00+01:00,1985.155,1985.257,1985.145,1985.247,13
SQ:XAUUSD,2023-11-03T01:39:00+01:00,1985.248,1985.298,1985.168,1985.227,25
SQ:XAUUSD,2023-11-03T01:40:00+01:00,1985.195,1985.227,1985.165,1985.175,15
SQ:XAUUSD,2023-11-03T01:41:00+01:00,1985.198,1985.415,1985.175,1985.335,34
SQ:XAUUSD,2023-11-03T01:42:00+01:00,1985.327,1985.427,1985.205,1985.205,39
SQ:XAUUSD,2023-11-03T01:43:00+01:00,1985.268,1985.388,1985.215,1985.288,26
SQ:XAUUSD,2023-11-03T01:44:00+01:00,1985.277,1985.277,1985.135,1985.217,14
SQ:XAUUSD,2023-11-03T01:45:00+01:00,1985.228,1985.460,1985.228,1985.377,32
SQ:XAUUSD,2023-11-03T01:46:00+01:00,1985.335,1985.560,1985.250,1985.525,32
SQ:XAUUSD,2023-11-03T01:47:00+01:00,1985.510,1985.510,1985.255,1985.298,21
SQ:XAUUSD,2023-11-03T01:48:00+01:00,1985.297,1985.415,1985.205,1985.215,18
SQ:XAUUSD,2023-11-03T01:49:00+01:00,1985.215,1985.225,1985.035,1985.105,27
SQ:XAUUSD,2023-11-03T01:50:00+01:00,1985.115,1985.115,1984.685,1984.940,31
SQ:XAUUSD,2023-11-03T01:51:00+01:00,1984.968,1985.050,1984.950,1985.010,18
SQ:XAUUSD,2023-11-03T01:52:00+01:00,1985.010,1985.010,1984.820,1984.820,6
SQ:XAUUSD,2023-11-03T01:53:00+01:00,1984.850,1985.060,1984.778,1985.060,38
SQ:XAUUSD,2023-11-03T01:54:00+01:00,1985.050,1985.070,1985.010,1985.060,18
SQ:XAUUSD,2023-11-03T01:55:00+01:00,1985.060,1985.460,1985.060,1985.388,83
SQ:XAUUSD,2023-11-03T01:56:00+01:00,1985.290,1985.350,1985.150,1985.327,29
SQ:XAUUSD,2023-11-03T01:57:00+01:00,1985.348,1985.348,1985.248,1985.270,18
SQ:XAUUSD,2023-11-03T01:58:00+01:00,1985.257,1985.470,1985.230,1985.450,33
SQ:XAUUSD,2023-11-03T01:59:00+01:00,1985.450,1985.480,1985.290,1985.350,26
SQ:XAUUSD,2023-11-03T02:00:00+01:00,1985.367,1985.507,1984.760,1985.130,96
SQ:XAUUSD,2023-11-03T02:01:00+01:00,1985.108,1985.118,1984.760,1984.948,67
SQ:XAUUSD,2023-11-03T02:02:00+01:00,1984.947,1985.160,1984.827,1985.060,44
SQ:XAUUSD,2023-11-03T02:03:00+01:00,1985.030,1985.168,1984.750,1984.868,78
SQ:XAUUSD,2023-11-03T02:04:00+01:00,1984.867,1985.200,1984.867,1984.868,48
SQ:XAUUSD,2023-11-03T02:05:00+01:00,1984.888,1985.050,1984.740,1984.760,37
SQ:XAUUSD,2023-11-03T02:06:00+01:00,1984.770,1984.950,1984.650,1984.650,57
SQ:XAUUSD,2023-11-03T02:07:00+01:00,1984.650,1984.700,1984.460,1984.490,61
SQ:XAUUSD,2023-11-03T02:08:00+01:00,1984.500,1985.000,1984.480,1985.000,42
SQ:XAUUSD,2023-11-03T02:09:00+01:00,1984.970,1985.020,1984.860,1985.000,49
SQ:XAUUSD,2023-11-03T02:10:00+01:00,1985.000,1985.240,1984.940,1985.000,62
SQ:XAUUSD,2023-11-03T02:11:00+01:00,1984.990,1985.020,1984.810,1984.930,33
SQ:XAUUSD,2023-11-03T02:12:00+01:00,1984.950,1985.030,1984.840,1984.977,35
SQ:XAUUSD,2023-11-03T02:13:00+01:00,1984.978,1985.070,1984.848,1984.990,42
SQ:XAUUSD,2023-11-03T02:14:00+01:00,1984.990,1985.000,1984.450,1984.460,64
SQ:XAUUSD,2023-11-03T02:15:00+01:00,1984.480,1984.658,1984.260,1984.420,61
SQ:XAUUSD,2023-11-03T02:16:00+01:00,1984.450,1984.730,1984.387,1984.600,69
SQ:XAUUSD,2023-11-03T02:17:00+01:00,1984.590,1984.710,1984.038,1984.390,77
SQ:XAUUSD,2023-11-03T02:18:00+01:00,1984.390,1984.450,1983.710,1983.820,42
SQ:XAUUSD,2023-11-03T02:19:00+01:00,1983.810,1984.260,1983.640,1983.960,78
SQ:XAUUSD,2023-11-03T02:20:00+01:00,1983.980,1984.030,1983.670,1983.810,76
SQ:XAUUSD,2023-11-03T02:21:00+01:00,1983.800,1984.230,1983.558,1984.168,109
SQ:XAUUSD,2023-11-03T02:22:00+01:00,1984.167,1984.167,1983.610,1983.980,76
SQ:XAUUSD,2023-11-03T02:23:00+01:00,1983.990,1984.070,1983.790,1983.790,44
SQ:XAUUSD,2023-11-03T02:24:00+01:00,1983.760,1984.030,1983.580,1984.000,109
SQ:XAUUSD,2023-11-03T02:25:00+01:00,1983.980,1983.990,1983.600,1983.700,52
SQ:XAUUSD,2023-11-03T02:26:00+01:00,1983.700,1983.820,1983.590,1983.660,56
SQ:XAUUSD,2023-11-03T02:27:00+01:00,1983.660,1983.880,1982.990,1983.300,104
SQ:XAUUSD,2023-11-03T02:28:00+01:00,1983.310,1983.570,1983.310,1983.490,58
SQ:XAUUSD,2023-11-03T02:29:00+01:00,1983.480,1983.600,1983.420,1983.450,33
SQ:XAUUSD,2023-11-03T02:30:00+01:00,1983.440,1983.440,1983.010,1983.320,72
SQ:XAUUSD,2023-11-03T02:31:00+01:00,1983.340,1983.530,1983.230,1983.240,55
SQ:XAUUSD,2023-11-03T02:32:00+01:00,1983.200,1983.390,1983.110,1983.370,46
SQ:XAUUSD,2023-11-03T02:33:00+01:00,1983.390,1983.628,1983.360,1983.490,53
SQ:XAUUSD,2023-11-03T02:34:00+01:00,1983.470,1983.560,1983.307,1983.350,42
SQ:XAUUSD,2023-11-03T02:35:00+01:00,1983.408,1983.598,1983.248,1983.580,52
SQ:XAUUSD,2023-11-03T02:36:00+01:00,1983.567,1983.680,1983.440,1983.440,29
SQ:XAUUSD,2023-11-03T02:37:00+01:00,1983.480,1983.740,1983.440,1983.700,33
SQ:XAUUSD,2023-11-03T02:38:00+01:00,1983.670,1983.700,1983.230,1983.300,32
SQ:XAUUSD,2023-11-03T02:39:00+01:00,1983.300,1983.380,1983.220,1983.220,30
SQ:XAUUSD,2023-11-03T02:40:00+01:00,1983.180,1983.370,1983.120,1983.250,26
SQ:XAUUSD,2023-11-03T02:41:00+01:00,1983.220,1983.700,1983.190,1983.680,39
SQ:XAUUSD,2023-11-03T02:42:00+01:00,1983.700,1983.850,1983.220,1983.220,50
SQ:XAUUSD,2023-11-03T02:43:00+01:00,1983.240,1983.370,1983.220,1983.240,34
SQ:XAUUSD,2023-11-03T02:44:00+01:00,1983.220,1983.570,1983.190,1983.570,39
SQ:XAUUSD,2023-11-03T02:45:00+01:00,1983.570,1983.570,1983.357,1983.357,35
SQ:XAUUSD,2023-11-03T02:46:00+01:00,1983.357,1983.570,1983.347,1983.450,29
SQ:XAUUSD,2023-11-03T02:47:00+01:00,1983.450,1983.450,1983.298,1983.360,12
SQ:XAUUSD,2023-11-03T02:48:00+01:00,1983.360,1983.470,1983.280,1983.380,27
SQ:XAUUSD,2023-11-03T02:49:00+01:00,1983.380,1983.420,1983.170,1983.190,33
SQ:XAUUSD,2023-11-03T02:50:00+01:00,1983.190,1983.310,1983.157,1983.217,45
SQ:XAUUSD,2023-11-03T02:51:00+01:00,1983.245,1983.285,1983.110,1983.278,40
SQ:XAUUSD,2023-11-03T02:52:00+01:00,1983.265,1983.365,1983.200,1983.255,32
SQ:XAUUSD,2023-11-03T02:53:00+01:00,1983.255,1983.348,1983.155,1983.348,22
SQ:XAUUSD,2023-11-03T02:54:00+01:00,1983.347,1983.455,1983.275,1983.455,40
SQ:XAUUSD,2023-11-03T02:55:00+01:00,1983.455,1983.608,1983.295,1983.295,33
SQ:XAUUSD,2023-11-03T02:56:00+01:00,1983.295,1983.477,1983.270,1983.440,29
SQ:XAUUSD,2023-11-03T02:57:00+01:00,1983.440,1983.670,1983.440,1983.610,17
SQ:XAUUSD,2023-11-03T02:58:00+01:00,1983.610,1983.790,1983.600,1983.600,20
SQ:XAUUSD,2023-11-03T02:59:00+01:00,1983.610,1983.710,1983.500,1983.700,20
SQ:XAUUSD,2023-11-03T03:00:00+01:00,1983.610,1984.130,1983.580,1983.690,58
SQ:XAUUSD,2023-11-03T03:01:00+01:00,1983.690,1983.960,1983.690,1983.760,33
SQ:XAUUSD,2023-11-03T03:02:00+01:00,1983.730,1983.790,1983.590,1983.670,17
SQ:XAUUSD,2023-11-03T03:03:00+01:00,1983.710,1983.880,1983.690,1983.780,21
SQ:XAUUSD,2023-11-03T03:04:00+01:00,1983.780,1983.850,1983.720,1983.720,23
SQ:XAUUSD,2023-11-03T03:05:00+01:00,1983.720,1983.810,1983.530,1983.680,29
SQ:XAUUSD,2023-11-03T03:06:00+01:00,1983.730,1984.040,1983.720,1984.040,37
SQ:XAUUSD,2023-11-03T03:07:00+01:00,1984.070,1984.290,1983.810,1984.010,53
SQ:XAUUSD,2023-11-03T03:08:00+01:00,1983.990,1984.150,1983.980,1984.040,26
SQ:XAUUSD,2023-11-03T03:09:00+01:00,1984.080,1984.130,1983.970,1984.050,45
SQ:XAUUSD,2023-11-03T03:10:00+01:00,1984.070,1984.080,1983.890,1983.980,30
SQ:XAUUSD,2023-11-03T03:11:00+01:00,1983.980,1984.310,1983.980,1984.260,26
SQ:XAUUSD,2023-11-03T03:12:00+01:00,1984.270,1984.340,1984.030,1984.270,43
SQ:XAUUSD,2023-11-03T03:13:00+01:00,1984.300,1984.700,1984.300,1984.680,35
SQ:XAUUSD,2023-11-03T03:14:00+01:00,1984.690,1984.840,1984.560,1984.800,46
SQ:XAUUSD,2023-11-03T03:15:00+01:00,1984.810,1985.290,1984.780,1985.000,62
SQ:XAUUSD,2023-11-03T03:16:00+01:00,1985.010,1985.280,1984.920,1984.920,61
SQ:XAUUSD,2023-11-03T03:17:00+01:00,1984.970,1985.050,1984.900,1984.950,15
SQ:XAUUSD,2023-11-03T03:18:00+01:00,1984.950,1985.040,1984.720,1984.720,26
SQ:XAUUSD,2023-11-03T03:19:00+01:00,1984.790,1984.980,1984.790,1984.800,34
SQ:XAUUSD,2023-11-03T03:20:00+01:00,1984.800,1985.100,1984.790,1985.010,29
SQ:XAUUSD,2023-11-03T03:21:00+01:00,1985.010,1985.200,1984.890,1985.080,40
SQ:XAUUSD,2023-11-03T03:22:00+01:00,1985.070,1985.190,1985.000,1985.070,40
SQ:XAUUSD,2023-11-03T03:23:00+01:00,1985.070,1985.070,1984.900,1985.020,23
SQ:XAUUSD,2023-11-03T03:24:00+01:00,1985.030,1985.070,1984.970,1985.050,8
SQ:XAUUSD,2023-11-03T03:25:00+01:00,1985.030,1985.240,1984.970,1985.120,27
SQ:XAUUSD,2023-11-03T03:26:00+01:00,1985.120,1985.130,1985.030,1985.080,12
SQ:XAUUSD,2023-11-03T03:27:00+01:00,1985.100,1985.210,1985.080,1985.080,12
SQ:XAUUSD,2023-11-03T03:28:00+01:00,1985.130,1985.320,1985.130,1985.190,19
SQ:XAUUSD,2023-11-03T03:29:00+01:00,1985.190,1985.358,1985.170,1985.358,26
SQ:XAUUSD,2023-11-03T03:30:00+01:00,1985.357,1986.017,1985.357,1985.907,34
SQ:XAUUSD,2023-11-03T03:31:00+01:00,1985.898,1985.898,1985.660,1985.790,33
SQ:XAUUSD,2023-11-03T03:32:00+01:00,1985.800,1986.220,1985.800,1986.170,57
SQ:XAUUSD,2023-11-03T03:33:00+01:00,1986.220,1986.400,1986.090,1986.340,66
SQ:XAUUSD,2023-11-03T03:34:00+01:00,1986.340,1986.690,1986.220,1986.500,68
SQ:XAUUSD,2023-11-03T03:35:00+01:00,1986.480,1986.480,1986.220,1986.335,48
SQ:XAUUSD,2023-11-03T03:36:00+01:00,1986.347,1986.550,1986.335,1986.367,42
SQ:XAUUSD,2023-11-03T03:37:00+01:00,1986.368,1986.560,1986.290,1986.500,44
SQ:XAUUSD,2023-11-03T03:38:00+01:00,1986.510,1986.877,1986.470,1986.830,49
SQ:XAUUSD,2023-11-03T03:39:00+01:00,1986.820,1987.158,1986.800,1987.070,53
SQ:XAUUSD,2023-11-03T03:40:00+01:00,1987.070,1987.080,1986.530,1986.690,53
SQ:XAUUSD,2023-11-03T03:41:00+01:00,1986.630,1986.670,1986.610,1986.630,23
SQ:XAUUSD,2023-11-03T03:42:00+01:00,1986.660,1986.830,1986.620,1986.740,34
SQ:XAUUSD,2023-11-03T03:43:00+01:00,1986.710,1986.720,1986.220,1986.330,32
SQ:XAUUSD,2023-11-03T03:44:00+01:00,1986.340,1986.340,1986.220,1986.340,23
SQ:XAUUSD,2023-11-03T03:45:00+01:00,1986.350,1986.690,1986.350,1986.640,35
SQ:XAUUSD,2023-11-03T03:46:00+01:00,1986.670,1986.670,1986.540,1986.570,12
SQ:XAUUSD,2023-11-03T03:47:00+01:00,1986.580,1986.670,1986.390,1986.470,28
SQ:XAUUSD,2023-11-03T03:48:00+01:00,1986.500,1986.520,1986.260,1986.400,22
SQ:XAUUSD,2023-11-03T03:49:00+01:00,1986.420,1986.850,1986.340,1986.810,58
SQ:XAUUSD,2023-11-03T03:50:00+01:00,1986.810,1986.950,1986.527,1986.527,59
SQ:XAUUSD,2023-11-03T03:51:00+01:00,1986.540,1986.900,1986.490,1986.740,31
SQ:XAUUSD,2023-11-03T03:52:00+01:00,1986.680,1987.460,1986.570,1987.120,52
SQ:XAUUSD,2023-11-03T03:53:00+01:00,1987.120,1987.618,1987.018,1987.095,58
SQ:XAUUSD,2023-11-03T03:54:00+01:00,1987.127,1987.477,1987.127,1987.477,93
SQ:XAUUSD,2023-11-03T03:55:00+01:00,1987.478,1987.600,1987.070,1987.390,78
SQ:XAUUSD,2023-11-03T03:56:00+01:00,1987.397,1987.470,1987.090,1987.180,49
SQ:XAUUSD,2023-11-03T03:57:00+01:00,1987.180,1987.300,1986.670,1986.900,72
SQ:XAUUSD,2023-11-03T03:58:00+01:00,1986.907,1986.950,1986.580,1986.590,46
SQ:XAUUSD,2023-11-03T03:59:00+01:00,1986.580,1987.128,1986.580,1987.100,27
SQ:XAUUSD,2023-11-03T04:00:00+01:00,1987.150,1987.220,1986.900,1986.960,45
SQ:XAUUSD,2023-11-03T04:01:00+01:00,1986.948,1986.950,1986.710,1986.750,21
SQ:XAUUSD,2023-11-03T04:02:00+01:00,1986.760,1986.820,1986.700,1986.780,16
SQ:XAUUSD,2023-11-03T04:03:00+01:00,1986.780,1986.860,1986.680,1986.820,26
SQ:XAUUSD,2023-11-03T04:04:00+01:00,1986.840,1986.880,1986.640,1986.640,26
SQ:XAUUSD,2023-11-03T04:05:00+01:00,1986.640,1986.700,1986.600,1986.600,24
SQ:XAUUSD,2023-11-03T04:06:00+01:00,1986.600,1986.690,1986.510,1986.520,24
SQ:XAUUSD,2023-11-03T04:07:00+01:00,1986.520,1986.560,1986.440,1986.468,32
SQ:XAUUSD,2023-11-03T04:08:00+01:00,1986.467,1986.560,1986.417,1986.480,48
SQ:XAUUSD,2023-11-03T04:09:00+01:00,1986.490,1986.520,1986.368,1986.400,25
SQ:XAUUSD,2023-11-03T04:10:00+01:00,1986.387,1986.500,1986.367,1986.377,24
SQ:XAUUSD,2023-11-03T04:11:00+01:00,1986.378,1986.378,1986.030,1986.067,30
SQ:XAUUSD,2023-11-03T04:12:00+01:00,1986.050,1986.077,1985.835,1986.077,65
SQ:XAUUSD,2023-11-03T04:13:00+01:00,1986.078,1986.088,1986.055,1986.078,25
SQ:XAUUSD,2023-11-03T04:14:00+01:00,1986.077,1986.157,1986.040,1986.040,21
SQ:XAUUSD,2023-11-03T04:15:00+01:00,1985.990,1986.010,1985.950,1985.960,8
SQ:XAUUSD,2023-11-03T04:16:00+01:00,1985.970,1986.107,1985.950,1986.100,13
SQ:XAUUSD,2023-11-03T04:17:00+01:00,1986.100,1986.108,1986.030,1986.060,6
SQ:XAUUSD,2023-11-03T04:18:00+01:00,1986.060,1986.300,1986.060,1986.130,28
SQ:XAUUSD,2023-11-03T04:19:00+01:00,1986.150,1986.200,1985.960,1986.010,25
SQ:XAUUSD,2023-11-03T04:20:00+01:00,1986.010,1986.160,1986.010,1986.140,10
SQ:XAUUSD,2023-11-03T04:21:00+01:00,1986.150,1986.290,1986.140,1986.210,23
SQ:XAUUSD,2023-11-03T04:22:00+01:00,1986.210,1986.330,1986.180,1986.330,18
SQ:XAUUSD,2023-11-03T04:23:00+01:00,1986.360,1986.360,1986.140,1986.140,19
SQ:XAUUSD,2023-11-03T04:24:00+01:00,1986.110,1986.260,1986.070,1986.260,11
SQ:XAUUSD,2023-11-03T04:25:00+01:00,1986.270,1986.280,1986.220,1986.270,15
SQ:XAUUSD,2023-11-03T04:26:00+01:00,1986.250,1986.250,1986.165,1986.165,9
SQ:XAUUSD,2023-11-03T04:27:00+01:00,1986.138,1986.138,1985.980,1986.040,23
SQ:XAUUSD,2023-11-03T04:28:00+01:00,1986.030,1986.040,1985.990,1986.030,11
SQ:XAUUSD,2023-11-03T04:29:00+01:00,1986.018,1986.018,1985.890,1985.898,11
SQ:XAUUSD,2023-11-03T04:30:00+01:00,1985.920,1986.020,1985.920,1986.020,15
SQ:XAUUSD,2023-11-03T04:31:00+01:00,1985.980,1985.980,1985.860,1985.878,11
SQ:XAUUSD,2023-11-03T04:32:00+01:00,1985.880,1986.000,1985.847,1985.850,27
SQ:XAUUSD,2023-11-03T04:33:00+01:00,1985.850,1986.010,1985.850,1985.960,11
SQ:XAUUSD,2023-11-03T04:34:00+01:00,1985.940,1986.130,1985.940,1986.070,12
SQ:XAUUSD,2023-11-03T04:35:00+01:00,1986.058,1986.058,1985.950,1985.958,19
SQ:XAUUSD,2023-11-03T04:36:00+01:00,1985.970,1986.075,1985.887,1985.970,16
SQ:XAUUSD,2023-11-03T04:37:00+01:00,1985.950,1985.998,1985.940,1985.990,12
SQ:XAUUSD,2023-11-03T04:38:00+01:00,1985.927,1986.010,1985.907,1985.908,16
SQ:XAUUSD,2023-11-03T04:39:00+01:00,1985.880,1986.108,1985.880,1986.100,13
SQ:XAUUSD,2023-11-03T04:40:00+01:00,1986.090,1986.090,1986.050,1986.050,6
SQ:XAUUSD,2023-11-03T04:41:00+01:00,1986.040,1986.100,1986.040,1986.090,21
SQ:XAUUSD,2023-11-03T04:42:00+01:00,1986.097,1986.150,1986.070,1986.140,13
SQ:XAUUSD,2023-11-03T04:43:00+01:00,1986.110,1986.130,1986.030,1986.108,9
SQ:XAUUSD,2023-11-03T04:44:00+01:00,1986.140,1986.160,1986.060,1986.110,13
SQ:XAUUSD,2023-11-03T04:45:00+01:00,1986.130,1986.140,1986.000,1986.000,8
SQ:XAUUSD,2023-11-03T04:46:00+01:00,1986.020,1986.020,1985.690,1985.730,11
SQ:XAUUSD,2023-11-03T04:47:00+01:00,1985.720,1985.840,1985.680,1985.840,17
SQ:XAUUSD,2023-11-03T04:48:00+01:00,1985.820,1985.867,1985.790,1985.790,12
SQ:XAUUSD,2023-11-03T04:49:00+01:00,1985.790,1985.830,1985.650,1985.770,14
SQ:XAUUSD,2023-11-03T04:50:00+01:00,1985.830,1985.840,1985.790,1985.820,4
SQ:XAUUSD,2023-11-03T04:51:00+01:00,1985.850,1985.970,1985.840,1985.910,16
SQ:XAUUSD,2023-11-03T04:52:00+01:00,1985.930,1985.930,1985.690,1985.710,18
SQ:XAUUSD,2023-11-03T04:53:00+01:00,1985.700,1985.700,1985.510,1985.550,31
SQ:XAUUSD,2023-11-03T04:54:00+01:00,1985.540,1985.540,1985.490,1985.490,6
SQ:XAUUSD,2023-11-03T04:55:00+01:00,1985.500,1985.500,1985.348,1985.348,14
SQ:XAUUSD,2023-11-03T04:56:00+01:00,1985.310,1985.340,1985.230,1985.240,15
SQ:XAUUSD,2023-11-03T04:57:00+01:00,1985.260,1985.340,1985.200,1985.290,21
SQ:XAUUSD,2023-11-03T04:58:00+01:00,1985.310,1985.310,1985.210,1985.220,5
SQ:XAUUSD,2023-11-03T04:59:00+01:00,1985.230,1985.600,1985.230,1985.570,19
SQ:XAUUSD,2023-11-03T05:00:00+01:00,1985.520,1985.600,1985.500,1985.550,11
SQ:XAUUSD,2023-11-03T05:01:00+01:00,1985.560,1985.617,1985.520,1985.617,13
SQ:XAUUSD,2023-11-03T05:02:00+01:00,1985.610,1985.910,1985.460,1985.860,34
SQ:XAUUSD,2023-11-03T05:03:00+01:00,1985.860,1986.050,1985.710,1986.050,29
SQ:XAUUSD,2023-11-03T05:04:00+01:00,1986.040,1986.230,1985.960,1986.210,41
SQ:XAUUSD,2023-11-03T05:05:00+01:00,1986.210,1986.220,1985.900,1986.010,33
SQ:XAUUSD,2023-11-03T05:06:00+01:00,1986.020,1986.020,1985.890,1985.930,16
SQ:XAUUSD,2023-11-03T05:07:00+01:00,1985.970,1986.050,1985.960,1985.990,19
SQ:XAUUSD,2023-11-03T05:08:00+01:00,1986.000,1986.000,1985.990,1985.990,2
SQ:XAUUSD,2023-11-03T05:09:00+01:00,1986.000,1986.000,1985.850,1985.910,8
SQ:XAUUSD,2023-11-03T05:10:00+01:00,1985.920,1986.100,1985.920,1986.080,16
SQ:XAUUSD,2023-11-03T05:11:00+01:00,1986.140,1986.200,1986.080,1986.150,8
SQ:XAUUSD,2023-11-03T05:12:00+01:00,1986.140,1986.370,1986.090,1986.210,29
SQ:XAUUSD,2023-11-03T05:13:00+01:00,1986.270,1986.370,1986.200,1986.370,17
SQ:XAUUSD,2023-11-03T05:14:00+01:00,1986.350,1986.350,1986.200,1986.260,22
SQ:XAUUSD,2023-11-03T05:15:00+01:00,1986.250,1986.460,1986.250,1986.330,30
SQ:XAUUSD,2023-11-03T05:16:00+01:00,1986.320,1986.347,1986.230,1986.300,20
SQ:XAUUSD,2023-11-03T05:17:00+01:00,1986.290,1986.400,1986.130,1986.130,22
SQ:XAUUSD,2023-11-03T05:18:00+01:00,1986.150,1986.260,1986.150,1986.200,10
SQ:XAUUSD,2023-11-03T05:19:00+01:00,1986.240,1986.260,1986.120,1986.210,14
SQ:XAUUSD,2023-11-03T05:20:00+01:00,1986.250,1986.260,1986.157,1986.158,9
SQ:XAUUSD,2023-11-03T05:21:00+01:00,1986.145,1986.160,1985.625,1985.698,32
SQ:XAUUSD,2023-11-03T05:22:00+01:00,1985.697,1985.780,1985.590,1985.710,30
SQ:XAUUSD,2023-11-03T05:23:00+01:00,1985.740,1985.740,1985.440,1985.570,44
SQ:XAUUSD,2023-11-03T05:24:00+01:00,1985.590,1985.855,1985.570,1985.845,29
SQ:XAUUSD,2023-11-03T05:25:00+01:00,1985.835,1986.500,1985.495,1986.168,81
SQ:XAUUSD,2023-11-03T05:26:00+01:00,1986.167,1986.597,1986.167,1986.580,48
SQ:XAUUSD,2023-11-03T05:27:00+01:00,1986.588,1986.588,1986.118,1986.118,43
SQ:XAUUSD,2023-11-03T05:28:00+01:00,1986.070,1986.070,1985.370,1985.370,42
SQ:XAUUSD,2023-11-03T05:29:00+01:00,1985.370,1985.800,1985.220,1985.490,68
SQ:XAUUSD,2023-11-03T05:30:00+01:00,1985.490,1985.770,1985.465,1985.717,95
SQ:XAUUSD,2023-11-03T05:31:00+01:00,1985.718,1985.888,1985.330,1985.888,64
SQ:XAUUSD,2023-11-03T05:32:00+01:00,1985.887,1985.887,1985.747,1985.747,11
SQ:XAUUSD,2023-11-03T05:33:00+01:00,1985.748,1985.780,1985.638,1985.638,18
SQ:XAUUSD,2023-11-03T05:34:00+01:00,1985.637,1985.690,1985.550,1985.550,9
SQ:XAUUSD,2023-11-03T05:35:00+01:00,1985.570,1985.620,1985.380,1985.400,16
SQ:XAUUSD,2023-11-03T05:36:00+01:00,1985.360,1985.520,1985.190,1985.280,24
SQ:XAUUSD,2023-11-03T05:37:00+01:00,1985.250,1985.420,1985.250,1985.368,21
SQ:XAUUSD,2023-11-03T05:38:00+01:00,1985.367,1985.647,1985.357,1985.647,17
SQ:XAUUSD,2023-11-03T05:39:00+01:00,1985.648,1985.750,1985.620,1985.640,19
SQ:XAUUSD,2023-11-03T05:40:00+01:00,1985.620,1985.840,1985.600,1985.750,12
SQ:XAUUSD,2023-11-03T05:41:00+01:00,1985.750,1985.770,1985.710,1985.770,8
SQ:XAUUSD,2023-11-03T05:42:00+01:00,1985.820,1985.840,1985.780,1985.840,7
SQ:XAUUSD,2023-11-03T05:43:00+01:00,1985.840,1985.890,1985.790,1985.790,6
SQ:XAUUSD,2023-11-03T05:44:00+01:00,1985.790,1985.840,1985.750,1985.840,6
SQ:XAUUSD,2023-11-03T05:45:00+01:00,1985.790,1985.790,1985.750,1985.750,3
SQ:XAUUSD,2023-11-03T05:46:00+01:00,1985.740,1985.830,1985.740,1985.830,2
SQ:XAUUSD,2023-11-03T05:47:00+01:00,1985.868,1986.030,1985.868,1986.030,7
SQ:XAUUSD,2023-11-03T05:48:00+01:00,1986.010,1986.020,1985.890,1986.020,13
SQ:XAUUSD,2023-11-03T05:49:00+01:00,1986.040,1986.040,1985.890,1985.890,9
SQ:XAUUSD,2023-11-03T05:50:00+01:00,1985.880,1985.907,1985.857,1985.897,10
SQ:XAUUSD,2023-11-03T05:51:00+01:00,1985.898,1985.940,1985.850,1985.850,14
SQ:XAUUSD,2023-11-03T05:52:00+01:00,1985.750,1985.850,1985.710,1985.740,9
SQ:XAUUSD,2023-11-03T05:53:00+01:00,1985.740,1985.800,1985.628,1985.800,8
SQ:XAUUSD,2023-11-03T05:54:00+01:00,1985.830,1985.830,1985.597,1985.620,19
SQ:XAUUSD,2023-11-03T05:55:00+01:00,1985.640,1985.760,1985.630,1985.730,16
SQ:XAUUSD,2023-11-03T05:56:00+01:00,1985.710,1985.740,1985.640,1985.730,16
SQ:XAUUSD,2023-11-03T05:57:00+01:00,1985.810,1985.830,1985.760,1985.760,9
SQ:XAUUSD,2023-11-03T05:58:00+01:00,1985.747,1985.810,1985.597,1985.600,12
SQ:XAUUSD,2023-11-03T05:59:00+01:00,1985.600,1985.600,1985.520,1985.548,15
SQ:XAUUSD,2023-11-03T06:00:00+01:00,1985.530,1985.600,1985.520,1985.580,19
SQ:XAUUSD,2023-11-03T06:01:00+01:00,1985.560,1985.620,1985.510,1985.510,12
SQ:XAUUSD,2023-11-03T06:02:00+01:00,1985.530,1985.690,1985.530,1985.670,10
SQ:XAUUSD,2023-11-03T06:03:00+01:00,1985.645,1985.780,1985.598,1985.620,19
SQ:XAUUSD,2023-11-03T06:04:00+01:00,1985.620,1985.620,1985.590,1985.590,6
SQ:XAUUSD,2023-11-03T06:05:00+01:00,1985.590,1985.730,1985.478,1985.730,15
SQ:XAUUSD,2023-11-03T06:06:00+01:00,1985.680,1985.700,1985.650,1985.700,10
SQ:XAUUSD,2023-11-03T06:07:00+01:00,1985.690,1985.990,1985.690,1985.990,9
SQ:XAUUSD,2023-11-03T06:08:00+01:00,1985.990,1986.077,1985.890,1985.990,19
SQ:XAUUSD,2023-11-03T06:09:00+01:00,1986.000,1986.000,1985.950,1986.000,14
SQ:XAUUSD,2023-11-03T06:10:00+01:00,1986.000,1986.000,1985.817,1985.820,13
SQ:XAUUSD,2023-11-03T06:11:00+01:00,1985.818,1985.890,1985.808,1985.847,34
SQ:XAUUSD,2023-11-03T06:12:00+01:00,1985.847,1985.847,1985.690,1985.720,13
SQ:XAUUSD,2023-11-03T06:13:00+01:00,1985.708,1985.710,1985.668,1985.690,13
SQ:XAUUSD,2023-11-03T06:14:00+01:00,1985.700,1985.730,1985.700,1985.730,3
SQ:XAUUSD,2023-11-03T06:15:00+01:00,1985.720,1986.100,1985.700,1985.930,27
SQ:XAUUSD,2023-11-03T06:16:00+01:00,1985.927,1986.087,1985.897,1986.025,19
SQ:XAUUSD,2023-11-03T06:17:00+01:00,1986.038,1986.050,1986.038,1986.038,5
SQ:XAUUSD,2023-11-03T06:18:00+01:00,1986.037,1986.037,1985.937,1986.037,6
SQ:XAUUSD,2023-11-03T06:19:00+01:00,1986.038,1986.090,1986.038,1986.090,12
SQ:XAUUSD,2023-11-03T06:20:00+01:00,1986.100,1986.237,1985.940,1986.000,15
SQ:XAUUSD,2023-11-03T06:21:00+01:00,1986.000,1986.000,1985.950,1986.000,6
SQ:XAUUSD,2023-11-03T06:22:00+01:00,1986.000,1986.000,1985.960,1985.970,8
SQ:XAUUSD,2023-11-03T06:23:00+01:00,1985.920,1985.920,1985.760,1985.760,8
SQ:XAUUSD,2023-11-03T06:24:00+01:00,1985.780,1985.780,1985.760,1985.770,7
SQ:XAUUSD,2023-11-03T06:25:00+01:00,1985.780,1985.800,1985.770,1985.770,4
SQ:XAUUSD,2023-11-03T06:26:00+01:00,1985.770,1985.770,1985.770,1985.770,1
SQ:XAUUSD,2023-11-03T06:27:00+01:00,1985.770,1985.770,1985.710,1985.710,3
SQ:XAUUSD,2023-11-03T06:28:00+01:00,1985.710,1985.910,1985.710,1985.830,12
SQ:XAUUSD,2023-11-03T06:29:00+01:00,1985.840,1985.910,1985.810,1985.900,22
SQ:XAUUSD,2023-11-03T06:30:00+01:00,1985.900,1985.960,1985.780,1985.840,30
SQ:XAUUSD,2023-11-03T06:31:00+01:00,1985.880,1985.920,1985.850,1985.860,19
SQ:XAUUSD,2023-11-03T06:32:00+01:00,1985.860,1986.090,1985.820,1986.090,20
SQ:XAUUSD,2023-11-03T06:33:00+01:00,1986.140,1986.518,1986.110,1986.500,30
SQ:XAUUSD,2023-11-03T06:34:00+01:00,1986.445,1986.657,1986.390,1986.508,49
SQ:XAUUSD,2023-11-03T06:35:00+01:00,1986.525,1986.598,1986.210,1986.220,39
SQ:XAUUSD,2023-11-03T06:36:00+01:00,1986.310,1986.520,1986.237,1986.520,30
SQ:XAUUSD,2023-11-03T06:37:00+01:00,1986.490,1986.490,1986.420,1986.420,10
SQ:XAUUSD,2023-11-03T06:38:00+01:00,1986.410,1986.430,1986.350,1986.360,10
SQ:XAUUSD,2023-11-03T06:39:00+01:00,1986.370,1986.590,1986.360,1986.540,22
SQ:XAUUSD,2023-11-03T06:40:00+01:00,1986.530,1986.530,1986.430,1986.430,14
SQ:XAUUSD,2023-11-03T06:41:00+01:00,1986.430,1986.460,1986.430,1986.430,9
SQ:XAUUSD,2023-11-03T06:42:00+01:00,1986.390,1986.440,1986.160,1986.160,28
SQ:XAUUSD,2023-11-03T06:43:00+01:00,1986.160,1986.170,1985.880,1985.880,24
SQ:XAUUSD,2023-11-03T06:44:00+01:00,1985.880,1985.990,1985.800,1985.800,16
SQ:XAUUSD,2023-11-03T06:45:00+01:00,1985.830,1986.230,1985.830,1986.220,43
SQ:XAUUSD,2023-11-03T06:46:00+01:00,1986.207,1986.427,1986.160,1986.427,28
SQ:XAUUSD,2023-11-03T06:47:00+01:00,1986.448,1986.478,1986.378,1986.468,23
SQ:XAUUSD,2023-11-03T06:48:00+01:00,1986.467,1986.530,1986.350,1986.350,18
SQ:XAUUSD,2023-11-03T06:49:00+01:00,1986.370,1986.520,1986.370,1986.430,18
SQ:XAUUSD,2023-11-03T06:50:00+01:00,1986.417,1986.530,1986.417,1986.470,13
SQ:XAUUSD,2023-11-03T06:51:00+01:00,1986.460,1986.520,1986.365,1986.520,21
SQ:XAUUSD,2023-11-03T06:52:00+01:00,1986.460,1986.557,1986.417,1986.520,17
SQ:XAUUSD,2023-11-03T06:53:00+01:00,1986.580,1986.730,1986.580,1986.638,13
SQ:XAUUSD,2023-11-03T06:54:00+01:00,1986.637,1986.647,1986.530,1986.530,18
SQ:XAUUSD,2023-11-03T06:55:00+01:00,1986.490,1986.520,1986.450,1986.520,7
SQ:XAUUSD,2023-11-03T06:56:00+01:00,1986.540,1986.900,1986.540,1986.857,19
SQ:XAUUSD,2023-11-03T06:57:00+01:00,1986.858,1987.040,1986.858,1987.040,22
SQ:XAUUSD,2023-11-03T06:58:00+01:00,1987.050,1987.050,1986.905,1986.905,20
SQ:XAUUSD,2023-11-03T06:59:00+01:00,1986.895,1986.970,1986.800,1986.878,14
SQ:XAUUSD,2023-11-03T07:00:00+01:00,1986.877,1986.980,1986.490,1986.490,41
SQ:XAUUSD,2023-11-03T07:01:00+01:00,1986.478,1986.490,1986.210,1986.260,21
SQ:XAUUSD,2023-11-03T07:02:00+01:00,1986.277,1986.510,1986.277,1986.447,24
SQ:XAUUSD,2023-11-03T07:03:00+01:00,1986.420,1986.460,1986.358,1986.460,23
SQ:XAUUSD,2023-11-03T07:04:00+01:00,1986.480,1986.490,1986.367,1986.420,16
SQ:XAUUSD,2023-11-03T07:05:00+01:00,1986.420,1986.420,1986.348,1986.408,11
SQ:XAUUSD,2023-11-03T07:06:00+01:00,1986.407,1986.580,1986.220,1986.447,28
SQ:XAUUSD,2023-11-03T07:07:00+01:00,1986.448,1986.540,1986.240,1986.250,24
SQ:XAUUSD,2023-11-03T07:08:00+01:00,1986.230,1986.230,1985.957,1985.990,35
SQ:XAUUSD,2023-11-03T07:09:00+01:00,1986.020,1986.090,1985.980,1985.990,15
SQ:XAUUSD,2023-11-03T07:10:00+01:00,1986.030,1986.070,1985.680,1985.770,33
SQ:XAUUSD,2023-11-03T07:11:00+01:00,1985.770,1985.950,1985.760,1985.940,21
SQ:XAUUSD,2023-11-03T07:12:00+01:00,1985.940,1986.030,1985.940,1986.030,6
SQ:XAUUSD,2023-11-03T07:13:00+01:00,1985.940,1986.030,1985.840,1985.940,12
SQ:XAUUSD,2023-11-03T07:14:00+01:00,1985.940,1986.430,1985.930,1986.420,22
SQ:XAUUSD,2023-11-03T07:15:00+01:00,1986.390,1986.740,1986.340,1986.648,32
SQ:XAUUSD,2023-11-03T07:16:00+01:00,1986.647,1987.195,1986.590,1987.050,65
SQ:XAUUSD,2023-11-03T07:17:00+01:00,1987.070,1987.330,1986.610,1987.090,107
SQ:XAUUSD,2023-11-03T07:18:00+01:00,1987.110,1987.307,1986.800,1986.990,74
SQ:XAUUSD,2023-11-03T07:19:00+01:00,1986.980,1987.410,1986.900,1987.030,72
SQ:XAUUSD,2023-11-03T07:20:00+01:00,1987.030,1987.220,1986.870,1987.000,68
SQ:XAUUSD,2023-11-03T07:21:00+01:00,1987.000,1987.480,1986.960,1987.210,83
SQ:XAUUSD,2023-11-03T07:22:00+01:00,1987.230,1987.450,1986.790,1987.400,89
SQ:XAUUSD,2023-11-03T07:23:00+01:00,1987.410,1987.450,1987.210,1987.230,34
SQ:XAUUSD,2023-11-03T07:24:00+01:00,1987.230,1987.310,1986.920,1986.920,28
SQ:XAUUSD,2023-11-03T07:25:00+01:00,1986.920,1987.080,1986.920,1987.030,22
SQ:XAUUSD,2023-11-03T07:26:00+01:00,1987.100,1987.110,1986.820,1986.920,16
SQ:XAUUSD,2023-11-03T07:27:00+01:00,1986.860,1987.010,1986.820,1986.880,24
SQ:XAUUSD,2023-11-03T07:28:00+01:00,1986.920,1987.010,1986.917,1986.917,15
SQ:XAUUSD,2023-11-03T07:29:00+01:00,1986.918,1986.930,1986.830,1986.850,8
SQ:XAUUSD,2023-11-03T07:30:00+01:00,1986.840,1986.900,1986.550,1986.630,17
SQ:XAUUSD,2023-11-03T07:31:00+01:00,1986.640,1986.930,1986.640,1986.840,24
SQ:XAUUSD,2023-11-03T07:32:00+01:00,1986.840,1987.120,1986.730,1987.030,26
SQ:XAUUSD,2023-11-03T07:33:00+01:00,1986.990,1987.130,1986.930,1987.040,21
SQ:XAUUSD,2023-11-03T07:34:00+01:00,1987.040,1987.040,1986.650,1986.660,12
SQ:XAUUSD,2023-11-03T07:35:00+01:00,1986.730,1986.930,1986.730,1986.840,30
SQ:XAUUSD,2023-11-03T07:36:00+01:00,1986.830,1986.930,1986.760,1986.900,12
SQ:XAUUSD,2023-11-03T07:37:00+01:00,1986.920,1986.920,1986.440,1986.550,21
SQ:XAUUSD,2023-11-03T07:38:00+01:00,1986.550,1986.647,1986.530,1986.550,17
SQ:XAUUSD,2023-11-03T07:39:00+01:00,1986.550,1986.620,1986.430,1986.480,28
SQ:XAUUSD,2023-11-03T07:40:00+01:00,1986.510,1986.677,1986.510,1986.610,22
SQ:XAUUSD,2023-11-03T07:41:00+01:00,1986.540,1987.050,1986.510,1987.050,38
SQ:XAUUSD,2023-11-03T07:42:00+01:00,1987.047,1987.160,1987.047,1987.110,13
SQ:XAUUSD,2023-11-03T07:43:00+01:00,1987.100,1987.260,1987.060,1987.250,19
SQ:XAUUSD,2023-11-03T07:44:00+01:00,1987.250,1987.260,1987.040,1987.040,22
SQ:XAUUSD,2023-11-03T07:45:00+01:00,1987.050,1987.150,1986.850,1986.950,27
SQ:XAUUSD,2023-11-03T07:46:00+01:00,1986.950,1986.950,1986.850,1986.850,13
SQ:XAUUSD,2023-11-03T07:47:00+01:00,1986.850,1986.920,1986.670,1986.858,39
SQ:XAUUSD,2023-11-03T07:48:00+01:00,1986.857,1986.890,1986.710,1986.770,26
SQ:XAUUSD,2023-11-03T07:49:00+01:00,1986.760,1986.908,1986.740,1986.840,20
SQ:XAUUSD,2023-11-03T07:50:00+01:00,1986.830,1986.890,1986.700,1986.860,20
SQ:XAUUSD,2023-11-03T07:51:00+01:00,1986.850,1987.250,1986.830,1987.248,28
SQ:XAUUSD,2023-11-03T07:52:00+01:00,1987.247,1987.360,1987.220,1987.220,30
SQ:XAUUSD,2023-11-03T07:53:00+01:00,1987.150,1987.330,1987.120,1987.330,34
SQ:XAUUSD,2023-11-03T07:54:00+01:00,1987.310,1987.460,1987.180,1987.340,41
SQ:XAUUSD,2023-11-03T07:55:00+01:00,1987.360,1987.510,1987.330,1987.510,30
SQ:XAUUSD,2023-11-03T07:56:00+01:00,1987.520,1987.938,1987.330,1987.938,43
SQ:XAUUSD,2023-11-03T07:57:00+01:00,1987.920,1988.090,1987.748,1987.800,47
SQ:XAUUSD,2023-11-03T07:58:00+01:00,1987.810,1987.910,1987.520,1987.530,46
SQ:XAUUSD,2023-11-03T07:59:00+01:00,1987.520,1987.520,1987.388,1987.397,48
SQ:XAUUSD,2023-11-03T08:00:00+01:00,1987.347,1987.555,1987.145,1987.555,49
SQ:XAUUSD,2023-11-03T08:01:00+01:00,1987.555,1987.645,1987.430,1987.545,45
SQ:XAUUSD,2023-11-03T08:02:00+01:00,1987.555,1987.625,1987.425,1987.605,61
SQ:XAUUSD,2023-11-03T08:03:00+01:00,1987.615,1987.615,1987.305,1987.305,51
SQ:XAUUSD,2023-11-03T08:04:00+01:00,1987.287,1987.365,1987.035,1987.175,56
SQ:XAUUSD,2023-11-03T08:05:00+01:00,1987.205,1987.775,1987.205,1987.635,54
SQ:XAUUSD,2023-11-03T08:06:00+01:00,1987.675,1987.675,1987.395,1987.475,32
SQ:XAUUSD,2023-11-03T08:07:00+01:00,1987.455,1987.735,1987.435,1987.655,28
SQ:XAUUSD,2023-11-03T08:08:00+01:00,1987.635,1987.675,1987.155,1987.175,53
SQ:XAUUSD,2023-11-03T08:09:00+01:00,1987.165,1987.305,1987.135,1987.235,32
SQ:XAUUSD,2023-11-03T08:10:00+01:00,1987.205,1987.205,1986.945,1987.045,37
SQ:XAUUSD,2023-11-03T08:11:00+01:00,1987.055,1987.845,1987.055,1987.845,33
SQ:XAUUSD,2023-11-03T08:12:00+01:00,1987.865,1988.235,1987.835,1988.215,42
SQ:XAUUSD,2023-11-03T08:13:00+01:00,1988.225,1988.255,1988.025,1988.065,22
SQ:XAUUSD,2023-11-03T08:14:00+01:00,1988.085,1988.125,1987.825,1987.825,25
SQ:XAUUSD,2023-11-03T08:15:00+01:00,1987.835,1988.078,1987.825,1987.905,27
SQ:XAUUSD,2023-11-03T08:16:00+01:00,1987.855,1988.145,1987.835,1987.925,56
SQ:XAUUSD,2023-11-03T08:17:00+01:00,1987.935,1988.305,1987.935,1988.305,41
SQ:XAUUSD,2023-11-03T08:18:00+01:00,1988.225,1988.245,1988.015,1988.015,51
SQ:XAUUSD,2023-11-03T08:19:00+01:00,1988.055,1988.315,1987.915,1988.255,50
SQ:XAUUSD,2023-11-03T08:20:00+01:00,1988.215,1988.445,1988.215,1988.405,38
SQ:XAUUSD,2023-11-03T08:21:00+01:00,1988.415,1988.625,1988.395,1988.567,36
SQ:XAUUSD,2023-11-03T08:22:00+01:00,1988.615,1988.745,1988.535,1988.745,63
SQ:XAUUSD,2023-11-03T08:23:00+01:00,1988.735,1988.755,1988.545,1988.685,45
SQ:XAUUSD,2023-11-03T08:24:00+01:00,1988.675,1988.815,1988.525,1988.755,45
SQ:XAUUSD,2023-11-03T08:25:00+01:00,1988.795,1988.805,1988.435,1988.495,45
SQ:XAUUSD,2023-11-03T08:26:00+01:00,1988.535,1988.635,1987.905,1987.947,91
SQ:XAUUSD,2023-11-03T08:27:00+01:00,1987.948,1988.005,1987.318,1987.318,51
SQ:XAUUSD,2023-11-03T08:28:00+01:00,1987.317,1987.765,1987.140,1987.727,88
SQ:XAUUSD,2023-11-03T08:29:00+01:00,1987.728,1987.928,1987.090,1987.625,106
SQ:XAUUSD,2023-11-03T08:30:00+01:00,1987.635,1987.725,1987.215,1987.540,79
SQ:XAUUSD,2023-11-03T08:31:00+01:00,1987.528,1987.678,1987.175,1987.385,74
SQ:XAUUSD,2023-11-03T08:32:00+01:00,1987.417,1987.625,1987.277,1987.410,38
SQ:XAUUSD,2023-11-03T08:33:00+01:00,1987.415,1987.825,1987.415,1987.528,52
SQ:XAUUSD,2023-11-03T08:34:00+01:00,1987.565,1987.947,1987.565,1987.805,33
SQ:XAUUSD,2023-11-03T08:35:00+01:00,1987.800,1987.900,1987.685,1987.798,48
SQ:XAUUSD,2023-11-03T08:36:00+01:00,1987.797,1988.077,1987.735,1987.915,51
SQ:XAUUSD,2023-11-03T08:37:00+01:00,1987.915,1988.005,1987.905,1987.905,22
SQ:XAUUSD,2023-11-03T08:38:00+01:00,1987.905,1988.267,1987.895,1988.185,43
SQ:XAUUSD,2023-11-03T08:39:00+01:00,1988.185,1988.395,1988.135,1988.165,49
SQ:XAUUSD,2023-11-03T08:40:00+01:00,1988.075,1988.075,1987.700,1987.765,41
SQ:XAUUSD,2023-11-03T08:41:00+01:00,1987.780,1987.830,1987.535,1987.585,58
SQ:XAUUSD,2023-11-03T08:42:00+01:00,1987.545,1987.587,1986.525,1986.577,67
SQ:XAUUSD,2023-11-03T08:43:00+01:00,1986.578,1987.080,1986.425,1987.035,50
SQ:XAUUSD,2023-11-03T08:44:00+01:00,1987.045,1987.085,1986.675,1986.887,47
SQ:XAUUSD,2023-11-03T08:45:00+01:00,1986.885,1986.910,1986.575,1986.675,24
SQ:XAUUSD,2023-11-03T08:46:00+01:00,1986.775,1987.025,1984.290,1984.670,111
SQ:XAUUSD,2023-11-03T08:47:00+01:00,1984.688,1988.950,1984.688,1987.210,263
SQ:XAUUSD,2023-11-03T08:48:00+01:00,1987.210,1987.467,1986.765,1986.797,92
SQ:XAUUSD,2023-11-03T08:49:00+01:00,1986.778,1987.435,1986.765,1986.950,133
SQ:XAUUSD,2023-11-03T08:50:00+01:00,1987.005,1987.180,1986.327,1986.400,105
SQ:XAUUSD,2023-11-03T08:51:00+01:00,1986.348,1986.625,1986.208,1986.495,62
SQ:XAUUSD,2023-11-03T08:52:00+01:00,1986.525,1986.615,1986.325,1986.515,33
SQ:XAUUSD,2023-11-03T08:53:00+01:00,1986.445,1986.568,1986.068,1986.068,29
SQ:XAUUSD,2023-11-03T08:54:00+01:00,1986.097,1986.285,1986.085,1986.090,58
SQ:XAUUSD,2023-11-03T08:55:00+01:00,1986.108,1986.518,1986.080,1986.485,70
SQ:XAUUSD,2023-11-03T08:56:00+01:00,1986.517,1986.517,1986.145,1986.245,56
SQ:XAUUSD,2023-11-03T08:57:00+01:00,1986.280,1986.340,1986.035,1986.135,56
SQ:XAUUSD,2023-11-03T08:58:00+01:00,1986.145,1986.355,1985.895,1986.355,45
SQ:XAUUSD,2023-11-03T08:59:00+01:00,1986.295,1986.380,1986.285,1986.285,24
SQ:XAUUSD,2023-11-03T09:00:00+01:00,1986.185,1986.785,1985.885,1986.475,86
SQ:XAUUSD,2023-11-03T09:01:00+01:00,1986.495,1986.930,1986.495,1986.818,48
SQ:XAUUSD,2023-11-03T09:02:00+01:00,1986.795,1986.947,1986.577,1986.805,59
SQ:XAUUSD,2023-11-03T09:03:00+01:00,1986.805,1986.905,1986.205,1986.505,45
SQ:XAUUSD,2023-11-03T09:04:00+01:00,1986.405,1986.505,1986.215,1986.415,23
SQ:XAUUSD,2023-11-03T09:05:00+01:00,1986.460,1987.395,1986.458,1987.305,59
SQ:XAUUSD,2023-11-03T09:06:00+01:00,1987.295,1987.720,1987.235,1987.588,76
SQ:XAUUSD,2023-11-03T09:07:00+01:00,1987.568,1987.615,1987.255,1987.415,54
SQ:XAUUSD,2023-11-03T09:08:00+01:00,1987.425,1987.515,1987.035,1987.235,56
SQ:XAUUSD,2023-11-03T09:09:00+01:00,1987.235,1987.415,1987.035,1987.405,50
SQ:XAUUSD,2023-11-03T09:10:00+01:00,1987.370,1987.625,1987.225,1987.578,54
SQ:XAUUSD,2023-11-03T09:11:00+01:00,1987.578,1987.915,1987.578,1987.705,44
SQ:XAUUSD,2023-11-03T09:12:00+01:00,1987.657,1987.945,1987.645,1987.935,58
SQ:XAUUSD,2023-11-03T09:13:00+01:00,1987.960,1988.245,1987.845,1988.135,65
SQ:XAUUSD,2023-11-03T09:14:00+01:00,1988.145,1988.145,1987.895,1987.955,29
SQ:XAUUSD,2023-11-03T09:15:00+01:00,1987.855,1987.855,1987.655,1987.818,30
SQ:XAUUSD,2023-11-03T09:16:00+01:00,1987.837,1987.837,1987.335,1987.475,74
SQ:XAUUSD,2023-11-03T09:17:00+01:00,1987.485,1987.915,1987.455,1987.695,51
SQ:XAUUSD,2023-11-03T09:18:00+01:00,1987.635,1987.705,1987.325,1987.345,40
SQ:XAUUSD,2023-11-03T09:19:00+01:00,1987.365,1987.375,1986.755,1987.025,64
SQ:XAUUSD,2023-11-03T09:20:00+01:00,1986.935,1987.025,1986.815,1986.925,14
SQ:XAUUSD,2023-11-03T09:21:00+01:00,1986.935,1987.125,1986.825,1986.825,20
SQ:XAUUSD,2023-11-03T09:22:00+01:00,1986.825,1987.217,1986.815,1987.115,40
SQ:XAUUSD,2023-11-03T09:23:00+01:00,1987.115,1987.115,1986.935,1987.105,38
SQ:XAUUSD,2023-11-03T09:24:00+01:00,1987.067,1987.105,1986.767,1986.867,36
SQ:XAUUSD,2023-11-03T09:25:00+01:00,1986.868,1987.005,1986.805,1987.005,16
SQ:XAUUSD,2023-11-03T09:26:00+01:00,1986.915,1987.005,1986.865,1986.905,30
SQ:XAUUSD,2023-11-03T09:27:00+01:00,1986.868,1987.005,1986.645,1986.725,34
SQ:XAUUSD,2023-11-03T09:28:00+01:00,1986.740,1986.945,1986.705,1986.857,32
SQ:XAUUSD,2023-11-03T09:29:00+01:00,1986.858,1987.005,1986.805,1987.005,29
SQ:XAUUSD,2023-11-03T09:30:00+01:00,1986.905,1986.915,1986.655,1986.655,33
SQ:XAUUSD,2023-11-03T09:31:00+01:00,1986.605,1986.685,1986.535,1986.535,25
SQ:XAUUSD,2023-11-03T09:32:00+01:00,1986.555,1986.735,1986.465,1986.717,60
SQ:XAUUSD,2023-11-03T09:33:00+01:00,1986.735,1986.745,1986.090,1986.140,50
SQ:XAUUSD,2023-11-03T09:34:00+01:00,1986.180,1986.765,1986.125,1986.765,67
SQ:XAUUSD,2023-11-03T09:35:00+01:00,1986.770,1986.780,1986.455,1986.685,64
SQ:XAUUSD,2023-11-03T09:36:00+01:00,1986.675,1987.075,1986.665,1986.975,49
SQ:XAUUSD,2023-11-03T09:37:00+01:00,1986.945,1987.285,1986.848,1987.285,42
SQ:XAUUSD,2023-11-03T09:38:00+01:00,1987.305,1987.675,1987.285,1987.285,38
SQ:XAUUSD,2023-11-03T09:39:00+01:00,1987.235,1987.255,1986.975,1987.065,38
SQ:XAUUSD,2023-11-03T09:40:00+01:00,1987.065,1987.075,1986.865,1986.865,23
SQ:XAUUSD,2023-11-03T09:41:00+01:00,1986.828,1987.065,1986.665,1986.855,45
SQ:XAUUSD,2023-11-03T09:42:00+01:00,1986.855,1987.455,1986.755,1987.425,47
SQ:XAUUSD,2023-11-03T09:43:00+01:00,1987.455,1987.955,1987.408,1987.907,42
SQ:XAUUSD,2023-11-03T09:44:00+01:00,1987.855,1987.907,1987.755,1987.755,33
SQ:XAUUSD,2023-11-03T09:45:00+01:00,1987.755,1987.755,1987.555,1987.705,36
SQ:XAUUSD,2023-11-03T09:46:00+01:00,1987.725,1987.965,1987.565,1987.565,49
SQ:XAUUSD,2023-11-03T09:47:00+01:00,1987.525,1987.718,1987.365,1987.665,37
SQ:XAUUSD,2023-11-03T09:48:00+01:00,1987.765,1987.985,1987.337,1987.375,41
SQ:XAUUSD,2023-11-03T09:49:00+01:00,1987.385,1987.575,1987.365,1987.565,29
SQ:XAUUSD,2023-11-03T09:50:00+01:00,1987.555,1987.875,1987.555,1987.875,31
SQ:XAUUSD,2023-11-03T09:51:00+01:00,1987.878,1987.878,1987.785,1987.845,28
SQ:XAUUSD,2023-11-03T09:52:00+01:00,1987.855,1988.230,1987.785,1988.230,56
SQ:XAUUSD,2023-11-03T09:53:00+01:00,1988.285,1988.795,1988.155,1988.708,69
SQ:XAUUSD,2023-11-03T09:54:00+01:00,1988.707,1988.907,1988.577,1988.707,69
SQ:XAUUSD,2023-11-03T09:55:00+01:00,1988.708,1988.708,1988.215,1988.380,93
SQ:XAUUSD,2023-11-03T09:56:00+01:00,1988.375,1988.607,1988.230,1988.430,66
SQ:XAUUSD,2023-11-03T09:57:00+01:00,1988.498,1988.498,1988.245,1988.345,59
SQ:XAUUSD,2023-11-03T09:58:00+01:00,1988.355,1988.505,1988.250,1988.255,70
SQ:XAUUSD,2023-11-03T09:59:00+01:00,1988.215,1988.495,1988.215,1988.305,74
SQ:XAUUSD,2023-11-03T10:00:00+01:00,1988.240,1988.575,1988.040,1988.355,127
SQ:XAUUSD,2023-11-03T10:01:00+01:00,1988.365,1989.280,1988.265,1989.157,138
SQ:XAUUSD,2023-11-03T10:02:00+01:00,1989.107,1989.510,1988.940,1989.045,157
SQ:XAUUSD,2023-11-03T10:03:00+01:00,1989.070,1989.480,1988.985,1989.398,71
SQ:XAUUSD,2023-11-03T10:04:00+01:00,1989.397,1989.565,1989.355,1989.420,56
SQ:XAUUSD,2023-11-03T10:05:00+01:00,1989.405,1989.730,1989.405,1989.630,73
SQ:XAUUSD,2023-11-03T10:06:00+01:00,1989.650,1989.690,1988.850,1988.915,88
SQ:XAUUSD,2023-11-03T10:07:00+01:00,1988.935,1989.135,1988.705,1988.925,91
SQ:XAUUSD,2023-11-03T10:08:00+01:00,1988.915,1988.950,1988.725,1988.925,74
SQ:XAUUSD,2023-11-03T10:09:00+01:00,1988.865,1988.935,1988.608,1988.835,41
SQ:XAUUSD,2023-11-03T10:10:00+01:00,1988.745,1988.877,1988.538,1988.538,50
SQ:XAUUSD,2023-11-03T10:11:00+01:00,1988.545,1989.095,1988.498,1989.095,57
SQ:XAUUSD,2023-11-03T10:12:00+01:00,1989.095,1989.145,1988.797,1988.908,43
SQ:XAUUSD,2023-11-03T10:13:00+01:00,1988.910,1989.008,1988.855,1988.908,53
SQ:XAUUSD,2023-11-03T10:14:00+01:00,1988.907,1989.285,1988.807,1989.195,57
SQ:XAUUSD,2023-11-03T10:15:00+01:00,1989.298,1989.785,1989.185,1989.637,91
SQ:XAUUSD,2023-11-03T10:16:00+01:00,1989.635,1989.845,1989.565,1989.785,49
SQ:XAUUSD,2023-11-03T10:17:00+01:00,1989.785,1990.048,1989.700,1989.745,67
SQ:XAUUSD,2023-11-03T10:18:00+01:00,1989.725,1989.760,1989.315,1989.335,77
SQ:XAUUSD,2023-11-03T10:19:00+01:00,1989.345,1989.440,1989.115,1989.325,49
SQ:XAUUSD,2023-11-03T10:20:00+01:00,1989.305,1989.325,1988.925,1988.945,52
SQ:XAUUSD,2023-11-03T10:21:00+01:00,1988.950,1989.308,1988.950,1989.065,70
SQ:XAUUSD,2023-11-03T10:22:00+01:00,1989.005,1989.165,1988.875,1988.875,46
SQ:XAUUSD,2023-11-03T10:23:00+01:00,1988.885,1989.200,1988.775,1988.775,58
SQ:XAUUSD,2023-11-03T10:24:00+01:00,1988.775,1989.145,1988.585,1989.087,49
SQ:XAUUSD,2023-11-03T10:25:00+01:00,1989.088,1989.165,1988.910,1988.920,51
SQ:XAUUSD,2023-11-03T10:26:00+01:00,1988.895,1989.455,1988.860,1989.275,57
SQ:XAUUSD,2023-11-03T10:27:00+01:00,1989.275,1989.520,1989.155,1989.455,32
SQ:XAUUSD,2023-11-03T10:28:00+01:00,1989.455,1989.455,1989.155,1989.155,29
SQ:XAUUSD,2023-11-03T10:29:00+01:00,1989.155,1989.155,1988.945,1989.065,15
SQ:XAUUSD,2023-11-03T10:30:00+01:00,1989.075,1989.435,1989.045,1989.435,50
SQ:XAUUSD,2023-11-03T10:31:00+01:00,1989.435,1989.445,1989.187,1989.187,16
SQ:XAUUSD,2023-11-03T10:32:00+01:00,1989.175,1989.235,1988.935,1989.045,45
SQ:XAUUSD,2023-11-03T10:33:00+01:00,1989.035,1989.135,1988.625,1988.665,94
SQ:XAUUSD,2023-11-03T10:34:00+01:00,1988.685,1988.915,1988.575,1988.605,96
SQ:XAUUSD,2023-11-03T10:35:00+01:00,1988.608,1988.840,1988.605,1988.705,48
SQ:XAUUSD,2023-11-03T10:36:00+01:00,1988.715,1988.885,1988.695,1988.845,53
SQ:XAUUSD,2023-11-03T10:37:00+01:00,1988.845,1989.180,1988.805,1988.805,74
SQ:XAUUSD,2023-11-03T10:38:00+01:00,1988.795,1988.945,1988.795,1988.855,36
SQ:XAUUSD,2023-11-03T10:39:00+01:00,1988.825,1989.035,1988.725,1989.025,28
SQ:XAUUSD,2023-11-03T10:40:00+01:00,1989.027,1989.105,1988.835,1988.835,31
SQ:XAUUSD,2023-11-03T10:41:00+01:00,1988.835,1989.245,1988.825,1989.095,42
SQ:XAUUSD,2023-11-03T10:42:00+01:00,1989.130,1989.285,1989.115,1989.115,32
SQ:XAUUSD,2023-11-03T10:43:00+01:00,1989.125,1989.325,1989.095,1989.235,25
SQ:XAUUSD,2023-11-03T10:44:00+01:00,1989.225,1989.525,1989.215,1989.525,26
SQ:XAUUSD,2023-11-03T10:45:00+01:00,1989.525,1989.525,1989.145,1989.305,67
SQ:XAUUSD,2023-11-03T10:46:00+01:00,1989.295,1989.315,1989.165,1989.215,67
SQ:XAUUSD,2023-11-03T10:47:00+01:00,1989.215,1989.420,1988.895,1989.375,56
SQ:XAUUSD,2023-11-03T10:48:00+01:00,1989.315,1989.375,1989.155,1989.175,22
SQ:XAUUSD,2023-11-03T10:49:00+01:00,1989.145,1989.225,1989.005,1989.005,43
SQ:XAUUSD,2023-11-03T10:50:00+01:00,1989.005,1989.350,1988.615,1989.175,119
SQ:XAUUSD,2023-11-03T10:51:00+01:00,1989.185,1989.410,1989.185,1989.400,69
SQ:XAUUSD,2023-11-03T10:52:00+01:00,1989.365,1989.500,1989.265,1989.355,64
SQ:XAUUSD,2023-11-03T10:53:00+01:00,1989.375,1989.785,1989.375,1989.545,55
SQ:XAUUSD,2023-11-03T10:54:00+01:00,1989.555,1989.860,1989.525,1989.720,75
SQ:XAUUSD,2023-11-03T10:55:00+01:00,1989.735,1989.895,1989.525,1989.605,54
SQ:XAUUSD,2023-11-03T10:56:00+01:00,1989.535,1989.635,1989.245,1989.335,44
SQ:XAUUSD,2023-11-03T10:57:00+01:00,1989.365,1989.365,1988.980,1989.020,54
SQ:XAUUSD,2023-11-03T10:58:00+01:00,1989.040,1989.185,1989.035,1989.127,53
SQ:XAUUSD,2023-11-03T10:59:00+01:00,1989.128,1989.170,1988.788,1988.815,48
SQ:XAUUSD,2023-11-03T11:00:00+01:00,1988.805,1988.867,1988.570,1988.850,57
SQ:XAUUSD,2023-11-03T11:01:00+01:00,1988.870,1989.130,1988.790,1989.110,52
SQ:XAUUSD,2023-11-03T11:02:00+01:00,1989.100,1989.127,1988.935,1989.085,44
SQ:XAUUSD,2023-11-03T11:03:00+01:00,1989.095,1989.205,1989.005,1989.205,34
SQ:XAUUSD,2023-11-03T11:04:00+01:00,1989.220,1989.267,1988.725,1989.150,111
SQ:XAUUSD,2023-11-03T11:05:00+01:00,1989.155,1989.415,1988.915,1989.328,78
SQ:XAUUSD,2023-11-03T11:06:00+01:00,1989.327,1989.405,1988.975,1989.027,80
SQ:XAUUSD,2023-11-03T11:07:00+01:00,1989.028,1989.375,1988.985,1989.085,65
SQ:XAUUSD,2023-11-03T11:08:00+01:00,1989.127,1989.355,1989.040,1989.288,92
SQ:XAUUSD,2023-11-03T11:09:00+01:00,1989.285,1989.545,1989.175,1989.235,74
SQ:XAUUSD,2023-11-03T11:10:00+01:00,1989.047,1989.297,1988.820,1989.247,100
SQ:XAUUSD,2023-11-03T11:11:00+01:00,1989.235,1989.278,1989.140,1989.230,32
SQ:XAUUSD,2023-11-03T11:12:00+01:00,1989.217,1989.237,1989.090,1989.225,49
SQ:XAUUSD,2023-11-03T11:13:00+01:00,1989.228,1989.345,1989.065,1989.235,53
SQ:XAUUSD,2023-11-03T11:14:00+01:00,1989.255,1989.355,1989.057,1989.175,45
SQ:XAUUSD,2023-11-03T11:15:00+01:00,1989.145,1989.268,1988.875,1989.015,58
SQ:XAUUSD,2023-11-03T11:16:00+01:00,1989.010,1989.050,1988.920,1988.920,52
SQ:XAUUSD,2023-11-03T11:17:00+01:00,1988.940,1989.160,1988.890,1989.060,67
SQ:XAUUSD,2023-11-03T11:18:00+01:00,1988.965,1989.160,1988.965,1989.140,28
SQ:XAUUSD,2023-11-03T11:19:00+01:00,1989.065,1989.240,1988.940,1989.040,34
SQ:XAUUSD,2023-11-03T11:20:00+01:00,1989.025,1989.060,1988.725,1988.785,32
SQ:XAUUSD,2023-11-03T11:21:00+01:00,1988.795,1988.818,1988.465,1988.518,40
SQ:XAUUSD,2023-11-03T11:22:00+01:00,1988.517,1988.555,1988.165,1988.280,26
SQ:XAUUSD,2023-11-03T11:23:00+01:00,1988.325,1988.328,1988.115,1988.245,45
SQ:XAUUSD,2023-11-03T11:24:00+01:00,1988.245,1988.475,1988.145,1988.435,53
SQ:XAUUSD,2023-11-03T11:25:00+01:00,1988.455,1988.495,1988.345,1988.435,43
SQ:XAUUSD,2023-11-03T11:26:00+01:00,1988.455,1988.505,1988.295,1988.305,50
SQ:XAUUSD,2023-11-03T11:27:00+01:00,1988.290,1988.290,1988.055,1988.130,57
SQ:XAUUSD,2023-11-03T11:28:00+01:00,1988.130,1988.380,1988.040,1988.220,56
SQ:XAUUSD,2023-11-03T11:29:00+01:00,1988.220,1988.220,1987.765,1987.800,35
SQ:XAUUSD,2023-11-03T11:30:00+01:00,1987.780,1988.060,1987.755,1987.980,66
SQ:XAUUSD,2023-11-03T11:31:00+01:00,1987.970,1988.205,1987.970,1988.020,56
SQ:XAUUSD,2023-11-03T11:32:00+01:00,1988.075,1988.135,1987.505,1987.760,66
SQ:XAUUSD,2023-11-03T11:33:00+01:00,1987.740,1987.860,1987.705,1987.705,52
SQ:XAUUSD,2023-11-03T11:34:00+01:00,1987.710,1987.760,1987.495,1987.495,61
SQ:XAUUSD,2023-11-03T11:35:00+01:00,1987.520,1987.520,1987.125,1987.375,72
SQ:XAUUSD,2023-11-03T11:36:00+01:00,1987.395,1987.585,1987.285,1987.495,50
SQ:XAUUSD,2023-11-03T11:37:00+01:00,1987.500,1987.525,1987.375,1987.385,53
SQ:XAUUSD,2023-11-03T11:38:00+01:00,1987.395,1987.495,1987.375,1987.425,45
SQ:XAUUSD,2023-11-03T11:39:00+01:00,1987.415,1987.425,1987.245,1987.265,35
SQ:XAUUSD,2023-11-03T11:40:00+01:00,1987.255,1987.265,1986.955,1986.995,54
SQ:XAUUSD,2023-11-03T11:41:00+01:00,1987.008,1987.155,1986.955,1987.105,42
SQ:XAUUSD,2023-11-03T11:42:00+01:00,1987.085,1987.085,1986.865,1986.980,55
SQ:XAUUSD,2023-11-03T11:43:00+01:00,1986.990,1987.075,1986.990,1986.995,35
SQ:XAUUSD,2023-11-03T11:44:00+01:00,1986.985,1987.165,1986.975,1987.165,39
SQ:XAUUSD,2023-11-03T11:45:00+01:00,1987.175,1987.175,1986.975,1986.975,41
SQ:XAUUSD,2023-11-03T11:46:00+01:00,1986.975,1986.975,1986.775,1986.945,35
SQ:XAUUSD,2023-11-03T11:47:00+01:00,1986.935,1987.075,1986.885,1987.045,39
SQ:XAUUSD,2023-11-03T11:48:00+01:00,1987.075,1987.105,1986.885,1986.895,39
SQ:XAUUSD,2023-11-03T11:49:00+01:00,1986.905,1986.985,1986.885,1986.895,17
SQ:XAUUSD,2023-11-03T11:50:00+01:00,1986.895,1987.085,1986.885,1987.085,19
SQ:XAUUSD,2023-11-03T11:51:00+01:00,1987.065,1987.195,1987.045,1987.185,45
SQ:XAUUSD,2023-11-03T11:52:00+01:00,1987.205,1987.520,1987.175,1987.450,39
SQ:XAUUSD,2023-11-03T11:53:00+01:00,1987.450,1987.615,1987.410,1987.550,57
SQ:XAUUSD,2023-11-03T11:54:00+01:00,1987.530,1987.980,1987.515,1987.980,25
SQ:XAUUSD,2023-11-03T11:55:00+01:00,1987.935,1988.210,1987.720,1987.720,47
SQ:XAUUSD,2023-11-03T11:56:00+01:00,1987.705,1987.967,1987.705,1987.815,29
SQ:XAUUSD,2023-11-03T11:57:00+01:00,1987.815,1988.005,1987.815,1987.910,37
SQ:XAUUSD,2023-11-03T11:58:00+01:00,1987.910,1988.230,1987.875,1988.230,28
SQ:XAUUSD,2023-11-03T11:59:00+01:00,1988.220,1988.230,1988.010,1988.077,26
SQ:XAUUSD,2023-11-03T12:00:00+01:00,1988.045,1988.410,1988.040,1988.385,60
SQ:XAUUSD,2023-11-03T12:01:00+01:00,1988.375,1988.385,1988.125,1988.185,31
SQ:XAUUSD,2023-11-03T12:02:00+01:00,1988.180,1988.185,1988.085,1988.165,10
SQ:XAUUSD,2023-11-03T12:03:00+01:00,1988.185,1988.185,1987.925,1988.025,33
SQ:XAUUSD,2023-11-03T12:04:00+01:00,1988.075,1988.230,1988.075,1988.230,13
SQ:XAUUSD,2023-11-03T12:05:00+01:00,1988.195,1988.195,1987.895,1987.935,37
SQ:XAUUSD,2023-11-03T12:06:00+01:00,1987.925,1987.990,1987.275,1987.275,45
SQ:XAUUSD,2023-11-03T12:07:00+01:00,1987.325,1987.415,1987.175,1987.385,25
SQ:XAUUSD,2023-11-03T12:08:00+01:00,1987.395,1987.585,1987.385,1987.575,27
SQ:XAUUSD,2023-11-03T12:09:00+01:00,1987.585,1987.585,1987.375,1987.385,33
SQ:XAUUSD,2023-11-03T12:10:00+01:00,1987.385,1987.515,1987.385,1987.515,16
SQ:XAUUSD,2023-11-03T12:11:00+01:00,1987.518,1987.525,1987.275,1987.285,27
SQ:XAUUSD,2023-11-03T12:12:00+01:00,1987.285,1987.285,1987.185,1987.285,18
SQ:XAUUSD,2023-11-03T12:13:00+01:00,1987.280,1987.285,1987.175,1987.185,14
SQ:XAUUSD,2023-11-03T12:14:00+01:00,1987.085,1987.285,1987.085,1987.175,23
SQ:XAUUSD,2023-11-03T12:15:00+01:00,1987.105,1987.375,1987.105,1987.375,20
SQ:XAUUSD,2023-11-03T12:16:00+01:00,1987.335,1987.675,1987.315,1987.645,32
SQ:XAUUSD,2023-11-03T12:17:00+01:00,1987.675,1987.675,1987.465,1987.480,18
SQ:XAUUSD,2023-11-03T12:18:00+01:00,1987.475,1987.485,1987.275,1987.480,39
SQ:XAUUSD,2023-11-03T12:19:00+01:00,1987.415,1987.870,1987.400,1987.780,59
SQ:XAUUSD,2023-11-03T12:20:00+01:00,1987.785,1987.797,1987.535,1987.665,33
SQ:XAUUSD,2023-11-03T12:21:00+01:00,1987.615,1987.665,1987.175,1987.175,32
SQ:XAUUSD,2023-11-03T12:22:00+01:00,1987.175,1987.315,1986.995,1986.995,41
SQ:XAUUSD,2023-11-03T12:23:00+01:00,1987.005,1987.065,1986.715,1986.975,54
SQ:XAUUSD,2023-11-03T12:24:00+01:00,1986.985,1987.180,1986.975,1987.165,47
SQ:XAUUSD,2023-11-03T12:25:00+01:00,1987.180,1987.445,1987.180,1987.355,33
SQ:XAUUSD,2023-11-03T12:26:00+01:00,1987.370,1987.455,1987.370,1987.450,11
SQ:XAUUSD,2023-11-03T12:27:00+01:00,1987.460,1987.560,1987.450,1987.555,39
SQ:XAUUSD,2023-11-03T12:28:00+01:00,1987.505,1987.875,1987.500,1987.850,34
SQ:XAUUSD,2023-11-03T12:29:00+01:00,1987.865,1988.090,1987.760,1988.090,56
SQ:XAUUSD,2023-11-03T12:30:00+01:00,1988.080,1988.100,1987.600,1987.700,49
SQ:XAUUSD,2023-11-03T12:31:00+01:00,1987.710,1987.730,1987.395,1987.515,39
SQ:XAUUSD,2023-11-03T12:32:00+01:00,1987.517,1987.640,1987.315,1987.490,42
SQ:XAUUSD,2023-11-03T12:33:00+01:00,1987.500,1987.500,1987.328,1987.480,55
SQ:XAUUSD,2023-11-03T12:34:00+01:00,1987.470,1987.870,1987.470,1987.695,43
SQ:XAUUSD,2023-11-03T12:35:00+01:00,1987.745,1987.860,1987.535,1987.565,41
SQ:XAUUSD,2023-11-03T12:36:00+01:00,1987.565,1987.585,1987.365,1987.537,43
SQ:XAUUSD,2023-11-03T12:37:00+01:00,1987.535,1987.535,1986.955,1987.065,48
SQ:XAUUSD,2023-11-03T12:38:00+01:00,1987.155,1987.165,1986.865,1987.005,40
SQ:XAUUSD,2023-11-03T12:39:00+01:00,1986.965,1987.125,1986.785,1987.115,57
SQ:XAUUSD,2023-11-03T12:40:00+01:00,1987.065,1987.165,1986.915,1987.095,49
SQ:XAUUSD,2023-11-03T12:41:00+01:00,1987.115,1987.265,1987.065,1987.085,61
SQ:XAUUSD,2023-11-03T12:42:00+01:00,1987.075,1987.255,1986.955,1987.055,44
SQ:XAUUSD,2023-11-03T12:43:00+01:00,1986.995,1987.355,1986.855,1987.285,39
SQ:XAUUSD,2023-11-03T12:44:00+01:00,1987.285,1987.650,1987.055,1987.555,55
SQ:XAUUSD,2023-11-03T12:45:00+01:00,1987.545,1987.940,1987.515,1987.545,53
SQ:XAUUSD,2023-11-03T12:46:00+01:00,1987.505,1987.795,1987.505,1987.750,53
SQ:XAUUSD,2023-11-03T12:47:00+01:00,1987.755,1987.825,1987.565,1987.825,49
SQ:XAUUSD,2023-11-03T12:48:00+01:00,1987.850,1987.875,1987.425,1987.725,51
SQ:XAUUSD,2023-11-03T12:49:00+01:00,1987.685,1987.835,1987.555,1987.735,42
SQ:XAUUSD,2023-11-03T12:50:00+01:00,1987.745,1988.105,1987.715,1988.015,46
SQ:XAUUSD,2023-11-03T12:51:00+01:00,1988.015,1988.260,1988.015,1988.215,70
SQ:XAUUSD,2023-11-03T12:52:00+01:00,1988.175,1988.415,1987.825,1987.915,58
SQ:XAUUSD,2023-11-03T12:53:00+01:00,1987.925,1987.935,1987.725,1987.775,29
SQ:XAUUSD,2023-11-03T12:54:00+01:00,1987.825,1987.865,1987.445,1987.555,52
SQ:XAUUSD,2023-11-03T12:55:00+01:00,1987.605,1987.735,1987.505,1987.635,37
SQ:XAUUSD,2023-11-03T12:56:00+01:00,1987.635,1987.735,1987.545,1987.605,52
SQ:XAUUSD,2023-11-03T12:57:00+01:00,1987.595,1987.865,1987.535,1987.855,41
SQ:XAUUSD,2023-11-03T12:58:00+01:00,1987.865,1987.935,1987.735,1987.805,36
SQ:XAUUSD,2023-11-03T12:59:00+01:00,1987.745,1987.805,1987.360,1987.405,29
SQ:XAUUSD,2023-11-03T13:00:00+01:00,1987.450,1987.550,1987.165,1987.475,110
SQ:XAUUSD,2023-11-03T13:01:00+01:00,1987.468,1987.555,1987.228,1987.238,91
SQ:XAUUSD,2023-11-03T13:02:00+01:00,1987.237,1987.635,1987.157,1987.315,94
SQ:XAUUSD,2023-11-03T13:03:00+01:00,1987.325,1987.825,1987.325,1987.725,51
SQ:XAUUSD,2023-11-03T13:04:00+01:00,1987.705,1987.725,1987.525,1987.525,26
SQ:XAUUSD,2023-11-03T13:05:00+01:00,1987.538,1987.628,1987.415,1987.425,63
SQ:XAUUSD,2023-11-03T13:06:00+01:00,1987.415,1987.540,1987.065,1987.195,60
SQ:XAUUSD,2023-11-03T13:07:00+01:00,1987.210,1987.295,1986.655,1987.215,94
SQ:XAUUSD,2023-11-03T13:08:00+01:00,1987.215,1987.240,1986.865,1987.065,82
SQ:XAUUSD,2023-11-03T13:09:00+01:00,1987.065,1987.275,1987.045,1987.155,69
SQ:XAUUSD,2023-11-03T13:10:00+01:00,1987.150,1987.325,1987.045,1987.325,93
SQ:XAUUSD,2023-11-03T13:11:00+01:00,1987.258,1987.268,1987.118,1987.255,37
SQ:XAUUSD,2023-11-03T13:12:00+01:00,1987.250,1987.365,1987.130,1987.265,50
SQ:XAUUSD,2023-11-03T13:13:00+01:00,1987.270,1987.355,1987.155,1987.355,53
SQ:XAUUSD,2023-11-03T13:14:00+01:00,1987.350,1987.460,1987.345,1987.355,36
SQ:XAUUSD,2023-11-03T13:15:00+01:00,1987.395,1987.615,1986.918,1987.035,52
SQ:XAUUSD,2023-11-03T13:16:00+01:00,1987.045,1987.125,1986.925,1987.040,63
SQ:XAUUSD,2023-11-03T13:17:00+01:00,1987.038,1987.228,1987.028,1987.028,46
SQ:XAUUSD,2023-11-03T13:18:00+01:00,1987.027,1987.137,1986.925,1987.015,79
SQ:XAUUSD,2023-11-03T13:19:00+01:00,1986.995,1987.138,1986.948,1987.000,80
SQ:XAUUSD,2023-11-03T13:20:00+01:00,1986.980,1989.045,1986.805,1988.835,273
SQ:XAUUSD,2023-11-03T13:21:00+01:00,1988.815,1989.730,1988.600,1988.797,290
SQ:XAUUSD,2023-11-03T13:22:00+01:00,1988.715,1990.015,1988.715,1989.475,192
SQ:XAUUSD,2023-11-03T13:23:00+01:00,1989.450,1989.585,1989.065,1989.215,195
SQ:XAUUSD,2023-11-03T13:24:00+01:00,1989.245,1989.955,1989.245,1989.880,207
SQ:XAUUSD,2023-11-03T13:25:00+01:00,1989.865,1989.890,1989.160,1989.600,165
SQ:XAUUSD,2023-11-03T13:26:00+01:00,1989.587,1990.527,1989.587,1990.235,186
SQ:XAUUSD,2023-11-03T13:27:00+01:00,1990.215,1990.525,1989.735,1990.020,195
SQ:XAUUSD,2023-11-03T13:28:00+01:00,1990.010,1990.230,1989.570,1990.170,113
SQ:XAUUSD,2023-11-03T13:29:00+01:00,1990.150,1990.150,1985.290,1988.600,180
SQ:XAUUSD,2023-11-03T13:30:00+01:00,1988.550,1997.630,1988.270,1996.110,753
SQ:XAUUSD,2023-11-03T13:31:00+01:00,1996.110,1999.410,1995.800,1998.940,581
SQ:XAUUSD,2023-11-03T13:32:00+01:00,1998.897,2002.065,1998.897,2001.080,558
SQ:XAUUSD,2023-11-03T13:33:00+01:00,2001.055,2001.055,1998.140,1999.087,558
SQ:XAUUSD,2023-11-03T13:34:00+01:00,1999.075,1999.637,1998.047,1999.577,438
SQ:XAUUSD,2023-11-03T13:35:00+01:00,1999.578,2000.715,1999.008,2000.007,504
SQ:XAUUSD,2023-11-03T13:36:00+01:00,2000.110,2002.220,1999.815,2002.155,436
SQ:XAUUSD,2023-11-03T13:37:00+01:00,2002.165,2002.385,2000.278,2001.038,481
SQ:XAUUSD,2023-11-03T13:38:00+01:00,2001.017,2001.697,2000.525,2001.260,438
SQ:XAUUSD,2023-11-03T13:39:00+01:00,2001.250,2001.805,2000.435,2001.165,421
SQ:XAUUSD,2023-11-03T13:40:00+01:00,2001.167,2002.185,2001.155,2001.295,427
SQ:XAUUSD,2023-11-03T13:41:00+01:00,2001.338,2001.698,2000.330,2000.510,302
SQ:XAUUSD,2023-11-03T13:42:00+01:00,2000.500,2003.055,2000.485,2002.665,371
SQ:XAUUSD,2023-11-03T13:43:00+01:00,2002.685,2002.825,2002.025,2002.475,339
SQ:XAUUSD,2023-11-03T13:44:00+01:00,2002.455,2003.595,2002.267,2003.105,336
SQ:XAUUSD,2023-11-03T13:45:00+01:00,2003.130,2003.755,2003.055,2003.345,303
SQ:XAUUSD,2023-11-03T13:46:00+01:00,2003.387,2003.785,2002.790,2003.055,246
SQ:XAUUSD,2023-11-03T13:47:00+01:00,2003.065,2003.665,2002.555,2003.465,272
SQ:XAUUSD,2023-11-03T13:48:00+01:00,2003.555,2003.565,2002.605,2003.105,268
SQ:XAUUSD,2023-11-03T13:49:00+01:00,2003.115,2003.305,2002.405,2002.477,232
SQ:XAUUSD,2023-11-03T13:50:00+01:00,2002.487,2002.595,2000.315,2001.210,368
SQ:XAUUSD,2023-11-03T13:51:00+01:00,2001.250,2001.348,2000.380,2001.105,286
SQ:XAUUSD,2023-11-03T13:52:00+01:00,2001.137,2001.755,2000.675,2001.065,244
SQ:XAUUSD,2023-11-03T13:53:00+01:00,2001.098,2001.475,2000.300,2000.315,221
SQ:XAUUSD,2023-11-03T13:54:00+01:00,2000.327,2000.705,1999.870,2000.355,234
SQ:XAUUSD,2023-11-03T13:55:00+01:00,2000.378,2000.715,1999.905,2000.355,339
SQ:XAUUSD,2023-11-03T13:56:00+01:00,2000.387,2000.815,2000.000,2000.105,268
SQ:XAUUSD,2023-11-03T13:57:00+01:00,2000.095,2000.185,1999.515,1999.865,194
SQ:XAUUSD,2023-11-03T13:58:00+01:00,1999.905,2000.555,1999.400,1999.680,276
SQ:XAUUSD,2023-11-03T13:59:00+01:00,1999.740,2000.195,1999.205,1999.905,236
SQ:XAUUSD,2023-11-03T14:00:00+01:00,2000.005,2000.315,1998.415,1998.985,420
SQ:XAUUSD,2023-11-03T14:01:00+01:00,1998.990,2000.140,1998.900,1999.457,317
SQ:XAUUSD,2023-11-03T14:02:00+01:00,1999.445,1999.947,1998.930,1999.305,314
SQ:XAUUSD,2023-11-03T14:03:00+01:00,1999.315,1999.485,1995.550,1995.825,423
SQ:XAUUSD,2023-11-03T14:04:00+01:00,1995.835,1998.917,1995.750,1998.448,445
SQ:XAUUSD,2023-11-03T14:05:00+01:00,1998.445,2000.900,1998.445,1999.567,472
SQ:XAUUSD,2023-11-03T14:06:00+01:00,1999.607,2000.515,1999.535,1999.975,334
SQ:XAUUSD,2023-11-03T14:07:00+01:00,2000.170,2001.020,1999.625,2000.945,346
SQ:XAUUSD,2023-11-03T14:08:00+01:00,2000.965,2001.255,2000.055,2000.320,335
SQ:XAUUSD,2023-11-03T14:09:00+01:00,2000.315,2000.485,1998.915,1999.040,299
SQ:XAUUSD,2023-11-03T14:10:00+01:00,1998.970,1999.255,1997.895,1998.095,300
SQ:XAUUSD,2023-11-03T14:11:00+01:00,1998.115,2000.145,1998.115,1999.505,312
SQ:XAUUSD,2023-11-03T14:12:00+01:00,1999.377,1999.655,1998.120,1998.250,286
SQ:XAUUSD,2023-11-03T14:13:00+01:00,1998.140,1999.140,1997.868,1999.035,306
SQ:XAUUSD,2023-11-03T14:14:00+01:00,1999.015,2001.085,1998.995,2000.875,319
SQ:XAUUSD,2023-11-03T14:15:00+01:00,2000.898,2001.105,2000.355,2000.455,289
SQ:XAUUSD,2023-11-03T14:16:00+01:00,2000.555,2001.555,1999.845,1999.845,303
SQ:XAUUSD,2023-11-03T14:17:00+01:00,1999.865,2000.085,1998.665,1999.947,280
SQ:XAUUSD,2023-11-03T14:18:00+01:00,1999.915,2000.685,1999.585,2000.648,240
SQ:XAUUSD,2023-11-03T14:19:00+01:00,2000.645,2001.005,1999.745,2000.085,279
SQ:XAUUSD,2023-11-03T14:20:00+01:00,2000.075,2001.255,1999.788,1999.788,283
SQ:XAUUSD,2023-11-03T14:21:00+01:00,1999.808,1999.855,1996.720,1997.585,466
SQ:XAUUSD,2023-11-03T14:22:00+01:00,1997.590,1997.600,1993.740,1995.618,529
SQ:XAUUSD,2023-11-03T14:23:00+01:00,1995.660,1995.915,1994.210,1994.925,468
SQ:XAUUSD,2023-11-03T14:24:00+01:00,1994.835,1996.195,1994.835,1994.995,311
SQ:XAUUSD,2023-11-03T14:25:00+01:00,1994.985,1995.090,1989.720,1990.408,596
SQ:XAUUSD,2023-11-03T14:26:00+01:00,1990.435,1991.220,1987.030,1988.690,590
SQ:XAUUSD,2023-11-03T14:27:00+01:00,1988.860,1989.470,1986.150,1988.855,606
SQ:XAUUSD,2023-11-03T14:28:00+01:00,1988.845,1988.910,1987.680,1988.535,453
SQ:XAUUSD,2023-11-03T14:29:00+01:00,1988.435,1989.500,1987.100,1988.810,393
SQ:XAUUSD,2023-11-03T14:30:00+01:00,1988.970,1989.010,1987.700,1988.580,533
SQ:XAUUSD,2023-11-03T14:31:00+01:00,1988.580,1990.968,1988.580,1990.550,448
SQ:XAUUSD,2023-11-03T14:32:00+01:00,1990.560,1991.920,1990.560,1991.360,425
SQ:XAUUSD,2023-11-03T14:33:00+01:00,1991.380,1992.788,1991.120,1992.230,342
SQ:XAUUSD,2023-11-03T14:34:00+01:00,1992.230,1994.605,1992.217,1993.418,357
SQ:XAUUSD,2023-11-03T14:35:00+01:00,1993.445,1995.200,1992.800,1994.798,397
SQ:XAUUSD,2023-11-03T14:36:00+01:00,1994.797,1996.610,1994.155,1995.997,408
SQ:XAUUSD,2023-11-03T14:37:00+01:00,1996.058,1996.938,1995.720,1995.978,360
SQ:XAUUSD,2023-11-03T14:38:00+01:00,1995.937,1996.617,1995.305,1995.840,306
SQ:XAUUSD,2023-11-03T14:39:00+01:00,1995.810,1996.168,1995.108,1996.135,311
SQ:XAUUSD,2023-11-03T14:40:00+01:00,1996.167,1996.800,1994.995,1996.307,319
SQ:XAUUSD,2023-11-03T14:41:00+01:00,1996.308,1997.580,1995.905,1996.200,279
SQ:XAUUSD,2023-11-03T14:42:00+01:00,1996.200,1998.097,1995.845,1997.647,341
SQ:XAUUSD,2023-11-03T14:43:00+01:00,1997.648,1999.190,1997.348,1998.947,295
SQ:XAUUSD,2023-11-03T14:44:00+01:00,1998.945,1999.047,1998.230,1998.360,235
SQ:XAUUSD,2023-11-03T14:45:00+01:00,1998.360,1999.650,1998.360,1998.557,330
SQ:XAUUSD,2023-11-03T14:46:00+01:00,1998.557,1999.855,1998.557,1999.200,314
SQ:XAUUSD,2023-11-03T14:47:00+01:00,1999.218,1999.630,1996.830,1996.887,404
SQ:XAUUSD,2023-11-03T14:48:00+01:00,1996.890,1997.450,1995.990,1996.225,411
SQ:XAUUSD,2023-11-03T14:49:00+01:00,1996.240,1996.860,1995.725,1996.317,377
SQ:XAUUSD,2023-11-03T14:50:00+01:00,1996.237,1997.157,1995.560,1996.758,284
SQ:XAUUSD,2023-11-03T14:51:00+01:00,1996.878,1997.368,1995.120,1997.218,335
SQ:XAUUSD,2023-11-03T14:52:00+01:00,1997.227,1997.910,1995.745,1996.457,421
SQ:XAUUSD,2023-11-03T14:53:00+01:00,1996.455,1996.648,1994.225,1994.755,372
SQ:XAUUSD,2023-11-03T14:54:00+01:00,1994.755,1995.345,1993.755,1995.338,343
SQ:XAUUSD,2023-11-03T14:55:00+01:00,1995.480,1996.565,1995.065,1996.235,296
SQ:XAUUSD,2023-11-03T14:56:00+01:00,1996.335,1996.665,1995.315,1996.425,242
SQ:XAUUSD,2023-11-03T14:57:00+01:00,1996.425,1997.875,1996.090,1996.090,233
SQ:XAUUSD,2023-11-03T14:58:00+01:00,1995.875,1995.877,1994.530,1995.410,304
SQ:XAUUSD,2023-11-03T14:59:00+01:00,1995.400,1995.900,1994.920,1995.080,222
SQ:XAUUSD,2023-11-03T15:00:00+01:00,1995.805,1998.850,1995.515,1995.560,556
SQ:XAUUSD,2023-11-03T15:01:00+01:00,1995.640,1995.750,1992.875,1993.208,510
SQ:XAUUSD,2023-11-03T15:02:00+01:00,1993.185,1995.375,1992.280,1994.848,521
SQ:XAUUSD,2023-11-03T15:03:00+01:00,1994.868,1996.945,1994.725,1996.945,463
SQ:XAUUSD,2023-11-03T15:04:00+01:00,1996.970,1997.235,1995.505,1996.068,424
SQ:XAUUSD,2023-11-03T15:05:00+01:00,1996.135,1996.798,1994.725,1995.357,434
SQ:XAUUSD,2023-11-03T15:06:00+01:00,1995.557,1995.645,1993.775,1993.828,301
SQ:XAUUSD,2023-11-03T15:07:00+01:00,1993.848,1994.105,1993.135,1993.745,349
SQ:XAUUSD,2023-11-03T15:08:00+01:00,1993.795,1994.495,1993.435,1993.795,278
SQ:XAUUSD,2023-11-03T15:09:00+01:00,1993.778,1995.845,1993.305,1994.770,314
SQ:XAUUSD,2023-11-03T15:10:00+01:00,1994.720,1995.635,1994.610,1995.428,243
SQ:XAUUSD,2023-11-03T15:11:00+01:00,1995.375,1995.905,1993.655,1993.655,258
SQ:XAUUSD,2023-11-03T15:12:00+01:00,1993.565,1995.065,1993.180,1994.270,324
SQ:XAUUSD,2023-11-03T15:13:00+01:00,1994.260,1994.290,1991.808,1993.405,378
SQ:XAUUSD,2023-11-03T15:14:00+01:00,1993.325,1993.997,1991.430,1991.540,361
SQ:XAUUSD,2023-11-03T15:15:00+01:00,1991.440,1992.270,1990.630,1990.660,375
SQ:XAUUSD,2023-11-03T15:16:00+01:00,1990.660,1993.060,1989.960,1992.970,357
SQ:XAUUSD,2023-11-03T15:17:00+01:00,1992.998,1993.580,1992.158,1992.810,342
SQ:XAUUSD,2023-11-03T15:18:00+01:00,1992.727,1993.650,1992.677,1993.450,298
SQ:XAUUSD,2023-11-03T15:19:00+01:00,1993.440,1993.440,1992.380,1992.870,280
SQ:XAUUSD,2023-11-03T15:20:00+01:00,1992.820,1993.840,1992.170,1993.600,327
SQ:XAUUSD,2023-11-03T15:21:00+01:00,1993.600,1995.090,1993.600,1994.497,294
SQ:XAUUSD,2023-11-03T15:22:00+01:00,1994.485,1994.955,1994.365,1994.670,275
SQ:XAUUSD,2023-11-03T15:23:00+01:00,1994.635,1994.955,1993.828,1994.575,267
SQ:XAUUSD,2023-11-03T15:24:00+01:00,1994.565,1994.775,1993.385,1993.585,201
SQ:XAUUSD,2023-11-03T15:25:00+01:00,1993.585,1994.235,1993.125,1993.125,239
SQ:XAUUSD,2023-11-03T15:26:00+01:00,1993.115,1993.125,1990.207,1990.547,366
SQ:XAUUSD,2023-11-03T15:27:00+01:00,1990.518,1990.918,1988.415,1989.535,429
SQ:XAUUSD,2023-11-03T15:28:00+01:00,1989.610,1990.240,1989.047,1990.187,362
SQ:XAUUSD,2023-11-03T15:29:00+01:00,1990.215,1990.380,1988.795,1989.405,312
SQ:XAUUSD,2023-11-03T15:30:00+01:00,1989.327,1990.677,1988.397,1990.450,296
SQ:XAUUSD,2023-11-03T15:31:00+01:00,1990.460,1991.868,1989.820,1991.858,285
SQ:XAUUSD,2023-11-03T15:32:00+01:00,1991.810,1993.127,1991.677,1991.928,335
SQ:XAUUSD,2023-11-03T15:33:00+01:00,1991.908,1992.918,1991.908,1992.028,275
SQ:XAUUSD,2023-11-03T15:34:00+01:00,1992.027,1992.377,1991.590,1992.000,260
SQ:XAUUSD,2023-11-03T15:35:00+01:00,1992.000,1992.828,1991.898,1992.118,204
SQ:XAUUSD,2023-11-03T15:36:00+01:00,1992.117,1993.805,1991.865,1993.605,263
SQ:XAUUSD,2023-11-03T15:37:00+01:00,1993.575,1994.285,1993.110,1993.195,201
SQ:XAUUSD,2023-11-03T15:38:00+01:00,1993.205,1994.485,1993.067,1994.205,175
SQ:XAUUSD,2023-11-03T15:39:00+01:00,1994.205,1994.610,1993.948,1994.185,206
SQ:XAUUSD,2023-11-03T15:40:00+01:00,1994.185,1994.540,1993.455,1993.727,189
SQ:XAUUSD,2023-11-03T15:41:00+01:00,1993.718,1993.765,1992.345,1992.345,205
SQ:XAUUSD,2023-11-03T15:42:00+01:00,1992.365,1993.345,1991.955,1992.025,197
SQ:XAUUSD,2023-11-03T15:43:00+01:00,1992.035,1992.825,1991.505,1992.605,196
SQ:XAUUSD,2023-11-03T15:44:00+01:00,1992.517,1992.627,1991.985,1992.615,185
SQ:XAUUSD,2023-11-03T15:45:00+01:00,1992.605,1993.215,1992.215,1992.925,211
SQ:XAUUSD,2023-11-03T15:46:00+01:00,1993.100,1993.975,1993.015,1993.775,198
SQ:XAUUSD,2023-11-03T15:47:00+01:00,1993.785,1994.638,1993.465,1994.455,180
SQ:XAUUSD,2023-11-03T15:48:00+01:00,1994.465,1994.615,1994.085,1994.278,133
SQ:XAUUSD,2023-11-03T15:49:00+01:00,1994.295,1994.295,1993.305,1994.035,156
SQ:XAUUSD,2023-11-03T15:50:00+01:00,1994.065,1994.505,1993.925,1994.335,188
SQ:XAUUSD,2023-11-03T15:51:00+01:00,1994.338,1994.480,1993.425,1993.535,157
SQ:XAUUSD,2023-11-03T15:52:00+01:00,1993.545,1993.735,1993.025,1993.187,167
SQ:XAUUSD,2023-11-03T15:53:00+01:00,1993.188,1994.555,1993.188,1994.555,142
SQ:XAUUSD,2023-11-03T15:54:00+01:00,1994.545,1994.655,1993.597,1994.225,211
SQ:XAUUSD,2023-11-03T15:55:00+01:00,1994.125,1994.885,1993.810,1994.795,228
SQ:XAUUSD,2023-11-03T15:56:00+01:00,1994.795,1995.060,1994.685,1994.920,178
SQ:XAUUSD,2023-11-03T15:57:00+01:00,1994.905,1994.980,1994.445,1994.445,129
SQ:XAUUSD,2023-11-03T15:58:00+01:00,1994.455,1994.855,1994.235,1994.455,177
SQ:XAUUSD,2023-11-03T15:59:00+01:00,1994.445,1994.455,1993.850,1994.177,138
SQ:XAUUSD,2023-11-03T16:00:00+01:00,1994.265,1994.830,1994.075,1994.785,191
SQ:XAUUSD,2023-11-03T16:01:00+01:00,1994.738,1994.788,1994.015,1994.625,103
SQ:XAUUSD,2023-11-03T16:02:00+01:00,1994.725,1995.045,1994.335,1994.930,135
SQ:XAUUSD,2023-11-03T16:03:00+01:00,1994.940,1995.000,1993.745,1993.815,157
SQ:XAUUSD,2023-11-03T16:04:00+01:00,1993.837,1994.150,1993.775,1994.080,166
SQ:XAUUSD,2023-11-03T16:05:00+01:00,1994.105,1994.265,1993.575,1993.865,155
SQ:XAUUSD,2023-11-03T16:06:00+01:00,1993.765,1994.405,1993.385,1994.305,144
SQ:XAUUSD,2023-11-03T16:07:00+01:00,1994.325,1994.905,1994.285,1994.815,96
SQ:XAUUSD,2023-11-03T16:08:00+01:00,1994.825,1995.335,1994.525,1995.225,120
SQ:XAUUSD,2023-11-03T16:09:00+01:00,1995.188,1995.225,1994.405,1994.405,131
SQ:XAUUSD,2023-11-03T16:10:00+01:00,1994.325,1994.570,1993.245,1993.270,161
SQ:XAUUSD,2023-11-03T16:11:00+01:00,1993.300,1994.108,1993.235,1993.955,152
SQ:XAUUSD,2023-11-03T16:12:00+01:00,1993.975,1995.465,1993.895,1994.950,192
SQ:XAUUSD,2023-11-03T16:13:00+01:00,1995.025,1995.145,1994.285,1994.855,156
SQ:XAUUSD,2023-11-03T16:14:00+01:00,1994.755,1995.145,1994.645,1995.140,96
SQ:XAUUSD,2023-11-03T16:15:00+01:00,1995.145,1995.325,1994.070,1994.115,103
SQ:XAUUSD,2023-11-03T16:16:00+01:00,1994.105,1994.575,1993.990,1994.000,160
SQ:XAUUSD,2023-11-03T16:17:00+01:00,1994.000,1994.010,1992.775,1993.295,187
SQ:XAUUSD,2023-11-03T16:18:00+01:00,1993.315,1993.315,1992.410,1992.980,176
SQ:XAUUSD,2023-11-03T16:19:00+01:00,1992.995,1993.475,1992.790,1992.925,135
SQ:XAUUSD,2023-11-03T16:20:00+01:00,1992.935,1993.625,1992.735,1992.735,121
SQ:XAUUSD,2023-11-03T16:21:00+01:00,1992.635,1992.645,1991.715,1991.865,158
SQ:XAUUSD,2023-11-03T16:22:00+01:00,1991.965,1992.845,1991.755,1992.665,167
SQ:XAUUSD,2023-11-03T16:23:00+01:00,1992.755,1993.265,1992.665,1993.135,131
SQ:XAUUSD,2023-11-03T16:24:00+01:00,1993.075,1993.645,1992.905,1993.625,130
SQ:XAUUSD,2023-11-03T16:25:00+01:00,1993.525,1993.635,1992.835,1992.855,110
SQ:XAUUSD,2023-11-03T16:26:00+01:00,1992.865,1993.185,1992.555,1992.850,158
SQ:XAUUSD,2023-11-03T16:27:00+01:00,1992.760,1994.245,1992.750,1994.245,98
SQ:XAUUSD,2023-11-03T16:28:00+01:00,1994.225,1994.770,1994.115,1994.565,124
SQ:XAUUSD,2023-11-03T16:29:00+01:00,1994.555,1994.565,1993.385,1993.517,114
SQ:XAUUSD,2023-11-03T16:30:00+01:00,1993.525,1994.555,1993.525,1994.355,156
SQ:XAUUSD,2023-11-03T16:31:00+01:00,1994.375,1994.655,1993.515,1993.545,111
SQ:XAUUSD,2023-11-03T16:32:00+01:00,1993.545,1994.035,1993.245,1994.035,100
SQ:XAUUSD,2023-11-03T16:33:00+01:00,1994.085,1994.565,1993.955,1994.365,92
SQ:XAUUSD,2023-11-03T16:34:00+01:00,1994.395,1994.575,1993.925,1994.535,136
SQ:XAUUSD,2023-11-03T16:35:00+01:00,1994.525,1995.035,1994.225,1995.035,117
SQ:XAUUSD,2023-11-03T16:36:00+01:00,1995.035,1995.135,1994.815,1994.925,102
SQ:XAUUSD,2023-11-03T16:37:00+01:00,1994.935,1995.545,1994.935,1995.115,130
SQ:XAUUSD,2023-11-03T16:38:00+01:00,1995.135,1995.315,1994.040,1994.045,173
SQ:XAUUSD,2023-11-03T16:39:00+01:00,1994.065,1994.120,1993.330,1993.705,181
SQ:XAUUSD,2023-11-03T16:40:00+01:00,1993.725,1993.825,1993.140,1993.335,137
SQ:XAUUSD,2023-11-03T16:41:00+01:00,1993.340,1993.605,1993.245,1993.405,101
SQ:XAUUSD,2023-11-03T16:42:00+01:00,1993.405,1993.607,1993.057,1993.195,147
SQ:XAUUSD,2023-11-03T16:43:00+01:00,1993.205,1993.425,1992.975,1993.395,106
SQ:XAUUSD,2023-11-03T16:44:00+01:00,1993.387,1993.760,1992.965,1993.208,115
SQ:XAUUSD,2023-11-03T16:45:00+01:00,1993.195,1993.508,1992.625,1992.637,93
SQ:XAUUSD,2023-11-03T16:46:00+01:00,1992.635,1992.637,1991.205,1991.488,176
SQ:XAUUSD,2023-11-03T16:47:00+01:00,1991.495,1992.018,1991.495,1991.535,102
SQ:XAUUSD,2023-11-03T16:48:00+01:00,1991.487,1991.707,1990.797,1990.905,157
SQ:XAUUSD,2023-11-03T16:49:00+01:00,1990.925,1991.618,1990.615,1991.468,145
SQ:XAUUSD,2023-11-03T16:50:00+01:00,1991.467,1992.805,1991.467,1992.805,129
SQ:XAUUSD,2023-11-03T16:51:00+01:00,1992.805,1993.190,1992.095,1992.198,125
SQ:XAUUSD,2023-11-03T16:52:00+01:00,1992.197,1992.507,1992.035,1992.245,124
SQ:XAUUSD,2023-11-03T16:53:00+01:00,1992.235,1992.755,1992.118,1992.555,111
SQ:XAUUSD,2023-11-03T16:54:00+01:00,1992.465,1992.505,1991.945,1992.455,115
SQ:XAUUSD,2023-11-03T16:55:00+01:00,1992.485,1992.555,1991.965,1991.995,111
SQ:XAUUSD,2023-11-03T16:56:00+01:00,1992.005,1992.765,1992.005,1992.745,123
SQ:XAUUSD,2023-11-03T16:57:00+01:00,1992.855,1992.855,1992.155,1992.565,125
SQ:XAUUSD,2023-11-03T16:58:00+01:00,1992.597,1992.865,1991.375,1991.975,125
SQ:XAUUSD,2023-11-03T16:59:00+01:00,1991.965,1991.975,1991.385,1991.485,111
SQ:XAUUSD,2023-11-03T17:00:00+01:00,1991.585,1992.197,1991.565,1992.087,129
SQ:XAUUSD,2023-11-03T17:01:00+01:00,1992.060,1992.815,1992.018,1992.605,107
SQ:XAUUSD,2023-11-03T17:02:00+01:00,1992.630,1992.630,1992.030,1992.440,172
SQ:XAUUSD,2023-11-03T17:03:00+01:00,1992.450,1992.550,1991.968,1992.080,104
SQ:XAUUSD,2023-11-03T17:04:00+01:00,1992.080,1992.760,1991.830,1992.650,150
SQ:XAUUSD,2023-11-03T17:05:00+01:00,1992.660,1992.940,1992.440,1992.490,148
SQ:XAUUSD,2023-11-03T17:06:00+01:00,1992.500,1992.997,1992.310,1992.820,109
SQ:XAUUSD,2023-11-03T17:07:00+01:00,1992.900,1992.900,1991.280,1991.520,116
SQ:XAUUSD,2023-11-03T17:08:00+01:00,1991.390,1991.527,1991.027,1991.408,105
SQ:XAUUSD,2023-11-03T17:09:00+01:00,1991.420,1991.848,1991.200,1991.620,106
SQ:XAUUSD,2023-11-03T17:10:00+01:00,1991.610,1991.630,1991.260,1991.340,123
SQ:XAUUSD,2023-11-03T17:11:00+01:00,1991.340,1992.020,1991.108,1992.020,127
SQ:XAUUSD,2023-11-03T17:12:00+01:00,1991.940,1992.060,1991.250,1991.520,104
SQ:XAUUSD,2023-11-03T17:13:00+01:00,1991.530,1991.840,1989.250,1990.110,208
SQ:XAUUSD,2023-11-03T17:14:00+01:00,1990.080,1990.860,1989.020,1990.810,216
SQ:XAUUSD,2023-11-03T17:15:00+01:00,1990.860,1991.140,1990.730,1990.800,154
SQ:XAUUSD,2023-11-03T17:16:00+01:00,1990.810,1991.030,1990.730,1990.810,119
SQ:XAUUSD,2023-11-03T17:17:00+01:00,1990.830,1991.630,1990.760,1991.280,168
SQ:XAUUSD,2023-11-03T17:18:00+01:00,1991.330,1991.340,1990.860,1990.860,128
SQ:XAUUSD,2023-11-03T17:19:00+01:00,1990.870,1991.118,1990.370,1990.850,171
SQ:XAUUSD,2023-11-03T17:20:00+01:00,1990.870,1991.550,1990.740,1991.540,146
SQ:XAUUSD,2023-11-03T17:21:00+01:00,1991.520,1991.530,1991.050,1991.148,141
SQ:XAUUSD,2023-11-03T17:22:00+01:00,1991.147,1991.150,1990.505,1991.060,136
SQ:XAUUSD,2023-11-03T17:23:00+01:00,1991.050,1991.640,1990.950,1991.400,112
SQ:XAUUSD,2023-11-03T17:24:00+01:00,1991.380,1992.005,1991.380,1991.975,125
SQ:XAUUSD,2023-11-03T17:25:00+01:00,1991.985,1992.095,1989.280,1989.960,183
SQ:XAUUSD,2023-11-03T17:26:00+01:00,1989.960,1990.430,1989.390,1990.350,234
SQ:XAUUSD,2023-11-03T17:27:00+01:00,1990.340,1990.440,1989.950,1990.060,134
SQ:XAUUSD,2023-11-03T17:28:00+01:00,1990.050,1990.340,1989.770,1990.240,124
SQ:XAUUSD,2023-11-03T17:29:00+01:00,1990.228,1990.300,1989.928,1990.060,102
SQ:XAUUSD,2023-11-03T17:30:00+01:00,1990.067,1990.350,1989.560,1989.750,119
SQ:XAUUSD,2023-11-03T17:31:00+01:00,1989.720,1990.368,1989.720,1990.368,113
SQ:XAUUSD,2023-11-03T17:32:00+01:00,1990.367,1990.787,1990.290,1990.590,138
SQ:XAUUSD,2023-11-03T17:33:00+01:00,1990.558,1991.338,1990.195,1991.338,150
SQ:XAUUSD,2023-11-03T17:34:00+01:00,1991.337,1992.070,1991.165,1992.068,153
SQ:XAUUSD,2023-11-03T17:35:00+01:00,1992.080,1992.718,1992.068,1992.098,177
SQ:XAUUSD,2023-11-03T17:36:00+01:00,1992.077,1992.317,1991.965,1992.277,103
SQ:XAUUSD,2023-11-03T17:37:00+01:00,1992.278,1992.320,1991.615,1991.648,117
SQ:XAUUSD,2023-11-03T17:38:00+01:00,1991.657,1991.837,1991.067,1991.080,132
SQ:XAUUSD,2023-11-03T17:39:00+01:00,1991.078,1991.678,1990.968,1991.667,109
SQ:XAUUSD,2023-11-03T17:40:00+01:00,1991.707,1991.997,1991.570,1991.677,135
SQ:XAUUSD,2023-11-03T17:41:00+01:00,1991.695,1991.808,1991.590,1991.778,73
SQ:XAUUSD,2023-11-03T17:42:00+01:00,1991.777,1992.207,1991.545,1992.178,137
SQ:XAUUSD,2023-11-03T17:43:00+01:00,1992.165,1992.268,1992.028,1992.238,107
SQ:XAUUSD,2023-11-03T17:44:00+01:00,1992.237,1992.257,1991.867,1991.898,89
SQ:XAUUSD,2023-11-03T17:45:00+01:00,1991.885,1992.060,1991.478,1991.738,126
SQ:XAUUSD,2023-11-03T17:46:00+01:00,1991.737,1992.047,1991.737,1991.957,113
SQ:XAUUSD,2023-11-03T17:47:00+01:00,1991.958,1992.150,1991.268,1991.320,113
SQ:XAUUSD,2023-11-03T17:48:00+01:00,1991.327,1991.550,1990.777,1990.960,189
SQ:XAUUSD,2023-11-03T17:49:00+01:00,1990.960,1991.060,1990.035,1990.070,109
SQ:XAUUSD,2023-11-03T17:50:00+01:00,1990.070,1990.160,1989.760,1989.988,159
SQ:XAUUSD,2023-11-03T17:51:00+01:00,1989.985,1990.668,1989.978,1990.167,162
SQ:XAUUSD,2023-11-03T17:52:00+01:00,1990.177,1990.677,1990.157,1990.568,115
SQ:XAUUSD,2023-11-03T17:53:00+01:00,1990.478,1990.540,1989.990,1990.128,111
SQ:XAUUSD,2023-11-03T17:54:00+01:00,1990.127,1990.570,1989.967,1990.457,143
SQ:XAUUSD,2023-11-03T17:55:00+01:00,1990.458,1990.520,1989.945,1989.988,93
SQ:XAUUSD,2023-11-03T17:56:00+01:00,1989.987,1990.550,1989.987,1990.440,124
SQ:XAUUSD,2023-11-03T17:57:00+01:00,1990.460,1990.560,1990.108,1990.478,92
SQ:XAUUSD,2023-11-03T17:58:00+01:00,1990.477,1990.605,1989.977,1990.170,105
SQ:XAUUSD,2023-11-03T17:59:00+01:00,1990.178,1990.590,1989.998,1990.090,79
SQ:XAUUSD,2023-11-03T18:00:00+01:00,1990.107,1990.277,1989.605,1989.878,157
SQ:XAUUSD,2023-11-03T18:01:00+01:00,1989.868,1990.840,1989.678,1990.840,155
SQ:XAUUSD,2023-11-03T18:02:00+01:00,1990.840,1990.840,1990.140,1990.175,151
SQ:XAUUSD,2023-11-03T18:03:00+01:00,1990.185,1990.205,1989.958,1990.105,104
SQ:XAUUSD,2023-11-03T18:04:00+01:00,1990.105,1991.580,1990.105,1991.418,181
SQ:XAUUSD,2023-11-03T18:05:00+01:00,1991.430,1992.520,1991.318,1991.507,242
SQ:XAUUSD,2023-11-03T18:06:00+01:00,1991.520,1992.300,1991.520,1992.100,180
SQ:XAUUSD,2023-11-03T18:07:00+01:00,1992.070,1992.100,1991.410,1991.620,151
SQ:XAUUSD,2023-11-03T18:08:00+01:00,1991.630,1991.920,1991.430,1991.800,119
SQ:XAUUSD,2023-11-03T18:09:00+01:00,1991.800,1992.300,1991.800,1992.030,110
SQ:XAUUSD,2023-11-03T18:10:00+01:00,1992.017,1992.120,1991.547,1991.620,97
SQ:XAUUSD,2023-11-03T18:11:00+01:00,1991.630,1991.790,1991.420,1991.550,104
SQ:XAUUSD,2023-11-03T18:12:00+01:00,1991.550,1991.850,1991.500,1991.760,95
SQ:XAUUSD,2023-11-03T18:13:00+01:00,1991.780,1992.560,1991.720,1992.420,97
SQ:XAUUSD,2023-11-03T18:14:00+01:00,1992.430,1992.800,1992.340,1992.510,93
SQ:XAUUSD,2023-11-03T18:15:00+01:00,1992.530,1992.800,1991.820,1992.000,110
SQ:XAUUSD,2023-11-03T18:16:00+01:00,1991.990,1992.040,1991.700,1992.000,142
SQ:XAUUSD,2023-11-03T18:17:00+01:00,1992.000,1992.000,1991.800,1991.927,95
SQ:XAUUSD,2023-11-03T18:18:00+01:00,1991.945,1992.127,1991.517,1991.580,91
SQ:XAUUSD,2023-11-03T18:19:00+01:00,1991.568,1991.568,1991.198,1991.227,133
SQ:XAUUSD,2023-11-03T18:20:00+01:00,1991.237,1991.237,1990.605,1990.647,137
SQ:XAUUSD,2023-11-03T18:21:00+01:00,1990.648,1991.148,1990.468,1990.820,115
SQ:XAUUSD,2023-11-03T18:22:00+01:00,1990.837,1991.247,1990.757,1991.098,142
SQ:XAUUSD,2023-11-03T18:23:00+01:00,1991.078,1991.168,1990.840,1990.845,113
SQ:XAUUSD,2023-11-03T18:24:00+01:00,1990.855,1991.257,1990.805,1990.865,148
SQ:XAUUSD,2023-11-03T18:25:00+01:00,1990.858,1991.370,1990.835,1991.370,100
SQ:XAUUSD,2023-11-03T18:26:00+01:00,1991.377,1991.377,1990.960,1991.260,122
SQ:XAUUSD,2023-11-03T18:27:00+01:00,1991.268,1991.625,1991.220,1991.548,140
SQ:XAUUSD,2023-11-03T18:28:00+01:00,1991.547,1991.725,1991.227,1991.517,129
SQ:XAUUSD,2023-11-03T18:29:00+01:00,1991.425,1991.850,1991.425,1991.488,200
SQ:XAUUSD,2023-11-03T18:30:00+01:00,1991.477,1992.165,1991.165,1991.937,168
SQ:XAUUSD,2023-11-03T18:31:00+01:00,1991.895,1991.928,1991.478,1991.585,107
SQ:XAUUSD,2023-11-03T18:32:00+01:00,1991.595,1992.075,1991.537,1992.075,82
SQ:XAUUSD,2023-11-03T18:33:00+01:00,1992.060,1992.068,1991.668,1991.725,79
SQ:XAUUSD,2023-11-03T18:34:00+01:00,1991.737,1992.027,1991.737,1992.027,73
SQ:XAUUSD,2023-11-03T18:35:00+01:00,1992.020,1992.040,1991.685,1991.858,46
SQ:XAUUSD,2023-11-03T18:36:00+01:00,1991.857,1991.870,1991.635,1991.645,65
SQ:XAUUSD,2023-11-03T18:37:00+01:00,1991.690,1992.005,1991.690,1991.885,61
SQ:XAUUSD,2023-11-03T18:38:00+01:00,1991.855,1991.855,1991.625,1991.797,94
SQ:XAUUSD,2023-11-03T18:39:00+01:00,1991.798,1991.818,1991.635,1991.750,95
SQ:XAUUSD,2023-11-03T18:40:00+01:00,1991.745,1991.745,1991.527,1991.615,44
SQ:XAUUSD,2023-11-03T18:41:00+01:00,1991.608,1991.728,1991.425,1991.425,67
SQ:XAUUSD,2023-11-03T18:42:00+01:00,1991.427,1991.427,1991.235,1991.248,91
SQ:XAUUSD,2023-11-03T18:43:00+01:00,1991.228,1991.358,1991.058,1991.138,74
SQ:XAUUSD,2023-11-03T18:44:00+01:00,1991.137,1991.267,1990.727,1991.260,73
SQ:XAUUSD,2023-11-03T18:45:00+01:00,1991.258,1991.740,1991.258,1991.690,83
SQ:XAUUSD,2023-11-03T18:46:00+01:00,1991.690,1991.717,1991.527,1991.638,69
SQ:XAUUSD,2023-11-03T18:47:00+01:00,1991.635,1991.830,1991.540,1991.640,60
SQ:XAUUSD,2023-11-03T18:48:00+01:00,1991.640,1991.840,1991.637,1991.740,22
SQ:XAUUSD,2023-11-03T18:49:00+01:00,1991.680,1992.040,1991.658,1991.840,41
SQ:XAUUSD,2023-11-03T18:50:00+01:00,1991.840,1991.840,1991.627,1991.750,27
SQ:XAUUSD,2023-11-03T18:51:00+01:00,1991.750,1991.970,1991.650,1991.700,51
SQ:XAUUSD,2023-11-03T18:52:00+01:00,1991.640,1992.270,1991.640,1992.220,51
SQ:XAUUSD,2023-11-03T18:53:00+01:00,1992.220,1992.410,1992.208,1992.348,54
SQ:XAUUSD,2023-11-03T18:54:00+01:00,1992.347,1992.510,1992.320,1992.510,42
SQ:XAUUSD,2023-11-03T18:55:00+01:00,1992.460,1992.720,1992.418,1992.658,48
SQ:XAUUSD,2023-11-03T18:56:00+01:00,1992.657,1993.250,1992.657,1993.140,113
SQ:XAUUSD,2023-11-03T18:57:00+01:00,1993.200,1993.370,1992.838,1992.858,53
SQ:XAUUSD,2023-11-03T18:58:00+01:00,1992.857,1993.010,1992.727,1992.880,58
SQ:XAUUSD,2023-11-03T18:59:00+01:00,1992.898,1993.040,1992.790,1992.850,40
SQ:XAUUSD,2023-11-03T19:00:00+01:00,1992.890,1993.020,1992.780,1993.020,49
SQ:XAUUSD,2023-11-03T19:01:00+01:00,1993.018,1993.500,1992.980,1993.460,67
SQ:XAUUSD,2023-11-03T19:02:00+01:00,1993.447,1993.600,1993.320,1993.430,48
SQ:XAUUSD,2023-11-03T19:03:00+01:00,1993.440,1993.560,1993.230,1993.350,49
SQ:XAUUSD,2023-11-03T19:04:00+01:00,1993.370,1993.400,1992.937,1993.060,65
SQ:XAUUSD,2023-11-03T19:05:00+01:00,1993.050,1993.050,1992.830,1992.830,43
SQ:XAUUSD,2023-11-03T19:06:00+01:00,1992.850,1992.860,1992.550,1992.647,42
SQ:XAUUSD,2023-11-03T19:07:00+01:00,1992.648,1992.760,1992.588,1992.660,38
SQ:XAUUSD,2023-11-03T19:08:00+01:00,1992.657,1993.170,1992.647,1993.080,54
SQ:XAUUSD,2023-11-03T19:09:00+01:00,1993.130,1993.240,1993.060,1993.190,40
SQ:XAUUSD,2023-11-03T19:10:00+01:00,1993.260,1993.340,1993.100,1993.330,51
SQ:XAUUSD,2023-11-03T19:11:00+01:00,1993.320,1993.520,1993.118,1993.490,39
SQ:XAUUSD,2023-11-03T19:12:00+01:00,1993.395,1993.395,1993.090,1993.135,45
SQ:XAUUSD,2023-11-03T19:13:00+01:00,1993.130,1993.130,1992.725,1993.015,59
SQ:XAUUSD,2023-11-03T19:14:00+01:00,1993.017,1993.277,1992.900,1993.105,51
SQ:XAUUSD,2023-11-03T19:15:00+01:00,1993.115,1993.285,1992.895,1993.285,44
SQ:XAUUSD,2023-11-03T19:16:00+01:00,1993.275,1993.277,1992.890,1993.010,45
SQ:XAUUSD,2023-11-03T19:17:00+01:00,1992.960,1993.185,1992.885,1992.990,72
SQ:XAUUSD,2023-11-03T19:18:00+01:00,1992.985,1993.175,1992.920,1992.925,47
SQ:XAUUSD,2023-11-03T19:19:00+01:00,1992.900,1992.910,1992.785,1992.815,57
SQ:XAUUSD,2023-11-03T19:20:00+01:00,1992.815,1992.880,1992.680,1992.770,37
SQ:XAUUSD,2023-11-03T19:21:00+01:00,1992.760,1993.370,1992.705,1993.370,58
SQ:XAUUSD,2023-11-03T19:22:00+01:00,1993.417,1993.545,1993.355,1993.445,42
SQ:XAUUSD,2023-11-03T19:23:00+01:00,1993.455,1993.510,1993.345,1993.445,60
SQ:XAUUSD,2023-11-03T19:24:00+01:00,1993.405,1993.477,1993.290,1993.468,53
SQ:XAUUSD,2023-11-03T19:25:00+01:00,1993.485,1993.578,1993.438,1993.518,51
SQ:XAUUSD,2023-11-03T19:26:00+01:00,1993.517,1993.517,1993.077,1993.077,60
SQ:XAUUSD,2023-11-03T19:27:00+01:00,1993.078,1993.270,1992.908,1993.190,69
SQ:XAUUSD,2023-11-03T19:28:00+01:00,1993.147,1993.580,1993.137,1993.510,74
SQ:XAUUSD,2023-11-03T19:29:00+01:00,1993.498,1993.880,1993.335,1993.880,85
SQ:XAUUSD,2023-11-03T19:30:00+01:00,1993.880,1994.270,1993.880,1994.115,57
SQ:XAUUSD,2023-11-03T19:31:00+01:00,1994.115,1994.130,1993.950,1993.950,37
SQ:XAUUSD,2023-11-03T19:32:00+01:00,1993.990,1994.170,1993.860,1994.130,43
SQ:XAUUSD,2023-11-03T19:33:00+01:00,1994.118,1994.280,1994.118,1994.147,44
SQ:XAUUSD,2023-11-03T19:34:00+01:00,1994.180,1994.697,1994.180,1994.610,50
SQ:XAUUSD,2023-11-03T19:35:00+01:00,1994.598,1994.620,1994.470,1994.590,41
SQ:XAUUSD,2023-11-03T19:36:00+01:00,1994.600,1994.697,1994.400,1994.517,36
SQ:XAUUSD,2023-11-03T19:37:00+01:00,1994.520,1994.690,1994.490,1994.580,30
SQ:XAUUSD,2023-11-03T19:38:00+01:00,1994.570,1994.657,1994.480,1994.600,35
SQ:XAUUSD,2023-11-03T19:39:00+01:00,1994.580,1994.580,1993.858,1993.858,35
SQ:XAUUSD,2023-11-03T19:40:00+01:00,1993.857,1994.290,1993.857,1994.210,43
SQ:XAUUSD,2023-11-03T19:41:00+01:00,1994.218,1994.278,1993.918,1993.980,52
SQ:XAUUSD,2023-11-03T19:42:00+01:00,1993.980,1994.030,1993.900,1993.900,19
SQ:XAUUSD,2023-11-03T19:43:00+01:00,1993.880,1994.050,1993.735,1994.048,27
SQ:XAUUSD,2023-11-03T19:44:00+01:00,1994.057,1994.330,1994.020,1994.178,34
SQ:XAUUSD,2023-11-03T19:45:00+01:00,1994.190,1994.290,1994.078,1994.200,42
SQ:XAUUSD,2023-11-03T19:46:00+01:00,1994.260,1994.290,1994.010,1994.157,41
SQ:XAUUSD,2023-11-03T19:47:00+01:00,1994.165,1994.200,1993.988,1994.200,54
SQ:XAUUSD,2023-11-03T19:48:00+01:00,1994.200,1994.340,1994.100,1994.290,32
SQ:XAUUSD,2023-11-03T19:49:00+01:00,1994.310,1994.600,1994.288,1994.578,59
SQ:XAUUSD,2023-11-03T19:50:00+01:00,1994.577,1994.635,1994.340,1994.350,55
SQ:XAUUSD,2023-11-03T19:51:00+01:00,1994.325,1994.330,1993.950,1993.990,59
SQ:XAUUSD,2023-11-03T19:52:00+01:00,1993.950,1994.365,1993.950,1994.365,58
SQ:XAUUSD,2023-11-03T19:53:00+01:00,1994.345,1994.380,1994.100,1994.170,31
SQ:XAUUSD,2023-11-03T19:54:00+01:00,1994.155,1994.227,1993.960,1994.185,46
SQ:XAUUSD,2023-11-03T19:55:00+01:00,1994.210,1994.550,1994.185,1994.475,64
SQ:XAUUSD,2023-11-03T19:56:00+01:00,1994.485,1994.535,1994.285,1994.465,53
SQ:XAUUSD,2023-11-03T19:57:00+01:00,1994.465,1994.605,1994.410,1994.500,38
SQ:XAUUSD,2023-11-03T19:58:00+01:00,1994.530,1994.680,1994.447,1994.660,29
SQ:XAUUSD,2023-11-03T19:59:00+01:00,1994.670,1994.840,1994.598,1994.807,40
SQ:XAUUSD,2023-11-03T20:00:00+01:00,1994.857,1994.900,1994.250,1994.350,99
SQ:XAUUSD,2023-11-03T20:01:00+01:00,1994.320,1994.510,1994.210,1994.210,59
SQ:XAUUSD,2023-11-03T20:02:00+01:00,1994.200,1994.320,1994.040,1994.168,45
SQ:XAUUSD,2023-11-03T20:03:00+01:00,1994.180,1994.420,1994.158,1994.310,31
SQ:XAUUSD,2023-11-03T20:04:00+01:00,1994.320,1994.510,1994.260,1994.500,37
SQ:XAUUSD,2023-11-03T20:05:00+01:00,1994.518,1994.630,1994.480,1994.610,41
SQ:XAUUSD,2023-11-03T20:06:00+01:00,1994.620,1994.660,1994.380,1994.530,31
SQ:XAUUSD,2023-11-03T20:07:00+01:00,1994.530,1994.720,1994.530,1994.570,21
SQ:XAUUSD,2023-11-03T20:08:00+01:00,1994.600,1994.750,1994.520,1994.540,35
SQ:XAUUSD,2023-11-03T20:09:00+01:00,1994.560,1994.635,1994.240,1994.290,48
SQ:XAUUSD,2023-11-03T20:10:00+01:00,1994.280,1994.470,1994.110,1994.150,60
SQ:XAUUSD,2023-11-03T20:11:00+01:00,1994.140,1994.480,1994.110,1994.480,29
SQ:XAUUSD,2023-11-03T20:12:00+01:00,1994.480,1994.500,1994.310,1994.310,18
SQ:XAUUSD,2023-11-03T20:13:00+01:00,1994.200,1994.320,1994.140,1994.230,13
SQ:XAUUSD,2023-11-03T20:14:00+01:00,1994.240,1994.320,1994.127,1994.190,26
SQ:XAUUSD,2023-11-03T20:15:00+01:00,1994.190,1994.320,1994.188,1994.280,17
SQ:XAUUSD,2023-11-03T20:16:00+01:00,1994.260,1994.260,1994.050,1994.050,9
SQ:XAUUSD,2023-11-03T20:17:00+01:00,1993.960,1993.960,1993.620,1993.650,28
SQ:XAUUSD,2023-11-03T20:18:00+01:00,1993.640,1993.700,1993.540,1993.640,27
SQ:XAUUSD,2023-11-03T20:19:00+01:00,1993.660,1993.740,1993.550,1993.630,24
SQ:XAUUSD,2023-11-03T20:20:00+01:00,1993.610,1993.620,1993.410,1993.620,25
SQ:XAUUSD,2023-11-03T20:21:00+01:00,1993.600,1993.610,1993.400,1993.400,28
SQ:XAUUSD,2023-11-03T20:22:00+01:00,1993.400,1993.410,1992.990,1993.010,24
SQ:XAUUSD,2023-11-03T20:23:00+01:00,1993.020,1993.070,1992.730,1992.740,30
SQ:XAUUSD,2023-11-03T20:24:00+01:00,1992.740,1992.750,1992.590,1992.710,32
SQ:XAUUSD,2023-11-03T20:25:00+01:00,1992.740,1992.750,1992.660,1992.748,17
SQ:XAUUSD,2023-11-03T20:26:00+01:00,1992.700,1993.167,1992.700,1993.107,44
SQ:XAUUSD,2023-11-03T20:27:00+01:00,1993.108,1993.108,1992.940,1992.960,11
SQ:XAUUSD,2023-11-03T20:28:00+01:00,1992.990,1993.230,1992.990,1993.230,13
SQ:XAUUSD,2023-11-03T20:29:00+01:00,1993.240,1993.270,1992.960,1993.100,38
SQ:XAUUSD,2023-11-03T20:30:00+01:00,1993.080,1993.240,1992.930,1992.957,38
SQ:XAUUSD,2023-11-03T20:31:00+01:00,1992.958,1993.020,1992.920,1992.960,26
SQ:XAUUSD,2023-11-03T20:32:00+01:00,1992.930,1993.290,1992.920,1993.200,39
SQ:XAUUSD,2023-11-03T20:33:00+01:00,1993.200,1993.200,1993.010,1993.120,35
SQ:XAUUSD,2023-11-03T20:34:00+01:00,1993.120,1993.170,1992.940,1992.940,20
SQ:XAUUSD,2023-11-03T20:35:00+01:00,1992.940,1993.020,1992.670,1992.670,31
SQ:XAUUSD,2023-11-03T20:36:00+01:00,1992.657,1992.657,1992.500,1992.550,30
SQ:XAUUSD,2023-11-03T20:37:00+01:00,1992.550,1992.560,1992.200,1992.250,12
SQ:XAUUSD,2023-11-03T20:38:00+01:00,1992.200,1992.200,1992.040,1992.067,42
SQ:XAUUSD,2023-11-03T20:39:00+01:00,1992.068,1992.068,1991.750,1991.770,23
SQ:XAUUSD,2023-11-03T20:40:00+01:00,1991.770,1992.020,1991.770,1992.020,18
SQ:XAUUSD,2023-11-03T20:41:00+01:00,1992.050,1992.350,1992.050,1992.140,25
SQ:XAUUSD,2023-11-03T20:42:00+01:00,1992.127,1992.127,1991.850,1991.910,44
SQ:XAUUSD,2023-11-03T20:43:00+01:00,1991.898,1991.940,1991.710,1991.760,34
SQ:XAUUSD,2023-11-03T20:44:00+01:00,1991.770,1991.950,1991.730,1991.940,32
SQ:XAUUSD,2023-11-03T20:45:00+01:00,1991.960,1991.960,1991.590,1991.670,25
SQ:XAUUSD,2023-11-03T20:46:00+01:00,1991.610,1992.030,1991.610,1991.950,38
SQ:XAUUSD,2023-11-03T20:47:00+01:00,1991.930,1992.160,1991.918,1992.160,32
SQ:XAUUSD,2023-11-03T20:48:00+01:00,1992.150,1992.240,1992.030,1992.030,27
SQ:XAUUSD,2023-11-03T20:49:00+01:00,1992.030,1992.160,1991.850,1991.850,48
SQ:XAUUSD,2023-11-03T20:50:00+01:00,1991.860,1991.950,1991.690,1991.760,32
SQ:XAUUSD,2023-11-03T20:51:00+01:00,1991.770,1991.780,1991.480,1991.510,32
SQ:XAUUSD,2023-11-03T20:52:00+01:00,1991.500,1991.560,1991.280,1991.490,36
SQ:XAUUSD,2023-11-03T20:53:00+01:00,1991.480,1991.570,1991.390,1991.510,44
SQ:XAUUSD,2023-11-03T20:54:00+01:00,1991.530,1991.800,1991.530,1991.650,40
SQ:XAUUSD,2023-11-03T20:55:00+01:00,1991.630,1991.890,1991.420,1991.890,38
SQ:XAUUSD,2023-11-03T20:56:00+01:00,1991.860,1991.920,1991.577,1991.590,52
SQ:XAUUSD,2023-11-03T20:57:00+01:00,1991.610,1991.958,1991.490,1991.850,50
SQ:XAUUSD,2023-11-03T20:58:00+01:00,1991.830,1992.050,1991.820,1992.040,22
SQ:XAUUSD,2023-11-03T20:59:00+01:00,1992.060,1992.530,1992.060,1992.420,104
SQ:XAUUSD,2023-11-03T21:00:00+01:00,1992.370,1992.600,1992.210,1992.510,49
SQ:XAUUSD,2023-11-03T21:01:00+01:00,1992.510,1992.510,1991.980,1991.980,26
SQ:XAUUSD,2023-11-03T21:02:00+01:00,1991.990,1992.260,1991.880,1992.260,36
SQ:XAUUSD,2023-11-03T21:03:00+01:00,1992.270,1992.580,1992.270,1992.500,26
SQ:XAUUSD,2023-11-03T21:04:00+01:00,1992.480,1992.480,1991.980,1991.980,21
SQ:XAUUSD,2023-11-03T21:05:00+01:00,1992.060,1992.200,1991.980,1992.200,29
SQ:XAUUSD,2023-11-03T21:06:00+01:00,1992.220,1992.300,1992.220,1992.300,20
SQ:XAUUSD,2023-11-03T21:07:00+01:00,1992.280,1992.320,1992.180,1992.320,26
SQ:XAUUSD,2023-11-03T21:08:00+01:00,1992.360,1992.470,1992.340,1992.340,18
SQ:XAUUSD,2023-11-03T21:09:00+01:00,1992.240,1992.260,1992.070,1992.070,9
SQ:XAUUSD,2023-11-03T21:10:00+01:00,1992.070,1992.080,1991.970,1991.970,5
SQ:XAUUSD,2023-11-03T21:11:00+01:00,1991.970,1992.070,1991.900,1991.960,25
SQ:XAUUSD,2023-11-03T21:12:00+01:00,1991.970,1992.000,1991.870,1991.870,11
SQ:XAUUSD,2023-11-03T21:13:00+01:00,1991.880,1991.960,1991.870,1991.960,8
SQ:XAUUSD,2023-11-03T21:14:00+01:00,1991.960,1991.960,1991.710,1991.710,13
SQ:XAUUSD,2023-11-03T21:15:00+01:00,1991.710,1991.930,1991.710,1991.900,19
SQ:XAUUSD,2023-11-03T21:16:00+01:00,1991.870,1992.090,1991.870,1992.010,20
SQ:XAUUSD,2023-11-03T21:17:00+01:00,1992.070,1992.260,1992.070,1992.260,13
SQ:XAUUSD,2023-11-03T21:18:00+01:00,1992.280,1992.280,1992.190,1992.200,11
SQ:XAUUSD,2023-11-03T21:19:00+01:00,1992.230,1992.300,1992.080,1992.190,17
SQ:XAUUSD,2023-11-03T21:20:00+01:00,1992.190,1992.290,1992.100,1992.110,6
SQ:XAUUSD,2023-11-03T21:21:00+01:00,1992.110,1992.110,1991.910,1992.000,13
SQ:XAUUSD,2023-11-03T21:22:00+01:00,1991.970,1992.290,1991.940,1992.290,24
SQ:XAUUSD,2023-11-03T21:23:00+01:00,1992.300,1992.310,1992.290,1992.310,3
SQ:XAUUSD,2023-11-03T21:24:00+01:00,1992.290,1992.330,1992.100,1992.310,26
SQ:XAUUSD,2023-11-03T21:25:00+01:00,1992.310,1992.370,1992.150,1992.190,13
SQ:XAUUSD,2023-11-03T21:26:00+01:00,1992.140,1992.280,1992.120,1992.210,13
SQ:XAUUSD,2023-11-03T21:27:00+01:00,1992.210,1992.560,1992.200,1992.560,38
SQ:XAUUSD,2023-11-03T21:28:00+01:00,1992.590,1992.660,1992.370,1992.660,30
SQ:XAUUSD,2023-11-03T21:29:00+01:00,1992.670,1992.670,1992.300,1992.300,21
SQ:XAUUSD,2023-11-03T21:30:00+01:00,1992.360,1992.390,1991.910,1992.190,34
SQ:XAUUSD,2023-11-03T21:31:00+01:00,1992.190,1992.290,1992.190,1992.290,5
SQ:XAUUSD,2023-11-03T21:32:00+01:00,1992.230,1992.380,1992.120,1992.190,12
SQ:XAUUSD,2023-11-03T21:33:00+01:00,1992.190,1992.290,1992.190,1992.290,5
SQ:XAUUSD,2023-11-03T21:34:00+01:00,1992.290,1992.290,1992.180,1992.190,11
SQ:XAUUSD,2023-11-03T21:35:00+01:00,1992.230,1992.310,1992.230,1992.280,10
SQ:XAUUSD,2023-11-03T21:36:00+01:00,1992.280,1992.370,1992.270,1992.290,6
SQ:XAUUSD,2023-11-03T21:37:00+01:00,1992.290,1992.300,1992.210,1992.300,9
SQ:XAUUSD,2023-11-03T21:38:00+01:00,1992.280,1992.380,1992.260,1992.370,12
SQ:XAUUSD,2023-11-03T21:39:00+01:00,1992.370,1992.470,1992.120,1992.280,25
SQ:XAUUSD,2023-11-03T21:40:00+01:00,1992.280,1992.280,1992.090,1992.190,6
SQ:XAUUSD,2023-11-03T21:41:00+01:00,1992.180,1992.190,1992.180,1992.190,2
SQ:XAUUSD,2023-11-03T21:42:00+01:00,1992.190,1992.190,1992.190,1992.190,1
SQ:XAUUSD,2023-11-03T21:43:00+01:00,1992.178,1992.178,1992.000,1992.090,6
SQ:XAUUSD,2023-11-03T21:44:00+01:00,1992.100,1992.190,1992.050,1992.190,16
SQ:XAUUSD,2023-11-03T21:45:00+01:00,1992.190,1992.190,1992.090,1992.100,6
SQ:XAUUSD,2023-11-03T21:46:00+01:00,1992.100,1992.100,1992.100,1992.100,1
SQ:XAUUSD,2023-11-03T21:47:00+01:00,1992.100,1992.190,1991.970,1992.060,10
SQ:XAUUSD,2023-11-03T21:48:00+01:00,1992.070,1992.070,1991.970,1991.970,7
SQ:XAUUSD,2023-11-03T21:49:00+01:00,1991.970,1992.060,1991.960,1992.060,4
SQ:XAUUSD,2023-11-03T21:50:00+01:00,1992.060,1992.150,1991.960,1992.150,10
SQ:XAUUSD,2023-11-03T21:51:00+01:00,1992.150,1992.240,1992.150,1992.160,5
SQ:XAUUSD,2023-11-03T21:52:00+01:00,1992.160,1992.160,1992.160,1992.160,1
SQ:XAUUSD,2023-11-03T21:53:00+01:00,1992.160,1992.160,1992.060,1992.060,6
SQ:XAUUSD,2023-11-03T21:54:00+01:00,1992.060,1992.160,1992.060,1992.160,10
